store_id,week_end_date,labor_hours,shrink_pct,oos_rate,fulfillment_rate,customer_complaints,ops_row_id,embedding_model,embedding_dim
USR-001,2025-06-29,3374.4,0.0235,0.0635,0.94,1,USR-001_2025-06-29,text-embedding-3-large,3072
USR-001,2025-07-06,3691.8,0.0213,0.0669,0.926,0,USR-001_2025-07-06,text-embedding-3-large,3072
USR-001,2025-07-13,3183.4,0.0218,0.0792,0.963,1,USR-001_2025-07-13,text-embedding-3-large,3072
USR-001,2025-07-20,3318.6,0.0245,0.0735,0.99,0,USR-001_2025-07-20,text-embedding-3-large,3072
USR-001,2025-07-27,3142.5,0.0231,0.0846,0.94,0,USR-001_2025-07-27,text-embedding-3-large,3072
USR-001,2025-08-03,3572.4,0.0183,0.0847,0.975,1,USR-001_2025-08-03,text-embedding-3-large,3072
USR-001,2025-08-10,3175.8,0.0242,0.0637,0.96,1,USR-001_2025-08-10,text-embedding-3-large,3072
USR-001,2025-08-17,3353.6,0.0219,0.065,0.954,2,USR-001_2025-08-17,text-embedding-3-large,3072
USR-001,2025-08-24,3263.3,0.0201,0.056,0.99,2,USR-001_2025-08-24,text-embedding-3-large,3072
USR-001,2025-08-31,2860.0,0.0213,0.0757,0.927,0,USR-001_2025-08-31,text-embedding-3-large,3072
USR-001,2025-09-07,3334.3,0.0277,0.0735,0.945,0,USR-001_2025-09-07,text-embedding-3-large,3072
USR-001,2025-09-14,3573.9,0.0231,0.0705,0.934,5,USR-001_2025-09-14,text-embedding-3-large,3072
USR-001,2025-09-21,3361.5,0.0187,0.0872,0.93,1,USR-001_2025-09-21,text-embedding-3-large,3072
USR-001,2025-09-28,3587.6,0.0241,0.079,0.898,2,USR-001_2025-09-28,text-embedding-3-large,3072
USR-001,2025-10-05,3114.2,0.0246,0.0701,0.942,1,USR-001_2025-10-05,text-embedding-3-large,3072
USR-001,2025-10-12,3006.3,0.0249,0.0715,0.962,1,USR-001_2025-10-12,text-embedding-3-large,3072
USR-001,2025-10-19,3253.8,0.0164,0.0776,0.941,0,USR-001_2025-10-19,text-embedding-3-large,3072
USR-001,2025-10-26,2973.0,0.0223,0.0765,0.933,1,USR-001_2025-10-26,text-embedding-3-large,3072
USR-001,2025-11-02,3216.0,0.0229,0.0796,0.929,2,USR-001_2025-11-02,text-embedding-3-large,3072
USR-001,2025-11-09,3118.3,0.0235,0.0871,0.916,1,USR-001_2025-11-09,text-embedding-3-large,3072
USR-001,2025-11-16,3074.7,0.0208,0.0777,0.916,2,USR-001_2025-11-16,text-embedding-3-large,3072
USR-001,2025-11-23,3140.0,0.0238,0.0715,0.949,1,USR-001_2025-11-23,text-embedding-3-large,3072
USR-001,2025-11-30,2944.8,0.0247,0.0712,0.953,2,USR-001_2025-11-30,text-embedding-3-large,3072
USR-001,2025-12-07,3265.9,0.0235,0.0552,0.96,1,USR-001_2025-12-07,text-embedding-3-large,3072
USR-001,2025-12-14,3006.8,0.0187,0.0622,0.959,0,USR-001_2025-12-14,text-embedding-3-large,3072
USR-001,2025-12-21,3142.7,0.0214,0.0838,0.933,0,USR-001_2025-12-21,text-embedding-3-large,3072
USR-001,2025-12-28,3702.1,0.0199,0.0756,0.968,1,USR-001_2025-12-28,text-embedding-3-large,3072
USR-001,2026-01-04,3522.4,0.0225,0.0772,0.94,0,USR-001_2026-01-04,text-embedding-3-large,3072
USR-001,2026-01-11,3099.6,0.0189,0.0616,0.938,0,USR-001_2026-01-11,text-embedding-3-large,3072
USR-001,2026-01-18,3299.0,0.0204,0.0755,0.9,0,USR-001_2026-01-18,text-embedding-3-large,3072
USR-001,2026-01-25,3221.3,0.0203,0.062,0.924,1,USR-001_2026-01-25,text-embedding-3-large,3072
USR-001,2026-02-01,3408.9,0.0253,0.072,0.921,0,USR-001_2026-02-01,text-embedding-3-large,3072
USR-001,2026-02-08,3062.9,0.018,0.0765,0.99,2,USR-001_2026-02-08,text-embedding-3-large,3072
USR-001,2026-02-15,3258.0,0.0204,0.071,0.917,1,USR-001_2026-02-15,text-embedding-3-large,3072
USR-001,2026-02-22,3146.2,0.0274,0.0774,0.898,1,USR-001_2026-02-22,text-embedding-3-large,3072
USR-001,2026-03-01,3667.8,0.0174,0.0769,0.965,1,USR-001_2026-03-01,text-embedding-3-large,3072
USR-001,2026-03-08,3239.9,0.0179,0.06,0.921,0,USR-001_2026-03-08,text-embedding-3-large,3072
USR-001,2026-03-15,3140.0,0.0186,0.0768,0.945,1,USR-001_2026-03-15,text-embedding-3-large,3072
USR-001,2026-03-22,3147.2,0.0194,0.0966,0.931,1,USR-001_2026-03-22,text-embedding-3-large,3072
USR-001,2026-03-29,3201.1,0.0229,0.0599,0.929,1,USR-001_2026-03-29,text-embedding-3-large,3072
USR-001,2026-04-05,3673.9,0.0228,0.0743,0.977,0,USR-001_2026-04-05,text-embedding-3-large,3072
USR-001,2026-04-12,3103.0,0.0201,0.0671,0.979,2,USR-001_2026-04-12,text-embedding-3-large,3072
USR-001,2026-04-19,3278.6,0.0227,0.0666,0.978,0,USR-001_2026-04-19,text-embedding-3-large,3072
USR-001,2026-04-26,3675.7,0.0227,0.0776,0.904,4,USR-001_2026-04-26,text-embedding-3-large,3072
USR-001,2026-05-03,3043.4,0.0167,0.0778,0.941,0,USR-001_2026-05-03,text-embedding-3-large,3072
USR-001,2026-05-10,3453.4,0.0251,0.0464,0.85,0,USR-001_2026-05-10,text-embedding-3-large,3072
USR-001,2026-05-17,2892.2,0.0249,0.0741,0.939,0,USR-001_2026-05-17,text-embedding-3-large,3072
USR-001,2026-05-24,2946.2,0.0217,0.0678,0.95,0,USR-001_2026-05-24,text-embedding-3-large,3072
USR-001,2026-05-31,3153.8,0.0237,0.0886,0.917,1,USR-001_2026-05-31,text-embedding-3-large,3072
USR-001,2026-06-07,3027.1,0.0175,0.0761,0.984,0,USR-001_2026-06-07,text-embedding-3-large,3072
USR-001,2026-06-14,3148.7,0.0203,0.0724,0.917,1,USR-001_2026-06-14,text-embedding-3-large,3072
USR-001,2026-06-21,3439.0,0.0236,0.0715,0.906,1,USR-001_2026-06-21,text-embedding-3-large,3072
USR-002,2025-06-29,1993.0,0.0169,0.0557,0.928,3,USR-002_2025-06-29,text-embedding-3-large,3072
USR-002,2025-07-06,1812.7,0.0171,0.0384,0.957,3,USR-002_2025-07-06,text-embedding-3-large,3072
USR-002,2025-07-13,1751.4,0.0145,0.0406,0.92,5,USR-002_2025-07-13,text-embedding-3-large,3072
USR-002,2025-07-20,1919.5,0.0205,0.0438,0.949,3,USR-002_2025-07-20,text-embedding-3-large,3072
USR-002,2025-07-27,1882.2,0.0201,0.0394,0.973,4,USR-002_2025-07-27,text-embedding-3-large,3072
USR-002,2025-08-03,1843.5,0.015,0.0443,0.918,3,USR-002_2025-08-03,text-embedding-3-large,3072
USR-002,2025-08-10,1925.0,0.0168,0.038,0.921,5,USR-002_2025-08-10,text-embedding-3-large,3072
USR-002,2025-08-17,1980.2,0.0178,0.0357,0.901,2,USR-002_2025-08-17,text-embedding-3-large,3072
USR-002,2025-08-24,1975.9,0.0144,0.0311,0.903,3,USR-002_2025-08-24,text-embedding-3-large,3072
USR-002,2025-08-31,1717.2,0.0173,0.0351,0.958,1,USR-002_2025-08-31,text-embedding-3-large,3072
USR-002,2025-09-07,1742.7,0.0155,0.0427,0.953,2,USR-002_2025-09-07,text-embedding-3-large,3072
USR-002,2025-09-14,2023.4,0.0161,0.0401,0.928,1,USR-002_2025-09-14,text-embedding-3-large,3072
USR-002,2025-09-21,1861.6,0.0203,0.0478,0.896,1,USR-002_2025-09-21,text-embedding-3-large,3072
USR-002,2025-09-28,1649.6,0.0207,0.0458,0.941,2,USR-002_2025-09-28,text-embedding-3-large,3072
USR-002,2025-10-05,1689.2,0.0174,0.0405,0.979,4,USR-002_2025-10-05,text-embedding-3-large,3072
USR-002,2025-10-12,1720.5,0.0202,0.0365,0.99,6,USR-002_2025-10-12,text-embedding-3-large,3072
USR-002,2025-10-19,1754.1,0.0177,0.0403,0.887,3,USR-002_2025-10-19,text-embedding-3-large,3072
USR-002,2025-10-26,1868.1,0.0134,0.0371,0.956,2,USR-002_2025-10-26,text-embedding-3-large,3072
USR-002,2025-11-02,1643.9,0.0188,0.0352,0.873,2,USR-002_2025-11-02,text-embedding-3-large,3072
USR-002,2025-11-09,1884.1,0.0204,0.039,0.915,4,USR-002_2025-11-09,text-embedding-3-large,3072
USR-002,2025-11-16,1738.3,0.0222,0.0372,0.94,2,USR-002_2025-11-16,text-embedding-3-large,3072
USR-002,2025-11-23,1878.8,0.0233,0.0489,0.927,4,USR-002_2025-11-23,text-embedding-3-large,3072
USR-002,2025-11-30,1685.6,0.0184,0.0374,0.978,2,USR-002_2025-11-30,text-embedding-3-large,3072
USR-002,2025-12-07,1777.2,0.0161,0.0421,0.917,4,USR-002_2025-12-07,text-embedding-3-large,3072
USR-002,2025-12-14,1835.2,0.0141,0.0449,0.934,4,USR-002_2025-12-14,text-embedding-3-large,3072
USR-002,2025-12-21,1731.0,0.0185,0.0494,0.862,7,USR-002_2025-12-21,text-embedding-3-large,3072
USR-002,2025-12-28,1524.6,0.0188,0.0419,0.899,3,USR-002_2025-12-28,text-embedding-3-large,3072
USR-002,2026-01-04,1889.0,0.018,0.0511,0.941,5,USR-002_2026-01-04,text-embedding-3-large,3072
USR-002,2026-01-11,1833.9,0.0204,0.0446,0.929,4,USR-002_2026-01-11,text-embedding-3-large,3072
USR-002,2026-01-18,1663.7,0.021,0.044,0.917,2,USR-002_2026-01-18,text-embedding-3-large,3072
USR-002,2026-01-25,1593.7,0.0169,0.0427,0.99,5,USR-002_2026-01-25,text-embedding-3-large,3072
USR-002,2026-02-01,1881.7,0.015,0.0425,0.921,4,USR-002_2026-02-01,text-embedding-3-large,3072
USR-002,2026-02-08,1662.5,0.019,0.0204,0.91,5,USR-002_2026-02-08,text-embedding-3-large,3072
USR-002,2026-02-15,1994.3,0.019,0.0325,0.925,2,USR-002_2026-02-15,text-embedding-3-large,3072
USR-002,2026-02-22,1629.9,0.0174,0.0241,0.914,4,USR-002_2026-02-22,text-embedding-3-large,3072
USR-002,2026-03-01,1645.6,0.0173,0.0386,0.939,1,USR-002_2026-03-01,text-embedding-3-large,3072
USR-002,2026-03-08,1569.5,0.0159,0.0356,0.896,3,USR-002_2026-03-08,text-embedding-3-large,3072
USR-002,2026-03-15,1790.0,0.0174,0.0332,0.936,5,USR-002_2026-03-15,text-embedding-3-large,3072
USR-002,2026-03-22,1961.5,0.0212,0.0492,0.99,2,USR-002_2026-03-22,text-embedding-3-large,3072
USR-002,2026-03-29,1642.1,0.0196,0.0445,0.901,2,USR-002_2026-03-29,text-embedding-3-large,3072
USR-002,2026-04-05,1792.9,0.0143,0.0433,0.95,3,USR-002_2026-04-05,text-embedding-3-large,3072
USR-002,2026-04-12,1767.4,0.018,0.0317,0.914,0,USR-002_2026-04-12,text-embedding-3-large,3072
USR-002,2026-04-19,1898.8,0.0213,0.0495,0.924,0,USR-002_2026-04-19,text-embedding-3-large,3072
USR-002,2026-04-26,1688.8,0.0142,0.0452,0.893,4,USR-002_2026-04-26,text-embedding-3-large,3072
USR-002,2026-05-03,1852.5,0.0158,0.039,0.933,2,USR-002_2026-05-03,text-embedding-3-large,3072
USR-002,2026-05-10,1827.1,0.016,0.0429,0.952,4,USR-002_2026-05-10,text-embedding-3-large,3072
USR-002,2026-05-17,1793.2,0.0206,0.0385,0.904,2,USR-002_2026-05-17,text-embedding-3-large,3072
USR-002,2026-05-24,1671.9,0.0162,0.0373,0.926,1,USR-002_2026-05-24,text-embedding-3-large,3072
USR-002,2026-05-31,1765.1,0.0207,0.0354,0.918,2,USR-002_2026-05-31,text-embedding-3-large,3072
USR-002,2026-06-07,1833.1,0.0165,0.0385,0.99,2,USR-002_2026-06-07,text-embedding-3-large,3072
USR-002,2026-06-14,1664.7,0.0145,0.0256,0.946,2,USR-002_2026-06-14,text-embedding-3-large,3072
USR-002,2026-06-21,1872.8,0.02,0.0398,0.962,3,USR-002_2026-06-21,text-embedding-3-large,3072
USR-003,2025-06-29,1098.3,0.0233,0.0762,0.974,0,USR-003_2025-06-29,text-embedding-3-large,3072
USR-003,2025-07-06,931.3,0.0237,0.0628,0.963,0,USR-003_2025-07-06,text-embedding-3-large,3072
USR-003,2025-07-13,914.0,0.0262,0.0438,0.911,1,USR-003_2025-07-13,text-embedding-3-large,3072
USR-003,2025-07-20,1057.7,0.0263,0.0487,0.951,1,USR-003_2025-07-20,text-embedding-3-large,3072
USR-003,2025-07-27,1064.8,0.0248,0.0751,0.902,0,USR-003_2025-07-27,text-embedding-3-large,3072
USR-003,2025-08-03,1028.0,0.0201,0.0612,0.932,2,USR-003_2025-08-03,text-embedding-3-large,3072
USR-003,2025-08-10,1074.8,0.0228,0.0726,0.952,1,USR-003_2025-08-10,text-embedding-3-large,3072
USR-003,2025-08-17,1147.2,0.0239,0.0617,0.939,0,USR-003_2025-08-17,text-embedding-3-large,3072
USR-003,2025-08-24,900.4,0.0286,0.076,0.986,1,USR-003_2025-08-24,text-embedding-3-large,3072
USR-003,2025-08-31,951.6,0.0243,0.0557,0.891,2,USR-003_2025-08-31,text-embedding-3-large,3072
USR-003,2025-09-07,1026.9,0.0214,0.0475,0.911,2,USR-003_2025-09-07,text-embedding-3-large,3072
USR-003,2025-09-14,1058.7,0.0224,0.0549,0.99,0,USR-003_2025-09-14,text-embedding-3-large,3072
USR-003,2025-09-21,979.3,0.0265,0.0497,0.986,0,USR-003_2025-09-21,text-embedding-3-large,3072
USR-003,2025-09-28,1061.3,0.0149,0.0624,0.961,1,USR-003_2025-09-28,text-embedding-3-large,3072
USR-003,2025-10-05,970.3,0.0225,0.0702,0.942,1,USR-003_2025-10-05,text-embedding-3-large,3072
USR-003,2025-10-12,1020.1,0.0223,0.0504,0.935,3,USR-003_2025-10-12,text-embedding-3-large,3072
USR-003,2025-10-19,1081.5,0.0229,0.049,0.99,1,USR-003_2025-10-19,text-embedding-3-large,3072
USR-003,2025-10-26,1054.9,0.0206,0.0616,0.949,1,USR-003_2025-10-26,text-embedding-3-large,3072
USR-003,2025-11-02,1066.8,0.025,0.0416,0.931,1,USR-003_2025-11-02,text-embedding-3-large,3072
USR-003,2025-11-09,1065.0,0.0255,0.0499,0.962,1,USR-003_2025-11-09,text-embedding-3-large,3072
USR-003,2025-11-16,996.1,0.0246,0.0665,0.929,2,USR-003_2025-11-16,text-embedding-3-large,3072
USR-003,2025-11-23,1018.9,0.0227,0.051,0.99,0,USR-003_2025-11-23,text-embedding-3-large,3072
USR-003,2025-11-30,1069.7,0.0198,0.0587,0.931,1,USR-003_2025-11-30,text-embedding-3-large,3072
USR-003,2025-12-07,1012.0,0.0259,0.0618,0.956,3,USR-003_2025-12-07,text-embedding-3-large,3072
USR-003,2025-12-14,1020.5,0.0283,0.0583,0.943,1,USR-003_2025-12-14,text-embedding-3-large,3072
USR-003,2025-12-21,945.0,0.0219,0.0583,0.988,2,USR-003_2025-12-21,text-embedding-3-large,3072
USR-003,2025-12-28,1059.9,0.0226,0.0373,0.948,0,USR-003_2025-12-28,text-embedding-3-large,3072
USR-003,2026-01-04,1044.9,0.0248,0.0528,0.934,0,USR-003_2026-01-04,text-embedding-3-large,3072
USR-003,2026-01-11,1005.0,0.0251,0.0642,0.915,3,USR-003_2026-01-11,text-embedding-3-large,3072
USR-003,2026-01-18,1077.5,0.0281,0.0596,0.931,1,USR-003_2026-01-18,text-embedding-3-large,3072
USR-003,2026-01-25,1071.7,0.0264,0.0681,0.92,0,USR-003_2026-01-25,text-embedding-3-large,3072
USR-003,2026-02-01,1060.8,0.0239,0.0771,0.876,0,USR-003_2026-02-01,text-embedding-3-large,3072
USR-003,2026-02-08,1001.9,0.0242,0.0608,0.936,1,USR-003_2026-02-08,text-embedding-3-large,3072
USR-003,2026-02-15,932.5,0.0261,0.066,0.906,0,USR-003_2026-02-15,text-embedding-3-large,3072
USR-003,2026-02-22,1018.3,0.0253,0.0606,0.915,0,USR-003_2026-02-22,text-embedding-3-large,3072
USR-003,2026-03-01,906.8,0.0286,0.0525,0.918,0,USR-003_2026-03-01,text-embedding-3-large,3072
USR-003,2026-03-08,1014.8,0.0264,0.0777,0.963,2,USR-003_2026-03-08,text-embedding-3-large,3072
USR-003,2026-03-15,952.5,0.0247,0.0336,0.917,0,USR-003_2026-03-15,text-embedding-3-large,3072
USR-003,2026-03-22,955.4,0.026,0.0673,0.878,1,USR-003_2026-03-22,text-embedding-3-large,3072
USR-003,2026-03-29,1032.1,0.0255,0.0564,0.943,1,USR-003_2026-03-29,text-embedding-3-large,3072
USR-003,2026-04-05,1031.4,0.0268,0.0591,0.934,0,USR-003_2026-04-05,text-embedding-3-large,3072
USR-003,2026-04-12,982.8,0.0232,0.0478,0.939,0,USR-003_2026-04-12,text-embedding-3-large,3072
USR-003,2026-04-19,1037.4,0.0291,0.0685,0.927,0,USR-003_2026-04-19,text-embedding-3-large,3072
USR-003,2026-04-26,1017.4,0.0217,0.0655,0.976,1,USR-003_2026-04-26,text-embedding-3-large,3072
USR-003,2026-05-03,958.1,0.0232,0.0659,0.95,0,USR-003_2026-05-03,text-embedding-3-large,3072
USR-003,2026-05-10,986.7,0.0164,0.0688,0.964,1,USR-003_2026-05-10,text-embedding-3-large,3072
USR-003,2026-05-17,1075.0,0.0227,0.047,0.92,2,USR-003_2026-05-17,text-embedding-3-large,3072
USR-003,2026-05-24,1078.3,0.0221,0.0608,0.96,0,USR-003_2026-05-24,text-embedding-3-large,3072
USR-003,2026-05-31,993.9,0.022,0.0456,0.956,2,USR-003_2026-05-31,text-embedding-3-large,3072
USR-003,2026-06-07,960.4,0.0278,0.0421,0.947,0,USR-003_2026-06-07,text-embedding-3-large,3072
USR-003,2026-06-14,935.2,0.027,0.0741,0.927,1,USR-003_2026-06-14,text-embedding-3-large,3072
USR-003,2026-06-21,997.9,0.0298,0.0499,0.913,1,USR-003_2026-06-21,text-embedding-3-large,3072
USR-004,2025-06-29,2897.2,0.0149,0.029,0.972,0,USR-004_2025-06-29,text-embedding-3-large,3072
USR-004,2025-07-06,3171.5,0.014,0.025,0.965,1,USR-004_2025-07-06,text-embedding-3-large,3072
USR-004,2025-07-13,3180.7,0.0149,0.0257,0.947,1,USR-004_2025-07-13,text-embedding-3-large,3072
USR-004,2025-07-20,3335.6,0.0133,0.0247,0.963,2,USR-004_2025-07-20,text-embedding-3-large,3072
USR-004,2025-07-27,2940.9,0.0149,0.0305,0.962,0,USR-004_2025-07-27,text-embedding-3-large,3072
USR-004,2025-08-03,2712.0,0.0164,0.0271,0.961,0,USR-004_2025-08-03,text-embedding-3-large,3072
USR-004,2025-08-10,2950.0,0.016,0.044,0.938,1,USR-004_2025-08-10,text-embedding-3-large,3072
USR-004,2025-08-17,3135.8,0.019,0.0308,0.944,3,USR-004_2025-08-17,text-embedding-3-large,3072
USR-004,2025-08-24,3088.0,0.0164,0.0381,0.925,1,USR-004_2025-08-24,text-embedding-3-large,3072
USR-004,2025-08-31,2985.2,0.0162,0.0379,0.933,1,USR-004_2025-08-31,text-embedding-3-large,3072
USR-004,2025-09-07,2853.8,0.0157,0.0208,0.96,0,USR-004_2025-09-07,text-embedding-3-large,3072
USR-004,2025-09-14,3158.1,0.0192,0.0332,0.978,0,USR-004_2025-09-14,text-embedding-3-large,3072
USR-004,2025-09-21,3057.3,0.0168,0.0335,0.961,3,USR-004_2025-09-21,text-embedding-3-large,3072
USR-004,2025-09-28,2894.2,0.0143,0.0247,0.937,0,USR-004_2025-09-28,text-embedding-3-large,3072
USR-004,2025-10-05,3267.3,0.0191,0.0361,0.864,0,USR-004_2025-10-05,text-embedding-3-large,3072
USR-004,2025-10-12,3067.3,0.0131,0.0261,0.924,0,USR-004_2025-10-12,text-embedding-3-large,3072
USR-004,2025-10-19,3207.1,0.0155,0.0389,0.99,1,USR-004_2025-10-19,text-embedding-3-large,3072
USR-004,2025-10-26,3181.5,0.0168,0.0298,0.938,3,USR-004_2025-10-26,text-embedding-3-large,3072
USR-004,2025-11-02,2871.1,0.0124,0.0313,0.935,3,USR-004_2025-11-02,text-embedding-3-large,3072
USR-004,2025-11-09,2983.7,0.0181,0.0245,0.988,0,USR-004_2025-11-09,text-embedding-3-large,3072
USR-004,2025-11-16,3396.7,0.0169,0.0306,0.915,3,USR-004_2025-11-16,text-embedding-3-large,3072
USR-004,2025-11-23,2959.7,0.0156,0.0312,0.916,1,USR-004_2025-11-23,text-embedding-3-large,3072
USR-004,2025-11-30,2955.4,0.0151,0.0351,0.987,0,USR-004_2025-11-30,text-embedding-3-large,3072
USR-004,2025-12-07,3102.7,0.0167,0.0302,0.947,1,USR-004_2025-12-07,text-embedding-3-large,3072
USR-004,2025-12-14,2793.9,0.0148,0.027,0.958,1,USR-004_2025-12-14,text-embedding-3-large,3072
USR-004,2025-12-21,2819.4,0.0136,0.0222,0.939,1,USR-004_2025-12-21,text-embedding-3-large,3072
USR-004,2025-12-28,2952.9,0.0163,0.0299,0.957,0,USR-004_2025-12-28,text-embedding-3-large,3072
USR-004,2026-01-04,2971.6,0.0157,0.0361,0.942,0,USR-004_2026-01-04,text-embedding-3-large,3072
USR-004,2026-01-11,2993.2,0.018,0.0304,0.909,1,USR-004_2026-01-11,text-embedding-3-large,3072
USR-004,2026-01-18,2873.9,0.016,0.0238,0.949,2,USR-004_2026-01-18,text-embedding-3-large,3072
USR-004,2026-01-25,3160.0,0.0211,0.0369,0.966,1,USR-004_2026-01-25,text-embedding-3-large,3072
USR-004,2026-02-01,3348.2,0.0155,0.0307,0.927,2,USR-004_2026-02-01,text-embedding-3-large,3072
USR-004,2026-02-08,3119.4,0.0169,0.0356,0.961,0,USR-004_2026-02-08,text-embedding-3-large,3072
USR-004,2026-02-15,3286.3,0.0145,0.0304,0.956,2,USR-004_2026-02-15,text-embedding-3-large,3072
USR-004,2026-02-22,2796.9,0.0148,0.0363,0.883,1,USR-004_2026-02-22,text-embedding-3-large,3072
USR-004,2026-03-01,3200.7,0.0165,0.0298,0.958,0,USR-004_2026-03-01,text-embedding-3-large,3072
USR-004,2026-03-08,3316.3,0.0153,0.0274,0.975,0,USR-004_2026-03-08,text-embedding-3-large,3072
USR-004,2026-03-15,3097.5,0.0171,0.0309,0.9,1,USR-004_2026-03-15,text-embedding-3-large,3072
USR-004,2026-03-22,3162.2,0.0162,0.0376,0.927,1,USR-004_2026-03-22,text-embedding-3-large,3072
USR-004,2026-03-29,2879.1,0.0144,0.0301,0.922,2,USR-004_2026-03-29,text-embedding-3-large,3072
USR-004,2026-04-05,3075.8,0.0179,0.0291,0.951,0,USR-004_2026-04-05,text-embedding-3-large,3072
USR-004,2026-04-12,2906.6,0.0175,0.0419,0.937,1,USR-004_2026-04-12,text-embedding-3-large,3072
USR-004,2026-04-19,3032.9,0.0153,0.0359,0.962,2,USR-004_2026-04-19,text-embedding-3-large,3072
USR-004,2026-04-26,3421.5,0.0135,0.0319,0.961,1,USR-004_2026-04-26,text-embedding-3-large,3072
USR-004,2026-05-03,3255.4,0.0191,0.0335,0.965,2,USR-004_2026-05-03,text-embedding-3-large,3072
USR-004,2026-05-10,3015.5,0.0145,0.0353,0.859,1,USR-004_2026-05-10,text-embedding-3-large,3072
USR-004,2026-05-17,3092.6,0.015,0.0434,0.952,0,USR-004_2026-05-17,text-embedding-3-large,3072
USR-004,2026-05-24,3283.6,0.0176,0.0265,0.941,2,USR-004_2026-05-24,text-embedding-3-large,3072
USR-004,2026-05-31,2997.4,0.0193,0.0239,0.931,0,USR-004_2026-05-31,text-embedding-3-large,3072
USR-004,2026-06-07,3217.6,0.0169,0.0299,0.91,1,USR-004_2026-06-07,text-embedding-3-large,3072
USR-004,2026-06-14,3337.8,0.0154,0.026,0.978,3,USR-004_2026-06-14,text-embedding-3-large,3072
USR-004,2026-06-21,3261.4,0.015,0.0304,0.934,0,USR-004_2026-06-21,text-embedding-3-large,3072
USR-005,2025-06-29,972.3,0.0245,0.0626,0.942,2,USR-005_2025-06-29,text-embedding-3-large,3072
USR-005,2025-07-06,993.9,0.0217,0.0586,0.943,1,USR-005_2025-07-06,text-embedding-3-large,3072
USR-005,2025-07-13,927.7,0.019,0.07,0.906,1,USR-005_2025-07-13,text-embedding-3-large,3072
USR-005,2025-07-20,867.2,0.0216,0.0794,0.988,0,USR-005_2025-07-20,text-embedding-3-large,3072
USR-005,2025-07-27,1013.0,0.0232,0.0692,0.897,1,USR-005_2025-07-27,text-embedding-3-large,3072
USR-005,2025-08-03,954.2,0.0264,0.0682,0.952,0,USR-005_2025-08-03,text-embedding-3-large,3072
USR-005,2025-08-10,981.3,0.0229,0.0452,0.968,0,USR-005_2025-08-10,text-embedding-3-large,3072
USR-005,2025-08-17,895.7,0.0246,0.0679,0.947,3,USR-005_2025-08-17,text-embedding-3-large,3072
USR-005,2025-08-24,899.6,0.0244,0.0644,0.947,4,USR-005_2025-08-24,text-embedding-3-large,3072
USR-005,2025-08-31,970.1,0.0244,0.0503,0.952,0,USR-005_2025-08-31,text-embedding-3-large,3072
USR-005,2025-09-07,989.5,0.0243,0.0643,0.926,2,USR-005_2025-09-07,text-embedding-3-large,3072
USR-005,2025-09-14,1017.0,0.0255,0.0648,0.95,0,USR-005_2025-09-14,text-embedding-3-large,3072
USR-005,2025-09-21,923.1,0.0247,0.0535,0.917,1,USR-005_2025-09-21,text-embedding-3-large,3072
USR-005,2025-09-28,977.5,0.0258,0.0734,0.948,1,USR-005_2025-09-28,text-embedding-3-large,3072
USR-005,2025-10-05,1010.8,0.0275,0.0594,0.959,0,USR-005_2025-10-05,text-embedding-3-large,3072
USR-005,2025-10-12,924.7,0.0205,0.0637,0.907,1,USR-005_2025-10-12,text-embedding-3-large,3072
USR-005,2025-10-19,903.8,0.0198,0.0684,0.956,0,USR-005_2025-10-19,text-embedding-3-large,3072
USR-005,2025-10-26,980.5,0.0277,0.0643,0.903,3,USR-005_2025-10-26,text-embedding-3-large,3072
USR-005,2025-11-02,985.1,0.018,0.0594,0.891,1,USR-005_2025-11-02,text-embedding-3-large,3072
USR-005,2025-11-09,885.0,0.0205,0.054,0.927,2,USR-005_2025-11-09,text-embedding-3-large,3072
USR-005,2025-11-16,876.4,0.0241,0.0516,0.935,2,USR-005_2025-11-16,text-embedding-3-large,3072
USR-005,2025-11-23,935.3,0.0235,0.0709,0.977,1,USR-005_2025-11-23,text-embedding-3-large,3072
USR-005,2025-11-30,1035.6,0.0218,0.0676,0.926,0,USR-005_2025-11-30,text-embedding-3-large,3072
USR-005,2025-12-07,852.8,0.027,0.0433,0.884,0,USR-005_2025-12-07,text-embedding-3-large,3072
USR-005,2025-12-14,1024.7,0.0234,0.0672,0.978,0,USR-005_2025-12-14,text-embedding-3-large,3072
USR-005,2025-12-21,1058.0,0.0275,0.0557,0.909,0,USR-005_2025-12-21,text-embedding-3-large,3072
USR-005,2025-12-28,962.6,0.0289,0.0776,0.894,1,USR-005_2025-12-28,text-embedding-3-large,3072
USR-005,2026-01-04,876.6,0.0206,0.0736,0.91,3,USR-005_2026-01-04,text-embedding-3-large,3072
USR-005,2026-01-11,931.6,0.0249,0.0581,0.99,2,USR-005_2026-01-11,text-embedding-3-large,3072
USR-005,2026-01-18,1002.8,0.0226,0.0767,0.98,0,USR-005_2026-01-18,text-embedding-3-large,3072
USR-005,2026-01-25,1036.3,0.0213,0.0575,0.979,0,USR-005_2026-01-25,text-embedding-3-large,3072
USR-005,2026-02-01,1026.6,0.0271,0.0681,0.951,1,USR-005_2026-02-01,text-embedding-3-large,3072
USR-005,2026-02-08,982.0,0.0181,0.0474,0.945,3,USR-005_2026-02-08,text-embedding-3-large,3072
USR-005,2026-02-15,889.1,0.0249,0.0641,0.929,1,USR-005_2026-02-15,text-embedding-3-large,3072
USR-005,2026-02-22,926.1,0.0203,0.0563,0.952,1,USR-005_2026-02-22,text-embedding-3-large,3072
USR-005,2026-03-01,987.3,0.0251,0.052,0.98,0,USR-005_2026-03-01,text-embedding-3-large,3072
USR-005,2026-03-08,1055.3,0.02,0.0507,0.929,0,USR-005_2026-03-08,text-embedding-3-large,3072
USR-005,2026-03-15,924.2,0.0271,0.0592,0.908,1,USR-005_2026-03-15,text-embedding-3-large,3072
USR-005,2026-03-22,934.1,0.0268,0.0635,0.95,1,USR-005_2026-03-22,text-embedding-3-large,3072
USR-005,2026-03-29,894.2,0.023,0.0539,0.923,0,USR-005_2026-03-29,text-embedding-3-large,3072
USR-005,2026-04-05,947.4,0.0245,0.0586,0.914,1,USR-005_2026-04-05,text-embedding-3-large,3072
USR-005,2026-04-12,920.9,0.0247,0.0599,0.987,1,USR-005_2026-04-12,text-embedding-3-large,3072
USR-005,2026-04-19,953.5,0.0258,0.0642,0.962,2,USR-005_2026-04-19,text-embedding-3-large,3072
USR-005,2026-04-26,990.3,0.0225,0.0575,0.895,1,USR-005_2026-04-26,text-embedding-3-large,3072
USR-005,2026-05-03,969.1,0.0254,0.0705,0.956,1,USR-005_2026-05-03,text-embedding-3-large,3072
USR-005,2026-05-10,1009.2,0.0195,0.0505,0.896,2,USR-005_2026-05-10,text-embedding-3-large,3072
USR-005,2026-05-17,983.9,0.0211,0.056,0.865,0,USR-005_2026-05-17,text-embedding-3-large,3072
USR-005,2026-05-24,959.3,0.0221,0.059,0.97,3,USR-005_2026-05-24,text-embedding-3-large,3072
USR-005,2026-05-31,987.3,0.025,0.0741,0.972,0,USR-005_2026-05-31,text-embedding-3-large,3072
USR-005,2026-06-07,943.8,0.0264,0.0696,0.987,2,USR-005_2026-06-07,text-embedding-3-large,3072
USR-005,2026-06-14,933.5,0.0256,0.0624,0.932,0,USR-005_2026-06-14,text-embedding-3-large,3072
USR-005,2026-06-21,964.2,0.0262,0.0623,0.891,1,USR-005_2026-06-21,text-embedding-3-large,3072
USR-006,2025-06-29,1130.7,0.0189,0.0339,0.884,1,USR-006_2025-06-29,text-embedding-3-large,3072
USR-006,2025-07-06,1255.7,0.0167,0.0404,0.99,2,USR-006_2025-07-06,text-embedding-3-large,3072
USR-006,2025-07-13,1115.8,0.0199,0.0497,0.99,2,USR-006_2025-07-13,text-embedding-3-large,3072
USR-006,2025-07-20,1173.9,0.0155,0.0377,0.961,3,USR-006_2025-07-20,text-embedding-3-large,3072
USR-006,2025-07-27,1201.2,0.0174,0.0348,0.985,3,USR-006_2025-07-27,text-embedding-3-large,3072
USR-006,2025-08-03,1096.8,0.0199,0.0476,0.969,0,USR-006_2025-08-03,text-embedding-3-large,3072
USR-006,2025-08-10,1215.2,0.0185,0.0503,0.897,2,USR-006_2025-08-10,text-embedding-3-large,3072
USR-006,2025-08-17,1195.5,0.0198,0.0419,0.935,5,USR-006_2025-08-17,text-embedding-3-large,3072
USR-006,2025-08-24,1204.1,0.0163,0.0405,0.897,2,USR-006_2025-08-24,text-embedding-3-large,3072
USR-006,2025-08-31,1290.5,0.0215,0.0369,0.879,1,USR-006_2025-08-31,text-embedding-3-large,3072
USR-006,2025-09-07,1173.0,0.0173,0.0322,0.939,3,USR-006_2025-09-07,text-embedding-3-large,3072
USR-006,2025-09-14,1220.2,0.0188,0.0374,0.966,1,USR-006_2025-09-14,text-embedding-3-large,3072
USR-006,2025-09-21,1057.9,0.0179,0.0372,0.977,3,USR-006_2025-09-21,text-embedding-3-large,3072
USR-006,2025-09-28,1327.6,0.0183,0.0367,0.948,2,USR-006_2025-09-28,text-embedding-3-large,3072
USR-006,2025-10-05,1026.5,0.0152,0.0422,0.905,8,USR-006_2025-10-05,text-embedding-3-large,3072
USR-006,2025-10-12,1148.0,0.016,0.0434,0.938,3,USR-006_2025-10-12,text-embedding-3-large,3072
USR-006,2025-10-19,1108.0,0.024,0.0467,0.961,9,USR-006_2025-10-19,text-embedding-3-large,3072
USR-006,2025-10-26,1237.3,0.0163,0.0293,0.938,1,USR-006_2025-10-26,text-embedding-3-large,3072
USR-006,2025-11-02,1211.7,0.0185,0.0472,0.958,1,USR-006_2025-11-02,text-embedding-3-large,3072
USR-006,2025-11-09,1170.0,0.0181,0.0409,0.934,1,USR-006_2025-11-09,text-embedding-3-large,3072
USR-006,2025-11-16,1320.5,0.018,0.0361,0.954,2,USR-006_2025-11-16,text-embedding-3-large,3072
USR-006,2025-11-23,1190.4,0.0179,0.0355,0.99,4,USR-006_2025-11-23,text-embedding-3-large,3072
USR-006,2025-11-30,1098.1,0.02,0.0344,0.935,3,USR-006_2025-11-30,text-embedding-3-large,3072
USR-006,2025-12-07,1213.7,0.0139,0.0373,0.91,4,USR-006_2025-12-07,text-embedding-3-large,3072
USR-006,2025-12-14,1094.2,0.0174,0.0311,0.926,3,USR-006_2025-12-14,text-embedding-3-large,3072
USR-006,2025-12-21,1176.6,0.0218,0.0302,0.92,5,USR-006_2025-12-21,text-embedding-3-large,3072
USR-006,2025-12-28,1013.5,0.0226,0.0419,0.89,2,USR-006_2025-12-28,text-embedding-3-large,3072
USR-006,2026-01-04,1341.5,0.018,0.0378,0.944,2,USR-006_2026-01-04,text-embedding-3-large,3072
USR-006,2026-01-11,1338.3,0.0178,0.0469,0.99,2,USR-006_2026-01-11,text-embedding-3-large,3072
USR-006,2026-01-18,1121.8,0.017,0.0358,0.926,4,USR-006_2026-01-18,text-embedding-3-large,3072
USR-006,2026-01-25,1285.7,0.0151,0.0457,0.957,2,USR-006_2026-01-25,text-embedding-3-large,3072
USR-006,2026-02-01,1156.5,0.0174,0.0291,0.937,5,USR-006_2026-02-01,text-embedding-3-large,3072
USR-006,2026-02-08,1243.7,0.0144,0.0455,0.92,2,USR-006_2026-02-08,text-embedding-3-large,3072
USR-006,2026-02-15,1236.0,0.0167,0.0397,0.99,1,USR-006_2026-02-15,text-embedding-3-large,3072
USR-006,2026-02-22,1136.4,0.0166,0.0387,0.959,4,USR-006_2026-02-22,text-embedding-3-large,3072
USR-006,2026-03-01,1196.5,0.0161,0.0414,0.918,5,USR-006_2026-03-01,text-embedding-3-large,3072
USR-006,2026-03-08,1213.7,0.0189,0.0406,0.97,4,USR-006_2026-03-08,text-embedding-3-large,3072
USR-006,2026-03-15,1274.1,0.0138,0.0416,0.972,4,USR-006_2026-03-15,text-embedding-3-large,3072
USR-006,2026-03-22,1204.4,0.0171,0.0351,0.908,3,USR-006_2026-03-22,text-embedding-3-large,3072
USR-006,2026-03-29,1082.7,0.0171,0.04,0.859,3,USR-006_2026-03-29,text-embedding-3-large,3072
USR-006,2026-04-05,1226.3,0.0167,0.0382,0.9,1,USR-006_2026-04-05,text-embedding-3-large,3072
USR-006,2026-04-12,1078.0,0.0171,0.0395,0.94,0,USR-006_2026-04-12,text-embedding-3-large,3072
USR-006,2026-04-19,1266.3,0.0134,0.0368,0.974,5,USR-006_2026-04-19,text-embedding-3-large,3072
USR-006,2026-04-26,1344.1,0.0144,0.0395,0.923,1,USR-006_2026-04-26,text-embedding-3-large,3072
USR-006,2026-05-03,1143.1,0.0187,0.0403,0.923,5,USR-006_2026-05-03,text-embedding-3-large,3072
USR-006,2026-05-10,1146.1,0.0209,0.0436,0.961,2,USR-006_2026-05-10,text-embedding-3-large,3072
USR-006,2026-05-17,1196.6,0.0189,0.0341,0.957,2,USR-006_2026-05-17,text-embedding-3-large,3072
USR-006,2026-05-24,1212.6,0.02,0.0479,0.963,8,USR-006_2026-05-24,text-embedding-3-large,3072
USR-006,2026-05-31,1263.3,0.0213,0.0415,0.938,3,USR-006_2026-05-31,text-embedding-3-large,3072
USR-006,2026-06-07,1274.5,0.014,0.0352,0.904,2,USR-006_2026-06-07,text-embedding-3-large,3072
USR-006,2026-06-14,1155.4,0.0182,0.0438,0.915,1,USR-006_2026-06-14,text-embedding-3-large,3072
USR-006,2026-06-21,1136.2,0.0153,0.0324,0.915,0,USR-006_2026-06-21,text-embedding-3-large,3072
USR-007,2025-06-29,1379.2,0.0196,0.0397,0.923,4,USR-007_2025-06-29,text-embedding-3-large,3072
USR-007,2025-07-06,1374.2,0.0189,0.0279,0.976,2,USR-007_2025-07-06,text-embedding-3-large,3072
USR-007,2025-07-13,1291.4,0.0156,0.0343,0.969,2,USR-007_2025-07-13,text-embedding-3-large,3072
USR-007,2025-07-20,1268.5,0.0194,0.0437,0.91,5,USR-007_2025-07-20,text-embedding-3-large,3072
USR-007,2025-07-27,1400.9,0.0181,0.0441,0.953,3,USR-007_2025-07-27,text-embedding-3-large,3072
USR-007,2025-08-03,1426.8,0.0178,0.0446,0.938,2,USR-007_2025-08-03,text-embedding-3-large,3072
USR-007,2025-08-10,1301.5,0.0189,0.0409,0.919,2,USR-007_2025-08-10,text-embedding-3-large,3072
USR-007,2025-08-17,1403.4,0.021,0.0511,0.928,2,USR-007_2025-08-17,text-embedding-3-large,3072
USR-007,2025-08-24,1269.5,0.0197,0.0431,0.936,3,USR-007_2025-08-24,text-embedding-3-large,3072
USR-007,2025-08-31,1509.7,0.0184,0.0474,0.908,3,USR-007_2025-08-31,text-embedding-3-large,3072
USR-007,2025-09-07,1354.9,0.0207,0.0356,0.99,1,USR-007_2025-09-07,text-embedding-3-large,3072
USR-007,2025-09-14,1425.6,0.0184,0.0426,0.906,0,USR-007_2025-09-14,text-embedding-3-large,3072
USR-007,2025-09-21,1391.6,0.0207,0.0401,0.904,2,USR-007_2025-09-21,text-embedding-3-large,3072
USR-007,2025-09-28,1344.5,0.0187,0.0296,0.948,1,USR-007_2025-09-28,text-embedding-3-large,3072
USR-007,2025-10-05,1337.9,0.0152,0.0432,0.971,5,USR-007_2025-10-05,text-embedding-3-large,3072
USR-007,2025-10-12,1295.7,0.0165,0.0427,0.99,2,USR-007_2025-10-12,text-embedding-3-large,3072
USR-007,2025-10-19,1253.8,0.0222,0.0372,0.958,7,USR-007_2025-10-19,text-embedding-3-large,3072
USR-007,2025-10-26,1624.5,0.0196,0.0394,0.909,7,USR-007_2025-10-26,text-embedding-3-large,3072
USR-007,2025-11-02,1509.0,0.0145,0.0287,0.929,3,USR-007_2025-11-02,text-embedding-3-large,3072
USR-007,2025-11-09,1367.0,0.0182,0.0384,0.982,4,USR-007_2025-11-09,text-embedding-3-large,3072
USR-007,2025-11-16,1348.7,0.0161,0.0432,0.921,1,USR-007_2025-11-16,text-embedding-3-large,3072
USR-007,2025-11-23,1477.5,0.0152,0.0398,0.876,3,USR-007_2025-11-23,text-embedding-3-large,3072
USR-007,2025-11-30,1472.5,0.0155,0.0358,0.886,5,USR-007_2025-11-30,text-embedding-3-large,3072
USR-007,2025-12-07,1400.0,0.0217,0.0374,0.942,6,USR-007_2025-12-07,text-embedding-3-large,3072
USR-007,2025-12-14,1391.0,0.0164,0.0281,0.951,3,USR-007_2025-12-14,text-embedding-3-large,3072
USR-007,2025-12-21,1333.5,0.0185,0.0378,0.972,4,USR-007_2025-12-21,text-embedding-3-large,3072
USR-007,2025-12-28,1348.1,0.0197,0.0469,0.929,2,USR-007_2025-12-28,text-embedding-3-large,3072
USR-007,2026-01-04,1435.7,0.0183,0.0344,0.947,2,USR-007_2026-01-04,text-embedding-3-large,3072
USR-007,2026-01-11,1389.0,0.0162,0.0376,0.975,4,USR-007_2026-01-11,text-embedding-3-large,3072
USR-007,2026-01-18,1274.5,0.0166,0.0353,0.94,3,USR-007_2026-01-18,text-embedding-3-large,3072
USR-007,2026-01-25,1455.8,0.0158,0.0435,0.956,5,USR-007_2026-01-25,text-embedding-3-large,3072
USR-007,2026-02-01,1286.1,0.0149,0.0487,0.924,1,USR-007_2026-02-01,text-embedding-3-large,3072
USR-007,2026-02-08,1281.0,0.0166,0.038,0.965,2,USR-007_2026-02-08,text-embedding-3-large,3072
USR-007,2026-02-15,1309.6,0.0194,0.0333,0.956,4,USR-007_2026-02-15,text-embedding-3-large,3072
USR-007,2026-02-22,1195.4,0.0199,0.0433,0.922,1,USR-007_2026-02-22,text-embedding-3-large,3072
USR-007,2026-03-01,1364.2,0.0166,0.037,0.899,3,USR-007_2026-03-01,text-embedding-3-large,3072
USR-007,2026-03-08,1268.9,0.0173,0.0405,0.954,3,USR-007_2026-03-08,text-embedding-3-large,3072
USR-007,2026-03-15,1372.6,0.0152,0.0342,0.917,2,USR-007_2026-03-15,text-embedding-3-large,3072
USR-007,2026-03-22,1323.8,0.017,0.0362,0.94,2,USR-007_2026-03-22,text-embedding-3-large,3072
USR-007,2026-03-29,1260.6,0.0197,0.04,0.966,5,USR-007_2026-03-29,text-embedding-3-large,3072
USR-007,2026-04-05,1317.1,0.0178,0.0276,0.91,4,USR-007_2026-04-05,text-embedding-3-large,3072
USR-007,2026-04-12,1267.5,0.0186,0.0394,0.931,0,USR-007_2026-04-12,text-embedding-3-large,3072
USR-007,2026-04-19,1254.6,0.0185,0.0273,0.895,4,USR-007_2026-04-19,text-embedding-3-large,3072
USR-007,2026-04-26,1447.1,0.0155,0.0358,0.917,4,USR-007_2026-04-26,text-embedding-3-large,3072
USR-007,2026-05-03,1415.0,0.0178,0.0399,0.946,2,USR-007_2026-05-03,text-embedding-3-large,3072
USR-007,2026-05-10,1481.1,0.0193,0.0406,0.967,2,USR-007_2026-05-10,text-embedding-3-large,3072
USR-007,2026-05-17,1366.2,0.0196,0.0327,0.91,2,USR-007_2026-05-17,text-embedding-3-large,3072
USR-007,2026-05-24,1487.7,0.0146,0.0372,0.949,2,USR-007_2026-05-24,text-embedding-3-large,3072
USR-007,2026-05-31,1464.4,0.0186,0.0338,0.99,3,USR-007_2026-05-31,text-embedding-3-large,3072
USR-007,2026-06-07,1307.0,0.0188,0.0324,0.93,2,USR-007_2026-06-07,text-embedding-3-large,3072
USR-007,2026-06-14,1357.2,0.0152,0.0432,0.886,2,USR-007_2026-06-14,text-embedding-3-large,3072
USR-007,2026-06-21,1436.8,0.0183,0.0368,0.986,2,USR-007_2026-06-21,text-embedding-3-large,3072
USR-008,2025-06-29,946.6,0.0294,0.0549,0.903,4,USR-008_2025-06-29,text-embedding-3-large,3072
USR-008,2025-07-06,878.0,0.0323,0.0401,0.939,3,USR-008_2025-07-06,text-embedding-3-large,3072
USR-008,2025-07-13,896.1,0.0285,0.0493,0.988,2,USR-008_2025-07-13,text-embedding-3-large,3072
USR-008,2025-07-20,943.1,0.0293,0.0527,0.919,1,USR-008_2025-07-20,text-embedding-3-large,3072
USR-008,2025-07-27,919.5,0.0312,0.0538,0.936,5,USR-008_2025-07-27,text-embedding-3-large,3072
USR-008,2025-08-03,888.9,0.0303,0.0551,0.955,8,USR-008_2025-08-03,text-embedding-3-large,3072
USR-008,2025-08-10,939.0,0.0262,0.0524,0.955,1,USR-008_2025-08-10,text-embedding-3-large,3072
USR-008,2025-08-17,991.9,0.0263,0.045,0.99,4,USR-008_2025-08-17,text-embedding-3-large,3072
USR-008,2025-08-24,871.5,0.0283,0.0504,0.92,2,USR-008_2025-08-24,text-embedding-3-large,3072
USR-008,2025-08-31,870.9,0.0327,0.0497,0.921,2,USR-008_2025-08-31,text-embedding-3-large,3072
USR-008,2025-09-07,878.6,0.0301,0.0556,0.915,2,USR-008_2025-09-07,text-embedding-3-large,3072
USR-008,2025-09-14,1005.5,0.0283,0.05,0.906,1,USR-008_2025-09-14,text-embedding-3-large,3072
USR-008,2025-09-21,935.6,0.0305,0.0621,0.948,2,USR-008_2025-09-21,text-embedding-3-large,3072
USR-008,2025-09-28,794.6,0.0334,0.0542,0.938,4,USR-008_2025-09-28,text-embedding-3-large,3072
USR-008,2025-10-05,901.4,0.0269,0.0528,0.945,1,USR-008_2025-10-05,text-embedding-3-large,3072
USR-008,2025-10-12,861.6,0.0253,0.0537,0.91,2,USR-008_2025-10-12,text-embedding-3-large,3072
USR-008,2025-10-19,820.7,0.0326,0.0539,0.939,3,USR-008_2025-10-19,text-embedding-3-large,3072
USR-008,2025-10-26,894.1,0.0288,0.0682,0.91,2,USR-008_2025-10-26,text-embedding-3-large,3072
USR-008,2025-11-02,923.2,0.0238,0.0507,0.974,3,USR-008_2025-11-02,text-embedding-3-large,3072
USR-008,2025-11-09,908.1,0.0264,0.0523,0.895,2,USR-008_2025-11-09,text-embedding-3-large,3072
USR-008,2025-11-16,958.3,0.0326,0.0387,0.93,7,USR-008_2025-11-16,text-embedding-3-large,3072
USR-008,2025-11-23,999.5,0.0259,0.0495,0.964,7,USR-008_2025-11-23,text-embedding-3-large,3072
USR-008,2025-11-30,918.2,0.0268,0.0493,0.932,2,USR-008_2025-11-30,text-embedding-3-large,3072
USR-008,2025-12-07,937.2,0.0298,0.0529,0.942,1,USR-008_2025-12-07,text-embedding-3-large,3072
USR-008,2025-12-14,1012.4,0.0376,0.0495,0.92,1,USR-008_2025-12-14,text-embedding-3-large,3072
USR-008,2025-12-21,1020.5,0.0277,0.0566,0.916,4,USR-008_2025-12-21,text-embedding-3-large,3072
USR-008,2025-12-28,894.9,0.0276,0.0477,0.99,1,USR-008_2025-12-28,text-embedding-3-large,3072
USR-008,2026-01-04,907.0,0.0312,0.0414,0.924,3,USR-008_2026-01-04,text-embedding-3-large,3072
USR-008,2026-01-11,999.6,0.0331,0.0655,0.92,5,USR-008_2026-01-11,text-embedding-3-large,3072
USR-008,2026-01-18,907.5,0.0187,0.0403,0.952,6,USR-008_2026-01-18,text-embedding-3-large,3072
USR-008,2026-01-25,1011.2,0.0299,0.0448,0.963,2,USR-008_2026-01-25,text-embedding-3-large,3072
USR-008,2026-02-01,948.1,0.0265,0.0521,0.95,5,USR-008_2026-02-01,text-embedding-3-large,3072
USR-008,2026-02-08,967.8,0.0288,0.0507,0.944,1,USR-008_2026-02-08,text-embedding-3-large,3072
USR-008,2026-02-15,976.3,0.0252,0.0384,0.974,3,USR-008_2026-02-15,text-embedding-3-large,3072
USR-008,2026-02-22,828.4,0.0259,0.0586,0.99,2,USR-008_2026-02-22,text-embedding-3-large,3072
USR-008,2026-03-01,841.5,0.0343,0.0346,0.936,2,USR-008_2026-03-01,text-embedding-3-large,3072
USR-008,2026-03-08,852.4,0.0241,0.0539,0.99,4,USR-008_2026-03-08,text-embedding-3-large,3072
USR-008,2026-03-15,945.4,0.0334,0.041,0.944,0,USR-008_2026-03-15,text-embedding-3-large,3072
USR-008,2026-03-22,825.3,0.0267,0.0576,0.937,7,USR-008_2026-03-22,text-embedding-3-large,3072
USR-008,2026-03-29,899.5,0.0277,0.0602,0.914,1,USR-008_2026-03-29,text-embedding-3-large,3072
USR-008,2026-04-05,954.4,0.0307,0.065,0.914,4,USR-008_2026-04-05,text-embedding-3-large,3072
USR-008,2026-04-12,967.4,0.0307,0.0615,0.901,4,USR-008_2026-04-12,text-embedding-3-large,3072
USR-008,2026-04-19,872.2,0.0313,0.0397,0.903,3,USR-008_2026-04-19,text-embedding-3-large,3072
USR-008,2026-04-26,914.2,0.0332,0.0621,0.924,1,USR-008_2026-04-26,text-embedding-3-large,3072
USR-008,2026-05-03,950.9,0.0263,0.0548,0.932,0,USR-008_2026-05-03,text-embedding-3-large,3072
USR-008,2026-05-10,957.3,0.025,0.0561,0.983,4,USR-008_2026-05-10,text-embedding-3-large,3072
USR-008,2026-05-17,890.4,0.0311,0.0496,0.897,2,USR-008_2026-05-17,text-embedding-3-large,3072
USR-008,2026-05-24,953.7,0.0305,0.0395,0.932,3,USR-008_2026-05-24,text-embedding-3-large,3072
USR-008,2026-05-31,946.5,0.0309,0.0508,0.9,1,USR-008_2026-05-31,text-embedding-3-large,3072
USR-008,2026-06-07,899.5,0.0282,0.044,0.947,5,USR-008_2026-06-07,text-embedding-3-large,3072
USR-008,2026-06-14,885.6,0.0234,0.0538,0.909,4,USR-008_2026-06-14,text-embedding-3-large,3072
USR-008,2026-06-21,890.3,0.0356,0.0525,0.943,1,USR-008_2026-06-21,text-embedding-3-large,3072
USR-009,2025-06-29,1645.4,0.0299,0.0636,0.904,3,USR-009_2025-06-29,text-embedding-3-large,3072
USR-009,2025-07-06,1614.1,0.0326,0.0456,0.92,4,USR-009_2025-07-06,text-embedding-3-large,3072
USR-009,2025-07-13,1524.8,0.0269,0.044,0.99,1,USR-009_2025-07-13,text-embedding-3-large,3072
USR-009,2025-07-20,1539.3,0.0292,0.0516,0.95,2,USR-009_2025-07-20,text-embedding-3-large,3072
USR-009,2025-07-27,1338.3,0.028,0.0406,0.941,3,USR-009_2025-07-27,text-embedding-3-large,3072
USR-009,2025-08-03,1279.5,0.0268,0.0558,0.936,3,USR-009_2025-08-03,text-embedding-3-large,3072
USR-009,2025-08-10,1509.2,0.0251,0.0558,0.957,0,USR-009_2025-08-10,text-embedding-3-large,3072
USR-009,2025-08-17,1727.6,0.0271,0.0646,0.91,4,USR-009_2025-08-17,text-embedding-3-large,3072
USR-009,2025-08-24,1515.0,0.0304,0.0386,0.961,2,USR-009_2025-08-24,text-embedding-3-large,3072
USR-009,2025-08-31,1415.8,0.0412,0.0495,0.961,3,USR-009_2025-08-31,text-embedding-3-large,3072
USR-009,2025-09-07,1653.9,0.0313,0.0624,0.921,4,USR-009_2025-09-07,text-embedding-3-large,3072
USR-009,2025-09-14,1522.8,0.0335,0.0482,0.981,2,USR-009_2025-09-14,text-embedding-3-large,3072
USR-009,2025-09-21,1400.4,0.0391,0.0475,0.975,2,USR-009_2025-09-21,text-embedding-3-large,3072
USR-009,2025-09-28,1519.6,0.034,0.042,0.955,4,USR-009_2025-09-28,text-embedding-3-large,3072
USR-009,2025-10-05,1556.3,0.0274,0.0622,0.968,2,USR-009_2025-10-05,text-embedding-3-large,3072
USR-009,2025-10-12,1568.7,0.0271,0.0518,0.945,4,USR-009_2025-10-12,text-embedding-3-large,3072
USR-009,2025-10-19,1408.3,0.0268,0.0488,0.915,5,USR-009_2025-10-19,text-embedding-3-large,3072
USR-009,2025-10-26,1481.8,0.0247,0.0517,0.936,3,USR-009_2025-10-26,text-embedding-3-large,3072
USR-009,2025-11-02,1594.7,0.029,0.0473,0.985,4,USR-009_2025-11-02,text-embedding-3-large,3072
USR-009,2025-11-09,1527.6,0.0265,0.04,0.98,1,USR-009_2025-11-09,text-embedding-3-large,3072
USR-009,2025-11-16,1606.6,0.0318,0.0551,0.96,4,USR-009_2025-11-16,text-embedding-3-large,3072
USR-009,2025-11-23,1641.8,0.0307,0.0449,0.904,2,USR-009_2025-11-23,text-embedding-3-large,3072
USR-009,2025-11-30,1707.1,0.0277,0.0573,0.954,3,USR-009_2025-11-30,text-embedding-3-large,3072
USR-009,2025-12-07,1549.9,0.034,0.05,0.891,3,USR-009_2025-12-07,text-embedding-3-large,3072
USR-009,2025-12-14,1524.7,0.0233,0.0511,0.983,4,USR-009_2025-12-14,text-embedding-3-large,3072
USR-009,2025-12-21,1393.2,0.0312,0.0632,0.965,4,USR-009_2025-12-21,text-embedding-3-large,3072
USR-009,2025-12-28,1579.5,0.0333,0.0606,0.929,4,USR-009_2025-12-28,text-embedding-3-large,3072
USR-009,2026-01-04,1497.7,0.0282,0.0431,0.986,2,USR-009_2026-01-04,text-embedding-3-large,3072
USR-009,2026-01-11,1478.6,0.025,0.05,0.915,5,USR-009_2026-01-11,text-embedding-3-large,3072
USR-009,2026-01-18,1543.4,0.0372,0.0384,0.948,3,USR-009_2026-01-18,text-embedding-3-large,3072
USR-009,2026-01-25,1457.3,0.0266,0.0527,0.899,2,USR-009_2026-01-25,text-embedding-3-large,3072
USR-009,2026-02-01,1377.2,0.0354,0.0427,0.937,3,USR-009_2026-02-01,text-embedding-3-large,3072
USR-009,2026-02-08,1525.1,0.0273,0.0446,0.953,6,USR-009_2026-02-08,text-embedding-3-large,3072
USR-009,2026-02-15,1418.1,0.0265,0.0479,0.948,3,USR-009_2026-02-15,text-embedding-3-large,3072
USR-009,2026-02-22,1640.9,0.0266,0.0536,0.955,4,USR-009_2026-02-22,text-embedding-3-large,3072
USR-009,2026-03-01,1528.9,0.0286,0.0391,0.949,2,USR-009_2026-03-01,text-embedding-3-large,3072
USR-009,2026-03-08,1516.2,0.0193,0.0334,0.922,2,USR-009_2026-03-08,text-embedding-3-large,3072
USR-009,2026-03-15,1584.0,0.0247,0.0473,0.928,3,USR-009_2026-03-15,text-embedding-3-large,3072
USR-009,2026-03-22,1405.3,0.0363,0.0423,0.929,2,USR-009_2026-03-22,text-embedding-3-large,3072
USR-009,2026-03-29,1431.1,0.0359,0.0441,0.925,4,USR-009_2026-03-29,text-embedding-3-large,3072
USR-009,2026-04-05,1522.5,0.0317,0.0403,0.85,3,USR-009_2026-04-05,text-embedding-3-large,3072
USR-009,2026-04-12,1760.8,0.0314,0.0605,0.946,1,USR-009_2026-04-12,text-embedding-3-large,3072
USR-009,2026-04-19,1592.7,0.0268,0.0503,0.919,3,USR-009_2026-04-19,text-embedding-3-large,3072
USR-009,2026-04-26,1535.6,0.0292,0.0463,0.945,8,USR-009_2026-04-26,text-embedding-3-large,3072
USR-009,2026-05-03,1670.8,0.0354,0.0544,0.951,3,USR-009_2026-05-03,text-embedding-3-large,3072
USR-009,2026-05-10,1615.4,0.0347,0.0501,0.917,0,USR-009_2026-05-10,text-embedding-3-large,3072
USR-009,2026-05-17,1474.5,0.0279,0.0404,0.933,4,USR-009_2026-05-17,text-embedding-3-large,3072
USR-009,2026-05-24,1550.4,0.03,0.0571,0.893,6,USR-009_2026-05-24,text-embedding-3-large,3072
USR-009,2026-05-31,1633.4,0.0352,0.0515,0.91,2,USR-009_2026-05-31,text-embedding-3-large,3072
USR-009,2026-06-07,1528.2,0.0272,0.0584,0.945,2,USR-009_2026-06-07,text-embedding-3-large,3072
USR-009,2026-06-14,1741.8,0.0279,0.0327,0.99,3,USR-009_2026-06-14,text-embedding-3-large,3072
USR-009,2026-06-21,1555.7,0.0335,0.0548,0.944,0,USR-009_2026-06-21,text-embedding-3-large,3072
USR-010,2025-06-29,1904.5,0.0155,0.0311,0.901,0,USR-010_2025-06-29,text-embedding-3-large,3072
USR-010,2025-07-06,2182.5,0.018,0.0334,0.928,2,USR-010_2025-07-06,text-embedding-3-large,3072
USR-010,2025-07-13,2109.5,0.0149,0.0289,0.971,1,USR-010_2025-07-13,text-embedding-3-large,3072
USR-010,2025-07-20,1814.4,0.015,0.0247,0.909,1,USR-010_2025-07-20,text-embedding-3-large,3072
USR-010,2025-07-27,2023.7,0.0184,0.0286,0.941,1,USR-010_2025-07-27,text-embedding-3-large,3072
USR-010,2025-08-03,1682.0,0.0166,0.0292,0.931,0,USR-010_2025-08-03,text-embedding-3-large,3072
USR-010,2025-08-10,1825.8,0.0158,0.0283,0.967,2,USR-010_2025-08-10,text-embedding-3-large,3072
USR-010,2025-08-17,1821.9,0.0133,0.0317,0.915,1,USR-010_2025-08-17,text-embedding-3-large,3072
USR-010,2025-08-24,1892.3,0.0159,0.0326,0.953,1,USR-010_2025-08-24,text-embedding-3-large,3072
USR-010,2025-08-31,2232.2,0.0189,0.0219,0.927,0,USR-010_2025-08-31,text-embedding-3-large,3072
USR-010,2025-09-07,2035.0,0.0159,0.0256,0.942,1,USR-010_2025-09-07,text-embedding-3-large,3072
USR-010,2025-09-14,1879.6,0.0137,0.0312,0.938,0,USR-010_2025-09-14,text-embedding-3-large,3072
USR-010,2025-09-21,1965.0,0.0144,0.0358,0.961,3,USR-010_2025-09-21,text-embedding-3-large,3072
USR-010,2025-09-28,1978.0,0.0141,0.0361,0.942,0,USR-010_2025-09-28,text-embedding-3-large,3072
USR-010,2025-10-05,1881.3,0.0146,0.0224,0.93,1,USR-010_2025-10-05,text-embedding-3-large,3072
USR-010,2025-10-12,2010.9,0.0139,0.0287,0.91,0,USR-010_2025-10-12,text-embedding-3-large,3072
USR-010,2025-10-19,1996.4,0.0163,0.0237,0.953,0,USR-010_2025-10-19,text-embedding-3-large,3072
USR-010,2025-10-26,1960.8,0.0177,0.0287,0.932,2,USR-010_2025-10-26,text-embedding-3-large,3072
USR-010,2025-11-02,2057.4,0.0181,0.023,0.903,0,USR-010_2025-11-02,text-embedding-3-large,3072
USR-010,2025-11-09,1909.1,0.017,0.0283,0.912,2,USR-010_2025-11-09,text-embedding-3-large,3072
USR-010,2025-11-16,1966.4,0.0157,0.0234,0.958,1,USR-010_2025-11-16,text-embedding-3-large,3072
USR-010,2025-11-23,1853.9,0.0203,0.034,0.958,2,USR-010_2025-11-23,text-embedding-3-large,3072
USR-010,2025-11-30,1987.1,0.0194,0.0353,0.857,0,USR-010_2025-11-30,text-embedding-3-large,3072
USR-010,2025-12-07,1852.3,0.0147,0.0258,0.905,0,USR-010_2025-12-07,text-embedding-3-large,3072
USR-010,2025-12-14,1683.7,0.0153,0.0351,0.924,0,USR-010_2025-12-14,text-embedding-3-large,3072
USR-010,2025-12-21,1835.2,0.016,0.0269,0.969,0,USR-010_2025-12-21,text-embedding-3-large,3072
USR-010,2025-12-28,1966.3,0.0166,0.0295,0.949,1,USR-010_2025-12-28,text-embedding-3-large,3072
USR-010,2026-01-04,1812.2,0.016,0.0308,0.906,2,USR-010_2026-01-04,text-embedding-3-large,3072
USR-010,2026-01-11,1928.4,0.0146,0.0251,0.921,1,USR-010_2026-01-11,text-embedding-3-large,3072
USR-010,2026-01-18,1908.3,0.0158,0.0291,0.955,1,USR-010_2026-01-18,text-embedding-3-large,3072
USR-010,2026-01-25,1958.5,0.0164,0.0298,0.952,2,USR-010_2026-01-25,text-embedding-3-large,3072
USR-010,2026-02-01,1736.0,0.0194,0.0316,0.874,2,USR-010_2026-02-01,text-embedding-3-large,3072
USR-010,2026-02-08,1826.8,0.0154,0.0266,0.967,0,USR-010_2026-02-08,text-embedding-3-large,3072
USR-010,2026-02-15,2160.4,0.0185,0.0244,0.899,1,USR-010_2026-02-15,text-embedding-3-large,3072
USR-010,2026-02-22,2060.6,0.0163,0.0351,0.915,1,USR-010_2026-02-22,text-embedding-3-large,3072
USR-010,2026-03-01,1630.7,0.0129,0.0281,0.962,1,USR-010_2026-03-01,text-embedding-3-large,3072
USR-010,2026-03-08,1994.8,0.0147,0.0308,0.931,2,USR-010_2026-03-08,text-embedding-3-large,3072
USR-010,2026-03-15,1978.3,0.0163,0.0293,0.972,2,USR-010_2026-03-15,text-embedding-3-large,3072
USR-010,2026-03-22,1988.8,0.0148,0.0332,0.948,2,USR-010_2026-03-22,text-embedding-3-large,3072
USR-010,2026-03-29,1878.6,0.0152,0.0335,0.966,0,USR-010_2026-03-29,text-embedding-3-large,3072
USR-010,2026-04-05,2084.6,0.0158,0.0351,0.984,2,USR-010_2026-04-05,text-embedding-3-large,3072
USR-010,2026-04-12,1907.5,0.0157,0.0267,0.946,1,USR-010_2026-04-12,text-embedding-3-large,3072
USR-010,2026-04-19,1934.5,0.0158,0.0229,0.944,1,USR-010_2026-04-19,text-embedding-3-large,3072
USR-010,2026-04-26,1857.9,0.0167,0.0302,0.923,0,USR-010_2026-04-26,text-embedding-3-large,3072
USR-010,2026-05-03,1694.0,0.0157,0.0272,0.924,2,USR-010_2026-05-03,text-embedding-3-large,3072
USR-010,2026-05-10,1870.7,0.0173,0.0256,0.944,2,USR-010_2026-05-10,text-embedding-3-large,3072
USR-010,2026-05-17,1921.4,0.0119,0.0297,0.965,1,USR-010_2026-05-17,text-embedding-3-large,3072
USR-010,2026-05-24,2141.7,0.012,0.0317,0.969,1,USR-010_2026-05-24,text-embedding-3-large,3072
USR-010,2026-05-31,1774.1,0.0135,0.0245,0.944,1,USR-010_2026-05-31,text-embedding-3-large,3072
USR-010,2026-06-07,1700.3,0.0184,0.0287,0.919,2,USR-010_2026-06-07,text-embedding-3-large,3072
USR-010,2026-06-14,1856.3,0.015,0.037,0.964,0,USR-010_2026-06-14,text-embedding-3-large,3072
USR-010,2026-06-21,2083.3,0.0182,0.0369,0.948,1,USR-010_2026-06-21,text-embedding-3-large,3072
USR-011,2025-06-29,1817.7,0.0223,0.0576,0.98,1,USR-011_2025-06-29,text-embedding-3-large,3072
USR-011,2025-07-06,1941.4,0.0265,0.0687,0.932,2,USR-011_2025-07-06,text-embedding-3-large,3072
USR-011,2025-07-13,2253.4,0.0231,0.0645,0.925,0,USR-011_2025-07-13,text-embedding-3-large,3072
USR-011,2025-07-20,1863.6,0.0248,0.0588,0.944,0,USR-011_2025-07-20,text-embedding-3-large,3072
USR-011,2025-07-27,1807.8,0.0256,0.0613,0.912,2,USR-011_2025-07-27,text-embedding-3-large,3072
USR-011,2025-08-03,2111.4,0.0247,0.0548,0.94,1,USR-011_2025-08-03,text-embedding-3-large,3072
USR-011,2025-08-10,1857.4,0.0243,0.0629,0.964,1,USR-011_2025-08-10,text-embedding-3-large,3072
USR-011,2025-08-17,1788.3,0.0245,0.0704,0.989,2,USR-011_2025-08-17,text-embedding-3-large,3072
USR-011,2025-08-24,1994.8,0.0265,0.0741,0.909,2,USR-011_2025-08-24,text-embedding-3-large,3072
USR-011,2025-08-31,1949.1,0.0191,0.0502,0.924,2,USR-011_2025-08-31,text-embedding-3-large,3072
USR-011,2025-09-07,1907.5,0.0254,0.0652,0.903,0,USR-011_2025-09-07,text-embedding-3-large,3072
USR-011,2025-09-14,1859.2,0.0289,0.0636,0.921,2,USR-011_2025-09-14,text-embedding-3-large,3072
USR-011,2025-09-21,1889.4,0.021,0.0509,0.942,0,USR-011_2025-09-21,text-embedding-3-large,3072
USR-011,2025-09-28,1910.4,0.0266,0.0523,0.964,2,USR-011_2025-09-28,text-embedding-3-large,3072
USR-011,2025-10-05,1965.2,0.0194,0.0481,0.885,1,USR-011_2025-10-05,text-embedding-3-large,3072
USR-011,2025-10-12,1479.9,0.0235,0.0523,0.957,2,USR-011_2025-10-12,text-embedding-3-large,3072
USR-011,2025-10-19,1847.0,0.0246,0.0738,0.912,2,USR-011_2025-10-19,text-embedding-3-large,3072
USR-011,2025-10-26,1998.3,0.0208,0.0734,0.949,1,USR-011_2025-10-26,text-embedding-3-large,3072
USR-011,2025-11-02,2057.0,0.0191,0.0584,0.99,2,USR-011_2025-11-02,text-embedding-3-large,3072
USR-011,2025-11-09,1699.2,0.0224,0.0554,0.903,1,USR-011_2025-11-09,text-embedding-3-large,3072
USR-011,2025-11-16,1861.8,0.024,0.0543,0.936,1,USR-011_2025-11-16,text-embedding-3-large,3072
USR-011,2025-11-23,2035.8,0.023,0.0597,0.903,0,USR-011_2025-11-23,text-embedding-3-large,3072
USR-011,2025-11-30,1771.0,0.0248,0.0594,0.917,0,USR-011_2025-11-30,text-embedding-3-large,3072
USR-011,2025-12-07,1971.2,0.027,0.0701,0.943,0,USR-011_2025-12-07,text-embedding-3-large,3072
USR-011,2025-12-14,1948.8,0.03,0.0493,0.905,0,USR-011_2025-12-14,text-embedding-3-large,3072
USR-011,2025-12-21,2123.2,0.0278,0.055,0.99,2,USR-011_2025-12-21,text-embedding-3-large,3072
USR-011,2025-12-28,1938.8,0.0235,0.0556,0.978,0,USR-011_2025-12-28,text-embedding-3-large,3072
USR-011,2026-01-04,1867.6,0.0166,0.0513,0.932,0,USR-011_2026-01-04,text-embedding-3-large,3072
USR-011,2026-01-11,1904.3,0.0228,0.0767,0.935,0,USR-011_2026-01-11,text-embedding-3-large,3072
USR-011,2026-01-18,2040.1,0.0221,0.0595,0.967,2,USR-011_2026-01-18,text-embedding-3-large,3072
USR-011,2026-01-25,1827.7,0.0241,0.0568,0.953,4,USR-011_2026-01-25,text-embedding-3-large,3072
USR-011,2026-02-01,1866.0,0.0216,0.0781,0.928,0,USR-011_2026-02-01,text-embedding-3-large,3072
USR-011,2026-02-08,1679.7,0.0316,0.0473,0.961,0,USR-011_2026-02-08,text-embedding-3-large,3072
USR-011,2026-02-15,2041.7,0.0227,0.05,0.974,1,USR-011_2026-02-15,text-embedding-3-large,3072
USR-011,2026-02-22,2004.9,0.0281,0.0549,0.961,2,USR-011_2026-02-22,text-embedding-3-large,3072
USR-011,2026-03-01,1785.8,0.0228,0.057,0.936,0,USR-011_2026-03-01,text-embedding-3-large,3072
USR-011,2026-03-08,2010.3,0.0268,0.0622,0.97,1,USR-011_2026-03-08,text-embedding-3-large,3072
USR-011,2026-03-15,1664.5,0.0213,0.0553,0.919,4,USR-011_2026-03-15,text-embedding-3-large,3072
USR-011,2026-03-22,1875.9,0.026,0.0526,0.894,1,USR-011_2026-03-22,text-embedding-3-large,3072
USR-011,2026-03-29,2046.5,0.0215,0.0609,0.964,2,USR-011_2026-03-29,text-embedding-3-large,3072
USR-011,2026-04-05,1964.1,0.0231,0.057,0.939,0,USR-011_2026-04-05,text-embedding-3-large,3072
USR-011,2026-04-12,1763.5,0.028,0.0673,0.99,1,USR-011_2026-04-12,text-embedding-3-large,3072
USR-011,2026-04-19,1922.6,0.0219,0.0662,0.889,2,USR-011_2026-04-19,text-embedding-3-large,3072
USR-011,2026-04-26,1927.0,0.0251,0.0712,0.929,2,USR-011_2026-04-26,text-embedding-3-large,3072
USR-011,2026-05-03,1868.3,0.0274,0.0613,0.925,1,USR-011_2026-05-03,text-embedding-3-large,3072
USR-011,2026-05-10,1828.3,0.0269,0.0529,0.958,1,USR-011_2026-05-10,text-embedding-3-large,3072
USR-011,2026-05-17,1948.7,0.0215,0.046,0.953,1,USR-011_2026-05-17,text-embedding-3-large,3072
USR-011,2026-05-24,2095.8,0.028,0.0695,0.971,1,USR-011_2026-05-24,text-embedding-3-large,3072
USR-011,2026-05-31,1976.9,0.0214,0.067,0.943,2,USR-011_2026-05-31,text-embedding-3-large,3072
USR-011,2026-06-07,1970.7,0.028,0.0624,0.956,0,USR-011_2026-06-07,text-embedding-3-large,3072
USR-011,2026-06-14,1926.5,0.026,0.0688,0.938,0,USR-011_2026-06-14,text-embedding-3-large,3072
USR-011,2026-06-21,1839.2,0.0239,0.0663,0.946,0,USR-011_2026-06-21,text-embedding-3-large,3072
USR-012,2025-06-29,1473.2,0.0187,0.0441,0.963,4,USR-012_2025-06-29,text-embedding-3-large,3072
USR-012,2025-07-06,1422.5,0.016,0.0431,0.986,2,USR-012_2025-07-06,text-embedding-3-large,3072
USR-012,2025-07-13,1545.1,0.0135,0.0443,0.908,1,USR-012_2025-07-13,text-embedding-3-large,3072
USR-012,2025-07-20,1432.4,0.0183,0.0267,0.955,6,USR-012_2025-07-20,text-embedding-3-large,3072
USR-012,2025-07-27,1576.0,0.0202,0.0487,0.955,2,USR-012_2025-07-27,text-embedding-3-large,3072
USR-012,2025-08-03,1656.3,0.0185,0.0359,0.93,4,USR-012_2025-08-03,text-embedding-3-large,3072
USR-012,2025-08-10,1582.4,0.0203,0.046,0.909,5,USR-012_2025-08-10,text-embedding-3-large,3072
USR-012,2025-08-17,1590.8,0.0164,0.0504,0.947,6,USR-012_2025-08-17,text-embedding-3-large,3072
USR-012,2025-08-24,1538.5,0.0182,0.0364,0.99,3,USR-012_2025-08-24,text-embedding-3-large,3072
USR-012,2025-08-31,1420.8,0.0147,0.0351,0.971,5,USR-012_2025-08-31,text-embedding-3-large,3072
USR-012,2025-09-07,1510.9,0.0182,0.037,0.94,3,USR-012_2025-09-07,text-embedding-3-large,3072
USR-012,2025-09-14,1684.7,0.0206,0.0418,0.974,4,USR-012_2025-09-14,text-embedding-3-large,3072
USR-012,2025-09-21,1678.0,0.0199,0.0463,0.954,3,USR-012_2025-09-21,text-embedding-3-large,3072
USR-012,2025-09-28,1521.8,0.0203,0.0423,0.943,1,USR-012_2025-09-28,text-embedding-3-large,3072
USR-012,2025-10-05,1564.8,0.018,0.0423,0.944,2,USR-012_2025-10-05,text-embedding-3-large,3072
USR-012,2025-10-12,1517.7,0.0164,0.0382,0.958,3,USR-012_2025-10-12,text-embedding-3-large,3072
USR-012,2025-10-19,1568.7,0.0179,0.0536,0.968,3,USR-012_2025-10-19,text-embedding-3-large,3072
USR-012,2025-10-26,1632.1,0.0201,0.0516,0.923,4,USR-012_2025-10-26,text-embedding-3-large,3072
USR-012,2025-11-02,1584.2,0.0176,0.0446,0.95,3,USR-012_2025-11-02,text-embedding-3-large,3072
USR-012,2025-11-09,1345.1,0.0203,0.0339,0.89,2,USR-012_2025-11-09,text-embedding-3-large,3072
USR-012,2025-11-16,1526.9,0.0172,0.0368,0.938,2,USR-012_2025-11-16,text-embedding-3-large,3072
USR-012,2025-11-23,1593.9,0.0171,0.0363,0.944,6,USR-012_2025-11-23,text-embedding-3-large,3072
USR-012,2025-11-30,1472.9,0.0158,0.0469,0.986,6,USR-012_2025-11-30,text-embedding-3-large,3072
USR-012,2025-12-07,1567.9,0.0184,0.042,0.933,1,USR-012_2025-12-07,text-embedding-3-large,3072
USR-012,2025-12-14,1530.3,0.0202,0.0301,0.903,4,USR-012_2025-12-14,text-embedding-3-large,3072
USR-012,2025-12-21,1486.6,0.0208,0.0423,0.924,4,USR-012_2025-12-21,text-embedding-3-large,3072
USR-012,2025-12-28,1688.0,0.0173,0.0434,0.92,3,USR-012_2025-12-28,text-embedding-3-large,3072
USR-012,2026-01-04,1634.8,0.0177,0.0438,0.979,4,USR-012_2026-01-04,text-embedding-3-large,3072
USR-012,2026-01-11,1505.7,0.0191,0.025,0.98,0,USR-012_2026-01-11,text-embedding-3-large,3072
USR-012,2026-01-18,1348.2,0.0162,0.0447,0.94,4,USR-012_2026-01-18,text-embedding-3-large,3072
USR-012,2026-01-25,1518.4,0.0153,0.0419,0.957,2,USR-012_2026-01-25,text-embedding-3-large,3072
USR-012,2026-02-01,1494.4,0.0184,0.0336,0.959,2,USR-012_2026-02-01,text-embedding-3-large,3072
USR-012,2026-02-08,1539.7,0.013,0.0409,0.978,2,USR-012_2026-02-08,text-embedding-3-large,3072
USR-012,2026-02-15,1555.4,0.0218,0.0456,0.91,2,USR-012_2026-02-15,text-embedding-3-large,3072
USR-012,2026-02-22,1432.4,0.0209,0.0426,0.942,7,USR-012_2026-02-22,text-embedding-3-large,3072
USR-012,2026-03-01,1669.9,0.0177,0.0506,0.938,3,USR-012_2026-03-01,text-embedding-3-large,3072
USR-012,2026-03-08,1598.5,0.0218,0.0437,0.962,4,USR-012_2026-03-08,text-embedding-3-large,3072
USR-012,2026-03-15,1532.1,0.0162,0.0407,0.902,7,USR-012_2026-03-15,text-embedding-3-large,3072
USR-012,2026-03-22,1547.8,0.0175,0.0427,0.913,2,USR-012_2026-03-22,text-embedding-3-large,3072
USR-012,2026-03-29,1526.9,0.0144,0.0402,0.962,4,USR-012_2026-03-29,text-embedding-3-large,3072
USR-012,2026-04-05,1578.2,0.0222,0.0444,0.881,0,USR-012_2026-04-05,text-embedding-3-large,3072
USR-012,2026-04-12,1473.3,0.021,0.0426,0.93,4,USR-012_2026-04-12,text-embedding-3-large,3072
USR-012,2026-04-19,1505.2,0.017,0.0459,0.971,3,USR-012_2026-04-19,text-embedding-3-large,3072
USR-012,2026-04-26,1604.0,0.0166,0.0283,0.972,1,USR-012_2026-04-26,text-embedding-3-large,3072
USR-012,2026-05-03,1532.9,0.0178,0.0512,0.939,1,USR-012_2026-05-03,text-embedding-3-large,3072
USR-012,2026-05-10,1639.8,0.0174,0.0364,0.961,2,USR-012_2026-05-10,text-embedding-3-large,3072
USR-012,2026-05-17,1470.2,0.0206,0.0546,0.919,0,USR-012_2026-05-17,text-embedding-3-large,3072
USR-012,2026-05-24,1439.2,0.0167,0.037,0.94,3,USR-012_2026-05-24,text-embedding-3-large,3072
USR-012,2026-05-31,1565.4,0.0208,0.0392,0.94,1,USR-012_2026-05-31,text-embedding-3-large,3072
USR-012,2026-06-07,1419.4,0.0167,0.0337,0.945,1,USR-012_2026-06-07,text-embedding-3-large,3072
USR-012,2026-06-14,1489.0,0.0172,0.0476,0.892,1,USR-012_2026-06-14,text-embedding-3-large,3072
USR-012,2026-06-21,1582.5,0.0186,0.0368,0.964,4,USR-012_2026-06-21,text-embedding-3-large,3072
USR-013,2025-06-29,1397.9,0.0112,0.1077,0.945,3,USR-013_2025-06-29,text-embedding-3-large,3072
USR-013,2025-07-06,1426.0,0.0166,0.0709,0.948,2,USR-013_2025-07-06,text-embedding-3-large,3072
USR-013,2025-07-13,1407.8,0.0151,0.0739,0.961,0,USR-013_2025-07-13,text-embedding-3-large,3072
USR-013,2025-07-20,1435.7,0.0117,0.084,0.912,1,USR-013_2025-07-20,text-embedding-3-large,3072
USR-013,2025-07-27,1366.9,0.0122,0.0878,0.881,1,USR-013_2025-07-27,text-embedding-3-large,3072
USR-013,2025-08-03,1373.4,0.0156,0.0745,0.93,0,USR-013_2025-08-03,text-embedding-3-large,3072
USR-013,2025-08-10,1346.5,0.0145,0.1068,0.985,1,USR-013_2025-08-10,text-embedding-3-large,3072
USR-013,2025-08-17,1260.9,0.0153,0.0768,0.936,1,USR-013_2025-08-17,text-embedding-3-large,3072
USR-013,2025-08-24,1453.0,0.017,0.081,0.945,1,USR-013_2025-08-24,text-embedding-3-large,3072
USR-013,2025-08-31,1213.6,0.0163,0.0817,0.99,1,USR-013_2025-08-31,text-embedding-3-large,3072
USR-013,2025-09-07,1308.2,0.014,0.0645,0.958,1,USR-013_2025-09-07,text-embedding-3-large,3072
USR-013,2025-09-14,1229.9,0.014,0.07,0.898,0,USR-013_2025-09-14,text-embedding-3-large,3072
USR-013,2025-09-21,1287.0,0.0122,0.0746,0.936,1,USR-013_2025-09-21,text-embedding-3-large,3072
USR-013,2025-09-28,1371.1,0.017,0.0821,0.968,0,USR-013_2025-09-28,text-embedding-3-large,3072
USR-013,2025-10-05,1420.6,0.0169,0.0771,0.922,2,USR-013_2025-10-05,text-embedding-3-large,3072
USR-013,2025-10-12,1336.0,0.0139,0.0755,0.965,2,USR-013_2025-10-12,text-embedding-3-large,3072
USR-013,2025-10-19,1380.5,0.0135,0.0826,0.914,1,USR-013_2025-10-19,text-embedding-3-large,3072
USR-013,2025-10-26,1233.3,0.0148,0.0944,0.951,0,USR-013_2025-10-26,text-embedding-3-large,3072
USR-013,2025-11-02,1402.3,0.0151,0.0935,0.894,1,USR-013_2025-11-02,text-embedding-3-large,3072
USR-013,2025-11-09,1386.9,0.0126,0.0685,0.952,0,USR-013_2025-11-09,text-embedding-3-large,3072
USR-013,2025-11-16,1474.9,0.0156,0.0776,0.952,0,USR-013_2025-11-16,text-embedding-3-large,3072
USR-013,2025-11-23,1356.6,0.0149,0.0736,0.944,2,USR-013_2025-11-23,text-embedding-3-large,3072
USR-013,2025-11-30,1288.1,0.0162,0.0867,0.928,0,USR-013_2025-11-30,text-embedding-3-large,3072
USR-013,2025-12-07,1383.4,0.0098,0.079,0.962,1,USR-013_2025-12-07,text-embedding-3-large,3072
USR-013,2025-12-14,1286.4,0.0155,0.0786,0.902,0,USR-013_2025-12-14,text-embedding-3-large,3072
USR-013,2025-12-21,1251.8,0.0152,0.0772,0.955,2,USR-013_2025-12-21,text-embedding-3-large,3072
USR-013,2025-12-28,1304.4,0.0128,0.0748,0.957,0,USR-013_2025-12-28,text-embedding-3-large,3072
USR-013,2026-01-04,1358.1,0.0134,0.0752,0.88,0,USR-013_2026-01-04,text-embedding-3-large,3072
USR-013,2026-01-11,1379.9,0.0161,0.0799,0.985,0,USR-013_2026-01-11,text-embedding-3-large,3072
USR-013,2026-01-18,1360.7,0.0166,0.0857,0.99,1,USR-013_2026-01-18,text-embedding-3-large,3072
USR-013,2026-01-25,1281.3,0.0167,0.0824,0.891,0,USR-013_2026-01-25,text-embedding-3-large,3072
USR-013,2026-02-01,1245.3,0.016,0.0832,0.968,0,USR-013_2026-02-01,text-embedding-3-large,3072
USR-013,2026-02-08,1262.9,0.0153,0.0899,0.915,1,USR-013_2026-02-08,text-embedding-3-large,3072
USR-013,2026-02-15,1209.9,0.0143,0.0789,0.904,1,USR-013_2026-02-15,text-embedding-3-large,3072
USR-013,2026-02-22,1284.9,0.0164,0.0892,0.942,0,USR-013_2026-02-22,text-embedding-3-large,3072
USR-013,2026-03-01,1403.4,0.0181,0.0761,0.975,1,USR-013_2026-03-01,text-embedding-3-large,3072
USR-013,2026-03-08,1270.4,0.0163,0.0778,0.92,0,USR-013_2026-03-08,text-embedding-3-large,3072
USR-013,2026-03-15,1274.3,0.0175,0.0602,0.901,1,USR-013_2026-03-15,text-embedding-3-large,3072
USR-013,2026-03-22,1237.8,0.0134,0.0806,0.967,0,USR-013_2026-03-22,text-embedding-3-large,3072
USR-013,2026-03-29,1359.9,0.0126,0.0651,0.956,1,USR-013_2026-03-29,text-embedding-3-large,3072
USR-013,2026-04-05,1262.8,0.0156,0.083,0.946,0,USR-013_2026-04-05,text-embedding-3-large,3072
USR-013,2026-04-12,1349.8,0.016,0.0692,0.894,0,USR-013_2026-04-12,text-embedding-3-large,3072
USR-013,2026-04-19,1428.4,0.0162,0.0644,0.93,2,USR-013_2026-04-19,text-embedding-3-large,3072
USR-013,2026-04-26,1256.5,0.0177,0.0578,0.939,0,USR-013_2026-04-26,text-embedding-3-large,3072
USR-013,2026-05-03,1329.7,0.016,0.0642,0.927,2,USR-013_2026-05-03,text-embedding-3-large,3072
USR-013,2026-05-10,1172.7,0.0147,0.0642,0.941,2,USR-013_2026-05-10,text-embedding-3-large,3072
USR-013,2026-05-17,1283.0,0.0147,0.1023,0.894,0,USR-013_2026-05-17,text-embedding-3-large,3072
USR-013,2026-05-24,1411.1,0.0123,0.0415,0.952,3,USR-013_2026-05-24,text-embedding-3-large,3072
USR-013,2026-05-31,1317.0,0.0162,0.0757,0.977,2,USR-013_2026-05-31,text-embedding-3-large,3072
USR-013,2026-06-07,1372.9,0.0152,0.0847,0.927,0,USR-013_2026-06-07,text-embedding-3-large,3072
USR-013,2026-06-14,1258.8,0.0142,0.0814,0.946,1,USR-013_2026-06-14,text-embedding-3-large,3072
USR-013,2026-06-21,1231.4,0.0158,0.0815,0.969,1,USR-013_2026-06-21,text-embedding-3-large,3072
USR-014,2025-06-29,3099.5,0.0151,0.0269,0.956,0,USR-014_2025-06-29,text-embedding-3-large,3072
USR-014,2025-07-06,3374.7,0.0176,0.034,0.95,3,USR-014_2025-07-06,text-embedding-3-large,3072
USR-014,2025-07-13,3279.7,0.016,0.0293,0.936,0,USR-014_2025-07-13,text-embedding-3-large,3072
USR-014,2025-07-20,3038.9,0.0167,0.0282,0.929,0,USR-014_2025-07-20,text-embedding-3-large,3072
USR-014,2025-07-27,3139.9,0.0144,0.0298,0.903,2,USR-014_2025-07-27,text-embedding-3-large,3072
USR-014,2025-08-03,2930.9,0.0127,0.034,0.953,3,USR-014_2025-08-03,text-embedding-3-large,3072
USR-014,2025-08-10,3203.6,0.0139,0.0247,0.941,2,USR-014_2025-08-10,text-embedding-3-large,3072
USR-014,2025-08-17,3471.7,0.0138,0.025,0.907,2,USR-014_2025-08-17,text-embedding-3-large,3072
USR-014,2025-08-24,3488.5,0.0154,0.0252,0.949,1,USR-014_2025-08-24,text-embedding-3-large,3072
USR-014,2025-08-31,3229.8,0.0162,0.0298,0.924,0,USR-014_2025-08-31,text-embedding-3-large,3072
USR-014,2025-09-07,3085.6,0.0156,0.0303,0.929,0,USR-014_2025-09-07,text-embedding-3-large,3072
USR-014,2025-09-14,3341.0,0.0161,0.0333,0.924,2,USR-014_2025-09-14,text-embedding-3-large,3072
USR-014,2025-09-21,3329.1,0.016,0.0313,0.901,0,USR-014_2025-09-21,text-embedding-3-large,3072
USR-014,2025-09-28,3288.5,0.0129,0.0259,0.92,1,USR-014_2025-09-28,text-embedding-3-large,3072
USR-014,2025-10-05,2988.2,0.0179,0.0324,0.912,2,USR-014_2025-10-05,text-embedding-3-large,3072
USR-014,2025-10-12,3394.8,0.0178,0.0309,0.93,1,USR-014_2025-10-12,text-embedding-3-large,3072
USR-014,2025-10-19,3214.2,0.0205,0.0311,0.975,4,USR-014_2025-10-19,text-embedding-3-large,3072
USR-014,2025-10-26,3260.7,0.0124,0.0288,0.99,2,USR-014_2025-10-26,text-embedding-3-large,3072
USR-014,2025-11-02,3472.0,0.0155,0.0359,0.96,1,USR-014_2025-11-02,text-embedding-3-large,3072
USR-014,2025-11-09,3199.1,0.0174,0.0312,0.974,1,USR-014_2025-11-09,text-embedding-3-large,3072
USR-014,2025-11-16,3090.9,0.017,0.0258,0.99,2,USR-014_2025-11-16,text-embedding-3-large,3072
USR-014,2025-11-23,3451.3,0.0208,0.0302,0.987,2,USR-014_2025-11-23,text-embedding-3-large,3072
USR-014,2025-11-30,3499.1,0.017,0.0257,0.916,1,USR-014_2025-11-30,text-embedding-3-large,3072
USR-014,2025-12-07,3398.7,0.0166,0.0234,0.932,3,USR-014_2025-12-07,text-embedding-3-large,3072
USR-014,2025-12-14,2848.9,0.0172,0.0253,0.988,2,USR-014_2025-12-14,text-embedding-3-large,3072
USR-014,2025-12-21,3526.0,0.0171,0.0275,0.959,0,USR-014_2025-12-21,text-embedding-3-large,3072
USR-014,2025-12-28,3227.1,0.0169,0.0305,0.903,0,USR-014_2025-12-28,text-embedding-3-large,3072
USR-014,2026-01-04,3058.6,0.0152,0.0296,0.931,1,USR-014_2026-01-04,text-embedding-3-large,3072
USR-014,2026-01-11,3368.7,0.015,0.0277,0.96,0,USR-014_2026-01-11,text-embedding-3-large,3072
USR-014,2026-01-18,2894.4,0.0163,0.0324,0.935,2,USR-014_2026-01-18,text-embedding-3-large,3072
USR-014,2026-01-25,3435.5,0.0162,0.029,0.947,0,USR-014_2026-01-25,text-embedding-3-large,3072
USR-014,2026-02-01,3477.7,0.0164,0.0314,0.936,2,USR-014_2026-02-01,text-embedding-3-large,3072
USR-014,2026-02-08,3309.2,0.0149,0.0241,0.94,1,USR-014_2026-02-08,text-embedding-3-large,3072
USR-014,2026-02-15,3026.1,0.0201,0.0271,0.99,2,USR-014_2026-02-15,text-embedding-3-large,3072
USR-014,2026-02-22,3219.8,0.0174,0.0306,0.929,2,USR-014_2026-02-22,text-embedding-3-large,3072
USR-014,2026-03-01,3224.2,0.0195,0.0368,0.947,0,USR-014_2026-03-01,text-embedding-3-large,3072
USR-014,2026-03-08,3627.2,0.0165,0.0325,0.943,1,USR-014_2026-03-08,text-embedding-3-large,3072
USR-014,2026-03-15,3259.1,0.0152,0.0284,0.943,0,USR-014_2026-03-15,text-embedding-3-large,3072
USR-014,2026-03-22,3171.9,0.0164,0.032,0.983,1,USR-014_2026-03-22,text-embedding-3-large,3072
USR-014,2026-03-29,3792.0,0.0158,0.0293,0.899,2,USR-014_2026-03-29,text-embedding-3-large,3072
USR-014,2026-04-05,2915.4,0.0177,0.0263,0.939,1,USR-014_2026-04-05,text-embedding-3-large,3072
USR-014,2026-04-12,3165.1,0.0192,0.0279,0.932,3,USR-014_2026-04-12,text-embedding-3-large,3072
USR-014,2026-04-19,3039.8,0.0186,0.0239,0.9,1,USR-014_2026-04-19,text-embedding-3-large,3072
USR-014,2026-04-26,3582.5,0.0126,0.028,0.971,1,USR-014_2026-04-26,text-embedding-3-large,3072
USR-014,2026-05-03,3316.9,0.0184,0.0258,0.904,0,USR-014_2026-05-03,text-embedding-3-large,3072
USR-014,2026-05-10,3510.7,0.0126,0.0295,0.96,2,USR-014_2026-05-10,text-embedding-3-large,3072
USR-014,2026-05-17,2781.3,0.0186,0.0312,0.894,1,USR-014_2026-05-17,text-embedding-3-large,3072
USR-014,2026-05-24,3392.8,0.0166,0.0319,0.963,2,USR-014_2026-05-24,text-embedding-3-large,3072
USR-014,2026-05-31,3323.9,0.0141,0.0276,0.891,0,USR-014_2026-05-31,text-embedding-3-large,3072
USR-014,2026-06-07,3566.7,0.0164,0.0362,0.861,2,USR-014_2026-06-07,text-embedding-3-large,3072
USR-014,2026-06-14,3719.1,0.0177,0.0269,0.953,2,USR-014_2026-06-14,text-embedding-3-large,3072
USR-014,2026-06-21,3279.7,0.0166,0.0306,0.917,0,USR-014_2026-06-21,text-embedding-3-large,3072
USR-015,2025-06-29,1869.8,0.0248,0.0672,0.936,0,USR-015_2025-06-29,text-embedding-3-large,3072
USR-015,2025-07-06,1814.9,0.0228,0.0657,0.944,2,USR-015_2025-07-06,text-embedding-3-large,3072
USR-015,2025-07-13,1794.7,0.019,0.0681,0.897,0,USR-015_2025-07-13,text-embedding-3-large,3072
USR-015,2025-07-20,1907.8,0.0213,0.0612,0.96,0,USR-015_2025-07-20,text-embedding-3-large,3072
USR-015,2025-07-27,1777.7,0.0213,0.0684,0.978,1,USR-015_2025-07-27,text-embedding-3-large,3072
USR-015,2025-08-03,1937.5,0.0198,0.0767,0.974,1,USR-015_2025-08-03,text-embedding-3-large,3072
USR-015,2025-08-10,1870.1,0.0224,0.0703,0.983,0,USR-015_2025-08-10,text-embedding-3-large,3072
USR-015,2025-08-17,1973.6,0.022,0.0773,0.987,1,USR-015_2025-08-17,text-embedding-3-large,3072
USR-015,2025-08-24,2011.9,0.0236,0.0651,0.955,0,USR-015_2025-08-24,text-embedding-3-large,3072
USR-015,2025-08-31,1928.5,0.0241,0.0601,0.969,0,USR-015_2025-08-31,text-embedding-3-large,3072
USR-015,2025-09-07,1825.3,0.0237,0.0602,0.925,2,USR-015_2025-09-07,text-embedding-3-large,3072
USR-015,2025-09-14,1944.2,0.0254,0.0817,0.951,1,USR-015_2025-09-14,text-embedding-3-large,3072
USR-015,2025-09-21,1763.8,0.0199,0.072,0.959,1,USR-015_2025-09-21,text-embedding-3-large,3072
USR-015,2025-09-28,1930.7,0.0216,0.0666,0.977,1,USR-015_2025-09-28,text-embedding-3-large,3072
USR-015,2025-10-05,1883.3,0.0246,0.0789,0.93,1,USR-015_2025-10-05,text-embedding-3-large,3072
USR-015,2025-10-12,1886.2,0.0238,0.0532,0.957,2,USR-015_2025-10-12,text-embedding-3-large,3072
USR-015,2025-10-19,1759.9,0.0237,0.0645,0.937,0,USR-015_2025-10-19,text-embedding-3-large,3072
USR-015,2025-10-26,2025.0,0.0258,0.0906,0.95,1,USR-015_2025-10-26,text-embedding-3-large,3072
USR-015,2025-11-02,1887.0,0.0209,0.07,0.94,0,USR-015_2025-11-02,text-embedding-3-large,3072
USR-015,2025-11-09,2029.2,0.0182,0.0747,0.985,1,USR-015_2025-11-09,text-embedding-3-large,3072
USR-015,2025-11-16,1982.3,0.0249,0.0523,0.963,3,USR-015_2025-11-16,text-embedding-3-large,3072
USR-015,2025-11-23,1828.0,0.0288,0.0702,0.99,0,USR-015_2025-11-23,text-embedding-3-large,3072
USR-015,2025-11-30,2039.6,0.0224,0.0658,0.99,0,USR-015_2025-11-30,text-embedding-3-large,3072
USR-015,2025-12-07,1865.8,0.0244,0.0607,0.99,1,USR-015_2025-12-07,text-embedding-3-large,3072
USR-015,2025-12-14,1939.2,0.0273,0.0782,0.953,1,USR-015_2025-12-14,text-embedding-3-large,3072
USR-015,2025-12-21,1969.1,0.0201,0.08,0.947,0,USR-015_2025-12-21,text-embedding-3-large,3072
USR-015,2025-12-28,1824.0,0.0185,0.0667,0.909,2,USR-015_2025-12-28,text-embedding-3-large,3072
USR-015,2026-01-04,1704.2,0.0197,0.0685,0.95,1,USR-015_2026-01-04,text-embedding-3-large,3072
USR-015,2026-01-11,1936.5,0.019,0.071,0.925,1,USR-015_2026-01-11,text-embedding-3-large,3072
USR-015,2026-01-18,1860.5,0.026,0.0727,0.918,3,USR-015_2026-01-18,text-embedding-3-large,3072
USR-015,2026-01-25,1839.0,0.0178,0.0795,0.965,0,USR-015_2026-01-25,text-embedding-3-large,3072
USR-015,2026-02-01,2293.3,0.0228,0.0891,0.98,0,USR-015_2026-02-01,text-embedding-3-large,3072
USR-015,2026-02-08,1942.7,0.0243,0.0631,0.99,0,USR-015_2026-02-08,text-embedding-3-large,3072
USR-015,2026-02-15,1981.2,0.023,0.0725,0.986,0,USR-015_2026-02-15,text-embedding-3-large,3072
USR-015,2026-02-22,1823.4,0.0192,0.081,0.943,2,USR-015_2026-02-22,text-embedding-3-large,3072
USR-015,2026-03-01,1873.2,0.0267,0.073,0.966,2,USR-015_2026-03-01,text-embedding-3-large,3072
USR-015,2026-03-08,1703.9,0.0227,0.0683,0.949,0,USR-015_2026-03-08,text-embedding-3-large,3072
USR-015,2026-03-15,1984.3,0.0214,0.0577,0.95,2,USR-015_2026-03-15,text-embedding-3-large,3072
USR-015,2026-03-22,1864.2,0.0221,0.0724,0.928,1,USR-015_2026-03-22,text-embedding-3-large,3072
USR-015,2026-03-29,1826.7,0.0208,0.0692,0.99,0,USR-015_2026-03-29,text-embedding-3-large,3072
USR-015,2026-04-05,1774.1,0.021,0.0577,0.931,2,USR-015_2026-04-05,text-embedding-3-large,3072
USR-015,2026-04-12,1984.6,0.019,0.0785,0.924,0,USR-015_2026-04-12,text-embedding-3-large,3072
USR-015,2026-04-19,1735.8,0.0258,0.0639,0.959,1,USR-015_2026-04-19,text-embedding-3-large,3072
USR-015,2026-04-26,1872.9,0.0249,0.0701,0.932,3,USR-015_2026-04-26,text-embedding-3-large,3072
USR-015,2026-05-03,1852.6,0.0238,0.0715,0.965,0,USR-015_2026-05-03,text-embedding-3-large,3072
USR-015,2026-05-10,1907.5,0.0245,0.0682,0.946,0,USR-015_2026-05-10,text-embedding-3-large,3072
USR-015,2026-05-17,1968.6,0.02,0.0655,0.922,2,USR-015_2026-05-17,text-embedding-3-large,3072
USR-015,2026-05-24,1743.4,0.023,0.0792,0.902,2,USR-015_2026-05-24,text-embedding-3-large,3072
USR-015,2026-05-31,1877.0,0.0193,0.0731,0.925,2,USR-015_2026-05-31,text-embedding-3-large,3072
USR-015,2026-06-07,1732.2,0.0206,0.0634,0.959,2,USR-015_2026-06-07,text-embedding-3-large,3072
USR-015,2026-06-14,1991.9,0.0252,0.0767,0.971,0,USR-015_2026-06-14,text-embedding-3-large,3072
USR-015,2026-06-21,1948.2,0.0266,0.0531,0.938,1,USR-015_2026-06-21,text-embedding-3-large,3072
USR-016,2025-06-29,1859.1,0.0157,0.0396,0.984,5,USR-016_2025-06-29,text-embedding-3-large,3072
USR-016,2025-07-06,1920.2,0.0166,0.0497,0.909,2,USR-016_2025-07-06,text-embedding-3-large,3072
USR-016,2025-07-13,2146.3,0.02,0.0403,0.954,5,USR-016_2025-07-13,text-embedding-3-large,3072
USR-016,2025-07-20,1810.4,0.0171,0.0348,0.935,4,USR-016_2025-07-20,text-embedding-3-large,3072
USR-016,2025-07-27,1944.2,0.0191,0.0292,0.956,3,USR-016_2025-07-27,text-embedding-3-large,3072
USR-016,2025-08-03,1980.9,0.0184,0.0469,0.899,5,USR-016_2025-08-03,text-embedding-3-large,3072
USR-016,2025-08-10,1809.6,0.016,0.0372,0.924,4,USR-016_2025-08-10,text-embedding-3-large,3072
USR-016,2025-08-17,1978.5,0.0158,0.0421,0.989,1,USR-016_2025-08-17,text-embedding-3-large,3072
USR-016,2025-08-24,1789.7,0.0188,0.0334,0.92,6,USR-016_2025-08-24,text-embedding-3-large,3072
USR-016,2025-08-31,1902.5,0.0176,0.044,0.938,5,USR-016_2025-08-31,text-embedding-3-large,3072
USR-016,2025-09-07,1882.6,0.0185,0.0382,0.957,3,USR-016_2025-09-07,text-embedding-3-large,3072
USR-016,2025-09-14,1944.9,0.0168,0.0449,0.942,4,USR-016_2025-09-14,text-embedding-3-large,3072
USR-016,2025-09-21,2010.2,0.0174,0.041,0.899,4,USR-016_2025-09-21,text-embedding-3-large,3072
USR-016,2025-09-28,1888.1,0.0159,0.0438,0.921,5,USR-016_2025-09-28,text-embedding-3-large,3072
USR-016,2025-10-05,1879.6,0.0173,0.0466,0.958,2,USR-016_2025-10-05,text-embedding-3-large,3072
USR-016,2025-10-12,1980.3,0.018,0.0336,0.925,3,USR-016_2025-10-12,text-embedding-3-large,3072
USR-016,2025-10-19,1883.2,0.0161,0.032,0.955,3,USR-016_2025-10-19,text-embedding-3-large,3072
USR-016,2025-10-26,1865.4,0.0225,0.036,0.969,1,USR-016_2025-10-26,text-embedding-3-large,3072
USR-016,2025-11-02,1883.2,0.0184,0.0397,0.899,1,USR-016_2025-11-02,text-embedding-3-large,3072
USR-016,2025-11-09,2172.3,0.013,0.0295,0.965,2,USR-016_2025-11-09,text-embedding-3-large,3072
USR-016,2025-11-16,1908.0,0.0146,0.0383,0.957,6,USR-016_2025-11-16,text-embedding-3-large,3072
USR-016,2025-11-23,1802.3,0.0226,0.0423,0.942,5,USR-016_2025-11-23,text-embedding-3-large,3072
USR-016,2025-11-30,1798.6,0.022,0.042,0.946,4,USR-016_2025-11-30,text-embedding-3-large,3072
USR-016,2025-12-07,1730.3,0.0185,0.0487,0.942,4,USR-016_2025-12-07,text-embedding-3-large,3072
USR-016,2025-12-14,1963.2,0.0182,0.042,0.906,5,USR-016_2025-12-14,text-embedding-3-large,3072
USR-016,2025-12-21,1823.3,0.0145,0.0436,0.896,2,USR-016_2025-12-21,text-embedding-3-large,3072
USR-016,2025-12-28,1941.2,0.0181,0.0391,0.946,3,USR-016_2025-12-28,text-embedding-3-large,3072
USR-016,2026-01-04,1714.2,0.0181,0.0494,0.973,4,USR-016_2026-01-04,text-embedding-3-large,3072
USR-016,2026-01-11,1855.7,0.0171,0.0318,0.955,3,USR-016_2026-01-11,text-embedding-3-large,3072
USR-016,2026-01-18,1880.8,0.0139,0.0411,0.963,3,USR-016_2026-01-18,text-embedding-3-large,3072
USR-016,2026-01-25,1803.3,0.0174,0.0392,0.914,1,USR-016_2026-01-25,text-embedding-3-large,3072
USR-016,2026-02-01,1907.9,0.0173,0.0486,0.973,4,USR-016_2026-02-01,text-embedding-3-large,3072
USR-016,2026-02-08,1723.4,0.0158,0.0376,0.933,0,USR-016_2026-02-08,text-embedding-3-large,3072
USR-016,2026-02-15,2224.6,0.013,0.0313,0.964,5,USR-016_2026-02-15,text-embedding-3-large,3072
USR-016,2026-02-22,2018.9,0.0202,0.0415,0.953,1,USR-016_2026-02-22,text-embedding-3-large,3072
USR-016,2026-03-01,1580.9,0.017,0.0273,0.99,5,USR-016_2026-03-01,text-embedding-3-large,3072
USR-016,2026-03-08,1910.1,0.0195,0.0281,0.983,0,USR-016_2026-03-08,text-embedding-3-large,3072
USR-016,2026-03-15,1736.1,0.0189,0.0484,0.915,1,USR-016_2026-03-15,text-embedding-3-large,3072
USR-016,2026-03-22,1760.2,0.0141,0.0341,0.889,6,USR-016_2026-03-22,text-embedding-3-large,3072
USR-016,2026-03-29,1857.9,0.0151,0.0343,0.941,4,USR-016_2026-03-29,text-embedding-3-large,3072
USR-016,2026-04-05,1803.1,0.0186,0.0422,0.911,2,USR-016_2026-04-05,text-embedding-3-large,3072
USR-016,2026-04-12,1821.0,0.0201,0.0396,0.947,4,USR-016_2026-04-12,text-embedding-3-large,3072
USR-016,2026-04-19,1868.0,0.0173,0.0349,0.968,2,USR-016_2026-04-19,text-embedding-3-large,3072
USR-016,2026-04-26,1811.2,0.0209,0.0506,0.946,4,USR-016_2026-04-26,text-embedding-3-large,3072
USR-016,2026-05-03,1837.9,0.0189,0.0447,0.933,2,USR-016_2026-05-03,text-embedding-3-large,3072
USR-016,2026-05-10,2152.2,0.0206,0.0403,0.946,2,USR-016_2026-05-10,text-embedding-3-large,3072
USR-016,2026-05-17,1893.5,0.0157,0.039,0.882,2,USR-016_2026-05-17,text-embedding-3-large,3072
USR-016,2026-05-24,1767.9,0.018,0.0381,0.966,1,USR-016_2026-05-24,text-embedding-3-large,3072
USR-016,2026-05-31,1848.1,0.0188,0.046,0.921,1,USR-016_2026-05-31,text-embedding-3-large,3072
USR-016,2026-06-07,1902.6,0.0162,0.0513,0.953,1,USR-016_2026-06-07,text-embedding-3-large,3072
USR-016,2026-06-14,2056.4,0.0192,0.0328,0.948,0,USR-016_2026-06-14,text-embedding-3-large,3072
USR-016,2026-06-21,1928.7,0.0161,0.0419,0.903,4,USR-016_2026-06-21,text-embedding-3-large,3072
USR-017,2025-06-29,985.9,0.0224,0.0579,0.913,0,USR-017_2025-06-29,text-embedding-3-large,3072
USR-017,2025-07-06,922.8,0.0157,0.0432,0.913,2,USR-017_2025-07-06,text-embedding-3-large,3072
USR-017,2025-07-13,861.0,0.0185,0.0596,0.935,0,USR-017_2025-07-13,text-embedding-3-large,3072
USR-017,2025-07-20,901.3,0.0233,0.0503,0.896,1,USR-017_2025-07-20,text-embedding-3-large,3072
USR-017,2025-07-27,827.7,0.0269,0.0603,0.968,0,USR-017_2025-07-27,text-embedding-3-large,3072
USR-017,2025-08-03,944.2,0.0235,0.0584,0.968,1,USR-017_2025-08-03,text-embedding-3-large,3072
USR-017,2025-08-10,893.3,0.025,0.0622,0.928,0,USR-017_2025-08-10,text-embedding-3-large,3072
USR-017,2025-08-17,949.0,0.0283,0.0754,0.956,3,USR-017_2025-08-17,text-embedding-3-large,3072
USR-017,2025-08-24,870.9,0.025,0.0524,0.965,2,USR-017_2025-08-24,text-embedding-3-large,3072
USR-017,2025-08-31,906.6,0.0239,0.0496,0.905,0,USR-017_2025-08-31,text-embedding-3-large,3072
USR-017,2025-09-07,853.1,0.0299,0.0513,0.918,2,USR-017_2025-09-07,text-embedding-3-large,3072
USR-017,2025-09-14,880.7,0.0267,0.0529,0.919,1,USR-017_2025-09-14,text-embedding-3-large,3072
USR-017,2025-09-21,870.0,0.0271,0.0548,0.99,3,USR-017_2025-09-21,text-embedding-3-large,3072
USR-017,2025-09-28,869.3,0.0209,0.0726,0.977,0,USR-017_2025-09-28,text-embedding-3-large,3072
USR-017,2025-10-05,804.0,0.0261,0.0567,0.913,0,USR-017_2025-10-05,text-embedding-3-large,3072
USR-017,2025-10-12,864.9,0.0213,0.0653,0.94,1,USR-017_2025-10-12,text-embedding-3-large,3072
USR-017,2025-10-19,976.3,0.0238,0.0536,0.926,0,USR-017_2025-10-19,text-embedding-3-large,3072
USR-017,2025-10-26,951.3,0.0227,0.0488,0.954,1,USR-017_2025-10-26,text-embedding-3-large,3072
USR-017,2025-11-02,910.5,0.0279,0.0547,0.923,0,USR-017_2025-11-02,text-embedding-3-large,3072
USR-017,2025-11-09,938.9,0.0201,0.0615,0.931,3,USR-017_2025-11-09,text-embedding-3-large,3072
USR-017,2025-11-16,857.8,0.0228,0.0566,0.935,0,USR-017_2025-11-16,text-embedding-3-large,3072
USR-017,2025-11-23,915.1,0.0284,0.0613,0.966,2,USR-017_2025-11-23,text-embedding-3-large,3072
USR-017,2025-11-30,855.4,0.0238,0.0522,0.945,0,USR-017_2025-11-30,text-embedding-3-large,3072
USR-017,2025-12-07,942.0,0.0187,0.0682,0.966,0,USR-017_2025-12-07,text-embedding-3-large,3072
USR-017,2025-12-14,789.0,0.0259,0.0658,0.953,4,USR-017_2025-12-14,text-embedding-3-large,3072
USR-017,2025-12-21,867.9,0.0206,0.0581,0.935,0,USR-017_2025-12-21,text-embedding-3-large,3072
USR-017,2025-12-28,800.3,0.0259,0.065,0.956,2,USR-017_2025-12-28,text-embedding-3-large,3072
USR-017,2026-01-04,846.5,0.0209,0.0599,0.966,0,USR-017_2026-01-04,text-embedding-3-large,3072
USR-017,2026-01-11,838.8,0.0265,0.0552,0.897,1,USR-017_2026-01-11,text-embedding-3-large,3072
USR-017,2026-01-18,834.9,0.024,0.0453,0.954,1,USR-017_2026-01-18,text-embedding-3-large,3072
USR-017,2026-01-25,871.8,0.0223,0.05,0.951,2,USR-017_2026-01-25,text-embedding-3-large,3072
USR-017,2026-02-01,869.7,0.0291,0.0489,0.99,0,USR-017_2026-02-01,text-embedding-3-large,3072
USR-017,2026-02-08,813.2,0.0267,0.0604,0.962,1,USR-017_2026-02-08,text-embedding-3-large,3072
USR-017,2026-02-15,793.0,0.0263,0.0598,0.921,1,USR-017_2026-02-15,text-embedding-3-large,3072
USR-017,2026-02-22,943.6,0.0256,0.0509,0.898,1,USR-017_2026-02-22,text-embedding-3-large,3072
USR-017,2026-03-01,844.1,0.0251,0.0479,0.964,1,USR-017_2026-03-01,text-embedding-3-large,3072
USR-017,2026-03-08,1015.8,0.025,0.0619,0.95,2,USR-017_2026-03-08,text-embedding-3-large,3072
USR-017,2026-03-15,826.5,0.0264,0.0546,0.971,2,USR-017_2026-03-15,text-embedding-3-large,3072
USR-017,2026-03-22,903.8,0.0267,0.0565,0.99,0,USR-017_2026-03-22,text-embedding-3-large,3072
USR-017,2026-03-29,858.5,0.0198,0.0686,0.938,0,USR-017_2026-03-29,text-embedding-3-large,3072
USR-017,2026-04-05,993.4,0.0249,0.0681,0.899,0,USR-017_2026-04-05,text-embedding-3-large,3072
USR-017,2026-04-12,790.6,0.0264,0.054,0.953,0,USR-017_2026-04-12,text-embedding-3-large,3072
USR-017,2026-04-19,983.2,0.0234,0.0744,0.945,0,USR-017_2026-04-19,text-embedding-3-large,3072
USR-017,2026-04-26,828.4,0.021,0.0522,0.97,1,USR-017_2026-04-26,text-embedding-3-large,3072
USR-017,2026-05-03,847.6,0.0296,0.0465,0.916,1,USR-017_2026-05-03,text-embedding-3-large,3072
USR-017,2026-05-10,938.2,0.0249,0.0784,0.918,0,USR-017_2026-05-10,text-embedding-3-large,3072
USR-017,2026-05-17,835.1,0.0262,0.0483,0.937,1,USR-017_2026-05-17,text-embedding-3-large,3072
USR-017,2026-05-24,903.2,0.0249,0.0703,0.892,2,USR-017_2026-05-24,text-embedding-3-large,3072
USR-017,2026-05-31,888.6,0.0205,0.0412,0.905,1,USR-017_2026-05-31,text-embedding-3-large,3072
USR-017,2026-06-07,998.4,0.0219,0.0529,0.877,1,USR-017_2026-06-07,text-embedding-3-large,3072
USR-017,2026-06-14,933.7,0.0222,0.0435,0.92,2,USR-017_2026-06-14,text-embedding-3-large,3072
USR-017,2026-06-21,891.6,0.0242,0.0695,0.909,1,USR-017_2026-06-21,text-embedding-3-large,3072
USR-018,2025-06-29,1579.0,0.0279,0.0644,0.896,0,USR-018_2025-06-29,text-embedding-3-large,3072
USR-018,2025-07-06,1628.3,0.0219,0.0543,0.898,0,USR-018_2025-07-06,text-embedding-3-large,3072
USR-018,2025-07-13,1544.1,0.0223,0.0636,0.893,2,USR-018_2025-07-13,text-embedding-3-large,3072
USR-018,2025-07-20,1676.9,0.0274,0.0722,0.913,3,USR-018_2025-07-20,text-embedding-3-large,3072
USR-018,2025-07-27,1826.4,0.0243,0.0518,0.9,1,USR-018_2025-07-27,text-embedding-3-large,3072
USR-018,2025-08-03,1630.5,0.0259,0.0662,0.928,1,USR-018_2025-08-03,text-embedding-3-large,3072
USR-018,2025-08-10,1545.9,0.0278,0.0517,0.923,1,USR-018_2025-08-10,text-embedding-3-large,3072
USR-018,2025-08-17,1611.1,0.0265,0.0356,0.925,0,USR-018_2025-08-17,text-embedding-3-large,3072
USR-018,2025-08-24,1688.9,0.0238,0.0687,0.941,0,USR-018_2025-08-24,text-embedding-3-large,3072
USR-018,2025-08-31,1538.3,0.0234,0.066,0.951,1,USR-018_2025-08-31,text-embedding-3-large,3072
USR-018,2025-09-07,1564.9,0.027,0.0474,0.93,0,USR-018_2025-09-07,text-embedding-3-large,3072
USR-018,2025-09-14,1629.3,0.0228,0.0734,0.936,1,USR-018_2025-09-14,text-embedding-3-large,3072
USR-018,2025-09-21,1548.7,0.0226,0.0573,0.969,0,USR-018_2025-09-21,text-embedding-3-large,3072
USR-018,2025-09-28,1580.0,0.0233,0.0582,0.956,2,USR-018_2025-09-28,text-embedding-3-large,3072
USR-018,2025-10-05,1564.9,0.0192,0.0566,0.949,0,USR-018_2025-10-05,text-embedding-3-large,3072
USR-018,2025-10-12,1753.1,0.0265,0.0468,0.896,2,USR-018_2025-10-12,text-embedding-3-large,3072
USR-018,2025-10-19,1591.9,0.0273,0.063,0.939,0,USR-018_2025-10-19,text-embedding-3-large,3072
USR-018,2025-10-26,1682.5,0.0255,0.055,0.942,2,USR-018_2025-10-26,text-embedding-3-large,3072
USR-018,2025-11-02,1632.2,0.0213,0.0506,0.948,0,USR-018_2025-11-02,text-embedding-3-large,3072
USR-018,2025-11-09,1549.0,0.0263,0.0551,0.947,0,USR-018_2025-11-09,text-embedding-3-large,3072
USR-018,2025-11-16,1510.2,0.0238,0.0656,0.968,0,USR-018_2025-11-16,text-embedding-3-large,3072
USR-018,2025-11-23,1628.5,0.0236,0.065,0.951,2,USR-018_2025-11-23,text-embedding-3-large,3072
USR-018,2025-11-30,1654.6,0.0285,0.0609,0.891,0,USR-018_2025-11-30,text-embedding-3-large,3072
USR-018,2025-12-07,1728.9,0.0173,0.0615,0.913,2,USR-018_2025-12-07,text-embedding-3-large,3072
USR-018,2025-12-14,1638.3,0.0245,0.0612,0.908,3,USR-018_2025-12-14,text-embedding-3-large,3072
USR-018,2025-12-21,1749.0,0.025,0.0663,0.933,1,USR-018_2025-12-21,text-embedding-3-large,3072
USR-018,2025-12-28,1677.8,0.028,0.0674,0.958,0,USR-018_2025-12-28,text-embedding-3-large,3072
USR-018,2026-01-04,1401.8,0.0302,0.0697,0.949,1,USR-018_2026-01-04,text-embedding-3-large,3072
USR-018,2026-01-11,1549.2,0.0262,0.0685,0.931,0,USR-018_2026-01-11,text-embedding-3-large,3072
USR-018,2026-01-18,1519.0,0.023,0.0581,0.917,3,USR-018_2026-01-18,text-embedding-3-large,3072
USR-018,2026-01-25,1715.7,0.0248,0.0559,0.99,0,USR-018_2026-01-25,text-embedding-3-large,3072
USR-018,2026-02-01,1632.4,0.0212,0.0539,0.971,0,USR-018_2026-02-01,text-embedding-3-large,3072
USR-018,2026-02-08,1600.0,0.0237,0.0607,0.966,1,USR-018_2026-02-08,text-embedding-3-large,3072
USR-018,2026-02-15,1665.3,0.0215,0.0644,0.945,4,USR-018_2026-02-15,text-embedding-3-large,3072
USR-018,2026-02-22,1642.3,0.0246,0.0655,0.938,3,USR-018_2026-02-22,text-embedding-3-large,3072
USR-018,2026-03-01,1685.5,0.0245,0.0421,0.92,2,USR-018_2026-03-01,text-embedding-3-large,3072
USR-018,2026-03-08,1516.1,0.0273,0.0465,0.954,0,USR-018_2026-03-08,text-embedding-3-large,3072
USR-018,2026-03-15,1622.4,0.0285,0.0694,0.909,0,USR-018_2026-03-15,text-embedding-3-large,3072
USR-018,2026-03-22,1472.9,0.0292,0.0462,0.96,1,USR-018_2026-03-22,text-embedding-3-large,3072
USR-018,2026-03-29,1552.9,0.0261,0.067,0.925,0,USR-018_2026-03-29,text-embedding-3-large,3072
USR-018,2026-04-05,1739.7,0.0243,0.0577,0.946,0,USR-018_2026-04-05,text-embedding-3-large,3072
USR-018,2026-04-12,1543.9,0.0258,0.0538,0.912,0,USR-018_2026-04-12,text-embedding-3-large,3072
USR-018,2026-04-19,1665.2,0.0254,0.077,0.978,2,USR-018_2026-04-19,text-embedding-3-large,3072
USR-018,2026-04-26,1531.4,0.0248,0.049,0.946,1,USR-018_2026-04-26,text-embedding-3-large,3072
USR-018,2026-05-03,1729.7,0.0236,0.0603,0.977,1,USR-018_2026-05-03,text-embedding-3-large,3072
USR-018,2026-05-10,1540.5,0.0257,0.0468,0.887,0,USR-018_2026-05-10,text-embedding-3-large,3072
USR-018,2026-05-17,1422.3,0.0253,0.0681,0.918,2,USR-018_2026-05-17,text-embedding-3-large,3072
USR-018,2026-05-24,1655.5,0.0264,0.0668,0.912,1,USR-018_2026-05-24,text-embedding-3-large,3072
USR-018,2026-05-31,1696.2,0.0268,0.0608,0.956,1,USR-018_2026-05-31,text-embedding-3-large,3072
USR-018,2026-06-07,1721.8,0.0249,0.0502,0.942,1,USR-018_2026-06-07,text-embedding-3-large,3072
USR-018,2026-06-14,1638.2,0.0223,0.0669,0.902,1,USR-018_2026-06-14,text-embedding-3-large,3072
USR-018,2026-06-21,1831.3,0.0244,0.0485,0.96,0,USR-018_2026-06-21,text-embedding-3-large,3072
USR-019,2025-06-29,1504.2,0.0157,0.0364,0.921,1,USR-019_2025-06-29,text-embedding-3-large,3072
USR-019,2025-07-06,1694.9,0.0158,0.0446,0.896,4,USR-019_2025-07-06,text-embedding-3-large,3072
USR-019,2025-07-13,1683.4,0.0201,0.0293,0.96,2,USR-019_2025-07-13,text-embedding-3-large,3072
USR-019,2025-07-20,1530.1,0.018,0.0425,0.958,7,USR-019_2025-07-20,text-embedding-3-large,3072
USR-019,2025-07-27,1730.8,0.0246,0.0345,0.924,3,USR-019_2025-07-27,text-embedding-3-large,3072
USR-019,2025-08-03,1572.6,0.0186,0.0393,0.913,3,USR-019_2025-08-03,text-embedding-3-large,3072
USR-019,2025-08-10,1815.2,0.021,0.0394,0.971,2,USR-019_2025-08-10,text-embedding-3-large,3072
USR-019,2025-08-17,1673.2,0.0148,0.0359,0.948,3,USR-019_2025-08-17,text-embedding-3-large,3072
USR-019,2025-08-24,1771.9,0.0151,0.0341,0.99,4,USR-019_2025-08-24,text-embedding-3-large,3072
USR-019,2025-08-31,1591.4,0.0165,0.0356,0.937,4,USR-019_2025-08-31,text-embedding-3-large,3072
USR-019,2025-09-07,1548.1,0.0184,0.0357,0.947,1,USR-019_2025-09-07,text-embedding-3-large,3072
USR-019,2025-09-14,1614.2,0.0182,0.0446,0.946,6,USR-019_2025-09-14,text-embedding-3-large,3072
USR-019,2025-09-21,1622.4,0.0182,0.0367,0.969,4,USR-019_2025-09-21,text-embedding-3-large,3072
USR-019,2025-09-28,1830.0,0.016,0.0407,0.948,1,USR-019_2025-09-28,text-embedding-3-large,3072
USR-019,2025-10-05,1610.4,0.0173,0.0331,0.925,1,USR-019_2025-10-05,text-embedding-3-large,3072
USR-019,2025-10-12,1612.5,0.0209,0.0386,0.877,2,USR-019_2025-10-12,text-embedding-3-large,3072
USR-019,2025-10-19,1615.2,0.016,0.0355,0.917,8,USR-019_2025-10-19,text-embedding-3-large,3072
USR-019,2025-10-26,1489.8,0.0222,0.0303,0.975,2,USR-019_2025-10-26,text-embedding-3-large,3072
USR-019,2025-11-02,1558.4,0.0151,0.0477,0.93,2,USR-019_2025-11-02,text-embedding-3-large,3072
USR-019,2025-11-09,1668.6,0.0197,0.0478,0.908,0,USR-019_2025-11-09,text-embedding-3-large,3072
USR-019,2025-11-16,1577.2,0.018,0.047,0.99,5,USR-019_2025-11-16,text-embedding-3-large,3072
USR-019,2025-11-23,1594.3,0.0173,0.0409,0.95,4,USR-019_2025-11-23,text-embedding-3-large,3072
USR-019,2025-11-30,1781.3,0.0168,0.0417,0.948,2,USR-019_2025-11-30,text-embedding-3-large,3072
USR-019,2025-12-07,1536.6,0.0156,0.0516,0.877,2,USR-019_2025-12-07,text-embedding-3-large,3072
USR-019,2025-12-14,1749.0,0.0156,0.0419,0.86,3,USR-019_2025-12-14,text-embedding-3-large,3072
USR-019,2025-12-21,1590.5,0.0217,0.0424,0.912,4,USR-019_2025-12-21,text-embedding-3-large,3072
USR-019,2025-12-28,1510.4,0.018,0.0398,0.937,5,USR-019_2025-12-28,text-embedding-3-large,3072
USR-019,2026-01-04,1638.1,0.0171,0.0377,0.964,5,USR-019_2026-01-04,text-embedding-3-large,3072
USR-019,2026-01-11,1817.0,0.0158,0.0386,0.986,2,USR-019_2026-01-11,text-embedding-3-large,3072
USR-019,2026-01-18,1805.2,0.0203,0.0362,0.928,5,USR-019_2026-01-18,text-embedding-3-large,3072
USR-019,2026-01-25,1837.7,0.0172,0.0437,0.915,4,USR-019_2026-01-25,text-embedding-3-large,3072
USR-019,2026-02-01,1713.4,0.0177,0.0425,0.95,0,USR-019_2026-02-01,text-embedding-3-large,3072
USR-019,2026-02-08,1710.0,0.017,0.0379,0.914,8,USR-019_2026-02-08,text-embedding-3-large,3072
USR-019,2026-02-15,1580.8,0.0189,0.0461,0.969,1,USR-019_2026-02-15,text-embedding-3-large,3072
USR-019,2026-02-22,1730.3,0.0185,0.0391,0.925,5,USR-019_2026-02-22,text-embedding-3-large,3072
USR-019,2026-03-01,1595.9,0.0191,0.0435,0.963,2,USR-019_2026-03-01,text-embedding-3-large,3072
USR-019,2026-03-08,1791.9,0.0199,0.04,0.921,3,USR-019_2026-03-08,text-embedding-3-large,3072
USR-019,2026-03-15,1759.0,0.0184,0.0335,0.924,6,USR-019_2026-03-15,text-embedding-3-large,3072
USR-019,2026-03-22,1486.0,0.0143,0.0511,0.928,4,USR-019_2026-03-22,text-embedding-3-large,3072
USR-019,2026-03-29,1562.3,0.0183,0.0399,0.99,4,USR-019_2026-03-29,text-embedding-3-large,3072
USR-019,2026-04-05,1651.4,0.0161,0.0368,0.946,5,USR-019_2026-04-05,text-embedding-3-large,3072
USR-019,2026-04-12,1626.4,0.0169,0.0414,0.926,5,USR-019_2026-04-12,text-embedding-3-large,3072
USR-019,2026-04-19,1579.7,0.0187,0.0401,0.958,2,USR-019_2026-04-19,text-embedding-3-large,3072
USR-019,2026-04-26,1690.4,0.0199,0.0454,0.918,3,USR-019_2026-04-26,text-embedding-3-large,3072
USR-019,2026-05-03,1665.8,0.0187,0.0395,0.94,0,USR-019_2026-05-03,text-embedding-3-large,3072
USR-019,2026-05-10,1729.4,0.0178,0.043,0.94,4,USR-019_2026-05-10,text-embedding-3-large,3072
USR-019,2026-05-17,1677.8,0.0181,0.0396,0.97,2,USR-019_2026-05-17,text-embedding-3-large,3072
USR-019,2026-05-24,1792.5,0.0194,0.0432,0.929,2,USR-019_2026-05-24,text-embedding-3-large,3072
USR-019,2026-05-31,1736.1,0.02,0.0435,0.979,1,USR-019_2026-05-31,text-embedding-3-large,3072
USR-019,2026-06-07,1589.3,0.0143,0.0402,0.958,3,USR-019_2026-06-07,text-embedding-3-large,3072
USR-019,2026-06-14,1617.4,0.0188,0.04,0.958,1,USR-019_2026-06-14,text-embedding-3-large,3072
USR-019,2026-06-21,1791.2,0.0186,0.0409,0.956,1,USR-019_2026-06-21,text-embedding-3-large,3072
USR-020,2025-06-29,1145.5,0.0166,0.0439,0.98,2,USR-020_2025-06-29,text-embedding-3-large,3072
USR-020,2025-07-06,1137.0,0.0215,0.039,0.928,4,USR-020_2025-07-06,text-embedding-3-large,3072
USR-020,2025-07-13,1071.6,0.0163,0.0395,0.877,6,USR-020_2025-07-13,text-embedding-3-large,3072
USR-020,2025-07-20,980.2,0.0187,0.0366,0.902,6,USR-020_2025-07-20,text-embedding-3-large,3072
USR-020,2025-07-27,996.3,0.0192,0.0406,0.928,2,USR-020_2025-07-27,text-embedding-3-large,3072
USR-020,2025-08-03,1195.1,0.0218,0.0235,0.932,1,USR-020_2025-08-03,text-embedding-3-large,3072
USR-020,2025-08-10,964.8,0.0196,0.0419,0.923,2,USR-020_2025-08-10,text-embedding-3-large,3072
USR-020,2025-08-17,1067.5,0.0155,0.0376,0.95,2,USR-020_2025-08-17,text-embedding-3-large,3072
USR-020,2025-08-24,1133.8,0.0218,0.0274,0.905,2,USR-020_2025-08-24,text-embedding-3-large,3072
USR-020,2025-08-31,1138.3,0.0156,0.0279,0.952,2,USR-020_2025-08-31,text-embedding-3-large,3072
USR-020,2025-09-07,1179.8,0.0212,0.0453,0.929,3,USR-020_2025-09-07,text-embedding-3-large,3072
USR-020,2025-09-14,1095.9,0.0157,0.036,0.945,2,USR-020_2025-09-14,text-embedding-3-large,3072
USR-020,2025-09-21,1123.5,0.0156,0.0364,0.864,4,USR-020_2025-09-21,text-embedding-3-large,3072
USR-020,2025-09-28,1068.2,0.0187,0.0337,0.95,7,USR-020_2025-09-28,text-embedding-3-large,3072
USR-020,2025-10-05,1027.5,0.015,0.0411,0.969,1,USR-020_2025-10-05,text-embedding-3-large,3072
USR-020,2025-10-12,1159.1,0.0131,0.0349,0.919,3,USR-020_2025-10-12,text-embedding-3-large,3072
USR-020,2025-10-19,1001.5,0.0138,0.0537,0.931,3,USR-020_2025-10-19,text-embedding-3-large,3072
USR-020,2025-10-26,1000.9,0.018,0.0497,0.93,1,USR-020_2025-10-26,text-embedding-3-large,3072
USR-020,2025-11-02,1200.4,0.02,0.0414,0.916,6,USR-020_2025-11-02,text-embedding-3-large,3072
USR-020,2025-11-09,1116.0,0.0133,0.0493,0.956,2,USR-020_2025-11-09,text-embedding-3-large,3072
USR-020,2025-11-16,1088.9,0.0176,0.0517,0.969,5,USR-020_2025-11-16,text-embedding-3-large,3072
USR-020,2025-11-23,1180.3,0.0114,0.039,0.898,1,USR-020_2025-11-23,text-embedding-3-large,3072
USR-020,2025-11-30,1120.2,0.0168,0.0407,0.89,3,USR-020_2025-11-30,text-embedding-3-large,3072
USR-020,2025-12-07,1054.8,0.0179,0.0411,0.907,2,USR-020_2025-12-07,text-embedding-3-large,3072
USR-020,2025-12-14,1048.3,0.0159,0.0398,0.928,3,USR-020_2025-12-14,text-embedding-3-large,3072
USR-020,2025-12-21,995.4,0.0142,0.0319,0.887,3,USR-020_2025-12-21,text-embedding-3-large,3072
USR-020,2025-12-28,1196.1,0.0169,0.0541,0.921,4,USR-020_2025-12-28,text-embedding-3-large,3072
USR-020,2026-01-04,1055.4,0.0174,0.0391,0.926,3,USR-020_2026-01-04,text-embedding-3-large,3072
USR-020,2026-01-11,1027.7,0.0185,0.0294,0.937,2,USR-020_2026-01-11,text-embedding-3-large,3072
USR-020,2026-01-18,1115.5,0.0186,0.0397,0.934,2,USR-020_2026-01-18,text-embedding-3-large,3072
USR-020,2026-01-25,1198.1,0.0178,0.0424,0.949,1,USR-020_2026-01-25,text-embedding-3-large,3072
USR-020,2026-02-01,1071.5,0.0196,0.0389,0.943,2,USR-020_2026-02-01,text-embedding-3-large,3072
USR-020,2026-02-08,1078.5,0.0172,0.0447,0.922,2,USR-020_2026-02-08,text-embedding-3-large,3072
USR-020,2026-02-15,1023.0,0.0179,0.0432,0.962,2,USR-020_2026-02-15,text-embedding-3-large,3072
USR-020,2026-02-22,1067.7,0.0195,0.0365,0.916,4,USR-020_2026-02-22,text-embedding-3-large,3072
USR-020,2026-03-01,1093.4,0.0136,0.046,0.919,4,USR-020_2026-03-01,text-embedding-3-large,3072
USR-020,2026-03-08,1072.3,0.0195,0.0371,0.99,4,USR-020_2026-03-08,text-embedding-3-large,3072
USR-020,2026-03-15,1071.1,0.0142,0.0422,0.978,5,USR-020_2026-03-15,text-embedding-3-large,3072
USR-020,2026-03-22,1062.7,0.0183,0.0422,0.984,6,USR-020_2026-03-22,text-embedding-3-large,3072
USR-020,2026-03-29,1235.5,0.0153,0.0336,0.956,3,USR-020_2026-03-29,text-embedding-3-large,3072
USR-020,2026-04-05,1129.0,0.0166,0.0467,0.905,2,USR-020_2026-04-05,text-embedding-3-large,3072
USR-020,2026-04-12,1033.4,0.0161,0.0375,0.99,3,USR-020_2026-04-12,text-embedding-3-large,3072
USR-020,2026-04-19,1077.9,0.0183,0.0505,0.869,5,USR-020_2026-04-19,text-embedding-3-large,3072
USR-020,2026-04-26,958.5,0.0173,0.0439,0.941,3,USR-020_2026-04-26,text-embedding-3-large,3072
USR-020,2026-05-03,1028.9,0.0201,0.0335,0.875,6,USR-020_2026-05-03,text-embedding-3-large,3072
USR-020,2026-05-10,1028.6,0.0166,0.0386,0.938,2,USR-020_2026-05-10,text-embedding-3-large,3072
USR-020,2026-05-17,965.7,0.0169,0.0392,0.942,3,USR-020_2026-05-17,text-embedding-3-large,3072
USR-020,2026-05-24,1147.4,0.0169,0.0461,0.968,2,USR-020_2026-05-24,text-embedding-3-large,3072
USR-020,2026-05-31,1000.1,0.019,0.0405,0.905,6,USR-020_2026-05-31,text-embedding-3-large,3072
USR-020,2026-06-07,1150.5,0.0179,0.0329,0.929,4,USR-020_2026-06-07,text-embedding-3-large,3072
USR-020,2026-06-14,1095.2,0.0168,0.0377,0.922,1,USR-020_2026-06-14,text-embedding-3-large,3072
USR-020,2026-06-21,1147.1,0.02,0.0443,0.982,2,USR-020_2026-06-21,text-embedding-3-large,3072
USR-021,2025-06-29,3139.2,0.022,0.0722,0.918,0,USR-021_2025-06-29,text-embedding-3-large,3072
USR-021,2025-07-06,2868.0,0.0197,0.0596,0.99,0,USR-021_2025-07-06,text-embedding-3-large,3072
USR-021,2025-07-13,3015.2,0.0245,0.0595,0.95,0,USR-021_2025-07-13,text-embedding-3-large,3072
USR-021,2025-07-20,2520.1,0.0251,0.0668,0.99,1,USR-021_2025-07-20,text-embedding-3-large,3072
USR-021,2025-07-27,2734.1,0.0264,0.0696,0.972,0,USR-021_2025-07-27,text-embedding-3-large,3072
USR-021,2025-08-03,2862.7,0.0199,0.0675,0.921,1,USR-021_2025-08-03,text-embedding-3-large,3072
USR-021,2025-08-10,2860.2,0.0152,0.0801,0.899,0,USR-021_2025-08-10,text-embedding-3-large,3072
USR-021,2025-08-17,2767.2,0.0229,0.0689,0.902,3,USR-021_2025-08-17,text-embedding-3-large,3072
USR-021,2025-08-24,2813.8,0.0164,0.0788,0.99,2,USR-021_2025-08-24,text-embedding-3-large,3072
USR-021,2025-08-31,2994.9,0.0167,0.0683,0.888,1,USR-021_2025-08-31,text-embedding-3-large,3072
USR-021,2025-09-07,2915.5,0.024,0.0823,0.956,1,USR-021_2025-09-07,text-embedding-3-large,3072
USR-021,2025-09-14,2881.9,0.023,0.0803,0.975,1,USR-021_2025-09-14,text-embedding-3-large,3072
USR-021,2025-09-21,2766.2,0.0244,0.0613,0.927,0,USR-021_2025-09-21,text-embedding-3-large,3072
USR-021,2025-09-28,3163.6,0.0213,0.0658,0.969,0,USR-021_2025-09-28,text-embedding-3-large,3072
USR-021,2025-10-05,2509.5,0.025,0.0581,0.891,0,USR-021_2025-10-05,text-embedding-3-large,3072
USR-021,2025-10-12,2980.7,0.0193,0.0624,0.922,1,USR-021_2025-10-12,text-embedding-3-large,3072
USR-021,2025-10-19,2753.0,0.0234,0.0739,0.978,0,USR-021_2025-10-19,text-embedding-3-large,3072
USR-021,2025-10-26,2877.0,0.0201,0.0658,0.964,1,USR-021_2025-10-26,text-embedding-3-large,3072
USR-021,2025-11-02,2705.0,0.0213,0.0893,0.941,0,USR-021_2025-11-02,text-embedding-3-large,3072
USR-021,2025-11-09,2752.5,0.0236,0.0651,0.966,1,USR-021_2025-11-09,text-embedding-3-large,3072
USR-021,2025-11-16,2587.0,0.0169,0.0551,0.99,2,USR-021_2025-11-16,text-embedding-3-large,3072
USR-021,2025-11-23,2819.5,0.0201,0.0728,0.888,6,USR-021_2025-11-23,text-embedding-3-large,3072
USR-021,2025-11-30,2763.8,0.0231,0.0621,0.981,2,USR-021_2025-11-30,text-embedding-3-large,3072
USR-021,2025-12-07,3017.2,0.0271,0.0746,0.95,3,USR-021_2025-12-07,text-embedding-3-large,3072
USR-021,2025-12-14,2868.0,0.0269,0.0769,0.884,1,USR-021_2025-12-14,text-embedding-3-large,3072
USR-021,2025-12-21,2997.6,0.024,0.0863,0.923,3,USR-021_2025-12-21,text-embedding-3-large,3072
USR-021,2025-12-28,3093.2,0.0199,0.0652,0.941,1,USR-021_2025-12-28,text-embedding-3-large,3072
USR-021,2026-01-04,2900.7,0.0207,0.0497,0.99,0,USR-021_2026-01-04,text-embedding-3-large,3072
USR-021,2026-01-11,3055.9,0.0163,0.0827,0.949,3,USR-021_2026-01-11,text-embedding-3-large,3072
USR-021,2026-01-18,2939.3,0.0221,0.0719,0.91,1,USR-021_2026-01-18,text-embedding-3-large,3072
USR-021,2026-01-25,2892.2,0.0204,0.0767,0.99,1,USR-021_2026-01-25,text-embedding-3-large,3072
USR-021,2026-02-01,2847.7,0.0277,0.0512,0.9,1,USR-021_2026-02-01,text-embedding-3-large,3072
USR-021,2026-02-08,2784.4,0.0233,0.0661,0.932,0,USR-021_2026-02-08,text-embedding-3-large,3072
USR-021,2026-02-15,3101.5,0.0224,0.0737,0.957,3,USR-021_2026-02-15,text-embedding-3-large,3072
USR-021,2026-02-22,2753.2,0.0223,0.0656,0.973,4,USR-021_2026-02-22,text-embedding-3-large,3072
USR-021,2026-03-01,2950.6,0.0188,0.0679,0.904,0,USR-021_2026-03-01,text-embedding-3-large,3072
USR-021,2026-03-08,2749.6,0.0243,0.0704,0.877,1,USR-021_2026-03-08,text-embedding-3-large,3072
USR-021,2026-03-15,2740.3,0.0224,0.0587,0.939,0,USR-021_2026-03-15,text-embedding-3-large,3072
USR-021,2026-03-22,2987.9,0.0212,0.1,0.91,5,USR-021_2026-03-22,text-embedding-3-large,3072
USR-021,2026-03-29,3071.3,0.0231,0.0734,0.922,3,USR-021_2026-03-29,text-embedding-3-large,3072
USR-021,2026-04-05,2783.4,0.0197,0.0671,0.967,4,USR-021_2026-04-05,text-embedding-3-large,3072
USR-021,2026-04-12,2982.2,0.0237,0.0836,0.99,1,USR-021_2026-04-12,text-embedding-3-large,3072
USR-021,2026-04-19,2737.0,0.0208,0.0668,0.912,0,USR-021_2026-04-19,text-embedding-3-large,3072
USR-021,2026-04-26,2920.9,0.0193,0.0673,0.908,1,USR-021_2026-04-26,text-embedding-3-large,3072
USR-021,2026-05-03,3058.3,0.021,0.0662,0.977,0,USR-021_2026-05-03,text-embedding-3-large,3072
USR-021,2026-05-10,2919.4,0.0236,0.0619,0.93,1,USR-021_2026-05-10,text-embedding-3-large,3072
USR-021,2026-05-17,2572.3,0.0195,0.0709,0.941,1,USR-021_2026-05-17,text-embedding-3-large,3072
USR-021,2026-05-24,2930.3,0.0197,0.091,0.935,0,USR-021_2026-05-24,text-embedding-3-large,3072
USR-021,2026-05-31,2639.7,0.0189,0.0832,0.913,0,USR-021_2026-05-31,text-embedding-3-large,3072
USR-021,2026-06-07,3087.4,0.0236,0.0734,0.928,1,USR-021_2026-06-07,text-embedding-3-large,3072
USR-021,2026-06-14,3039.4,0.0215,0.0727,0.892,1,USR-021_2026-06-14,text-embedding-3-large,3072
USR-021,2026-06-21,2926.9,0.0215,0.0623,0.89,0,USR-021_2026-06-21,text-embedding-3-large,3072
USR-022,2025-06-29,1833.1,0.0127,0.0279,0.874,6,USR-022_2025-06-29,text-embedding-3-large,3072
USR-022,2025-07-06,2170.0,0.0153,0.0332,0.934,2,USR-022_2025-07-06,text-embedding-3-large,3072
USR-022,2025-07-13,1904.2,0.0209,0.0419,0.971,3,USR-022_2025-07-13,text-embedding-3-large,3072
USR-022,2025-07-20,1945.0,0.0161,0.0434,0.936,3,USR-022_2025-07-20,text-embedding-3-large,3072
USR-022,2025-07-27,1913.2,0.0176,0.0422,0.99,3,USR-022_2025-07-27,text-embedding-3-large,3072
USR-022,2025-08-03,1978.3,0.0197,0.0415,0.907,7,USR-022_2025-08-03,text-embedding-3-large,3072
USR-022,2025-08-10,1978.5,0.0194,0.0438,0.96,2,USR-022_2025-08-10,text-embedding-3-large,3072
USR-022,2025-08-17,1729.5,0.0201,0.0357,0.932,3,USR-022_2025-08-17,text-embedding-3-large,3072
USR-022,2025-08-24,2221.1,0.0141,0.0393,0.987,2,USR-022_2025-08-24,text-embedding-3-large,3072
USR-022,2025-08-31,1890.1,0.0174,0.0502,0.926,3,USR-022_2025-08-31,text-embedding-3-large,3072
USR-022,2025-09-07,1880.8,0.0186,0.0484,0.898,2,USR-022_2025-09-07,text-embedding-3-large,3072
USR-022,2025-09-14,2034.3,0.0191,0.0311,0.931,4,USR-022_2025-09-14,text-embedding-3-large,3072
USR-022,2025-09-21,2006.8,0.0178,0.0413,0.949,2,USR-022_2025-09-21,text-embedding-3-large,3072
USR-022,2025-09-28,1817.8,0.0198,0.0392,0.919,2,USR-022_2025-09-28,text-embedding-3-large,3072
USR-022,2025-10-05,1927.3,0.0219,0.0372,0.909,6,USR-022_2025-10-05,text-embedding-3-large,3072
USR-022,2025-10-12,1979.9,0.0208,0.044,0.983,4,USR-022_2025-10-12,text-embedding-3-large,3072
USR-022,2025-10-19,1971.9,0.0208,0.0271,0.965,3,USR-022_2025-10-19,text-embedding-3-large,3072
USR-022,2025-10-26,2110.7,0.0168,0.0271,0.958,5,USR-022_2025-10-26,text-embedding-3-large,3072
USR-022,2025-11-02,2041.8,0.0181,0.0448,0.94,5,USR-022_2025-11-02,text-embedding-3-large,3072
USR-022,2025-11-09,1826.1,0.0167,0.0487,0.952,1,USR-022_2025-11-09,text-embedding-3-large,3072
USR-022,2025-11-16,2129.9,0.0145,0.0443,0.91,3,USR-022_2025-11-16,text-embedding-3-large,3072
USR-022,2025-11-23,1953.0,0.0195,0.0389,0.959,1,USR-022_2025-11-23,text-embedding-3-large,3072
USR-022,2025-11-30,1850.3,0.0157,0.0359,0.916,5,USR-022_2025-11-30,text-embedding-3-large,3072
USR-022,2025-12-07,1876.3,0.0166,0.0379,0.951,1,USR-022_2025-12-07,text-embedding-3-large,3072
USR-022,2025-12-14,1887.1,0.0195,0.0471,0.945,3,USR-022_2025-12-14,text-embedding-3-large,3072
USR-022,2025-12-21,1844.8,0.0179,0.0338,0.97,1,USR-022_2025-12-21,text-embedding-3-large,3072
USR-022,2025-12-28,2012.2,0.0146,0.0382,0.942,3,USR-022_2025-12-28,text-embedding-3-large,3072
USR-022,2026-01-04,1998.1,0.0214,0.0411,0.932,6,USR-022_2026-01-04,text-embedding-3-large,3072
USR-022,2026-01-11,1750.9,0.0177,0.0466,0.944,1,USR-022_2026-01-11,text-embedding-3-large,3072
USR-022,2026-01-18,2094.3,0.019,0.0344,0.933,1,USR-022_2026-01-18,text-embedding-3-large,3072
USR-022,2026-01-25,1858.4,0.0165,0.0438,0.923,1,USR-022_2026-01-25,text-embedding-3-large,3072
USR-022,2026-02-01,1802.0,0.0138,0.0374,0.889,7,USR-022_2026-02-01,text-embedding-3-large,3072
USR-022,2026-02-08,2020.1,0.0186,0.0471,0.889,0,USR-022_2026-02-08,text-embedding-3-large,3072
USR-022,2026-02-15,1795.9,0.0163,0.0488,0.94,3,USR-022_2026-02-15,text-embedding-3-large,3072
USR-022,2026-02-22,2010.3,0.0189,0.0466,0.925,1,USR-022_2026-02-22,text-embedding-3-large,3072
USR-022,2026-03-01,1864.1,0.0195,0.0379,0.916,3,USR-022_2026-03-01,text-embedding-3-large,3072
USR-022,2026-03-08,2015.5,0.0188,0.0401,0.949,3,USR-022_2026-03-08,text-embedding-3-large,3072
USR-022,2026-03-15,1898.0,0.0187,0.0397,0.957,2,USR-022_2026-03-15,text-embedding-3-large,3072
USR-022,2026-03-22,1883.0,0.0147,0.0454,0.959,3,USR-022_2026-03-22,text-embedding-3-large,3072
USR-022,2026-03-29,2075.7,0.0205,0.0403,0.917,3,USR-022_2026-03-29,text-embedding-3-large,3072
USR-022,2026-04-05,2013.9,0.023,0.042,0.916,3,USR-022_2026-04-05,text-embedding-3-large,3072
USR-022,2026-04-12,1989.9,0.0127,0.0417,0.905,7,USR-022_2026-04-12,text-embedding-3-large,3072
USR-022,2026-04-19,1974.9,0.021,0.0374,0.888,1,USR-022_2026-04-19,text-embedding-3-large,3072
USR-022,2026-04-26,2024.3,0.0217,0.0344,0.989,3,USR-022_2026-04-26,text-embedding-3-large,3072
USR-022,2026-05-03,1973.8,0.0215,0.0322,0.942,3,USR-022_2026-05-03,text-embedding-3-large,3072
USR-022,2026-05-10,1771.5,0.0151,0.0359,0.976,2,USR-022_2026-05-10,text-embedding-3-large,3072
USR-022,2026-05-17,2023.5,0.0216,0.035,0.931,3,USR-022_2026-05-17,text-embedding-3-large,3072
USR-022,2026-05-24,1800.4,0.0157,0.0332,0.971,5,USR-022_2026-05-24,text-embedding-3-large,3072
USR-022,2026-05-31,1949.5,0.0192,0.0457,0.907,3,USR-022_2026-05-31,text-embedding-3-large,3072
USR-022,2026-06-07,2056.0,0.0158,0.0232,0.938,6,USR-022_2026-06-07,text-embedding-3-large,3072
USR-022,2026-06-14,1907.3,0.0169,0.0389,0.975,4,USR-022_2026-06-14,text-embedding-3-large,3072
USR-022,2026-06-21,2019.9,0.0208,0.0394,0.97,4,USR-022_2026-06-21,text-embedding-3-large,3072
USR-023,2025-06-29,1771.2,0.022,0.0448,0.932,0,USR-023_2025-06-29,text-embedding-3-large,3072
USR-023,2025-07-06,1695.3,0.0248,0.0566,0.912,0,USR-023_2025-07-06,text-embedding-3-large,3072
USR-023,2025-07-13,1682.2,0.0253,0.0247,0.97,2,USR-023_2025-07-13,text-embedding-3-large,3072
USR-023,2025-07-20,1686.8,0.0207,0.0492,0.967,1,USR-023_2025-07-20,text-embedding-3-large,3072
USR-023,2025-07-27,1509.3,0.0238,0.0656,0.937,1,USR-023_2025-07-27,text-embedding-3-large,3072
USR-023,2025-08-03,1589.0,0.0243,0.0632,0.947,0,USR-023_2025-08-03,text-embedding-3-large,3072
USR-023,2025-08-10,1725.8,0.0214,0.0573,0.954,1,USR-023_2025-08-10,text-embedding-3-large,3072
USR-023,2025-08-17,1587.4,0.0269,0.0518,0.923,0,USR-023_2025-08-17,text-embedding-3-large,3072
USR-023,2025-08-24,1617.5,0.0271,0.0631,0.929,0,USR-023_2025-08-24,text-embedding-3-large,3072
USR-023,2025-08-31,1733.6,0.0211,0.0525,0.95,1,USR-023_2025-08-31,text-embedding-3-large,3072
USR-023,2025-09-07,1552.1,0.0243,0.0642,0.941,1,USR-023_2025-09-07,text-embedding-3-large,3072
USR-023,2025-09-14,1599.7,0.03,0.0542,0.919,0,USR-023_2025-09-14,text-embedding-3-large,3072
USR-023,2025-09-21,1803.3,0.0203,0.0447,0.975,2,USR-023_2025-09-21,text-embedding-3-large,3072
USR-023,2025-09-28,1465.7,0.0173,0.0535,0.925,0,USR-023_2025-09-28,text-embedding-3-large,3072
USR-023,2025-10-05,1590.4,0.0246,0.0639,0.932,1,USR-023_2025-10-05,text-embedding-3-large,3072
USR-023,2025-10-12,1695.1,0.0251,0.0482,0.941,3,USR-023_2025-10-12,text-embedding-3-large,3072
USR-023,2025-10-19,1615.5,0.0262,0.0663,0.912,0,USR-023_2025-10-19,text-embedding-3-large,3072
USR-023,2025-10-26,1453.4,0.0242,0.0514,0.939,1,USR-023_2025-10-26,text-embedding-3-large,3072
USR-023,2025-11-02,1618.9,0.0215,0.0729,0.989,1,USR-023_2025-11-02,text-embedding-3-large,3072
USR-023,2025-11-09,1554.9,0.0234,0.0499,0.902,2,USR-023_2025-11-09,text-embedding-3-large,3072
USR-023,2025-11-16,1702.5,0.0226,0.0586,0.965,0,USR-023_2025-11-16,text-embedding-3-large,3072
USR-023,2025-11-23,1592.4,0.0211,0.0703,0.964,0,USR-023_2025-11-23,text-embedding-3-large,3072
USR-023,2025-11-30,1677.5,0.0235,0.0526,0.944,1,USR-023_2025-11-30,text-embedding-3-large,3072
USR-023,2025-12-07,1567.9,0.0241,0.0496,0.941,0,USR-023_2025-12-07,text-embedding-3-large,3072
USR-023,2025-12-14,1598.9,0.0232,0.0429,0.921,1,USR-023_2025-12-14,text-embedding-3-large,3072
USR-023,2025-12-21,1532.2,0.0247,0.0443,0.926,3,USR-023_2025-12-21,text-embedding-3-large,3072
USR-023,2025-12-28,1540.7,0.0262,0.0561,0.934,0,USR-023_2025-12-28,text-embedding-3-large,3072
USR-023,2026-01-04,1645.2,0.0286,0.0682,0.93,0,USR-023_2026-01-04,text-embedding-3-large,3072
USR-023,2026-01-11,1672.0,0.0178,0.0547,0.918,0,USR-023_2026-01-11,text-embedding-3-large,3072
USR-023,2026-01-18,1709.0,0.0221,0.0479,0.937,0,USR-023_2026-01-18,text-embedding-3-large,3072
USR-023,2026-01-25,1673.5,0.0185,0.0678,0.938,2,USR-023_2026-01-25,text-embedding-3-large,3072
USR-023,2026-02-01,1668.5,0.0265,0.0607,0.896,1,USR-023_2026-02-01,text-embedding-3-large,3072
USR-023,2026-02-08,1536.3,0.0209,0.0435,0.951,1,USR-023_2026-02-08,text-embedding-3-large,3072
USR-023,2026-02-15,1673.8,0.0205,0.0653,0.904,2,USR-023_2026-02-15,text-embedding-3-large,3072
USR-023,2026-02-22,1693.3,0.0233,0.0644,0.99,0,USR-023_2026-02-22,text-embedding-3-large,3072
USR-023,2026-03-01,1610.8,0.0235,0.0681,0.969,2,USR-023_2026-03-01,text-embedding-3-large,3072
USR-023,2026-03-08,1643.9,0.0192,0.0712,0.957,0,USR-023_2026-03-08,text-embedding-3-large,3072
USR-023,2026-03-15,1607.9,0.0231,0.0577,0.928,1,USR-023_2026-03-15,text-embedding-3-large,3072
USR-023,2026-03-22,1627.0,0.025,0.0745,0.977,1,USR-023_2026-03-22,text-embedding-3-large,3072
USR-023,2026-03-29,1647.7,0.0215,0.0644,0.937,2,USR-023_2026-03-29,text-embedding-3-large,3072
USR-023,2026-04-05,1645.6,0.019,0.0744,0.935,0,USR-023_2026-04-05,text-embedding-3-large,3072
USR-023,2026-04-12,1517.9,0.0284,0.0619,0.937,0,USR-023_2026-04-12,text-embedding-3-large,3072
USR-023,2026-04-19,1694.6,0.021,0.0874,0.957,1,USR-023_2026-04-19,text-embedding-3-large,3072
USR-023,2026-04-26,1519.3,0.0227,0.0555,0.913,2,USR-023_2026-04-26,text-embedding-3-large,3072
USR-023,2026-05-03,1746.9,0.0227,0.0623,0.982,0,USR-023_2026-05-03,text-embedding-3-large,3072
USR-023,2026-05-10,1812.4,0.0209,0.0407,0.899,2,USR-023_2026-05-10,text-embedding-3-large,3072
USR-023,2026-05-17,1686.1,0.0249,0.0597,0.916,1,USR-023_2026-05-17,text-embedding-3-large,3072
USR-023,2026-05-24,1694.3,0.0212,0.0647,0.94,0,USR-023_2026-05-24,text-embedding-3-large,3072
USR-023,2026-05-31,1541.4,0.0221,0.064,0.981,0,USR-023_2026-05-31,text-embedding-3-large,3072
USR-023,2026-06-07,1546.2,0.0207,0.0615,0.889,1,USR-023_2026-06-07,text-embedding-3-large,3072
USR-023,2026-06-14,1626.4,0.0279,0.049,0.957,0,USR-023_2026-06-14,text-embedding-3-large,3072
USR-023,2026-06-21,1737.8,0.0218,0.0501,0.929,0,USR-023_2026-06-21,text-embedding-3-large,3072
USR-024,2025-06-29,2589.1,0.0145,0.0225,0.894,1,USR-024_2025-06-29,text-embedding-3-large,3072
USR-024,2025-07-06,2527.2,0.0186,0.018,0.957,0,USR-024_2025-07-06,text-embedding-3-large,3072
USR-024,2025-07-13,2397.9,0.0157,0.0373,0.93,1,USR-024_2025-07-13,text-embedding-3-large,3072
USR-024,2025-07-20,2706.4,0.017,0.0303,0.933,1,USR-024_2025-07-20,text-embedding-3-large,3072
USR-024,2025-07-27,2449.8,0.0136,0.0325,0.89,2,USR-024_2025-07-27,text-embedding-3-large,3072
USR-024,2025-08-03,2530.1,0.0153,0.0321,0.964,1,USR-024_2025-08-03,text-embedding-3-large,3072
USR-024,2025-08-10,2472.6,0.0164,0.0261,0.951,1,USR-024_2025-08-10,text-embedding-3-large,3072
USR-024,2025-08-17,2867.8,0.021,0.0299,0.926,0,USR-024_2025-08-17,text-embedding-3-large,3072
USR-024,2025-08-24,2488.0,0.0177,0.0311,0.924,1,USR-024_2025-08-24,text-embedding-3-large,3072
USR-024,2025-08-31,2618.8,0.0172,0.0384,0.915,3,USR-024_2025-08-31,text-embedding-3-large,3072
USR-024,2025-09-07,2798.7,0.017,0.0278,0.983,0,USR-024_2025-09-07,text-embedding-3-large,3072
USR-024,2025-09-14,2665.2,0.0158,0.0338,0.938,1,USR-024_2025-09-14,text-embedding-3-large,3072
USR-024,2025-09-21,2581.3,0.0165,0.027,0.926,3,USR-024_2025-09-21,text-embedding-3-large,3072
USR-024,2025-09-28,2556.6,0.0136,0.027,0.897,0,USR-024_2025-09-28,text-embedding-3-large,3072
USR-024,2025-10-05,2700.2,0.0192,0.034,0.94,1,USR-024_2025-10-05,text-embedding-3-large,3072
USR-024,2025-10-12,2688.4,0.0165,0.0253,0.938,1,USR-024_2025-10-12,text-embedding-3-large,3072
USR-024,2025-10-19,2521.1,0.0177,0.0292,0.968,2,USR-024_2025-10-19,text-embedding-3-large,3072
USR-024,2025-10-26,2411.2,0.0163,0.0269,0.912,0,USR-024_2025-10-26,text-embedding-3-large,3072
USR-024,2025-11-02,2532.9,0.0162,0.0247,0.99,3,USR-024_2025-11-02,text-embedding-3-large,3072
USR-024,2025-11-09,2605.6,0.016,0.0397,0.9,1,USR-024_2025-11-09,text-embedding-3-large,3072
USR-024,2025-11-16,2679.9,0.0168,0.0287,0.853,1,USR-024_2025-11-16,text-embedding-3-large,3072
USR-024,2025-11-23,2527.1,0.0126,0.03,0.98,1,USR-024_2025-11-23,text-embedding-3-large,3072
USR-024,2025-11-30,2473.4,0.016,0.0236,0.961,1,USR-024_2025-11-30,text-embedding-3-large,3072
USR-024,2025-12-07,2340.5,0.0168,0.0321,0.933,0,USR-024_2025-12-07,text-embedding-3-large,3072
USR-024,2025-12-14,2625.0,0.0138,0.0303,0.982,1,USR-024_2025-12-14,text-embedding-3-large,3072
USR-024,2025-12-21,2749.0,0.0194,0.0262,0.912,0,USR-024_2025-12-21,text-embedding-3-large,3072
USR-024,2025-12-28,2354.7,0.0182,0.0369,0.928,1,USR-024_2025-12-28,text-embedding-3-large,3072
USR-024,2026-01-04,2547.8,0.0137,0.0279,0.953,0,USR-024_2026-01-04,text-embedding-3-large,3072
USR-024,2026-01-11,2527.7,0.0105,0.0372,0.945,0,USR-024_2026-01-11,text-embedding-3-large,3072
USR-024,2026-01-18,2535.4,0.0156,0.0296,0.95,2,USR-024_2026-01-18,text-embedding-3-large,3072
USR-024,2026-01-25,2899.0,0.0185,0.0315,0.928,1,USR-024_2026-01-25,text-embedding-3-large,3072
USR-024,2026-02-01,2779.2,0.0174,0.022,0.948,0,USR-024_2026-02-01,text-embedding-3-large,3072
USR-024,2026-02-08,2515.0,0.0136,0.0268,0.893,0,USR-024_2026-02-08,text-embedding-3-large,3072
USR-024,2026-02-15,2633.1,0.0158,0.0348,0.922,1,USR-024_2026-02-15,text-embedding-3-large,3072
USR-024,2026-02-22,2436.0,0.0172,0.0348,0.872,0,USR-024_2026-02-22,text-embedding-3-large,3072
USR-024,2026-03-01,2648.4,0.0163,0.0306,0.922,0,USR-024_2026-03-01,text-embedding-3-large,3072
USR-024,2026-03-08,2656.2,0.0124,0.0286,0.913,2,USR-024_2026-03-08,text-embedding-3-large,3072
USR-024,2026-03-15,2504.5,0.0173,0.0284,0.901,0,USR-024_2026-03-15,text-embedding-3-large,3072
USR-024,2026-03-22,2416.5,0.0148,0.0266,0.958,0,USR-024_2026-03-22,text-embedding-3-large,3072
USR-024,2026-03-29,2420.1,0.015,0.0358,0.907,1,USR-024_2026-03-29,text-embedding-3-large,3072
USR-024,2026-04-05,2563.1,0.0178,0.0232,0.981,0,USR-024_2026-04-05,text-embedding-3-large,3072
USR-024,2026-04-12,2577.3,0.0174,0.0352,0.923,0,USR-024_2026-04-12,text-embedding-3-large,3072
USR-024,2026-04-19,2477.4,0.0133,0.0371,0.895,0,USR-024_2026-04-19,text-embedding-3-large,3072
USR-024,2026-04-26,2497.2,0.0175,0.0277,0.886,0,USR-024_2026-04-26,text-embedding-3-large,3072
USR-024,2026-05-03,2767.8,0.0125,0.0271,0.946,0,USR-024_2026-05-03,text-embedding-3-large,3072
USR-024,2026-05-10,2483.9,0.0132,0.0338,0.98,2,USR-024_2026-05-10,text-embedding-3-large,3072
USR-024,2026-05-17,2906.6,0.0182,0.0302,0.936,2,USR-024_2026-05-17,text-embedding-3-large,3072
USR-024,2026-05-24,2436.6,0.0137,0.0233,0.946,0,USR-024_2026-05-24,text-embedding-3-large,3072
USR-024,2026-05-31,2444.7,0.0164,0.0255,0.965,1,USR-024_2026-05-31,text-embedding-3-large,3072
USR-024,2026-06-07,2580.5,0.0148,0.0255,0.942,1,USR-024_2026-06-07,text-embedding-3-large,3072
USR-024,2026-06-14,2606.7,0.0142,0.028,0.973,0,USR-024_2026-06-14,text-embedding-3-large,3072
USR-024,2026-06-21,2439.9,0.0178,0.0326,0.923,3,USR-024_2026-06-21,text-embedding-3-large,3072
USR-025,2025-06-29,1108.7,0.018,0.0795,0.898,0,USR-025_2025-06-29,text-embedding-3-large,3072
USR-025,2025-07-06,1239.7,0.0235,0.0663,0.985,0,USR-025_2025-07-06,text-embedding-3-large,3072
USR-025,2025-07-13,1213.6,0.0308,0.0591,0.981,0,USR-025_2025-07-13,text-embedding-3-large,3072
USR-025,2025-07-20,1276.0,0.0287,0.0406,0.982,1,USR-025_2025-07-20,text-embedding-3-large,3072
USR-025,2025-07-27,1254.4,0.0209,0.0618,0.944,0,USR-025_2025-07-27,text-embedding-3-large,3072
USR-025,2025-08-03,1192.4,0.0233,0.0594,0.904,0,USR-025_2025-08-03,text-embedding-3-large,3072
USR-025,2025-08-10,1241.3,0.024,0.0549,0.945,0,USR-025_2025-08-10,text-embedding-3-large,3072
USR-025,2025-08-17,1383.6,0.0225,0.0716,0.972,0,USR-025_2025-08-17,text-embedding-3-large,3072
USR-025,2025-08-24,1323.3,0.0226,0.0572,0.959,1,USR-025_2025-08-24,text-embedding-3-large,3072
USR-025,2025-08-31,1175.5,0.025,0.0621,0.972,0,USR-025_2025-08-31,text-embedding-3-large,3072
USR-025,2025-09-07,1320.0,0.0248,0.0517,0.933,1,USR-025_2025-09-07,text-embedding-3-large,3072
USR-025,2025-09-14,1126.2,0.0203,0.0735,0.942,3,USR-025_2025-09-14,text-embedding-3-large,3072
USR-025,2025-09-21,1336.9,0.0272,0.0629,0.96,0,USR-025_2025-09-21,text-embedding-3-large,3072
USR-025,2025-09-28,1346.4,0.024,0.061,0.93,0,USR-025_2025-09-28,text-embedding-3-large,3072
USR-025,2025-10-05,1105.9,0.0275,0.0663,0.908,2,USR-025_2025-10-05,text-embedding-3-large,3072
USR-025,2025-10-12,1366.0,0.0213,0.0449,0.933,2,USR-025_2025-10-12,text-embedding-3-large,3072
USR-025,2025-10-19,1242.1,0.0217,0.0723,0.924,1,USR-025_2025-10-19,text-embedding-3-large,3072
USR-025,2025-10-26,1311.5,0.029,0.0626,0.99,1,USR-025_2025-10-26,text-embedding-3-large,3072
USR-025,2025-11-02,1266.3,0.0228,0.0514,0.99,3,USR-025_2025-11-02,text-embedding-3-large,3072
USR-025,2025-11-09,1290.0,0.0227,0.0639,0.934,4,USR-025_2025-11-09,text-embedding-3-large,3072
USR-025,2025-11-16,1174.2,0.0198,0.0445,0.953,1,USR-025_2025-11-16,text-embedding-3-large,3072
USR-025,2025-11-23,1153.9,0.0237,0.0499,0.942,2,USR-025_2025-11-23,text-embedding-3-large,3072
USR-025,2025-11-30,1241.6,0.0242,0.0498,0.964,1,USR-025_2025-11-30,text-embedding-3-large,3072
USR-025,2025-12-07,1291.2,0.0243,0.0588,0.956,1,USR-025_2025-12-07,text-embedding-3-large,3072
USR-025,2025-12-14,1194.8,0.0239,0.0606,0.947,0,USR-025_2025-12-14,text-embedding-3-large,3072
USR-025,2025-12-21,1123.1,0.024,0.0622,0.926,2,USR-025_2025-12-21,text-embedding-3-large,3072
USR-025,2025-12-28,1198.1,0.024,0.0668,0.99,0,USR-025_2025-12-28,text-embedding-3-large,3072
USR-025,2026-01-04,1208.4,0.0229,0.0564,0.909,3,USR-025_2026-01-04,text-embedding-3-large,3072
USR-025,2026-01-11,1182.4,0.0259,0.0635,0.936,0,USR-025_2026-01-11,text-embedding-3-large,3072
USR-025,2026-01-18,1279.3,0.0304,0.0609,0.94,2,USR-025_2026-01-18,text-embedding-3-large,3072
USR-025,2026-01-25,1171.6,0.0174,0.0519,0.969,2,USR-025_2026-01-25,text-embedding-3-large,3072
USR-025,2026-02-01,1281.4,0.0255,0.0509,0.913,2,USR-025_2026-02-01,text-embedding-3-large,3072
USR-025,2026-02-08,1317.5,0.0235,0.0508,0.99,1,USR-025_2026-02-08,text-embedding-3-large,3072
USR-025,2026-02-15,1271.3,0.0277,0.0614,0.911,1,USR-025_2026-02-15,text-embedding-3-large,3072
USR-025,2026-02-22,1204.2,0.0259,0.0475,0.967,1,USR-025_2026-02-22,text-embedding-3-large,3072
USR-025,2026-03-01,1223.5,0.0238,0.057,0.908,2,USR-025_2026-03-01,text-embedding-3-large,3072
USR-025,2026-03-08,1342.4,0.0258,0.0618,0.933,0,USR-025_2026-03-08,text-embedding-3-large,3072
USR-025,2026-03-15,1261.0,0.0223,0.0615,0.99,2,USR-025_2026-03-15,text-embedding-3-large,3072
USR-025,2026-03-22,1240.7,0.0227,0.0528,0.97,0,USR-025_2026-03-22,text-embedding-3-large,3072
USR-025,2026-03-29,1174.5,0.0219,0.058,0.892,0,USR-025_2026-03-29,text-embedding-3-large,3072
USR-025,2026-04-05,1337.2,0.0255,0.0627,0.911,0,USR-025_2026-04-05,text-embedding-3-large,3072
USR-025,2026-04-12,1188.1,0.029,0.0531,0.988,1,USR-025_2026-04-12,text-embedding-3-large,3072
USR-025,2026-04-19,1186.0,0.024,0.0638,0.928,1,USR-025_2026-04-19,text-embedding-3-large,3072
USR-025,2026-04-26,1220.5,0.0258,0.0544,0.957,1,USR-025_2026-04-26,text-embedding-3-large,3072
USR-025,2026-05-03,1300.6,0.0275,0.0686,0.969,0,USR-025_2026-05-03,text-embedding-3-large,3072
USR-025,2026-05-10,1378.5,0.0243,0.0732,0.952,1,USR-025_2026-05-10,text-embedding-3-large,3072
USR-025,2026-05-17,1265.7,0.0224,0.0533,0.966,1,USR-025_2026-05-17,text-embedding-3-large,3072
USR-025,2026-05-24,1189.2,0.0206,0.0635,0.984,1,USR-025_2026-05-24,text-embedding-3-large,3072
USR-025,2026-05-31,1205.4,0.0199,0.0622,0.909,2,USR-025_2026-05-31,text-embedding-3-large,3072
USR-025,2026-06-07,1141.0,0.0272,0.0733,0.946,1,USR-025_2026-06-07,text-embedding-3-large,3072
USR-025,2026-06-14,1246.3,0.0243,0.06,0.904,2,USR-025_2026-06-14,text-embedding-3-large,3072
USR-025,2026-06-21,1276.5,0.0242,0.0592,0.926,0,USR-025_2026-06-21,text-embedding-3-large,3072
USR-026,2025-06-29,1516.5,0.0169,0.0366,0.905,3,USR-026_2025-06-29,text-embedding-3-large,3072
USR-026,2025-07-06,1631.6,0.0178,0.0394,0.924,4,USR-026_2025-07-06,text-embedding-3-large,3072
USR-026,2025-07-13,1494.3,0.0189,0.0394,0.926,5,USR-026_2025-07-13,text-embedding-3-large,3072
USR-026,2025-07-20,1648.3,0.0227,0.0416,0.912,0,USR-026_2025-07-20,text-embedding-3-large,3072
USR-026,2025-07-27,1445.9,0.0177,0.0472,0.913,4,USR-026_2025-07-27,text-embedding-3-large,3072
USR-026,2025-08-03,1613.3,0.0163,0.0336,0.983,2,USR-026_2025-08-03,text-embedding-3-large,3072
USR-026,2025-08-10,1629.7,0.0229,0.0487,0.898,4,USR-026_2025-08-10,text-embedding-3-large,3072
USR-026,2025-08-17,1565.9,0.0173,0.0291,0.979,4,USR-026_2025-08-17,text-embedding-3-large,3072
USR-026,2025-08-24,1634.8,0.0208,0.0448,0.943,4,USR-026_2025-08-24,text-embedding-3-large,3072
USR-026,2025-08-31,1460.6,0.0155,0.034,0.956,3,USR-026_2025-08-31,text-embedding-3-large,3072
USR-026,2025-09-07,1694.5,0.0176,0.0394,0.969,6,USR-026_2025-09-07,text-embedding-3-large,3072
USR-026,2025-09-14,1638.6,0.0167,0.0447,0.948,6,USR-026_2025-09-14,text-embedding-3-large,3072
USR-026,2025-09-21,1667.5,0.0167,0.0387,0.906,3,USR-026_2025-09-21,text-embedding-3-large,3072
USR-026,2025-09-28,1698.3,0.0192,0.0498,0.882,1,USR-026_2025-09-28,text-embedding-3-large,3072
USR-026,2025-10-05,1622.5,0.0207,0.0355,0.943,5,USR-026_2025-10-05,text-embedding-3-large,3072
USR-026,2025-10-12,1492.2,0.0148,0.0427,0.952,3,USR-026_2025-10-12,text-embedding-3-large,3072
USR-026,2025-10-19,1618.4,0.017,0.0407,0.924,5,USR-026_2025-10-19,text-embedding-3-large,3072
USR-026,2025-10-26,1666.2,0.0153,0.0413,0.921,5,USR-026_2025-10-26,text-embedding-3-large,3072
USR-026,2025-11-02,1419.9,0.0181,0.0455,0.953,4,USR-026_2025-11-02,text-embedding-3-large,3072
USR-026,2025-11-09,1629.6,0.0189,0.0374,0.903,0,USR-026_2025-11-09,text-embedding-3-large,3072
USR-026,2025-11-16,1513.6,0.0168,0.0382,0.895,4,USR-026_2025-11-16,text-embedding-3-large,3072
USR-026,2025-11-23,1539.2,0.0179,0.0331,0.963,2,USR-026_2025-11-23,text-embedding-3-large,3072
USR-026,2025-11-30,1603.8,0.0152,0.0357,0.926,3,USR-026_2025-11-30,text-embedding-3-large,3072
USR-026,2025-12-07,1544.9,0.0176,0.0451,0.942,2,USR-026_2025-12-07,text-embedding-3-large,3072
USR-026,2025-12-14,1583.8,0.0185,0.0377,0.942,3,USR-026_2025-12-14,text-embedding-3-large,3072
USR-026,2025-12-21,1499.3,0.0182,0.045,0.902,1,USR-026_2025-12-21,text-embedding-3-large,3072
USR-026,2025-12-28,1607.3,0.0179,0.0398,0.855,1,USR-026_2025-12-28,text-embedding-3-large,3072
USR-026,2026-01-04,1560.7,0.0127,0.0422,0.919,1,USR-026_2026-01-04,text-embedding-3-large,3072
USR-026,2026-01-11,1746.5,0.0146,0.0472,0.924,5,USR-026_2026-01-11,text-embedding-3-large,3072
USR-026,2026-01-18,1519.6,0.0163,0.0454,0.912,5,USR-026_2026-01-18,text-embedding-3-large,3072
USR-026,2026-01-25,1618.9,0.0148,0.0534,0.99,2,USR-026_2026-01-25,text-embedding-3-large,3072
USR-026,2026-02-01,1582.2,0.0178,0.0443,0.907,2,USR-026_2026-02-01,text-embedding-3-large,3072
USR-026,2026-02-08,1592.5,0.0155,0.0381,0.99,5,USR-026_2026-02-08,text-embedding-3-large,3072
USR-026,2026-02-15,1734.9,0.0152,0.0439,0.982,5,USR-026_2026-02-15,text-embedding-3-large,3072
USR-026,2026-02-22,1514.7,0.0182,0.038,0.91,2,USR-026_2026-02-22,text-embedding-3-large,3072
USR-026,2026-03-01,1535.4,0.0182,0.0451,0.945,0,USR-026_2026-03-01,text-embedding-3-large,3072
USR-026,2026-03-08,1609.9,0.0179,0.028,0.958,3,USR-026_2026-03-08,text-embedding-3-large,3072
USR-026,2026-03-15,1663.0,0.0188,0.0403,0.958,2,USR-026_2026-03-15,text-embedding-3-large,3072
USR-026,2026-03-22,1619.9,0.0187,0.0486,0.924,3,USR-026_2026-03-22,text-embedding-3-large,3072
USR-026,2026-03-29,1626.3,0.0205,0.0496,0.915,1,USR-026_2026-03-29,text-embedding-3-large,3072
USR-026,2026-04-05,1398.8,0.0197,0.0361,0.961,4,USR-026_2026-04-05,text-embedding-3-large,3072
USR-026,2026-04-12,1562.8,0.0156,0.0343,0.954,5,USR-026_2026-04-12,text-embedding-3-large,3072
USR-026,2026-04-19,1592.2,0.0191,0.0349,0.91,9,USR-026_2026-04-19,text-embedding-3-large,3072
USR-026,2026-04-26,1593.5,0.013,0.0357,0.99,2,USR-026_2026-04-26,text-embedding-3-large,3072
USR-026,2026-05-03,1561.7,0.0172,0.0353,0.914,2,USR-026_2026-05-03,text-embedding-3-large,3072
USR-026,2026-05-10,1512.9,0.0188,0.0494,0.954,3,USR-026_2026-05-10,text-embedding-3-large,3072
USR-026,2026-05-17,1674.3,0.0162,0.0497,0.917,2,USR-026_2026-05-17,text-embedding-3-large,3072
USR-026,2026-05-24,1396.4,0.0109,0.0438,0.922,2,USR-026_2026-05-24,text-embedding-3-large,3072
USR-026,2026-05-31,1478.0,0.0199,0.0376,0.955,2,USR-026_2026-05-31,text-embedding-3-large,3072
USR-026,2026-06-07,1525.6,0.0129,0.0457,0.908,5,USR-026_2026-06-07,text-embedding-3-large,3072
USR-026,2026-06-14,1549.9,0.0151,0.0384,0.927,8,USR-026_2026-06-14,text-embedding-3-large,3072
USR-026,2026-06-21,1550.0,0.0175,0.0384,0.957,0,USR-026_2026-06-21,text-embedding-3-large,3072
USR-027,2025-06-29,1154.8,0.0167,0.039,0.922,3,USR-027_2025-06-29,text-embedding-3-large,3072
USR-027,2025-07-06,1084.7,0.0199,0.039,0.96,2,USR-027_2025-07-06,text-embedding-3-large,3072
USR-027,2025-07-13,1046.4,0.0138,0.0359,0.944,2,USR-027_2025-07-13,text-embedding-3-large,3072
USR-027,2025-07-20,1002.8,0.0156,0.0377,0.967,5,USR-027_2025-07-20,text-embedding-3-large,3072
USR-027,2025-07-27,1026.0,0.0149,0.0348,0.952,4,USR-027_2025-07-27,text-embedding-3-large,3072
USR-027,2025-08-03,975.7,0.0183,0.0419,0.947,4,USR-027_2025-08-03,text-embedding-3-large,3072
USR-027,2025-08-10,1047.1,0.0164,0.0303,0.895,3,USR-027_2025-08-10,text-embedding-3-large,3072
USR-027,2025-08-17,1008.4,0.0188,0.0409,0.928,5,USR-027_2025-08-17,text-embedding-3-large,3072
USR-027,2025-08-24,1067.4,0.0141,0.0283,0.882,2,USR-027_2025-08-24,text-embedding-3-large,3072
USR-027,2025-08-31,1049.9,0.0129,0.0431,0.962,2,USR-027_2025-08-31,text-embedding-3-large,3072
USR-027,2025-09-07,990.2,0.0157,0.0385,0.948,6,USR-027_2025-09-07,text-embedding-3-large,3072
USR-027,2025-09-14,1034.0,0.0229,0.0393,0.946,3,USR-027_2025-09-14,text-embedding-3-large,3072
USR-027,2025-09-21,902.2,0.0187,0.0423,0.922,2,USR-027_2025-09-21,text-embedding-3-large,3072
USR-027,2025-09-28,1031.1,0.0211,0.0372,0.943,1,USR-027_2025-09-28,text-embedding-3-large,3072
USR-027,2025-10-05,1040.6,0.0171,0.0357,0.917,2,USR-027_2025-10-05,text-embedding-3-large,3072
USR-027,2025-10-12,1095.7,0.0197,0.031,0.91,3,USR-027_2025-10-12,text-embedding-3-large,3072
USR-027,2025-10-19,1040.4,0.0155,0.0365,0.889,4,USR-027_2025-10-19,text-embedding-3-large,3072
USR-027,2025-10-26,1115.3,0.0189,0.0457,0.924,2,USR-027_2025-10-26,text-embedding-3-large,3072
USR-027,2025-11-02,1073.3,0.0189,0.0443,0.934,5,USR-027_2025-11-02,text-embedding-3-large,3072
USR-027,2025-11-09,965.9,0.0158,0.0415,0.929,5,USR-027_2025-11-09,text-embedding-3-large,3072
USR-027,2025-11-16,1005.6,0.0158,0.0411,0.928,2,USR-027_2025-11-16,text-embedding-3-large,3072
USR-027,2025-11-23,1089.0,0.0188,0.0417,0.934,4,USR-027_2025-11-23,text-embedding-3-large,3072
USR-027,2025-11-30,1100.8,0.0182,0.0427,0.976,2,USR-027_2025-11-30,text-embedding-3-large,3072
USR-027,2025-12-07,1086.8,0.018,0.0402,0.903,5,USR-027_2025-12-07,text-embedding-3-large,3072
USR-027,2025-12-14,1040.3,0.0191,0.0362,0.948,2,USR-027_2025-12-14,text-embedding-3-large,3072
USR-027,2025-12-21,1050.8,0.0123,0.0334,0.923,4,USR-027_2025-12-21,text-embedding-3-large,3072
USR-027,2025-12-28,1151.1,0.0163,0.0453,0.947,3,USR-027_2025-12-28,text-embedding-3-large,3072
USR-027,2026-01-04,1043.8,0.0184,0.0319,0.978,1,USR-027_2026-01-04,text-embedding-3-large,3072
USR-027,2026-01-11,1063.3,0.0193,0.0385,0.911,4,USR-027_2026-01-11,text-embedding-3-large,3072
USR-027,2026-01-18,930.6,0.0181,0.0387,0.929,2,USR-027_2026-01-18,text-embedding-3-large,3072
USR-027,2026-01-25,971.3,0.0154,0.0434,0.946,3,USR-027_2026-01-25,text-embedding-3-large,3072
USR-027,2026-02-01,1112.2,0.0171,0.0465,0.958,4,USR-027_2026-02-01,text-embedding-3-large,3072
USR-027,2026-02-08,984.6,0.0192,0.0361,0.863,4,USR-027_2026-02-08,text-embedding-3-large,3072
USR-027,2026-02-15,1053.5,0.017,0.0343,0.934,3,USR-027_2026-02-15,text-embedding-3-large,3072
USR-027,2026-02-22,1108.0,0.0165,0.0403,0.917,3,USR-027_2026-02-22,text-embedding-3-large,3072
USR-027,2026-03-01,1113.0,0.0185,0.0376,0.981,0,USR-027_2026-03-01,text-embedding-3-large,3072
USR-027,2026-03-08,992.4,0.018,0.0434,0.899,1,USR-027_2026-03-08,text-embedding-3-large,3072
USR-027,2026-03-15,1104.5,0.0187,0.0431,0.934,0,USR-027_2026-03-15,text-embedding-3-large,3072
USR-027,2026-03-22,1082.8,0.0208,0.0346,0.901,4,USR-027_2026-03-22,text-embedding-3-large,3072
USR-027,2026-03-29,1000.1,0.0178,0.0528,0.949,4,USR-027_2026-03-29,text-embedding-3-large,3072
USR-027,2026-04-05,984.0,0.0148,0.0399,0.974,3,USR-027_2026-04-05,text-embedding-3-large,3072
USR-027,2026-04-12,1074.8,0.0158,0.0431,0.917,4,USR-027_2026-04-12,text-embedding-3-large,3072
USR-027,2026-04-19,953.8,0.0181,0.0432,0.954,6,USR-027_2026-04-19,text-embedding-3-large,3072
USR-027,2026-04-26,1056.8,0.016,0.0408,0.921,1,USR-027_2026-04-26,text-embedding-3-large,3072
USR-027,2026-05-03,1114.5,0.0199,0.0392,0.886,5,USR-027_2026-05-03,text-embedding-3-large,3072
USR-027,2026-05-10,1078.7,0.0201,0.0461,0.955,3,USR-027_2026-05-10,text-embedding-3-large,3072
USR-027,2026-05-17,1025.0,0.0158,0.0393,0.948,5,USR-027_2026-05-17,text-embedding-3-large,3072
USR-027,2026-05-24,1085.0,0.0149,0.0378,0.899,1,USR-027_2026-05-24,text-embedding-3-large,3072
USR-027,2026-05-31,1109.8,0.0213,0.0462,0.985,5,USR-027_2026-05-31,text-embedding-3-large,3072
USR-027,2026-06-07,955.7,0.0162,0.0401,0.945,4,USR-027_2026-06-07,text-embedding-3-large,3072
USR-027,2026-06-14,1099.0,0.0182,0.0476,0.957,2,USR-027_2026-06-14,text-embedding-3-large,3072
USR-027,2026-06-21,1272.9,0.0164,0.0435,0.876,4,USR-027_2026-06-21,text-embedding-3-large,3072
USR-028,2025-06-29,1574.1,0.0302,0.0538,0.949,3,USR-028_2025-06-29,text-embedding-3-large,3072
USR-028,2025-07-06,1539.2,0.0307,0.043,0.914,3,USR-028_2025-07-06,text-embedding-3-large,3072
USR-028,2025-07-13,1466.7,0.0299,0.0387,0.948,1,USR-028_2025-07-13,text-embedding-3-large,3072
USR-028,2025-07-20,1522.1,0.0328,0.0592,0.872,6,USR-028_2025-07-20,text-embedding-3-large,3072
USR-028,2025-07-27,1416.9,0.0301,0.0617,0.979,3,USR-028_2025-07-27,text-embedding-3-large,3072
USR-028,2025-08-03,1538.3,0.0308,0.049,0.963,3,USR-028_2025-08-03,text-embedding-3-large,3072
USR-028,2025-08-10,1317.8,0.0364,0.0437,0.98,3,USR-028_2025-08-10,text-embedding-3-large,3072
USR-028,2025-08-17,1347.4,0.0318,0.0557,0.979,3,USR-028_2025-08-17,text-embedding-3-large,3072
USR-028,2025-08-24,1555.3,0.0352,0.0551,0.936,2,USR-028_2025-08-24,text-embedding-3-large,3072
USR-028,2025-08-31,1526.1,0.034,0.0685,0.934,1,USR-028_2025-08-31,text-embedding-3-large,3072
USR-028,2025-09-07,1510.7,0.0264,0.0494,0.928,3,USR-028_2025-09-07,text-embedding-3-large,3072
USR-028,2025-09-14,1496.8,0.0349,0.0524,0.927,1,USR-028_2025-09-14,text-embedding-3-large,3072
USR-028,2025-09-21,1435.1,0.0279,0.0533,0.968,3,USR-028_2025-09-21,text-embedding-3-large,3072
USR-028,2025-09-28,1699.7,0.0314,0.0592,0.986,6,USR-028_2025-09-28,text-embedding-3-large,3072
USR-028,2025-10-05,1512.8,0.0326,0.0641,0.94,3,USR-028_2025-10-05,text-embedding-3-large,3072
USR-028,2025-10-12,1524.5,0.0376,0.0546,0.905,3,USR-028_2025-10-12,text-embedding-3-large,3072
USR-028,2025-10-19,1435.9,0.0323,0.0451,0.975,1,USR-028_2025-10-19,text-embedding-3-large,3072
USR-028,2025-10-26,1488.7,0.0274,0.0455,0.895,5,USR-028_2025-10-26,text-embedding-3-large,3072
USR-028,2025-11-02,1528.6,0.0268,0.0539,0.907,7,USR-028_2025-11-02,text-embedding-3-large,3072
USR-028,2025-11-09,1567.5,0.0221,0.0555,0.984,2,USR-028_2025-11-09,text-embedding-3-large,3072
USR-028,2025-11-16,1578.9,0.0286,0.0562,0.965,4,USR-028_2025-11-16,text-embedding-3-large,3072
USR-028,2025-11-23,1443.4,0.0263,0.0301,0.889,4,USR-028_2025-11-23,text-embedding-3-large,3072
USR-028,2025-11-30,1608.1,0.0302,0.0592,0.939,3,USR-028_2025-11-30,text-embedding-3-large,3072
USR-028,2025-12-07,1591.0,0.0294,0.0542,0.979,6,USR-028_2025-12-07,text-embedding-3-large,3072
USR-028,2025-12-14,1455.5,0.0342,0.0526,0.965,3,USR-028_2025-12-14,text-embedding-3-large,3072
USR-028,2025-12-21,1442.6,0.0267,0.0544,0.905,7,USR-028_2025-12-21,text-embedding-3-large,3072
USR-028,2025-12-28,1465.9,0.0255,0.0611,0.965,2,USR-028_2025-12-28,text-embedding-3-large,3072
USR-028,2026-01-04,1404.2,0.028,0.0482,0.927,2,USR-028_2026-01-04,text-embedding-3-large,3072
USR-028,2026-01-11,1435.4,0.0307,0.0467,0.919,1,USR-028_2026-01-11,text-embedding-3-large,3072
USR-028,2026-01-18,1680.7,0.0258,0.0494,0.928,2,USR-028_2026-01-18,text-embedding-3-large,3072
USR-028,2026-01-25,1535.7,0.0344,0.0499,0.972,3,USR-028_2026-01-25,text-embedding-3-large,3072
USR-028,2026-02-01,1687.0,0.0305,0.0459,0.933,4,USR-028_2026-02-01,text-embedding-3-large,3072
USR-028,2026-02-08,1289.2,0.0313,0.0481,0.955,2,USR-028_2026-02-08,text-embedding-3-large,3072
USR-028,2026-02-15,1680.5,0.0391,0.0463,0.916,6,USR-028_2026-02-15,text-embedding-3-large,3072
USR-028,2026-02-22,1639.6,0.0359,0.0516,0.932,3,USR-028_2026-02-22,text-embedding-3-large,3072
USR-028,2026-03-01,1405.2,0.0284,0.0486,0.864,2,USR-028_2026-03-01,text-embedding-3-large,3072
USR-028,2026-03-08,1471.9,0.0269,0.0486,0.909,3,USR-028_2026-03-08,text-embedding-3-large,3072
USR-028,2026-03-15,1557.9,0.0276,0.0379,0.955,2,USR-028_2026-03-15,text-embedding-3-large,3072
USR-028,2026-03-22,1348.6,0.0272,0.0482,0.939,4,USR-028_2026-03-22,text-embedding-3-large,3072
USR-028,2026-03-29,1525.9,0.0285,0.0669,0.899,5,USR-028_2026-03-29,text-embedding-3-large,3072
USR-028,2026-04-05,1536.4,0.0323,0.0519,0.912,6,USR-028_2026-04-05,text-embedding-3-large,3072
USR-028,2026-04-12,1447.5,0.029,0.0727,0.926,1,USR-028_2026-04-12,text-embedding-3-large,3072
USR-028,2026-04-19,1552.4,0.0233,0.0584,0.97,3,USR-028_2026-04-19,text-embedding-3-large,3072
USR-028,2026-04-26,1530.2,0.0262,0.0521,0.963,4,USR-028_2026-04-26,text-embedding-3-large,3072
USR-028,2026-05-03,1549.7,0.0317,0.0531,0.958,2,USR-028_2026-05-03,text-embedding-3-large,3072
USR-028,2026-05-10,1733.2,0.028,0.0536,0.976,4,USR-028_2026-05-10,text-embedding-3-large,3072
USR-028,2026-05-17,1539.9,0.0311,0.0609,0.953,2,USR-028_2026-05-17,text-embedding-3-large,3072
USR-028,2026-05-24,1569.8,0.0359,0.0381,0.944,3,USR-028_2026-05-24,text-embedding-3-large,3072
USR-028,2026-05-31,1683.7,0.031,0.0538,0.961,7,USR-028_2026-05-31,text-embedding-3-large,3072
USR-028,2026-06-07,1504.5,0.03,0.0447,0.901,3,USR-028_2026-06-07,text-embedding-3-large,3072
USR-028,2026-06-14,1526.9,0.037,0.0521,0.939,6,USR-028_2026-06-14,text-embedding-3-large,3072
USR-028,2026-06-21,1486.6,0.0344,0.05,0.889,4,USR-028_2026-06-21,text-embedding-3-large,3072
USR-029,2025-06-29,1636.2,0.0299,0.0535,0.905,5,USR-029_2025-06-29,text-embedding-3-large,3072
USR-029,2025-07-06,1430.6,0.0281,0.059,0.892,3,USR-029_2025-07-06,text-embedding-3-large,3072
USR-029,2025-07-13,1636.6,0.0318,0.0504,0.984,3,USR-029_2025-07-13,text-embedding-3-large,3072
USR-029,2025-07-20,1521.5,0.0262,0.0428,0.902,6,USR-029_2025-07-20,text-embedding-3-large,3072
USR-029,2025-07-27,1589.6,0.0268,0.0395,0.958,4,USR-029_2025-07-27,text-embedding-3-large,3072
USR-029,2025-08-03,1453.1,0.0277,0.0576,0.939,1,USR-029_2025-08-03,text-embedding-3-large,3072
USR-029,2025-08-10,1477.6,0.0311,0.0533,0.914,4,USR-029_2025-08-10,text-embedding-3-large,3072
USR-029,2025-08-17,1540.8,0.0293,0.0505,0.944,4,USR-029_2025-08-17,text-embedding-3-large,3072
USR-029,2025-08-24,1565.8,0.0291,0.052,0.927,6,USR-029_2025-08-24,text-embedding-3-large,3072
USR-029,2025-08-31,1598.0,0.0272,0.0604,0.893,1,USR-029_2025-08-31,text-embedding-3-large,3072
USR-029,2025-09-07,1444.3,0.0243,0.0548,0.976,2,USR-029_2025-09-07,text-embedding-3-large,3072
USR-029,2025-09-14,1562.4,0.0265,0.0445,0.935,2,USR-029_2025-09-14,text-embedding-3-large,3072
USR-029,2025-09-21,1632.0,0.0334,0.0504,0.965,3,USR-029_2025-09-21,text-embedding-3-large,3072
USR-029,2025-09-28,1353.6,0.0278,0.0381,0.92,2,USR-029_2025-09-28,text-embedding-3-large,3072
USR-029,2025-10-05,1508.4,0.0292,0.0426,0.934,7,USR-029_2025-10-05,text-embedding-3-large,3072
USR-029,2025-10-12,1515.5,0.0331,0.0458,0.945,1,USR-029_2025-10-12,text-embedding-3-large,3072
USR-029,2025-10-19,1533.5,0.0287,0.0621,0.929,1,USR-029_2025-10-19,text-embedding-3-large,3072
USR-029,2025-10-26,1486.3,0.0266,0.0564,0.919,2,USR-029_2025-10-26,text-embedding-3-large,3072
USR-029,2025-11-02,1523.9,0.023,0.0497,0.924,5,USR-029_2025-11-02,text-embedding-3-large,3072
USR-029,2025-11-09,1552.5,0.0311,0.0473,0.904,2,USR-029_2025-11-09,text-embedding-3-large,3072
USR-029,2025-11-16,1339.6,0.0264,0.0556,0.953,7,USR-029_2025-11-16,text-embedding-3-large,3072
USR-029,2025-11-23,1522.0,0.0245,0.036,0.917,3,USR-029_2025-11-23,text-embedding-3-large,3072
USR-029,2025-11-30,1567.0,0.0281,0.0489,0.954,3,USR-029_2025-11-30,text-embedding-3-large,3072
USR-029,2025-12-07,1561.9,0.0321,0.0488,0.919,3,USR-029_2025-12-07,text-embedding-3-large,3072
USR-029,2025-12-14,1544.8,0.0256,0.0489,0.951,3,USR-029_2025-12-14,text-embedding-3-large,3072
USR-029,2025-12-21,1457.3,0.0313,0.0389,0.959,4,USR-029_2025-12-21,text-embedding-3-large,3072
USR-029,2025-12-28,1585.6,0.0254,0.053,0.966,1,USR-029_2025-12-28,text-embedding-3-large,3072
USR-029,2026-01-04,1477.2,0.0272,0.0519,0.941,5,USR-029_2026-01-04,text-embedding-3-large,3072
USR-029,2026-01-11,1434.0,0.0337,0.0561,0.962,4,USR-029_2026-01-11,text-embedding-3-large,3072
USR-029,2026-01-18,1283.5,0.0293,0.0508,0.967,2,USR-029_2026-01-18,text-embedding-3-large,3072
USR-029,2026-01-25,1495.0,0.0245,0.0591,0.99,4,USR-029_2026-01-25,text-embedding-3-large,3072
USR-029,2026-02-01,1454.9,0.0299,0.0563,0.939,2,USR-029_2026-02-01,text-embedding-3-large,3072
USR-029,2026-02-08,1534.4,0.0325,0.0547,0.941,2,USR-029_2026-02-08,text-embedding-3-large,3072
USR-029,2026-02-15,1490.6,0.034,0.049,0.937,3,USR-029_2026-02-15,text-embedding-3-large,3072
USR-029,2026-02-22,1415.2,0.0298,0.0507,0.926,2,USR-029_2026-02-22,text-embedding-3-large,3072
USR-029,2026-03-01,1637.1,0.0307,0.057,0.959,5,USR-029_2026-03-01,text-embedding-3-large,3072
USR-029,2026-03-08,1637.2,0.0263,0.0505,0.901,2,USR-029_2026-03-08,text-embedding-3-large,3072
USR-029,2026-03-15,1437.6,0.0345,0.0353,0.937,4,USR-029_2026-03-15,text-embedding-3-large,3072
USR-029,2026-03-22,1345.0,0.0324,0.0444,0.909,1,USR-029_2026-03-22,text-embedding-3-large,3072
USR-029,2026-03-29,1552.1,0.0367,0.0456,0.928,7,USR-029_2026-03-29,text-embedding-3-large,3072
USR-029,2026-04-05,1493.6,0.0271,0.0346,0.896,7,USR-029_2026-04-05,text-embedding-3-large,3072
USR-029,2026-04-12,1650.3,0.0249,0.0512,0.99,4,USR-029_2026-04-12,text-embedding-3-large,3072
USR-029,2026-04-19,1486.7,0.0301,0.0565,0.949,2,USR-029_2026-04-19,text-embedding-3-large,3072
USR-029,2026-04-26,1558.7,0.0301,0.0578,0.918,2,USR-029_2026-04-26,text-embedding-3-large,3072
USR-029,2026-05-03,1536.1,0.0272,0.0615,0.874,5,USR-029_2026-05-03,text-embedding-3-large,3072
USR-029,2026-05-10,1575.9,0.0279,0.0437,0.912,4,USR-029_2026-05-10,text-embedding-3-large,3072
USR-029,2026-05-17,1614.5,0.0341,0.0497,0.936,1,USR-029_2026-05-17,text-embedding-3-large,3072
USR-029,2026-05-24,1496.0,0.0325,0.0654,0.925,4,USR-029_2026-05-24,text-embedding-3-large,3072
USR-029,2026-05-31,1454.2,0.025,0.047,0.894,2,USR-029_2026-05-31,text-embedding-3-large,3072
USR-029,2026-06-07,1557.8,0.0255,0.0439,0.969,4,USR-029_2026-06-07,text-embedding-3-large,3072
USR-029,2026-06-14,1341.8,0.0264,0.0483,0.959,4,USR-029_2026-06-14,text-embedding-3-large,3072
USR-029,2026-06-21,1411.6,0.0288,0.0511,0.978,2,USR-029_2026-06-21,text-embedding-3-large,3072
USR-030,2025-06-29,1438.9,0.0157,0.0274,0.99,0,USR-030_2025-06-29,text-embedding-3-large,3072
USR-030,2025-07-06,1526.8,0.0188,0.0278,0.98,1,USR-030_2025-07-06,text-embedding-3-large,3072
USR-030,2025-07-13,1576.0,0.0163,0.0245,0.966,1,USR-030_2025-07-13,text-embedding-3-large,3072
USR-030,2025-07-20,1485.3,0.0156,0.0334,0.973,2,USR-030_2025-07-20,text-embedding-3-large,3072
USR-030,2025-07-27,1522.0,0.0149,0.0274,0.986,3,USR-030_2025-07-27,text-embedding-3-large,3072
USR-030,2025-08-03,1572.5,0.0148,0.0256,0.958,1,USR-030_2025-08-03,text-embedding-3-large,3072
USR-030,2025-08-10,1422.9,0.0164,0.0318,0.988,1,USR-030_2025-08-10,text-embedding-3-large,3072
USR-030,2025-08-17,1528.7,0.0155,0.0326,0.97,2,USR-030_2025-08-17,text-embedding-3-large,3072
USR-030,2025-08-24,1493.0,0.0172,0.0316,0.93,0,USR-030_2025-08-24,text-embedding-3-large,3072
USR-030,2025-08-31,1654.5,0.0153,0.0236,0.902,1,USR-030_2025-08-31,text-embedding-3-large,3072
USR-030,2025-09-07,1676.2,0.0195,0.0246,0.922,2,USR-030_2025-09-07,text-embedding-3-large,3072
USR-030,2025-09-14,1631.2,0.0165,0.0299,0.966,0,USR-030_2025-09-14,text-embedding-3-large,3072
USR-030,2025-09-21,1463.4,0.0171,0.0216,0.96,2,USR-030_2025-09-21,text-embedding-3-large,3072
USR-030,2025-09-28,1599.4,0.0175,0.0298,0.969,1,USR-030_2025-09-28,text-embedding-3-large,3072
USR-030,2025-10-05,1517.8,0.0163,0.0313,0.914,3,USR-030_2025-10-05,text-embedding-3-large,3072
USR-030,2025-10-12,1666.3,0.0169,0.037,0.945,1,USR-030_2025-10-12,text-embedding-3-large,3072
USR-030,2025-10-19,1512.5,0.0159,0.0347,0.906,1,USR-030_2025-10-19,text-embedding-3-large,3072
USR-030,2025-10-26,1473.9,0.0177,0.033,0.915,1,USR-030_2025-10-26,text-embedding-3-large,3072
USR-030,2025-11-02,1520.0,0.0162,0.0249,0.948,2,USR-030_2025-11-02,text-embedding-3-large,3072
USR-030,2025-11-09,1444.5,0.0148,0.029,0.92,3,USR-030_2025-11-09,text-embedding-3-large,3072
USR-030,2025-11-16,1442.9,0.0125,0.0312,0.949,0,USR-030_2025-11-16,text-embedding-3-large,3072
USR-030,2025-11-23,1547.3,0.0157,0.0377,0.959,2,USR-030_2025-11-23,text-embedding-3-large,3072
USR-030,2025-11-30,1447.5,0.0175,0.0292,0.936,1,USR-030_2025-11-30,text-embedding-3-large,3072
USR-030,2025-12-07,1553.6,0.0149,0.024,0.909,4,USR-030_2025-12-07,text-embedding-3-large,3072
USR-030,2025-12-14,1458.8,0.0154,0.0371,0.913,0,USR-030_2025-12-14,text-embedding-3-large,3072
USR-030,2025-12-21,1457.9,0.0157,0.0262,0.958,1,USR-030_2025-12-21,text-embedding-3-large,3072
USR-030,2025-12-28,1647.7,0.0152,0.0274,0.983,2,USR-030_2025-12-28,text-embedding-3-large,3072
USR-030,2026-01-04,1454.0,0.013,0.0356,0.923,0,USR-030_2026-01-04,text-embedding-3-large,3072
USR-030,2026-01-11,1493.0,0.0155,0.0293,0.865,1,USR-030_2026-01-11,text-embedding-3-large,3072
USR-030,2026-01-18,1539.3,0.0151,0.0341,0.957,1,USR-030_2026-01-18,text-embedding-3-large,3072
USR-030,2026-01-25,1686.5,0.013,0.0327,0.931,2,USR-030_2026-01-25,text-embedding-3-large,3072
USR-030,2026-02-01,1605.6,0.0193,0.0261,0.945,1,USR-030_2026-02-01,text-embedding-3-large,3072
USR-030,2026-02-08,1484.3,0.0174,0.0289,0.912,1,USR-030_2026-02-08,text-embedding-3-large,3072
USR-030,2026-02-15,1649.7,0.0135,0.0268,0.97,4,USR-030_2026-02-15,text-embedding-3-large,3072
USR-030,2026-02-22,1479.9,0.0182,0.0281,0.951,2,USR-030_2026-02-22,text-embedding-3-large,3072
USR-030,2026-03-01,1634.5,0.0166,0.0327,0.961,3,USR-030_2026-03-01,text-embedding-3-large,3072
USR-030,2026-03-08,1435.1,0.0142,0.0365,0.964,1,USR-030_2026-03-08,text-embedding-3-large,3072
USR-030,2026-03-15,1794.4,0.0169,0.0295,0.922,1,USR-030_2026-03-15,text-embedding-3-large,3072
USR-030,2026-03-22,1447.4,0.0141,0.0284,0.958,0,USR-030_2026-03-22,text-embedding-3-large,3072
USR-030,2026-03-29,1581.3,0.0145,0.0269,0.919,0,USR-030_2026-03-29,text-embedding-3-large,3072
USR-030,2026-04-05,1563.9,0.0148,0.0326,0.957,1,USR-030_2026-04-05,text-embedding-3-large,3072
USR-030,2026-04-12,1523.7,0.0169,0.0262,0.95,0,USR-030_2026-04-12,text-embedding-3-large,3072
USR-030,2026-04-19,1423.3,0.0128,0.0315,0.968,1,USR-030_2026-04-19,text-embedding-3-large,3072
USR-030,2026-04-26,1413.0,0.0135,0.0337,0.943,0,USR-030_2026-04-26,text-embedding-3-large,3072
USR-030,2026-05-03,1648.8,0.0191,0.0314,0.914,2,USR-030_2026-05-03,text-embedding-3-large,3072
USR-030,2026-05-10,1578.6,0.017,0.0287,0.912,0,USR-030_2026-05-10,text-embedding-3-large,3072
USR-030,2026-05-17,1544.4,0.017,0.0263,0.923,2,USR-030_2026-05-17,text-embedding-3-large,3072
USR-030,2026-05-24,1563.1,0.0164,0.0295,0.927,1,USR-030_2026-05-24,text-embedding-3-large,3072
USR-030,2026-05-31,1599.7,0.0157,0.0229,0.974,2,USR-030_2026-05-31,text-embedding-3-large,3072
USR-030,2026-06-07,1556.4,0.0167,0.0285,0.941,2,USR-030_2026-06-07,text-embedding-3-large,3072
USR-030,2026-06-14,1661.8,0.0132,0.031,0.907,3,USR-030_2026-06-14,text-embedding-3-large,3072
USR-030,2026-06-21,1622.3,0.0145,0.0322,0.92,0,USR-030_2026-06-21,text-embedding-3-large,3072
USR-031,2025-06-29,1779.9,0.028,0.054,0.939,1,USR-031_2025-06-29,text-embedding-3-large,3072
USR-031,2025-07-06,1620.6,0.0191,0.0604,0.954,2,USR-031_2025-07-06,text-embedding-3-large,3072
USR-031,2025-07-13,1819.8,0.03,0.0691,0.915,0,USR-031_2025-07-13,text-embedding-3-large,3072
USR-031,2025-07-20,1702.0,0.0217,0.058,0.962,1,USR-031_2025-07-20,text-embedding-3-large,3072
USR-031,2025-07-27,1676.4,0.0198,0.0563,0.928,2,USR-031_2025-07-27,text-embedding-3-large,3072
USR-031,2025-08-03,1857.8,0.0195,0.0609,0.968,0,USR-031_2025-08-03,text-embedding-3-large,3072
USR-031,2025-08-10,1552.6,0.0238,0.0562,0.986,0,USR-031_2025-08-10,text-embedding-3-large,3072
USR-031,2025-08-17,1750.4,0.025,0.0573,0.926,0,USR-031_2025-08-17,text-embedding-3-large,3072
USR-031,2025-08-24,1670.5,0.0252,0.0604,0.99,2,USR-031_2025-08-24,text-embedding-3-large,3072
USR-031,2025-08-31,1714.9,0.0215,0.0379,0.956,1,USR-031_2025-08-31,text-embedding-3-large,3072
USR-031,2025-09-07,1796.5,0.0224,0.0662,0.975,0,USR-031_2025-09-07,text-embedding-3-large,3072
USR-031,2025-09-14,1888.4,0.0231,0.0598,0.946,1,USR-031_2025-09-14,text-embedding-3-large,3072
USR-031,2025-09-21,1849.3,0.0247,0.0548,0.899,1,USR-031_2025-09-21,text-embedding-3-large,3072
USR-031,2025-09-28,1746.3,0.0215,0.0744,0.899,0,USR-031_2025-09-28,text-embedding-3-large,3072
USR-031,2025-10-05,1599.1,0.0291,0.0632,0.973,1,USR-031_2025-10-05,text-embedding-3-large,3072
USR-031,2025-10-12,1703.8,0.0273,0.0544,0.905,1,USR-031_2025-10-12,text-embedding-3-large,3072
USR-031,2025-10-19,1691.6,0.024,0.0596,0.932,2,USR-031_2025-10-19,text-embedding-3-large,3072
USR-031,2025-10-26,1758.0,0.0218,0.0698,0.981,1,USR-031_2025-10-26,text-embedding-3-large,3072
USR-031,2025-11-02,1829.4,0.0185,0.0855,0.945,2,USR-031_2025-11-02,text-embedding-3-large,3072
USR-031,2025-11-09,1577.2,0.0277,0.0716,0.888,0,USR-031_2025-11-09,text-embedding-3-large,3072
USR-031,2025-11-16,1660.5,0.0248,0.0603,0.904,1,USR-031_2025-11-16,text-embedding-3-large,3072
USR-031,2025-11-23,1819.0,0.0228,0.0594,0.92,2,USR-031_2025-11-23,text-embedding-3-large,3072
USR-031,2025-11-30,1815.1,0.0216,0.0594,0.96,0,USR-031_2025-11-30,text-embedding-3-large,3072
USR-031,2025-12-07,1766.4,0.0296,0.053,0.976,1,USR-031_2025-12-07,text-embedding-3-large,3072
USR-031,2025-12-14,1746.7,0.0248,0.0459,0.99,0,USR-031_2025-12-14,text-embedding-3-large,3072
USR-031,2025-12-21,2069.0,0.021,0.0591,0.968,2,USR-031_2025-12-21,text-embedding-3-large,3072
USR-031,2025-12-28,1677.9,0.0255,0.0579,0.916,0,USR-031_2025-12-28,text-embedding-3-large,3072
USR-031,2026-01-04,1684.1,0.0248,0.045,0.936,1,USR-031_2026-01-04,text-embedding-3-large,3072
USR-031,2026-01-11,1720.4,0.025,0.0625,0.915,1,USR-031_2026-01-11,text-embedding-3-large,3072
USR-031,2026-01-18,1862.0,0.0239,0.0656,0.965,1,USR-031_2026-01-18,text-embedding-3-large,3072
USR-031,2026-01-25,1632.2,0.0258,0.0593,0.91,0,USR-031_2026-01-25,text-embedding-3-large,3072
USR-031,2026-02-01,1784.7,0.02,0.0573,0.961,2,USR-031_2026-02-01,text-embedding-3-large,3072
USR-031,2026-02-08,1620.8,0.023,0.0759,0.927,2,USR-031_2026-02-08,text-embedding-3-large,3072
USR-031,2026-02-15,1795.5,0.0272,0.0553,0.984,1,USR-031_2026-02-15,text-embedding-3-large,3072
USR-031,2026-02-22,1685.6,0.0179,0.0724,0.961,0,USR-031_2026-02-22,text-embedding-3-large,3072
USR-031,2026-03-01,1861.6,0.0183,0.0418,0.948,0,USR-031_2026-03-01,text-embedding-3-large,3072
USR-031,2026-03-08,1745.6,0.029,0.0554,0.99,0,USR-031_2026-03-08,text-embedding-3-large,3072
USR-031,2026-03-15,1664.1,0.0256,0.0684,0.928,1,USR-031_2026-03-15,text-embedding-3-large,3072
USR-031,2026-03-22,1714.4,0.0248,0.0526,0.983,2,USR-031_2026-03-22,text-embedding-3-large,3072
USR-031,2026-03-29,1575.4,0.0205,0.0715,0.979,0,USR-031_2026-03-29,text-embedding-3-large,3072
USR-031,2026-04-05,1826.6,0.0191,0.0561,0.945,1,USR-031_2026-04-05,text-embedding-3-large,3072
USR-031,2026-04-12,1750.0,0.0247,0.0652,0.898,3,USR-031_2026-04-12,text-embedding-3-large,3072
USR-031,2026-04-19,1771.0,0.0262,0.067,0.955,0,USR-031_2026-04-19,text-embedding-3-large,3072
USR-031,2026-04-26,1905.6,0.0213,0.0662,0.912,0,USR-031_2026-04-26,text-embedding-3-large,3072
USR-031,2026-05-03,1752.1,0.0248,0.0587,0.916,0,USR-031_2026-05-03,text-embedding-3-large,3072
USR-031,2026-05-10,1665.3,0.0205,0.0517,0.988,0,USR-031_2026-05-10,text-embedding-3-large,3072
USR-031,2026-05-17,1513.7,0.0211,0.0469,0.915,1,USR-031_2026-05-17,text-embedding-3-large,3072
USR-031,2026-05-24,1748.6,0.0283,0.0649,0.959,3,USR-031_2026-05-24,text-embedding-3-large,3072
USR-031,2026-05-31,1782.7,0.027,0.0498,0.945,1,USR-031_2026-05-31,text-embedding-3-large,3072
USR-031,2026-06-07,1713.7,0.0269,0.0755,0.931,0,USR-031_2026-06-07,text-embedding-3-large,3072
USR-031,2026-06-14,1727.7,0.0239,0.0638,0.915,0,USR-031_2026-06-14,text-embedding-3-large,3072
USR-031,2026-06-21,1846.5,0.0192,0.0575,0.952,1,USR-031_2026-06-21,text-embedding-3-large,3072
USR-032,2025-06-29,1364.7,0.0176,0.0454,0.964,2,USR-032_2025-06-29,text-embedding-3-large,3072
USR-032,2025-07-06,1506.5,0.0176,0.0369,0.923,0,USR-032_2025-07-06,text-embedding-3-large,3072
USR-032,2025-07-13,1558.0,0.0127,0.0449,0.901,4,USR-032_2025-07-13,text-embedding-3-large,3072
USR-032,2025-07-20,1396.1,0.0168,0.0415,0.959,4,USR-032_2025-07-20,text-embedding-3-large,3072
USR-032,2025-07-27,1324.1,0.0146,0.0441,0.948,4,USR-032_2025-07-27,text-embedding-3-large,3072
USR-032,2025-08-03,1337.5,0.0175,0.045,0.918,5,USR-032_2025-08-03,text-embedding-3-large,3072
USR-032,2025-08-10,1392.9,0.0196,0.0447,0.905,4,USR-032_2025-08-10,text-embedding-3-large,3072
USR-032,2025-08-17,1555.8,0.0185,0.0424,0.955,5,USR-032_2025-08-17,text-embedding-3-large,3072
USR-032,2025-08-24,1500.4,0.0205,0.0348,0.931,1,USR-032_2025-08-24,text-embedding-3-large,3072
USR-032,2025-08-31,1371.2,0.0159,0.0442,0.952,4,USR-032_2025-08-31,text-embedding-3-large,3072
USR-032,2025-09-07,1514.4,0.0133,0.0386,0.952,6,USR-032_2025-09-07,text-embedding-3-large,3072
USR-032,2025-09-14,1450.7,0.0189,0.0455,0.916,4,USR-032_2025-09-14,text-embedding-3-large,3072
USR-032,2025-09-21,1533.8,0.0175,0.0465,0.977,3,USR-032_2025-09-21,text-embedding-3-large,3072
USR-032,2025-09-28,1672.4,0.0188,0.0466,0.902,3,USR-032_2025-09-28,text-embedding-3-large,3072
USR-032,2025-10-05,1530.4,0.0172,0.0423,0.943,4,USR-032_2025-10-05,text-embedding-3-large,3072
USR-032,2025-10-12,1518.0,0.0189,0.0365,0.911,3,USR-032_2025-10-12,text-embedding-3-large,3072
USR-032,2025-10-19,1457.4,0.0152,0.0312,0.94,5,USR-032_2025-10-19,text-embedding-3-large,3072
USR-032,2025-10-26,1585.3,0.0188,0.0419,0.918,4,USR-032_2025-10-26,text-embedding-3-large,3072
USR-032,2025-11-02,1566.2,0.017,0.0416,0.96,4,USR-032_2025-11-02,text-embedding-3-large,3072
USR-032,2025-11-09,1404.9,0.0127,0.0307,0.924,0,USR-032_2025-11-09,text-embedding-3-large,3072
USR-032,2025-11-16,1458.4,0.019,0.0411,0.94,2,USR-032_2025-11-16,text-embedding-3-large,3072
USR-032,2025-11-23,1525.9,0.0157,0.0403,0.926,1,USR-032_2025-11-23,text-embedding-3-large,3072
USR-032,2025-11-30,1450.7,0.0148,0.0339,0.921,2,USR-032_2025-11-30,text-embedding-3-large,3072
USR-032,2025-12-07,1543.9,0.0175,0.0372,0.914,1,USR-032_2025-12-07,text-embedding-3-large,3072
USR-032,2025-12-14,1561.9,0.021,0.0346,0.968,4,USR-032_2025-12-14,text-embedding-3-large,3072
USR-032,2025-12-21,1482.7,0.0165,0.0423,0.967,1,USR-032_2025-12-21,text-embedding-3-large,3072
USR-032,2025-12-28,1461.8,0.0225,0.0403,0.94,3,USR-032_2025-12-28,text-embedding-3-large,3072
USR-032,2026-01-04,1377.9,0.0176,0.0415,0.937,3,USR-032_2026-01-04,text-embedding-3-large,3072
USR-032,2026-01-11,1497.5,0.0143,0.041,0.913,2,USR-032_2026-01-11,text-embedding-3-large,3072
USR-032,2026-01-18,1537.6,0.02,0.0499,0.99,3,USR-032_2026-01-18,text-embedding-3-large,3072
USR-032,2026-01-25,1362.2,0.0201,0.0327,0.9,1,USR-032_2026-01-25,text-embedding-3-large,3072
USR-032,2026-02-01,1400.0,0.017,0.0402,0.91,1,USR-032_2026-02-01,text-embedding-3-large,3072
USR-032,2026-02-08,1329.9,0.0153,0.0332,0.96,2,USR-032_2026-02-08,text-embedding-3-large,3072
USR-032,2026-02-15,1340.4,0.0173,0.0438,0.902,3,USR-032_2026-02-15,text-embedding-3-large,3072
USR-032,2026-02-22,1479.4,0.0148,0.0454,0.931,4,USR-032_2026-02-22,text-embedding-3-large,3072
USR-032,2026-03-01,1535.4,0.015,0.0357,0.901,2,USR-032_2026-03-01,text-embedding-3-large,3072
USR-032,2026-03-08,1449.4,0.0199,0.0417,0.99,1,USR-032_2026-03-08,text-embedding-3-large,3072
USR-032,2026-03-15,1399.3,0.0159,0.0337,0.99,3,USR-032_2026-03-15,text-embedding-3-large,3072
USR-032,2026-03-22,1337.1,0.0143,0.0423,0.901,4,USR-032_2026-03-22,text-embedding-3-large,3072
USR-032,2026-03-29,1554.0,0.0153,0.037,0.948,0,USR-032_2026-03-29,text-embedding-3-large,3072
USR-032,2026-04-05,1493.2,0.0205,0.0369,0.951,3,USR-032_2026-04-05,text-embedding-3-large,3072
USR-032,2026-04-12,1416.1,0.0192,0.045,0.898,3,USR-032_2026-04-12,text-embedding-3-large,3072
USR-032,2026-04-19,1355.7,0.0164,0.0376,0.885,4,USR-032_2026-04-19,text-embedding-3-large,3072
USR-032,2026-04-26,1493.5,0.0199,0.048,0.923,3,USR-032_2026-04-26,text-embedding-3-large,3072
USR-032,2026-05-03,1520.2,0.0198,0.0348,0.907,1,USR-032_2026-05-03,text-embedding-3-large,3072
USR-032,2026-05-10,1586.8,0.0181,0.0409,0.952,5,USR-032_2026-05-10,text-embedding-3-large,3072
USR-032,2026-05-17,1593.9,0.0229,0.0418,0.915,3,USR-032_2026-05-17,text-embedding-3-large,3072
USR-032,2026-05-24,1427.0,0.0151,0.0457,0.939,1,USR-032_2026-05-24,text-embedding-3-large,3072
USR-032,2026-05-31,1560.7,0.016,0.035,0.942,2,USR-032_2026-05-31,text-embedding-3-large,3072
USR-032,2026-06-07,1433.7,0.017,0.0383,0.933,2,USR-032_2026-06-07,text-embedding-3-large,3072
USR-032,2026-06-14,1402.8,0.0159,0.0355,0.924,3,USR-032_2026-06-14,text-embedding-3-large,3072
USR-032,2026-06-21,1518.5,0.016,0.0434,0.99,3,USR-032_2026-06-21,text-embedding-3-large,3072
USR-033,2025-06-29,1694.2,0.0154,0.0885,0.934,1,USR-033_2025-06-29,text-embedding-3-large,3072
USR-033,2025-07-06,1711.9,0.0124,0.0887,0.94,3,USR-033_2025-07-06,text-embedding-3-large,3072
USR-033,2025-07-13,1741.0,0.0166,0.09,0.949,0,USR-033_2025-07-13,text-embedding-3-large,3072
USR-033,2025-07-20,1658.8,0.014,0.088,0.982,3,USR-033_2025-07-20,text-embedding-3-large,3072
USR-033,2025-07-27,1798.5,0.014,0.0787,0.988,1,USR-033_2025-07-27,text-embedding-3-large,3072
USR-033,2025-08-03,1645.0,0.0163,0.0671,0.985,2,USR-033_2025-08-03,text-embedding-3-large,3072
USR-033,2025-08-10,1765.2,0.0125,0.0794,0.92,0,USR-033_2025-08-10,text-embedding-3-large,3072
USR-033,2025-08-17,1628.5,0.0153,0.0963,0.916,1,USR-033_2025-08-17,text-embedding-3-large,3072
USR-033,2025-08-24,1670.0,0.0155,0.0872,0.99,2,USR-033_2025-08-24,text-embedding-3-large,3072
USR-033,2025-08-31,1471.5,0.0151,0.056,0.962,0,USR-033_2025-08-31,text-embedding-3-large,3072
USR-033,2025-09-07,1584.7,0.0134,0.0777,0.911,0,USR-033_2025-09-07,text-embedding-3-large,3072
USR-033,2025-09-14,1464.1,0.0115,0.0803,0.97,1,USR-033_2025-09-14,text-embedding-3-large,3072
USR-033,2025-09-21,1698.1,0.0169,0.0839,0.958,3,USR-033_2025-09-21,text-embedding-3-large,3072
USR-033,2025-09-28,1718.0,0.0171,0.0825,0.911,1,USR-033_2025-09-28,text-embedding-3-large,3072
USR-033,2025-10-05,1866.4,0.0154,0.0697,0.912,2,USR-033_2025-10-05,text-embedding-3-large,3072
USR-033,2025-10-12,1675.3,0.0182,0.0357,0.902,0,USR-033_2025-10-12,text-embedding-3-large,3072
USR-033,2025-10-19,1665.4,0.0121,0.074,0.93,0,USR-033_2025-10-19,text-embedding-3-large,3072
USR-033,2025-10-26,1705.8,0.0111,0.0738,0.964,0,USR-033_2025-10-26,text-embedding-3-large,3072
USR-033,2025-11-02,1676.0,0.0156,0.0589,0.91,1,USR-033_2025-11-02,text-embedding-3-large,3072
USR-033,2025-11-09,1873.4,0.0166,0.08,0.906,4,USR-033_2025-11-09,text-embedding-3-large,3072
USR-033,2025-11-16,1547.9,0.0158,0.0879,0.952,0,USR-033_2025-11-16,text-embedding-3-large,3072
USR-033,2025-11-23,1620.8,0.0144,0.0534,0.937,1,USR-033_2025-11-23,text-embedding-3-large,3072
USR-033,2025-11-30,1613.7,0.0144,0.0702,0.897,0,USR-033_2025-11-30,text-embedding-3-large,3072
USR-033,2025-12-07,1646.3,0.0167,0.0714,0.969,2,USR-033_2025-12-07,text-embedding-3-large,3072
USR-033,2025-12-14,1660.6,0.0177,0.0785,0.936,2,USR-033_2025-12-14,text-embedding-3-large,3072
USR-033,2025-12-21,1765.5,0.0166,0.0806,0.952,0,USR-033_2025-12-21,text-embedding-3-large,3072
USR-033,2025-12-28,1371.3,0.0146,0.0722,0.905,0,USR-033_2025-12-28,text-embedding-3-large,3072
USR-033,2026-01-04,1556.8,0.0162,0.0867,0.953,2,USR-033_2026-01-04,text-embedding-3-large,3072
USR-033,2026-01-11,1646.7,0.0167,0.1035,0.99,1,USR-033_2026-01-11,text-embedding-3-large,3072
USR-033,2026-01-18,1884.1,0.0149,0.0645,0.902,1,USR-033_2026-01-18,text-embedding-3-large,3072
USR-033,2026-01-25,1619.7,0.0131,0.0711,0.975,0,USR-033_2026-01-25,text-embedding-3-large,3072
USR-033,2026-02-01,1650.4,0.0161,0.0744,0.91,0,USR-033_2026-02-01,text-embedding-3-large,3072
USR-033,2026-02-08,1764.8,0.0157,0.0903,0.932,2,USR-033_2026-02-08,text-embedding-3-large,3072
USR-033,2026-02-15,1834.1,0.0163,0.0838,0.959,1,USR-033_2026-02-15,text-embedding-3-large,3072
USR-033,2026-02-22,1678.9,0.0166,0.0857,0.946,3,USR-033_2026-02-22,text-embedding-3-large,3072
USR-033,2026-03-01,1494.6,0.013,0.1179,0.969,0,USR-033_2026-03-01,text-embedding-3-large,3072
USR-033,2026-03-08,1647.8,0.0155,0.1005,0.99,2,USR-033_2026-03-08,text-embedding-3-large,3072
USR-033,2026-03-15,1528.6,0.0132,0.0865,0.927,2,USR-033_2026-03-15,text-embedding-3-large,3072
USR-033,2026-03-22,1799.9,0.0152,0.0782,0.977,2,USR-033_2026-03-22,text-embedding-3-large,3072
USR-033,2026-03-29,1816.5,0.0138,0.0719,0.916,3,USR-033_2026-03-29,text-embedding-3-large,3072
USR-033,2026-04-05,1644.1,0.0131,0.0668,0.918,1,USR-033_2026-04-05,text-embedding-3-large,3072
USR-033,2026-04-12,1638.7,0.0186,0.0724,0.99,2,USR-033_2026-04-12,text-embedding-3-large,3072
USR-033,2026-04-19,1902.0,0.0139,0.0968,0.99,0,USR-033_2026-04-19,text-embedding-3-large,3072
USR-033,2026-04-26,1701.0,0.0134,0.0795,0.99,1,USR-033_2026-04-26,text-embedding-3-large,3072
USR-033,2026-05-03,1727.0,0.0178,0.071,0.989,0,USR-033_2026-05-03,text-embedding-3-large,3072
USR-033,2026-05-10,1773.6,0.0154,0.0922,0.935,1,USR-033_2026-05-10,text-embedding-3-large,3072
USR-033,2026-05-17,1755.2,0.0143,0.0797,0.964,2,USR-033_2026-05-17,text-embedding-3-large,3072
USR-033,2026-05-24,1853.8,0.0172,0.0846,0.986,2,USR-033_2026-05-24,text-embedding-3-large,3072
USR-033,2026-05-31,1628.4,0.0153,0.062,0.916,0,USR-033_2026-05-31,text-embedding-3-large,3072
USR-033,2026-06-07,1531.4,0.0159,0.0825,0.935,1,USR-033_2026-06-07,text-embedding-3-large,3072
USR-033,2026-06-14,1656.7,0.0127,0.0742,0.918,0,USR-033_2026-06-14,text-embedding-3-large,3072
USR-033,2026-06-21,1602.7,0.0133,0.0928,0.927,1,USR-033_2026-06-21,text-embedding-3-large,3072
USR-034,2025-06-29,3363.3,0.0149,0.0319,0.974,0,USR-034_2025-06-29,text-embedding-3-large,3072
USR-034,2025-07-06,3884.1,0.0175,0.0274,0.985,0,USR-034_2025-07-06,text-embedding-3-large,3072
USR-034,2025-07-13,3843.8,0.015,0.0336,0.909,1,USR-034_2025-07-13,text-embedding-3-large,3072
USR-034,2025-07-20,3637.0,0.0153,0.0287,0.893,0,USR-034_2025-07-20,text-embedding-3-large,3072
USR-034,2025-07-27,3414.4,0.0154,0.0275,0.909,2,USR-034_2025-07-27,text-embedding-3-large,3072
USR-034,2025-08-03,3780.6,0.0157,0.0383,0.974,0,USR-034_2025-08-03,text-embedding-3-large,3072
USR-034,2025-08-10,3676.1,0.0185,0.0271,0.916,0,USR-034_2025-08-10,text-embedding-3-large,3072
USR-034,2025-08-17,3756.7,0.0158,0.0296,0.882,0,USR-034_2025-08-17,text-embedding-3-large,3072
USR-034,2025-08-24,3213.0,0.0174,0.023,0.974,2,USR-034_2025-08-24,text-embedding-3-large,3072
USR-034,2025-08-31,3655.7,0.0173,0.032,0.922,0,USR-034_2025-08-31,text-embedding-3-large,3072
USR-034,2025-09-07,4145.8,0.0157,0.0293,0.963,0,USR-034_2025-09-07,text-embedding-3-large,3072
USR-034,2025-09-14,3808.5,0.0148,0.0276,0.99,3,USR-034_2025-09-14,text-embedding-3-large,3072
USR-034,2025-09-21,3425.9,0.0096,0.0197,0.914,1,USR-034_2025-09-21,text-embedding-3-large,3072
USR-034,2025-09-28,3574.3,0.0146,0.0248,0.93,0,USR-034_2025-09-28,text-embedding-3-large,3072
USR-034,2025-10-05,3538.3,0.0143,0.0291,0.99,2,USR-034_2025-10-05,text-embedding-3-large,3072
USR-034,2025-10-12,3786.4,0.0158,0.0339,0.923,0,USR-034_2025-10-12,text-embedding-3-large,3072
USR-034,2025-10-19,3253.9,0.0146,0.0344,0.92,1,USR-034_2025-10-19,text-embedding-3-large,3072
USR-034,2025-10-26,3295.2,0.0137,0.0246,0.891,2,USR-034_2025-10-26,text-embedding-3-large,3072
USR-034,2025-11-02,3596.6,0.0169,0.0325,0.904,0,USR-034_2025-11-02,text-embedding-3-large,3072
USR-034,2025-11-09,3542.6,0.0179,0.0259,0.923,0,USR-034_2025-11-09,text-embedding-3-large,3072
USR-034,2025-11-16,3238.7,0.0141,0.028,0.957,1,USR-034_2025-11-16,text-embedding-3-large,3072
USR-034,2025-11-23,3531.4,0.0164,0.0284,0.958,0,USR-034_2025-11-23,text-embedding-3-large,3072
USR-034,2025-11-30,3704.7,0.0152,0.0224,0.96,1,USR-034_2025-11-30,text-embedding-3-large,3072
USR-034,2025-12-07,3422.1,0.0142,0.0265,0.929,1,USR-034_2025-12-07,text-embedding-3-large,3072
USR-034,2025-12-14,3701.5,0.0193,0.037,0.952,2,USR-034_2025-12-14,text-embedding-3-large,3072
USR-034,2025-12-21,3674.4,0.0147,0.0287,0.952,3,USR-034_2025-12-21,text-embedding-3-large,3072
USR-034,2025-12-28,3442.0,0.0163,0.0257,0.892,1,USR-034_2025-12-28,text-embedding-3-large,3072
USR-034,2026-01-04,3642.4,0.0158,0.0297,0.89,2,USR-034_2026-01-04,text-embedding-3-large,3072
USR-034,2026-01-11,3493.7,0.0156,0.0304,0.955,0,USR-034_2026-01-11,text-embedding-3-large,3072
USR-034,2026-01-18,3415.6,0.0138,0.0309,0.927,2,USR-034_2026-01-18,text-embedding-3-large,3072
USR-034,2026-01-25,3769.8,0.0178,0.0275,0.986,1,USR-034_2026-01-25,text-embedding-3-large,3072
USR-034,2026-02-01,3954.3,0.0145,0.0316,0.948,0,USR-034_2026-02-01,text-embedding-3-large,3072
USR-034,2026-02-08,3562.2,0.0163,0.0334,0.968,2,USR-034_2026-02-08,text-embedding-3-large,3072
USR-034,2026-02-15,3770.6,0.0126,0.0255,0.902,1,USR-034_2026-02-15,text-embedding-3-large,3072
USR-034,2026-02-22,3630.8,0.0139,0.0259,0.976,0,USR-034_2026-02-22,text-embedding-3-large,3072
USR-034,2026-03-01,3656.0,0.0149,0.0298,0.914,2,USR-034_2026-03-01,text-embedding-3-large,3072
USR-034,2026-03-08,3272.1,0.015,0.0245,0.947,0,USR-034_2026-03-08,text-embedding-3-large,3072
USR-034,2026-03-15,3404.7,0.0142,0.0298,0.968,2,USR-034_2026-03-15,text-embedding-3-large,3072
USR-034,2026-03-22,3436.0,0.0183,0.0342,0.944,2,USR-034_2026-03-22,text-embedding-3-large,3072
USR-034,2026-03-29,3839.5,0.0139,0.0319,0.943,1,USR-034_2026-03-29,text-embedding-3-large,3072
USR-034,2026-04-05,3616.4,0.014,0.0234,0.929,0,USR-034_2026-04-05,text-embedding-3-large,3072
USR-034,2026-04-12,3350.5,0.0172,0.0289,0.958,1,USR-034_2026-04-12,text-embedding-3-large,3072
USR-034,2026-04-19,3827.5,0.015,0.0301,0.979,0,USR-034_2026-04-19,text-embedding-3-large,3072
USR-034,2026-04-26,3347.4,0.0156,0.0288,0.945,1,USR-034_2026-04-26,text-embedding-3-large,3072
USR-034,2026-05-03,3427.4,0.0185,0.0341,0.966,1,USR-034_2026-05-03,text-embedding-3-large,3072
USR-034,2026-05-10,3797.7,0.0154,0.0312,0.947,2,USR-034_2026-05-10,text-embedding-3-large,3072
USR-034,2026-05-17,3594.9,0.0188,0.0265,0.882,0,USR-034_2026-05-17,text-embedding-3-large,3072
USR-034,2026-05-24,4023.3,0.0205,0.0343,0.986,0,USR-034_2026-05-24,text-embedding-3-large,3072
USR-034,2026-05-31,3316.9,0.0161,0.0338,0.939,1,USR-034_2026-05-31,text-embedding-3-large,3072
USR-034,2026-06-07,3382.7,0.0172,0.0302,0.96,1,USR-034_2026-06-07,text-embedding-3-large,3072
USR-034,2026-06-14,3719.0,0.0178,0.0374,0.95,0,USR-034_2026-06-14,text-embedding-3-large,3072
USR-034,2026-06-21,3484.4,0.0154,0.0216,0.881,3,USR-034_2026-06-21,text-embedding-3-large,3072
USR-035,2025-06-29,1070.3,0.0242,0.0753,0.874,0,USR-035_2025-06-29,text-embedding-3-large,3072
USR-035,2025-07-06,948.6,0.0224,0.0746,0.91,1,USR-035_2025-07-06,text-embedding-3-large,3072
USR-035,2025-07-13,973.0,0.0209,0.0661,0.94,1,USR-035_2025-07-13,text-embedding-3-large,3072
USR-035,2025-07-20,1017.4,0.0179,0.0638,0.966,1,USR-035_2025-07-20,text-embedding-3-large,3072
USR-035,2025-07-27,860.8,0.0161,0.0748,0.882,1,USR-035_2025-07-27,text-embedding-3-large,3072
USR-035,2025-08-03,1044.5,0.026,0.0745,0.961,1,USR-035_2025-08-03,text-embedding-3-large,3072
USR-035,2025-08-10,1168.1,0.0197,0.0744,0.961,1,USR-035_2025-08-10,text-embedding-3-large,3072
USR-035,2025-08-17,1038.2,0.0201,0.0831,0.939,2,USR-035_2025-08-17,text-embedding-3-large,3072
USR-035,2025-08-24,952.2,0.0223,0.0534,0.971,0,USR-035_2025-08-24,text-embedding-3-large,3072
USR-035,2025-08-31,1120.4,0.0306,0.09,0.936,1,USR-035_2025-08-31,text-embedding-3-large,3072
USR-035,2025-09-07,934.4,0.0185,0.0658,0.96,0,USR-035_2025-09-07,text-embedding-3-large,3072
USR-035,2025-09-14,1012.4,0.0221,0.0782,0.966,0,USR-035_2025-09-14,text-embedding-3-large,3072
USR-035,2025-09-21,918.9,0.0189,0.0841,0.957,1,USR-035_2025-09-21,text-embedding-3-large,3072
USR-035,2025-09-28,976.3,0.0253,0.0543,0.921,3,USR-035_2025-09-28,text-embedding-3-large,3072
USR-035,2025-10-05,965.4,0.0232,0.0701,0.907,1,USR-035_2025-10-05,text-embedding-3-large,3072
USR-035,2025-10-12,981.5,0.0205,0.0884,0.955,2,USR-035_2025-10-12,text-embedding-3-large,3072
USR-035,2025-10-19,1021.9,0.0215,0.0969,0.911,0,USR-035_2025-10-19,text-embedding-3-large,3072
USR-035,2025-10-26,984.9,0.0231,0.0593,0.927,1,USR-035_2025-10-26,text-embedding-3-large,3072
USR-035,2025-11-02,913.7,0.0239,0.0746,0.924,2,USR-035_2025-11-02,text-embedding-3-large,3072
USR-035,2025-11-09,960.9,0.0246,0.0762,0.9,1,USR-035_2025-11-09,text-embedding-3-large,3072
USR-035,2025-11-16,946.2,0.0248,0.0823,0.874,1,USR-035_2025-11-16,text-embedding-3-large,3072
USR-035,2025-11-23,1095.9,0.0236,0.0796,0.93,0,USR-035_2025-11-23,text-embedding-3-large,3072
USR-035,2025-11-30,1106.8,0.0174,0.0772,0.912,2,USR-035_2025-11-30,text-embedding-3-large,3072
USR-035,2025-12-07,1003.1,0.0221,0.0587,0.944,1,USR-035_2025-12-07,text-embedding-3-large,3072
USR-035,2025-12-14,964.3,0.0197,0.072,0.87,1,USR-035_2025-12-14,text-embedding-3-large,3072
USR-035,2025-12-21,1042.5,0.0157,0.0755,0.975,3,USR-035_2025-12-21,text-embedding-3-large,3072
USR-035,2025-12-28,1049.1,0.0176,0.082,0.931,1,USR-035_2025-12-28,text-embedding-3-large,3072
USR-035,2026-01-04,1036.9,0.0204,0.0627,0.931,2,USR-035_2026-01-04,text-embedding-3-large,3072
USR-035,2026-01-11,1116.2,0.0242,0.08,0.99,2,USR-035_2026-01-11,text-embedding-3-large,3072
USR-035,2026-01-18,1011.0,0.0169,0.061,0.911,1,USR-035_2026-01-18,text-embedding-3-large,3072
USR-035,2026-01-25,1062.1,0.0203,0.0781,0.903,3,USR-035_2026-01-25,text-embedding-3-large,3072
USR-035,2026-02-01,1034.7,0.024,0.084,0.943,0,USR-035_2026-02-01,text-embedding-3-large,3072
USR-035,2026-02-08,1069.7,0.0163,0.058,0.921,1,USR-035_2026-02-08,text-embedding-3-large,3072
USR-035,2026-02-15,983.1,0.0214,0.0754,0.961,0,USR-035_2026-02-15,text-embedding-3-large,3072
USR-035,2026-02-22,1036.3,0.0226,0.0744,0.986,2,USR-035_2026-02-22,text-embedding-3-large,3072
USR-035,2026-03-01,1055.4,0.0252,0.0825,0.906,2,USR-035_2026-03-01,text-embedding-3-large,3072
USR-035,2026-03-08,985.0,0.0219,0.0843,0.932,3,USR-035_2026-03-08,text-embedding-3-large,3072
USR-035,2026-03-15,1067.4,0.0216,0.057,0.924,0,USR-035_2026-03-15,text-embedding-3-large,3072
USR-035,2026-03-22,1031.9,0.0169,0.0751,0.988,1,USR-035_2026-03-22,text-embedding-3-large,3072
USR-035,2026-03-29,953.2,0.0225,0.0624,0.958,3,USR-035_2026-03-29,text-embedding-3-large,3072
USR-035,2026-04-05,999.1,0.0197,0.0869,0.924,4,USR-035_2026-04-05,text-embedding-3-large,3072
USR-035,2026-04-12,1025.5,0.0274,0.0613,0.96,0,USR-035_2026-04-12,text-embedding-3-large,3072
USR-035,2026-04-19,959.2,0.0217,0.0847,0.961,0,USR-035_2026-04-19,text-embedding-3-large,3072
USR-035,2026-04-26,1089.6,0.022,0.0672,0.917,0,USR-035_2026-04-26,text-embedding-3-large,3072
USR-035,2026-05-03,899.3,0.0238,0.0723,0.934,1,USR-035_2026-05-03,text-embedding-3-large,3072
USR-035,2026-05-10,1011.0,0.0197,0.0778,0.972,0,USR-035_2026-05-10,text-embedding-3-large,3072
USR-035,2026-05-17,1105.1,0.0212,0.0799,0.981,0,USR-035_2026-05-17,text-embedding-3-large,3072
USR-035,2026-05-24,951.5,0.0177,0.0571,0.933,0,USR-035_2026-05-24,text-embedding-3-large,3072
USR-035,2026-05-31,1069.6,0.0191,0.0577,0.938,0,USR-035_2026-05-31,text-embedding-3-large,3072
USR-035,2026-06-07,1008.1,0.0246,0.0785,0.947,0,USR-035_2026-06-07,text-embedding-3-large,3072
USR-035,2026-06-14,1022.3,0.0197,0.0736,0.921,1,USR-035_2026-06-14,text-embedding-3-large,3072
USR-035,2026-06-21,1044.3,0.0211,0.0736,0.936,0,USR-035_2026-06-21,text-embedding-3-large,3072
USR-036,2025-06-29,1468.8,0.0171,0.0432,0.951,1,USR-036_2025-06-29,text-embedding-3-large,3072
USR-036,2025-07-06,1493.5,0.0181,0.0416,0.932,3,USR-036_2025-07-06,text-embedding-3-large,3072
USR-036,2025-07-13,1445.8,0.0195,0.04,0.983,2,USR-036_2025-07-13,text-embedding-3-large,3072
USR-036,2025-07-20,1329.9,0.0189,0.0405,0.967,5,USR-036_2025-07-20,text-embedding-3-large,3072
USR-036,2025-07-27,1456.6,0.0172,0.0371,0.878,4,USR-036_2025-07-27,text-embedding-3-large,3072
USR-036,2025-08-03,1399.3,0.0203,0.0374,0.975,3,USR-036_2025-08-03,text-embedding-3-large,3072
USR-036,2025-08-10,1519.2,0.0159,0.0374,0.903,2,USR-036_2025-08-10,text-embedding-3-large,3072
USR-036,2025-08-17,1547.8,0.0212,0.044,0.957,3,USR-036_2025-08-17,text-embedding-3-large,3072
USR-036,2025-08-24,1545.5,0.022,0.044,0.979,3,USR-036_2025-08-24,text-embedding-3-large,3072
USR-036,2025-08-31,1478.0,0.0208,0.037,0.972,4,USR-036_2025-08-31,text-embedding-3-large,3072
USR-036,2025-09-07,1535.0,0.0167,0.0458,0.942,7,USR-036_2025-09-07,text-embedding-3-large,3072
USR-036,2025-09-14,1402.4,0.0208,0.0362,0.928,4,USR-036_2025-09-14,text-embedding-3-large,3072
USR-036,2025-09-21,1498.5,0.0198,0.0355,0.966,4,USR-036_2025-09-21,text-embedding-3-large,3072
USR-036,2025-09-28,1402.0,0.0156,0.0326,0.947,4,USR-036_2025-09-28,text-embedding-3-large,3072
USR-036,2025-10-05,1544.0,0.0159,0.0464,0.963,4,USR-036_2025-10-05,text-embedding-3-large,3072
USR-036,2025-10-12,1514.4,0.0173,0.0347,0.893,5,USR-036_2025-10-12,text-embedding-3-large,3072
USR-036,2025-10-19,1388.4,0.0179,0.0324,0.99,2,USR-036_2025-10-19,text-embedding-3-large,3072
USR-036,2025-10-26,1596.2,0.0213,0.0307,0.868,4,USR-036_2025-10-26,text-embedding-3-large,3072
USR-036,2025-11-02,1356.4,0.0203,0.0349,0.945,1,USR-036_2025-11-02,text-embedding-3-large,3072
USR-036,2025-11-09,1524.7,0.0199,0.0348,0.9,5,USR-036_2025-11-09,text-embedding-3-large,3072
USR-036,2025-11-16,1369.8,0.0187,0.0415,0.905,2,USR-036_2025-11-16,text-embedding-3-large,3072
USR-036,2025-11-23,1545.1,0.0173,0.0406,0.921,2,USR-036_2025-11-23,text-embedding-3-large,3072
USR-036,2025-11-30,1275.6,0.0197,0.0507,0.953,5,USR-036_2025-11-30,text-embedding-3-large,3072
USR-036,2025-12-07,1486.9,0.0199,0.0406,0.929,4,USR-036_2025-12-07,text-embedding-3-large,3072
USR-036,2025-12-14,1416.3,0.0191,0.0361,0.915,4,USR-036_2025-12-14,text-embedding-3-large,3072
USR-036,2025-12-21,1423.4,0.0134,0.0436,0.926,3,USR-036_2025-12-21,text-embedding-3-large,3072
USR-036,2025-12-28,1511.0,0.0169,0.035,0.964,4,USR-036_2025-12-28,text-embedding-3-large,3072
USR-036,2026-01-04,1413.2,0.0169,0.0461,0.914,1,USR-036_2026-01-04,text-embedding-3-large,3072
USR-036,2026-01-11,1421.4,0.0189,0.0385,0.964,3,USR-036_2026-01-11,text-embedding-3-large,3072
USR-036,2026-01-18,1245.5,0.0187,0.0358,0.925,2,USR-036_2026-01-18,text-embedding-3-large,3072
USR-036,2026-01-25,1334.2,0.0188,0.0394,0.96,3,USR-036_2026-01-25,text-embedding-3-large,3072
USR-036,2026-02-01,1288.7,0.0175,0.0396,0.919,2,USR-036_2026-02-01,text-embedding-3-large,3072
USR-036,2026-02-08,1568.3,0.016,0.0468,0.918,5,USR-036_2026-02-08,text-embedding-3-large,3072
USR-036,2026-02-15,1585.4,0.0151,0.036,0.968,1,USR-036_2026-02-15,text-embedding-3-large,3072
USR-036,2026-02-22,1452.7,0.018,0.0379,0.963,6,USR-036_2026-02-22,text-embedding-3-large,3072
USR-036,2026-03-01,1347.1,0.0169,0.0463,0.924,3,USR-036_2026-03-01,text-embedding-3-large,3072
USR-036,2026-03-08,1351.2,0.0177,0.0374,0.947,2,USR-036_2026-03-08,text-embedding-3-large,3072
USR-036,2026-03-15,1380.7,0.0176,0.0366,0.94,3,USR-036_2026-03-15,text-embedding-3-large,3072
USR-036,2026-03-22,1471.7,0.0209,0.0403,0.94,1,USR-036_2026-03-22,text-embedding-3-large,3072
USR-036,2026-03-29,1376.0,0.0188,0.0477,0.931,3,USR-036_2026-03-29,text-embedding-3-large,3072
USR-036,2026-04-05,1430.3,0.0187,0.0444,0.935,3,USR-036_2026-04-05,text-embedding-3-large,3072
USR-036,2026-04-12,1293.8,0.0185,0.0423,0.934,1,USR-036_2026-04-12,text-embedding-3-large,3072
USR-036,2026-04-19,1358.8,0.0165,0.0391,0.99,5,USR-036_2026-04-19,text-embedding-3-large,3072
USR-036,2026-04-26,1356.1,0.017,0.047,0.942,5,USR-036_2026-04-26,text-embedding-3-large,3072
USR-036,2026-05-03,1447.0,0.0135,0.0484,0.966,2,USR-036_2026-05-03,text-embedding-3-large,3072
USR-036,2026-05-10,1343.0,0.0168,0.0443,0.921,2,USR-036_2026-05-10,text-embedding-3-large,3072
USR-036,2026-05-17,1273.3,0.0243,0.048,0.909,3,USR-036_2026-05-17,text-embedding-3-large,3072
USR-036,2026-05-24,1484.8,0.02,0.0415,0.945,4,USR-036_2026-05-24,text-embedding-3-large,3072
USR-036,2026-05-31,1279.4,0.0212,0.0431,0.928,4,USR-036_2026-05-31,text-embedding-3-large,3072
USR-036,2026-06-07,1418.9,0.0183,0.0362,0.957,2,USR-036_2026-06-07,text-embedding-3-large,3072
USR-036,2026-06-14,1405.4,0.0178,0.0492,0.95,3,USR-036_2026-06-14,text-embedding-3-large,3072
USR-036,2026-06-21,1131.8,0.0207,0.0352,0.986,2,USR-036_2026-06-21,text-embedding-3-large,3072
USR-037,2025-06-29,998.8,0.0288,0.0624,0.976,3,USR-037_2025-06-29,text-embedding-3-large,3072
USR-037,2025-07-06,1047.3,0.0278,0.0666,0.923,1,USR-037_2025-07-06,text-embedding-3-large,3072
USR-037,2025-07-13,1163.5,0.0279,0.0542,0.919,0,USR-037_2025-07-13,text-embedding-3-large,3072
USR-037,2025-07-20,1023.9,0.0239,0.064,0.95,0,USR-037_2025-07-20,text-embedding-3-large,3072
USR-037,2025-07-27,997.5,0.0248,0.058,0.927,1,USR-037_2025-07-27,text-embedding-3-large,3072
USR-037,2025-08-03,975.8,0.024,0.0519,0.963,2,USR-037_2025-08-03,text-embedding-3-large,3072
USR-037,2025-08-10,976.6,0.0258,0.0575,0.99,3,USR-037_2025-08-10,text-embedding-3-large,3072
USR-037,2025-08-17,1033.8,0.018,0.0643,0.923,0,USR-037_2025-08-17,text-embedding-3-large,3072
USR-037,2025-08-24,954.4,0.0274,0.0746,0.936,1,USR-037_2025-08-24,text-embedding-3-large,3072
USR-037,2025-08-31,1028.5,0.0265,0.0562,0.901,1,USR-037_2025-08-31,text-embedding-3-large,3072
USR-037,2025-09-07,1007.4,0.0271,0.0663,0.958,0,USR-037_2025-09-07,text-embedding-3-large,3072
USR-037,2025-09-14,877.0,0.0269,0.0598,0.946,2,USR-037_2025-09-14,text-embedding-3-large,3072
USR-037,2025-09-21,1030.3,0.0169,0.0552,0.954,1,USR-037_2025-09-21,text-embedding-3-large,3072
USR-037,2025-09-28,952.3,0.0286,0.0454,0.942,3,USR-037_2025-09-28,text-embedding-3-large,3072
USR-037,2025-10-05,1038.4,0.0209,0.0515,0.916,0,USR-037_2025-10-05,text-embedding-3-large,3072
USR-037,2025-10-12,1001.0,0.0241,0.0601,0.935,0,USR-037_2025-10-12,text-embedding-3-large,3072
USR-037,2025-10-19,1056.5,0.0231,0.0511,0.904,0,USR-037_2025-10-19,text-embedding-3-large,3072
USR-037,2025-10-26,1128.0,0.0222,0.0491,0.923,2,USR-037_2025-10-26,text-embedding-3-large,3072
USR-037,2025-11-02,1117.7,0.0268,0.0513,0.939,2,USR-037_2025-11-02,text-embedding-3-large,3072
USR-037,2025-11-09,1072.4,0.0234,0.0412,0.951,0,USR-037_2025-11-09,text-embedding-3-large,3072
USR-037,2025-11-16,1027.3,0.0229,0.0556,0.975,1,USR-037_2025-11-16,text-embedding-3-large,3072
USR-037,2025-11-23,975.1,0.0255,0.0482,0.944,0,USR-037_2025-11-23,text-embedding-3-large,3072
USR-037,2025-11-30,974.3,0.0268,0.0677,0.935,1,USR-037_2025-11-30,text-embedding-3-large,3072
USR-037,2025-12-07,1042.9,0.0241,0.0584,0.952,3,USR-037_2025-12-07,text-embedding-3-large,3072
USR-037,2025-12-14,1051.4,0.0213,0.064,0.937,1,USR-037_2025-12-14,text-embedding-3-large,3072
USR-037,2025-12-21,1078.3,0.0241,0.0618,0.948,3,USR-037_2025-12-21,text-embedding-3-large,3072
USR-037,2025-12-28,1086.8,0.0279,0.0655,0.964,0,USR-037_2025-12-28,text-embedding-3-large,3072
USR-037,2026-01-04,1041.5,0.0224,0.0495,0.971,0,USR-037_2026-01-04,text-embedding-3-large,3072
USR-037,2026-01-11,1127.4,0.0228,0.0561,0.946,0,USR-037_2026-01-11,text-embedding-3-large,3072
USR-037,2026-01-18,1004.7,0.0269,0.0568,0.941,1,USR-037_2026-01-18,text-embedding-3-large,3072
USR-037,2026-01-25,1026.4,0.0221,0.0759,0.935,0,USR-037_2026-01-25,text-embedding-3-large,3072
USR-037,2026-02-01,1016.6,0.0195,0.0534,0.942,2,USR-037_2026-02-01,text-embedding-3-large,3072
USR-037,2026-02-08,1004.3,0.0238,0.036,0.967,0,USR-037_2026-02-08,text-embedding-3-large,3072
USR-037,2026-02-15,1047.8,0.0262,0.0722,0.913,4,USR-037_2026-02-15,text-embedding-3-large,3072
USR-037,2026-02-22,1085.9,0.0269,0.0689,0.921,2,USR-037_2026-02-22,text-embedding-3-large,3072
USR-037,2026-03-01,993.0,0.0226,0.048,0.959,0,USR-037_2026-03-01,text-embedding-3-large,3072
USR-037,2026-03-08,1035.0,0.024,0.0488,0.913,1,USR-037_2026-03-08,text-embedding-3-large,3072
USR-037,2026-03-15,1061.5,0.0246,0.0635,0.958,1,USR-037_2026-03-15,text-embedding-3-large,3072
USR-037,2026-03-22,950.9,0.0265,0.05,0.935,1,USR-037_2026-03-22,text-embedding-3-large,3072
USR-037,2026-03-29,956.9,0.0204,0.065,0.924,0,USR-037_2026-03-29,text-embedding-3-large,3072
USR-037,2026-04-05,1091.4,0.0218,0.0507,0.945,1,USR-037_2026-04-05,text-embedding-3-large,3072
USR-037,2026-04-12,1030.0,0.0247,0.0554,0.92,1,USR-037_2026-04-12,text-embedding-3-large,3072
USR-037,2026-04-19,988.2,0.0197,0.0587,0.975,1,USR-037_2026-04-19,text-embedding-3-large,3072
USR-037,2026-04-26,1067.5,0.0239,0.0575,0.95,0,USR-037_2026-04-26,text-embedding-3-large,3072
USR-037,2026-05-03,1090.0,0.0281,0.0582,0.971,1,USR-037_2026-05-03,text-embedding-3-large,3072
USR-037,2026-05-10,900.2,0.0261,0.0805,0.974,2,USR-037_2026-05-10,text-embedding-3-large,3072
USR-037,2026-05-17,987.5,0.0208,0.0856,0.892,0,USR-037_2026-05-17,text-embedding-3-large,3072
USR-037,2026-05-24,1027.6,0.0265,0.0645,0.934,2,USR-037_2026-05-24,text-embedding-3-large,3072
USR-037,2026-05-31,985.6,0.0283,0.0687,0.95,1,USR-037_2026-05-31,text-embedding-3-large,3072
USR-037,2026-06-07,855.4,0.0219,0.0417,0.983,0,USR-037_2026-06-07,text-embedding-3-large,3072
USR-037,2026-06-14,1068.3,0.0249,0.069,0.986,0,USR-037_2026-06-14,text-embedding-3-large,3072
USR-037,2026-06-21,1048.1,0.0249,0.0666,0.92,1,USR-037_2026-06-21,text-embedding-3-large,3072
USR-038,2025-06-29,1869.1,0.0297,0.0578,0.912,1,USR-038_2025-06-29,text-embedding-3-large,3072
USR-038,2025-07-06,1750.3,0.0233,0.0731,0.97,1,USR-038_2025-07-06,text-embedding-3-large,3072
USR-038,2025-07-13,1716.9,0.023,0.0519,0.885,0,USR-038_2025-07-13,text-embedding-3-large,3072
USR-038,2025-07-20,1572.7,0.0254,0.0611,0.891,2,USR-038_2025-07-20,text-embedding-3-large,3072
USR-038,2025-07-27,1756.7,0.0237,0.0661,0.957,3,USR-038_2025-07-27,text-embedding-3-large,3072
USR-038,2025-08-03,1744.7,0.0242,0.0515,0.97,1,USR-038_2025-08-03,text-embedding-3-large,3072
USR-038,2025-08-10,1658.8,0.0263,0.0576,0.974,2,USR-038_2025-08-10,text-embedding-3-large,3072
USR-038,2025-08-17,1616.1,0.0208,0.0654,0.927,0,USR-038_2025-08-17,text-embedding-3-large,3072
USR-038,2025-08-24,1801.4,0.0235,0.0668,0.931,1,USR-038_2025-08-24,text-embedding-3-large,3072
USR-038,2025-08-31,1715.8,0.0214,0.0576,0.919,0,USR-038_2025-08-31,text-embedding-3-large,3072
USR-038,2025-09-07,1805.7,0.022,0.0553,0.983,2,USR-038_2025-09-07,text-embedding-3-large,3072
USR-038,2025-09-14,1760.5,0.0208,0.0695,0.919,1,USR-038_2025-09-14,text-embedding-3-large,3072
USR-038,2025-09-21,1933.7,0.0268,0.0631,0.952,2,USR-038_2025-09-21,text-embedding-3-large,3072
USR-038,2025-09-28,1722.7,0.0261,0.0676,0.99,0,USR-038_2025-09-28,text-embedding-3-large,3072
USR-038,2025-10-05,1769.6,0.0222,0.065,0.945,2,USR-038_2025-10-05,text-embedding-3-large,3072
USR-038,2025-10-12,1841.0,0.017,0.0427,0.972,2,USR-038_2025-10-12,text-embedding-3-large,3072
USR-038,2025-10-19,1518.6,0.0217,0.0446,0.96,3,USR-038_2025-10-19,text-embedding-3-large,3072
USR-038,2025-10-26,1681.6,0.0217,0.0494,0.934,0,USR-038_2025-10-26,text-embedding-3-large,3072
USR-038,2025-11-02,1773.2,0.0284,0.0513,0.99,0,USR-038_2025-11-02,text-embedding-3-large,3072
USR-038,2025-11-09,1733.4,0.0224,0.0665,0.915,3,USR-038_2025-11-09,text-embedding-3-large,3072
USR-038,2025-11-16,1585.8,0.0265,0.0693,0.934,0,USR-038_2025-11-16,text-embedding-3-large,3072
USR-038,2025-11-23,1847.7,0.0261,0.0568,0.904,0,USR-038_2025-11-23,text-embedding-3-large,3072
USR-038,2025-11-30,1619.8,0.0279,0.0721,0.956,0,USR-038_2025-11-30,text-embedding-3-large,3072
USR-038,2025-12-07,1835.8,0.0226,0.0442,0.912,1,USR-038_2025-12-07,text-embedding-3-large,3072
USR-038,2025-12-14,1724.2,0.0233,0.0654,0.931,0,USR-038_2025-12-14,text-embedding-3-large,3072
USR-038,2025-12-21,1795.4,0.0252,0.0557,0.978,0,USR-038_2025-12-21,text-embedding-3-large,3072
USR-038,2025-12-28,1723.5,0.029,0.0626,0.927,0,USR-038_2025-12-28,text-embedding-3-large,3072
USR-038,2026-01-04,1674.4,0.0207,0.0685,0.915,2,USR-038_2026-01-04,text-embedding-3-large,3072
USR-038,2026-01-11,1789.7,0.0214,0.0578,0.909,1,USR-038_2026-01-11,text-embedding-3-large,3072
USR-038,2026-01-18,1546.6,0.022,0.0528,0.935,0,USR-038_2026-01-18,text-embedding-3-large,3072
USR-038,2026-01-25,1796.0,0.0237,0.0585,0.95,2,USR-038_2026-01-25,text-embedding-3-large,3072
USR-038,2026-02-01,1825.8,0.0251,0.049,0.919,1,USR-038_2026-02-01,text-embedding-3-large,3072
USR-038,2026-02-08,1780.2,0.0296,0.0519,0.913,0,USR-038_2026-02-08,text-embedding-3-large,3072
USR-038,2026-02-15,1844.4,0.0295,0.0457,0.978,1,USR-038_2026-02-15,text-embedding-3-large,3072
USR-038,2026-02-22,1556.6,0.0234,0.0568,0.947,0,USR-038_2026-02-22,text-embedding-3-large,3072
USR-038,2026-03-01,1656.5,0.0225,0.0672,0.956,2,USR-038_2026-03-01,text-embedding-3-large,3072
USR-038,2026-03-08,1868.8,0.023,0.0472,0.944,0,USR-038_2026-03-08,text-embedding-3-large,3072
USR-038,2026-03-15,1690.6,0.0218,0.0621,0.959,0,USR-038_2026-03-15,text-embedding-3-large,3072
USR-038,2026-03-22,1697.5,0.0257,0.0713,0.959,1,USR-038_2026-03-22,text-embedding-3-large,3072
USR-038,2026-03-29,1617.6,0.0271,0.0711,0.897,1,USR-038_2026-03-29,text-embedding-3-large,3072
USR-038,2026-04-05,1774.9,0.0249,0.0604,0.945,2,USR-038_2026-04-05,text-embedding-3-large,3072
USR-038,2026-04-12,1657.7,0.0218,0.0593,0.94,0,USR-038_2026-04-12,text-embedding-3-large,3072
USR-038,2026-04-19,1807.1,0.0238,0.0497,0.942,0,USR-038_2026-04-19,text-embedding-3-large,3072
USR-038,2026-04-26,1797.6,0.0194,0.0521,0.895,1,USR-038_2026-04-26,text-embedding-3-large,3072
USR-038,2026-05-03,1625.3,0.0256,0.0534,0.924,2,USR-038_2026-05-03,text-embedding-3-large,3072
USR-038,2026-05-10,1770.1,0.0179,0.0545,0.921,0,USR-038_2026-05-10,text-embedding-3-large,3072
USR-038,2026-05-17,1816.6,0.0237,0.065,0.945,3,USR-038_2026-05-17,text-embedding-3-large,3072
USR-038,2026-05-24,1597.0,0.0231,0.0503,0.953,0,USR-038_2026-05-24,text-embedding-3-large,3072
USR-038,2026-05-31,1688.9,0.0255,0.0578,0.882,1,USR-038_2026-05-31,text-embedding-3-large,3072
USR-038,2026-06-07,1519.2,0.0269,0.0654,0.954,0,USR-038_2026-06-07,text-embedding-3-large,3072
USR-038,2026-06-14,1666.6,0.0246,0.0566,0.913,2,USR-038_2026-06-14,text-embedding-3-large,3072
USR-038,2026-06-21,1705.6,0.0298,0.0676,0.945,0,USR-038_2026-06-21,text-embedding-3-large,3072
USR-039,2025-06-29,1067.5,0.0165,0.0419,0.923,4,USR-039_2025-06-29,text-embedding-3-large,3072
USR-039,2025-07-06,924.6,0.0122,0.0466,0.934,5,USR-039_2025-07-06,text-embedding-3-large,3072
USR-039,2025-07-13,996.3,0.0175,0.0405,0.969,2,USR-039_2025-07-13,text-embedding-3-large,3072
USR-039,2025-07-20,968.2,0.0191,0.0412,0.925,5,USR-039_2025-07-20,text-embedding-3-large,3072
USR-039,2025-07-27,1008.6,0.0204,0.0375,0.982,2,USR-039_2025-07-27,text-embedding-3-large,3072
USR-039,2025-08-03,1056.8,0.018,0.0417,0.93,0,USR-039_2025-08-03,text-embedding-3-large,3072
USR-039,2025-08-10,1014.4,0.0178,0.037,0.936,4,USR-039_2025-08-10,text-embedding-3-large,3072
USR-039,2025-08-17,1076.1,0.0158,0.0287,0.987,4,USR-039_2025-08-17,text-embedding-3-large,3072
USR-039,2025-08-24,1084.9,0.0164,0.0264,0.955,1,USR-039_2025-08-24,text-embedding-3-large,3072
USR-039,2025-08-31,928.7,0.0197,0.0318,0.885,1,USR-039_2025-08-31,text-embedding-3-large,3072
USR-039,2025-09-07,1153.8,0.0166,0.0499,0.972,2,USR-039_2025-09-07,text-embedding-3-large,3072
USR-039,2025-09-14,1015.5,0.0195,0.0398,0.944,5,USR-039_2025-09-14,text-embedding-3-large,3072
USR-039,2025-09-21,1084.1,0.0138,0.034,0.925,3,USR-039_2025-09-21,text-embedding-3-large,3072
USR-039,2025-09-28,998.9,0.0153,0.0447,0.937,6,USR-039_2025-09-28,text-embedding-3-large,3072
USR-039,2025-10-05,1129.4,0.0194,0.0484,0.981,4,USR-039_2025-10-05,text-embedding-3-large,3072
USR-039,2025-10-12,973.3,0.02,0.0394,0.99,5,USR-039_2025-10-12,text-embedding-3-large,3072
USR-039,2025-10-19,1015.5,0.0164,0.0365,0.956,5,USR-039_2025-10-19,text-embedding-3-large,3072
USR-039,2025-10-26,983.1,0.0223,0.0517,0.936,1,USR-039_2025-10-26,text-embedding-3-large,3072
USR-039,2025-11-02,1013.7,0.0225,0.0378,0.913,2,USR-039_2025-11-02,text-embedding-3-large,3072
USR-039,2025-11-09,1040.5,0.0202,0.0396,0.99,3,USR-039_2025-11-09,text-embedding-3-large,3072
USR-039,2025-11-16,1038.2,0.0216,0.0343,0.91,2,USR-039_2025-11-16,text-embedding-3-large,3072
USR-039,2025-11-23,1099.9,0.0178,0.0413,0.95,4,USR-039_2025-11-23,text-embedding-3-large,3072
USR-039,2025-11-30,936.1,0.0176,0.0422,0.918,3,USR-039_2025-11-30,text-embedding-3-large,3072
USR-039,2025-12-07,1008.5,0.0188,0.0389,0.932,2,USR-039_2025-12-07,text-embedding-3-large,3072
USR-039,2025-12-14,1094.0,0.0211,0.0382,0.928,3,USR-039_2025-12-14,text-embedding-3-large,3072
USR-039,2025-12-21,1073.0,0.0182,0.0419,0.901,1,USR-039_2025-12-21,text-embedding-3-large,3072
USR-039,2025-12-28,1065.0,0.0139,0.04,0.887,3,USR-039_2025-12-28,text-embedding-3-large,3072
USR-039,2026-01-04,912.7,0.0178,0.0402,0.98,2,USR-039_2026-01-04,text-embedding-3-large,3072
USR-039,2026-01-11,1118.2,0.0182,0.0456,0.939,3,USR-039_2026-01-11,text-embedding-3-large,3072
USR-039,2026-01-18,964.2,0.0134,0.0434,0.921,3,USR-039_2026-01-18,text-embedding-3-large,3072
USR-039,2026-01-25,1046.5,0.0144,0.0411,0.96,3,USR-039_2026-01-25,text-embedding-3-large,3072
USR-039,2026-02-01,981.9,0.0143,0.0353,0.99,2,USR-039_2026-02-01,text-embedding-3-large,3072
USR-039,2026-02-08,1080.8,0.0202,0.0434,0.936,2,USR-039_2026-02-08,text-embedding-3-large,3072
USR-039,2026-02-15,1062.8,0.0203,0.042,0.98,7,USR-039_2026-02-15,text-embedding-3-large,3072
USR-039,2026-02-22,1100.5,0.0168,0.0353,0.978,0,USR-039_2026-02-22,text-embedding-3-large,3072
USR-039,2026-03-01,1046.2,0.0184,0.0382,0.898,9,USR-039_2026-03-01,text-embedding-3-large,3072
USR-039,2026-03-08,1011.4,0.0147,0.0294,0.925,7,USR-039_2026-03-08,text-embedding-3-large,3072
USR-039,2026-03-15,1014.8,0.0195,0.0351,0.988,4,USR-039_2026-03-15,text-embedding-3-large,3072
USR-039,2026-03-22,1135.0,0.017,0.0392,0.974,2,USR-039_2026-03-22,text-embedding-3-large,3072
USR-039,2026-03-29,1046.5,0.0149,0.0288,0.978,4,USR-039_2026-03-29,text-embedding-3-large,3072
USR-039,2026-04-05,1021.6,0.0201,0.0486,0.901,4,USR-039_2026-04-05,text-embedding-3-large,3072
USR-039,2026-04-12,992.1,0.0186,0.0333,0.98,2,USR-039_2026-04-12,text-embedding-3-large,3072
USR-039,2026-04-19,1096.0,0.0186,0.0504,0.975,4,USR-039_2026-04-19,text-embedding-3-large,3072
USR-039,2026-04-26,934.1,0.0151,0.0369,0.9,4,USR-039_2026-04-26,text-embedding-3-large,3072
USR-039,2026-05-03,981.1,0.0173,0.0359,0.947,0,USR-039_2026-05-03,text-embedding-3-large,3072
USR-039,2026-05-10,1091.9,0.0168,0.0301,0.94,0,USR-039_2026-05-10,text-embedding-3-large,3072
USR-039,2026-05-17,1054.2,0.0198,0.0358,0.924,2,USR-039_2026-05-17,text-embedding-3-large,3072
USR-039,2026-05-24,1071.8,0.0146,0.034,0.942,0,USR-039_2026-05-24,text-embedding-3-large,3072
USR-039,2026-05-31,1051.0,0.0175,0.0328,0.949,2,USR-039_2026-05-31,text-embedding-3-large,3072
USR-039,2026-06-07,1057.4,0.018,0.0386,0.926,4,USR-039_2026-06-07,text-embedding-3-large,3072
USR-039,2026-06-14,967.3,0.0183,0.0461,0.933,5,USR-039_2026-06-14,text-embedding-3-large,3072
USR-039,2026-06-21,1015.8,0.019,0.0425,0.97,3,USR-039_2026-06-21,text-embedding-3-large,3072
USR-040,2025-06-29,1669.7,0.0169,0.0421,0.953,2,USR-040_2025-06-29,text-embedding-3-large,3072
USR-040,2025-07-06,1348.1,0.0208,0.0374,0.952,5,USR-040_2025-07-06,text-embedding-3-large,3072
USR-040,2025-07-13,1448.3,0.0164,0.0452,0.989,2,USR-040_2025-07-13,text-embedding-3-large,3072
USR-040,2025-07-20,1536.8,0.0145,0.042,0.951,4,USR-040_2025-07-20,text-embedding-3-large,3072
USR-040,2025-07-27,1353.9,0.0194,0.0431,0.964,2,USR-040_2025-07-27,text-embedding-3-large,3072
USR-040,2025-08-03,1380.6,0.0186,0.042,0.963,3,USR-040_2025-08-03,text-embedding-3-large,3072
USR-040,2025-08-10,1419.7,0.0235,0.0411,0.923,2,USR-040_2025-08-10,text-embedding-3-large,3072
USR-040,2025-08-17,1430.7,0.0191,0.0489,0.93,2,USR-040_2025-08-17,text-embedding-3-large,3072
USR-040,2025-08-24,1467.4,0.016,0.038,0.97,2,USR-040_2025-08-24,text-embedding-3-large,3072
USR-040,2025-08-31,1418.9,0.0174,0.0374,0.99,2,USR-040_2025-08-31,text-embedding-3-large,3072
USR-040,2025-09-07,1483.3,0.017,0.0397,0.928,6,USR-040_2025-09-07,text-embedding-3-large,3072
USR-040,2025-09-14,1539.1,0.0209,0.043,0.945,4,USR-040_2025-09-14,text-embedding-3-large,3072
USR-040,2025-09-21,1523.3,0.0145,0.0443,0.932,4,USR-040_2025-09-21,text-embedding-3-large,3072
USR-040,2025-09-28,1314.7,0.0203,0.0364,0.928,6,USR-040_2025-09-28,text-embedding-3-large,3072
USR-040,2025-10-05,1457.9,0.0115,0.0402,0.969,2,USR-040_2025-10-05,text-embedding-3-large,3072
USR-040,2025-10-12,1505.8,0.0128,0.0264,0.95,2,USR-040_2025-10-12,text-embedding-3-large,3072
USR-040,2025-10-19,1454.2,0.0184,0.0348,0.948,2,USR-040_2025-10-19,text-embedding-3-large,3072
USR-040,2025-10-26,1416.2,0.0161,0.0389,0.868,2,USR-040_2025-10-26,text-embedding-3-large,3072
USR-040,2025-11-02,1435.3,0.0187,0.0319,0.903,2,USR-040_2025-11-02,text-embedding-3-large,3072
USR-040,2025-11-09,1489.7,0.0157,0.0388,0.952,0,USR-040_2025-11-09,text-embedding-3-large,3072
USR-040,2025-11-16,1439.4,0.017,0.0356,0.933,2,USR-040_2025-11-16,text-embedding-3-large,3072
USR-040,2025-11-23,1287.6,0.0176,0.0467,0.944,6,USR-040_2025-11-23,text-embedding-3-large,3072
USR-040,2025-11-30,1538.3,0.0206,0.0398,0.944,2,USR-040_2025-11-30,text-embedding-3-large,3072
USR-040,2025-12-07,1325.6,0.0199,0.0503,0.99,2,USR-040_2025-12-07,text-embedding-3-large,3072
USR-040,2025-12-14,1482.4,0.0194,0.0326,0.957,1,USR-040_2025-12-14,text-embedding-3-large,3072
USR-040,2025-12-21,1443.1,0.018,0.0396,0.934,6,USR-040_2025-12-21,text-embedding-3-large,3072
USR-040,2025-12-28,1347.6,0.0221,0.0324,0.984,2,USR-040_2025-12-28,text-embedding-3-large,3072
USR-040,2026-01-04,1439.1,0.0162,0.0391,0.935,8,USR-040_2026-01-04,text-embedding-3-large,3072
USR-040,2026-01-11,1423.8,0.0203,0.0458,0.951,3,USR-040_2026-01-11,text-embedding-3-large,3072
USR-040,2026-01-18,1480.9,0.0181,0.0415,0.943,6,USR-040_2026-01-18,text-embedding-3-large,3072
USR-040,2026-01-25,1387.4,0.0213,0.0436,0.974,5,USR-040_2026-01-25,text-embedding-3-large,3072
USR-040,2026-02-01,1355.7,0.0205,0.0329,0.987,2,USR-040_2026-02-01,text-embedding-3-large,3072
USR-040,2026-02-08,1551.8,0.018,0.0411,0.931,2,USR-040_2026-02-08,text-embedding-3-large,3072
USR-040,2026-02-15,1333.7,0.0215,0.0404,0.946,3,USR-040_2026-02-15,text-embedding-3-large,3072
USR-040,2026-02-22,1317.0,0.0199,0.0516,0.918,5,USR-040_2026-02-22,text-embedding-3-large,3072
USR-040,2026-03-01,1360.0,0.0185,0.0329,0.918,1,USR-040_2026-03-01,text-embedding-3-large,3072
USR-040,2026-03-08,1509.5,0.0175,0.0324,0.92,3,USR-040_2026-03-08,text-embedding-3-large,3072
USR-040,2026-03-15,1331.6,0.0165,0.0432,0.888,4,USR-040_2026-03-15,text-embedding-3-large,3072
USR-040,2026-03-22,1405.6,0.0186,0.0431,0.947,2,USR-040_2026-03-22,text-embedding-3-large,3072
USR-040,2026-03-29,1443.2,0.0145,0.0397,0.955,0,USR-040_2026-03-29,text-embedding-3-large,3072
USR-040,2026-04-05,1481.7,0.019,0.0381,0.969,3,USR-040_2026-04-05,text-embedding-3-large,3072
USR-040,2026-04-12,1418.8,0.0143,0.0366,0.937,4,USR-040_2026-04-12,text-embedding-3-large,3072
USR-040,2026-04-19,1282.9,0.0178,0.0556,0.945,5,USR-040_2026-04-19,text-embedding-3-large,3072
USR-040,2026-04-26,1556.2,0.0218,0.0415,0.966,3,USR-040_2026-04-26,text-embedding-3-large,3072
USR-040,2026-05-03,1484.5,0.0141,0.0277,0.903,3,USR-040_2026-05-03,text-embedding-3-large,3072
USR-040,2026-05-10,1575.8,0.0145,0.038,0.939,4,USR-040_2026-05-10,text-embedding-3-large,3072
USR-040,2026-05-17,1348.2,0.0177,0.0355,0.952,1,USR-040_2026-05-17,text-embedding-3-large,3072
USR-040,2026-05-24,1431.5,0.0172,0.0339,0.892,4,USR-040_2026-05-24,text-embedding-3-large,3072
USR-040,2026-05-31,1429.6,0.0192,0.035,0.968,0,USR-040_2026-05-31,text-embedding-3-large,3072
USR-040,2026-06-07,1486.6,0.0173,0.0396,0.966,4,USR-040_2026-06-07,text-embedding-3-large,3072
USR-040,2026-06-14,1420.4,0.0178,0.0381,0.969,6,USR-040_2026-06-14,text-embedding-3-large,3072
USR-040,2026-06-21,1457.8,0.0176,0.0465,0.931,4,USR-040_2026-06-21,text-embedding-3-large,3072
USR-041,2025-06-29,2811.5,0.0202,0.0587,0.957,2,USR-041_2025-06-29,text-embedding-3-large,3072
USR-041,2025-07-06,2371.0,0.0221,0.0812,0.977,1,USR-041_2025-07-06,text-embedding-3-large,3072
USR-041,2025-07-13,2396.8,0.0242,0.0787,0.865,0,USR-041_2025-07-13,text-embedding-3-large,3072
USR-041,2025-07-20,2243.4,0.0179,0.0703,0.955,1,USR-041_2025-07-20,text-embedding-3-large,3072
USR-041,2025-07-27,2496.3,0.0176,0.096,0.945,1,USR-041_2025-07-27,text-embedding-3-large,3072
USR-041,2025-08-03,2671.7,0.0183,0.0796,0.921,0,USR-041_2025-08-03,text-embedding-3-large,3072
USR-041,2025-08-10,2480.8,0.0237,0.0792,0.961,0,USR-041_2025-08-10,text-embedding-3-large,3072
USR-041,2025-08-17,2521.9,0.0265,0.0628,0.935,0,USR-041_2025-08-17,text-embedding-3-large,3072
USR-041,2025-08-24,2432.7,0.0263,0.0668,0.965,1,USR-041_2025-08-24,text-embedding-3-large,3072
USR-041,2025-08-31,2756.4,0.0221,0.0821,0.943,1,USR-041_2025-08-31,text-embedding-3-large,3072
USR-041,2025-09-07,2774.5,0.0262,0.0759,0.905,0,USR-041_2025-09-07,text-embedding-3-large,3072
USR-041,2025-09-14,2349.7,0.0246,0.0727,0.933,1,USR-041_2025-09-14,text-embedding-3-large,3072
USR-041,2025-09-21,2516.5,0.0247,0.086,0.953,0,USR-041_2025-09-21,text-embedding-3-large,3072
USR-041,2025-09-28,2445.1,0.0232,0.0481,0.89,1,USR-041_2025-09-28,text-embedding-3-large,3072
USR-041,2025-10-05,2410.6,0.019,0.073,0.906,2,USR-041_2025-10-05,text-embedding-3-large,3072
USR-041,2025-10-12,2656.9,0.0225,0.064,0.935,2,USR-041_2025-10-12,text-embedding-3-large,3072
USR-041,2025-10-19,2314.7,0.0199,0.0724,0.959,1,USR-041_2025-10-19,text-embedding-3-large,3072
USR-041,2025-10-26,2206.4,0.021,0.0564,0.952,1,USR-041_2025-10-26,text-embedding-3-large,3072
USR-041,2025-11-02,2640.8,0.0238,0.0652,0.912,1,USR-041_2025-11-02,text-embedding-3-large,3072
USR-041,2025-11-09,2363.1,0.0217,0.0712,0.923,1,USR-041_2025-11-09,text-embedding-3-large,3072
USR-041,2025-11-16,2616.8,0.0214,0.0639,0.968,0,USR-041_2025-11-16,text-embedding-3-large,3072
USR-041,2025-11-23,2372.4,0.0198,0.0912,0.906,3,USR-041_2025-11-23,text-embedding-3-large,3072
USR-041,2025-11-30,2672.3,0.0184,0.0659,0.915,4,USR-041_2025-11-30,text-embedding-3-large,3072
USR-041,2025-12-07,2595.5,0.0228,0.0776,0.928,1,USR-041_2025-12-07,text-embedding-3-large,3072
USR-041,2025-12-14,2617.6,0.0205,0.0766,0.924,1,USR-041_2025-12-14,text-embedding-3-large,3072
USR-041,2025-12-21,2506.0,0.0182,0.0767,0.967,1,USR-041_2025-12-21,text-embedding-3-large,3072
USR-041,2025-12-28,2536.7,0.0178,0.0699,0.944,3,USR-041_2025-12-28,text-embedding-3-large,3072
USR-041,2026-01-04,2403.1,0.0208,0.0836,0.958,0,USR-041_2026-01-04,text-embedding-3-large,3072
USR-041,2026-01-11,2373.0,0.0228,0.0826,0.973,0,USR-041_2026-01-11,text-embedding-3-large,3072
USR-041,2026-01-18,2478.9,0.02,0.0747,0.961,1,USR-041_2026-01-18,text-embedding-3-large,3072
USR-041,2026-01-25,2462.6,0.0203,0.0588,0.962,1,USR-041_2026-01-25,text-embedding-3-large,3072
USR-041,2026-02-01,2456.9,0.0181,0.0577,0.972,0,USR-041_2026-02-01,text-embedding-3-large,3072
USR-041,2026-02-08,2520.8,0.0229,0.0637,0.978,0,USR-041_2026-02-08,text-embedding-3-large,3072
USR-041,2026-02-15,2682.6,0.019,0.0652,0.954,1,USR-041_2026-02-15,text-embedding-3-large,3072
USR-041,2026-02-22,2385.5,0.0223,0.0649,0.938,0,USR-041_2026-02-22,text-embedding-3-large,3072
USR-041,2026-03-01,2589.4,0.0203,0.0767,0.961,0,USR-041_2026-03-01,text-embedding-3-large,3072
USR-041,2026-03-08,2423.9,0.0159,0.0722,0.939,3,USR-041_2026-03-08,text-embedding-3-large,3072
USR-041,2026-03-15,2442.4,0.0222,0.0635,0.933,0,USR-041_2026-03-15,text-embedding-3-large,3072
USR-041,2026-03-22,2469.3,0.0205,0.0794,0.99,2,USR-041_2026-03-22,text-embedding-3-large,3072
USR-041,2026-03-29,2548.0,0.0263,0.0615,0.921,1,USR-041_2026-03-29,text-embedding-3-large,3072
USR-041,2026-04-05,2297.9,0.0185,0.0696,0.937,0,USR-041_2026-04-05,text-embedding-3-large,3072
USR-041,2026-04-12,2572.2,0.019,0.0722,0.889,0,USR-041_2026-04-12,text-embedding-3-large,3072
USR-041,2026-04-19,2361.5,0.0176,0.0708,0.977,1,USR-041_2026-04-19,text-embedding-3-large,3072
USR-041,2026-04-26,2281.5,0.0216,0.0614,0.899,1,USR-041_2026-04-26,text-embedding-3-large,3072
USR-041,2026-05-03,2413.2,0.0171,0.0759,0.953,3,USR-041_2026-05-03,text-embedding-3-large,3072
USR-041,2026-05-10,2523.4,0.0228,0.0872,0.901,0,USR-041_2026-05-10,text-embedding-3-large,3072
USR-041,2026-05-17,2526.1,0.0199,0.0687,0.918,2,USR-041_2026-05-17,text-embedding-3-large,3072
USR-041,2026-05-24,2281.0,0.0203,0.0662,0.933,2,USR-041_2026-05-24,text-embedding-3-large,3072
USR-041,2026-05-31,2254.5,0.0226,0.0626,0.946,1,USR-041_2026-05-31,text-embedding-3-large,3072
USR-041,2026-06-07,2414.3,0.0216,0.092,0.888,2,USR-041_2026-06-07,text-embedding-3-large,3072
USR-041,2026-06-14,2505.0,0.0229,0.0778,0.975,0,USR-041_2026-06-14,text-embedding-3-large,3072
USR-041,2026-06-21,2473.1,0.0216,0.0584,0.966,2,USR-041_2026-06-21,text-embedding-3-large,3072
USR-042,2025-06-29,2026.8,0.0212,0.0455,0.99,3,USR-042_2025-06-29,text-embedding-3-large,3072
USR-042,2025-07-06,1838.0,0.0179,0.0363,0.952,3,USR-042_2025-07-06,text-embedding-3-large,3072
USR-042,2025-07-13,2116.4,0.0188,0.0383,0.918,1,USR-042_2025-07-13,text-embedding-3-large,3072
USR-042,2025-07-20,1835.5,0.0168,0.0334,0.9,2,USR-042_2025-07-20,text-embedding-3-large,3072
USR-042,2025-07-27,1867.2,0.0169,0.0365,0.99,2,USR-042_2025-07-27,text-embedding-3-large,3072
USR-042,2025-08-03,1762.0,0.0185,0.0328,0.935,3,USR-042_2025-08-03,text-embedding-3-large,3072
USR-042,2025-08-10,1833.7,0.0178,0.0446,0.929,2,USR-042_2025-08-10,text-embedding-3-large,3072
USR-042,2025-08-17,1946.8,0.0176,0.0397,0.913,6,USR-042_2025-08-17,text-embedding-3-large,3072
USR-042,2025-08-24,2428.0,0.0212,0.0328,0.949,3,USR-042_2025-08-24,text-embedding-3-large,3072
USR-042,2025-08-31,2036.4,0.0189,0.0327,0.946,3,USR-042_2025-08-31,text-embedding-3-large,3072
USR-042,2025-09-07,2078.8,0.0169,0.0331,0.989,2,USR-042_2025-09-07,text-embedding-3-large,3072
USR-042,2025-09-14,1937.9,0.0175,0.0339,0.92,3,USR-042_2025-09-14,text-embedding-3-large,3072
USR-042,2025-09-21,1884.2,0.0155,0.0442,0.962,3,USR-042_2025-09-21,text-embedding-3-large,3072
USR-042,2025-09-28,2072.6,0.0173,0.033,0.948,3,USR-042_2025-09-28,text-embedding-3-large,3072
USR-042,2025-10-05,2018.3,0.0167,0.0396,0.925,4,USR-042_2025-10-05,text-embedding-3-large,3072
USR-042,2025-10-12,1944.9,0.0156,0.0371,0.903,1,USR-042_2025-10-12,text-embedding-3-large,3072
USR-042,2025-10-19,1922.0,0.0159,0.0468,0.944,4,USR-042_2025-10-19,text-embedding-3-large,3072
USR-042,2025-10-26,1733.5,0.0178,0.0433,0.901,1,USR-042_2025-10-26,text-embedding-3-large,3072
USR-042,2025-11-02,1915.3,0.0181,0.0424,0.893,1,USR-042_2025-11-02,text-embedding-3-large,3072
USR-042,2025-11-09,2125.1,0.019,0.0497,0.921,3,USR-042_2025-11-09,text-embedding-3-large,3072
USR-042,2025-11-16,2005.0,0.0178,0.0363,0.931,2,USR-042_2025-11-16,text-embedding-3-large,3072
USR-042,2025-11-23,1973.7,0.0191,0.0322,0.884,5,USR-042_2025-11-23,text-embedding-3-large,3072
USR-042,2025-11-30,2321.0,0.0219,0.0444,0.927,2,USR-042_2025-11-30,text-embedding-3-large,3072
USR-042,2025-12-07,2212.3,0.02,0.0397,0.919,4,USR-042_2025-12-07,text-embedding-3-large,3072
USR-042,2025-12-14,1856.9,0.0185,0.0504,0.95,2,USR-042_2025-12-14,text-embedding-3-large,3072
USR-042,2025-12-21,2071.2,0.0181,0.0337,0.947,1,USR-042_2025-12-21,text-embedding-3-large,3072
USR-042,2025-12-28,2025.8,0.0202,0.0372,0.934,2,USR-042_2025-12-28,text-embedding-3-large,3072
USR-042,2026-01-04,2096.0,0.017,0.0368,0.973,3,USR-042_2026-01-04,text-embedding-3-large,3072
USR-042,2026-01-11,1941.8,0.0185,0.0428,0.946,3,USR-042_2026-01-11,text-embedding-3-large,3072
USR-042,2026-01-18,2014.1,0.0198,0.0442,0.967,3,USR-042_2026-01-18,text-embedding-3-large,3072
USR-042,2026-01-25,2052.9,0.0162,0.043,0.918,4,USR-042_2026-01-25,text-embedding-3-large,3072
USR-042,2026-02-01,1932.6,0.0192,0.0413,0.969,5,USR-042_2026-02-01,text-embedding-3-large,3072
USR-042,2026-02-08,1816.7,0.0186,0.0335,0.939,1,USR-042_2026-02-08,text-embedding-3-large,3072
USR-042,2026-02-15,1914.5,0.0173,0.0419,0.931,2,USR-042_2026-02-15,text-embedding-3-large,3072
USR-042,2026-02-22,1984.5,0.0174,0.0353,0.956,3,USR-042_2026-02-22,text-embedding-3-large,3072
USR-042,2026-03-01,2028.8,0.0194,0.0415,0.948,4,USR-042_2026-03-01,text-embedding-3-large,3072
USR-042,2026-03-08,1984.8,0.0161,0.0265,0.949,5,USR-042_2026-03-08,text-embedding-3-large,3072
USR-042,2026-03-15,2071.2,0.0166,0.0357,0.955,3,USR-042_2026-03-15,text-embedding-3-large,3072
USR-042,2026-03-22,1985.2,0.0178,0.0355,0.933,4,USR-042_2026-03-22,text-embedding-3-large,3072
USR-042,2026-03-29,1862.2,0.0194,0.0417,0.924,2,USR-042_2026-03-29,text-embedding-3-large,3072
USR-042,2026-04-05,2064.0,0.0142,0.0422,0.931,0,USR-042_2026-04-05,text-embedding-3-large,3072
USR-042,2026-04-12,1956.3,0.0199,0.0465,0.9,3,USR-042_2026-04-12,text-embedding-3-large,3072
USR-042,2026-04-19,1885.9,0.0192,0.0226,0.962,2,USR-042_2026-04-19,text-embedding-3-large,3072
USR-042,2026-04-26,1885.1,0.0159,0.0383,0.924,3,USR-042_2026-04-26,text-embedding-3-large,3072
USR-042,2026-05-03,1871.8,0.0227,0.0367,0.955,4,USR-042_2026-05-03,text-embedding-3-large,3072
USR-042,2026-05-10,2124.8,0.0217,0.0328,0.976,3,USR-042_2026-05-10,text-embedding-3-large,3072
USR-042,2026-05-17,1894.0,0.019,0.0403,0.963,1,USR-042_2026-05-17,text-embedding-3-large,3072
USR-042,2026-05-24,1959.2,0.0113,0.0375,0.959,0,USR-042_2026-05-24,text-embedding-3-large,3072
USR-042,2026-05-31,2169.1,0.0186,0.0445,0.959,6,USR-042_2026-05-31,text-embedding-3-large,3072
USR-042,2026-06-07,1961.5,0.0198,0.0376,0.922,0,USR-042_2026-06-07,text-embedding-3-large,3072
USR-042,2026-06-14,2072.5,0.0187,0.0451,0.968,5,USR-042_2026-06-14,text-embedding-3-large,3072
USR-042,2026-06-21,2047.8,0.02,0.0399,0.982,2,USR-042_2026-06-21,text-embedding-3-large,3072
USR-043,2025-06-29,1423.7,0.0281,0.0448,0.914,1,USR-043_2025-06-29,text-embedding-3-large,3072
USR-043,2025-07-06,1342.1,0.0299,0.0558,0.941,1,USR-043_2025-07-06,text-embedding-3-large,3072
USR-043,2025-07-13,1236.2,0.0291,0.0519,0.953,2,USR-043_2025-07-13,text-embedding-3-large,3072
USR-043,2025-07-20,1388.0,0.0255,0.0507,0.968,0,USR-043_2025-07-20,text-embedding-3-large,3072
USR-043,2025-07-27,1419.0,0.0202,0.0479,0.941,4,USR-043_2025-07-27,text-embedding-3-large,3072
USR-043,2025-08-03,1449.2,0.0243,0.0588,0.943,0,USR-043_2025-08-03,text-embedding-3-large,3072
USR-043,2025-08-10,1232.4,0.0248,0.0586,0.954,2,USR-043_2025-08-10,text-embedding-3-large,3072
USR-043,2025-08-17,1235.3,0.0248,0.0504,0.939,1,USR-043_2025-08-17,text-embedding-3-large,3072
USR-043,2025-08-24,1424.9,0.0199,0.0606,0.943,0,USR-043_2025-08-24,text-embedding-3-large,3072
USR-043,2025-08-31,1210.0,0.0278,0.0664,0.938,0,USR-043_2025-08-31,text-embedding-3-large,3072
USR-043,2025-09-07,1270.5,0.0223,0.0569,0.942,1,USR-043_2025-09-07,text-embedding-3-large,3072
USR-043,2025-09-14,1382.1,0.0254,0.0644,0.939,1,USR-043_2025-09-14,text-embedding-3-large,3072
USR-043,2025-09-21,1326.0,0.0194,0.045,0.917,0,USR-043_2025-09-21,text-embedding-3-large,3072
USR-043,2025-09-28,1349.6,0.0224,0.0505,0.947,0,USR-043_2025-09-28,text-embedding-3-large,3072
USR-043,2025-10-05,1177.1,0.025,0.0592,0.99,0,USR-043_2025-10-05,text-embedding-3-large,3072
USR-043,2025-10-12,1323.1,0.0224,0.0462,0.988,1,USR-043_2025-10-12,text-embedding-3-large,3072
USR-043,2025-10-19,1342.7,0.0221,0.0615,0.915,0,USR-043_2025-10-19,text-embedding-3-large,3072
USR-043,2025-10-26,1412.6,0.0243,0.0535,0.926,1,USR-043_2025-10-26,text-embedding-3-large,3072
USR-043,2025-11-02,1209.8,0.0238,0.0644,0.9,1,USR-043_2025-11-02,text-embedding-3-large,3072
USR-043,2025-11-09,1321.5,0.0281,0.0566,0.964,1,USR-043_2025-11-09,text-embedding-3-large,3072
USR-043,2025-11-16,1350.2,0.0308,0.0621,0.949,0,USR-043_2025-11-16,text-embedding-3-large,3072
USR-043,2025-11-23,1275.4,0.0228,0.0655,0.979,1,USR-043_2025-11-23,text-embedding-3-large,3072
USR-043,2025-11-30,1367.5,0.0222,0.0654,0.908,0,USR-043_2025-11-30,text-embedding-3-large,3072
USR-043,2025-12-07,1282.6,0.0238,0.0663,0.971,0,USR-043_2025-12-07,text-embedding-3-large,3072
USR-043,2025-12-14,1384.8,0.0211,0.0728,0.92,2,USR-043_2025-12-14,text-embedding-3-large,3072
USR-043,2025-12-21,1313.6,0.0269,0.0641,0.93,0,USR-043_2025-12-21,text-embedding-3-large,3072
USR-043,2025-12-28,1444.8,0.0212,0.0596,0.911,1,USR-043_2025-12-28,text-embedding-3-large,3072
USR-043,2026-01-04,1451.2,0.0259,0.0699,0.917,0,USR-043_2026-01-04,text-embedding-3-large,3072
USR-043,2026-01-11,1289.0,0.0255,0.0606,0.888,0,USR-043_2026-01-11,text-embedding-3-large,3072
USR-043,2026-01-18,1380.6,0.0247,0.0529,0.934,1,USR-043_2026-01-18,text-embedding-3-large,3072
USR-043,2026-01-25,1307.5,0.0232,0.0584,0.936,1,USR-043_2026-01-25,text-embedding-3-large,3072
USR-043,2026-02-01,1475.8,0.0216,0.0418,0.897,3,USR-043_2026-02-01,text-embedding-3-large,3072
USR-043,2026-02-08,1391.7,0.0226,0.0574,0.921,0,USR-043_2026-02-08,text-embedding-3-large,3072
USR-043,2026-02-15,1204.1,0.0217,0.0765,0.939,2,USR-043_2026-02-15,text-embedding-3-large,3072
USR-043,2026-02-22,1434.9,0.0199,0.0543,0.931,3,USR-043_2026-02-22,text-embedding-3-large,3072
USR-043,2026-03-01,1369.4,0.0257,0.0639,0.914,2,USR-043_2026-03-01,text-embedding-3-large,3072
USR-043,2026-03-08,1464.3,0.0309,0.0677,0.874,0,USR-043_2026-03-08,text-embedding-3-large,3072
USR-043,2026-03-15,1422.0,0.0267,0.0651,0.986,0,USR-043_2026-03-15,text-embedding-3-large,3072
USR-043,2026-03-22,1326.4,0.0281,0.0566,0.99,1,USR-043_2026-03-22,text-embedding-3-large,3072
USR-043,2026-03-29,1358.2,0.0236,0.0478,0.912,0,USR-043_2026-03-29,text-embedding-3-large,3072
USR-043,2026-04-05,1421.9,0.027,0.0565,0.957,1,USR-043_2026-04-05,text-embedding-3-large,3072
USR-043,2026-04-12,1374.1,0.0261,0.0609,0.946,0,USR-043_2026-04-12,text-embedding-3-large,3072
USR-043,2026-04-19,1266.2,0.0239,0.0484,0.908,3,USR-043_2026-04-19,text-embedding-3-large,3072
USR-043,2026-04-26,1395.6,0.028,0.0658,0.913,1,USR-043_2026-04-26,text-embedding-3-large,3072
USR-043,2026-05-03,1252.3,0.0275,0.0703,0.99,0,USR-043_2026-05-03,text-embedding-3-large,3072
USR-043,2026-05-10,1202.9,0.0254,0.0622,0.909,2,USR-043_2026-05-10,text-embedding-3-large,3072
USR-043,2026-05-17,1314.9,0.0227,0.0653,0.929,0,USR-043_2026-05-17,text-embedding-3-large,3072
USR-043,2026-05-24,1358.9,0.0267,0.0523,0.876,0,USR-043_2026-05-24,text-embedding-3-large,3072
USR-043,2026-05-31,1511.0,0.0244,0.0658,0.941,1,USR-043_2026-05-31,text-embedding-3-large,3072
USR-043,2026-06-07,1364.8,0.0222,0.0605,0.948,1,USR-043_2026-06-07,text-embedding-3-large,3072
USR-043,2026-06-14,1263.4,0.0276,0.0631,0.979,3,USR-043_2026-06-14,text-embedding-3-large,3072
USR-043,2026-06-21,1474.0,0.0213,0.0681,0.916,1,USR-043_2026-06-21,text-embedding-3-large,3072
USR-044,2025-06-29,3720.9,0.0169,0.026,0.962,0,USR-044_2025-06-29,text-embedding-3-large,3072
USR-044,2025-07-06,3720.6,0.0153,0.0292,0.901,1,USR-044_2025-07-06,text-embedding-3-large,3072
USR-044,2025-07-13,3542.8,0.0149,0.026,0.939,1,USR-044_2025-07-13,text-embedding-3-large,3072
USR-044,2025-07-20,3771.8,0.0166,0.0329,0.949,1,USR-044_2025-07-20,text-embedding-3-large,3072
USR-044,2025-07-27,3446.8,0.0153,0.0253,0.957,3,USR-044_2025-07-27,text-embedding-3-large,3072
USR-044,2025-08-03,3638.3,0.0193,0.0341,0.903,2,USR-044_2025-08-03,text-embedding-3-large,3072
USR-044,2025-08-10,3541.5,0.0168,0.0235,0.969,1,USR-044_2025-08-10,text-embedding-3-large,3072
USR-044,2025-08-17,3279.2,0.0151,0.0272,0.967,0,USR-044_2025-08-17,text-embedding-3-large,3072
USR-044,2025-08-24,3709.4,0.0177,0.031,0.99,1,USR-044_2025-08-24,text-embedding-3-large,3072
USR-044,2025-08-31,3346.5,0.0199,0.0324,0.934,1,USR-044_2025-08-31,text-embedding-3-large,3072
USR-044,2025-09-07,3905.9,0.0175,0.0381,0.899,0,USR-044_2025-09-07,text-embedding-3-large,3072
USR-044,2025-09-14,4063.4,0.0173,0.0255,0.931,0,USR-044_2025-09-14,text-embedding-3-large,3072
USR-044,2025-09-21,3582.0,0.016,0.0291,0.922,0,USR-044_2025-09-21,text-embedding-3-large,3072
USR-044,2025-09-28,3566.6,0.0171,0.025,0.962,0,USR-044_2025-09-28,text-embedding-3-large,3072
USR-044,2025-10-05,3862.0,0.016,0.0349,0.936,0,USR-044_2025-10-05,text-embedding-3-large,3072
USR-044,2025-10-12,3764.5,0.0172,0.0308,0.953,0,USR-044_2025-10-12,text-embedding-3-large,3072
USR-044,2025-10-19,3887.3,0.0153,0.0284,0.937,1,USR-044_2025-10-19,text-embedding-3-large,3072
USR-044,2025-10-26,3647.1,0.0188,0.0276,0.952,0,USR-044_2025-10-26,text-embedding-3-large,3072
USR-044,2025-11-02,3857.1,0.018,0.0265,0.981,0,USR-044_2025-11-02,text-embedding-3-large,3072
USR-044,2025-11-09,3915.1,0.0175,0.0312,0.959,2,USR-044_2025-11-09,text-embedding-3-large,3072
USR-044,2025-11-16,3663.0,0.0157,0.0331,0.925,0,USR-044_2025-11-16,text-embedding-3-large,3072
USR-044,2025-11-23,3721.4,0.0165,0.0281,0.89,0,USR-044_2025-11-23,text-embedding-3-large,3072
USR-044,2025-11-30,3362.1,0.017,0.0238,0.884,0,USR-044_2025-11-30,text-embedding-3-large,3072
USR-044,2025-12-07,3238.2,0.0165,0.0265,0.933,0,USR-044_2025-12-07,text-embedding-3-large,3072
USR-044,2025-12-14,3565.8,0.0164,0.0303,0.897,3,USR-044_2025-12-14,text-embedding-3-large,3072
USR-044,2025-12-21,3629.2,0.0109,0.0199,0.935,0,USR-044_2025-12-21,text-embedding-3-large,3072
USR-044,2025-12-28,3014.5,0.0131,0.0309,0.955,0,USR-044_2025-12-28,text-embedding-3-large,3072
USR-044,2026-01-04,3515.7,0.0134,0.0302,0.917,2,USR-044_2026-01-04,text-embedding-3-large,3072
USR-044,2026-01-11,3557.3,0.0135,0.0265,0.941,2,USR-044_2026-01-11,text-embedding-3-large,3072
USR-044,2026-01-18,3714.1,0.0145,0.0293,0.896,1,USR-044_2026-01-18,text-embedding-3-large,3072
USR-044,2026-01-25,3451.9,0.0146,0.0266,0.918,2,USR-044_2026-01-25,text-embedding-3-large,3072
USR-044,2026-02-01,3871.8,0.0164,0.0339,0.935,0,USR-044_2026-02-01,text-embedding-3-large,3072
USR-044,2026-02-08,3169.2,0.0153,0.0301,0.99,1,USR-044_2026-02-08,text-embedding-3-large,3072
USR-044,2026-02-15,3130.4,0.0158,0.0244,0.975,0,USR-044_2026-02-15,text-embedding-3-large,3072
USR-044,2026-02-22,3565.0,0.0156,0.031,0.966,0,USR-044_2026-02-22,text-embedding-3-large,3072
USR-044,2026-03-01,3563.7,0.0141,0.0303,0.936,1,USR-044_2026-03-01,text-embedding-3-large,3072
USR-044,2026-03-08,3607.9,0.0175,0.0268,0.876,0,USR-044_2026-03-08,text-embedding-3-large,3072
USR-044,2026-03-15,3746.5,0.0146,0.0275,0.959,3,USR-044_2026-03-15,text-embedding-3-large,3072
USR-044,2026-03-22,3473.7,0.0155,0.0319,0.96,3,USR-044_2026-03-22,text-embedding-3-large,3072
USR-044,2026-03-29,3472.8,0.0159,0.0307,0.935,1,USR-044_2026-03-29,text-embedding-3-large,3072
USR-044,2026-04-05,3457.7,0.0187,0.0283,0.928,0,USR-044_2026-04-05,text-embedding-3-large,3072
USR-044,2026-04-12,3590.1,0.0161,0.0271,0.962,0,USR-044_2026-04-12,text-embedding-3-large,3072
USR-044,2026-04-19,3793.6,0.0146,0.0251,0.942,2,USR-044_2026-04-19,text-embedding-3-large,3072
USR-044,2026-04-26,3317.0,0.0167,0.0303,0.98,1,USR-044_2026-04-26,text-embedding-3-large,3072
USR-044,2026-05-03,3780.4,0.0195,0.0356,0.956,2,USR-044_2026-05-03,text-embedding-3-large,3072
USR-044,2026-05-10,3375.2,0.0188,0.0308,0.948,0,USR-044_2026-05-10,text-embedding-3-large,3072
USR-044,2026-05-17,3973.5,0.0192,0.0312,0.937,1,USR-044_2026-05-17,text-embedding-3-large,3072
USR-044,2026-05-24,4089.7,0.0125,0.0359,0.975,1,USR-044_2026-05-24,text-embedding-3-large,3072
USR-044,2026-05-31,3365.3,0.0139,0.0336,0.935,2,USR-044_2026-05-31,text-embedding-3-large,3072
USR-044,2026-06-07,3368.3,0.0157,0.0347,0.929,1,USR-044_2026-06-07,text-embedding-3-large,3072
USR-044,2026-06-14,3328.9,0.0146,0.0279,0.91,1,USR-044_2026-06-14,text-embedding-3-large,3072
USR-044,2026-06-21,3811.1,0.0156,0.0246,0.923,2,USR-044_2026-06-21,text-embedding-3-large,3072
USR-045,2025-06-29,1862.2,0.027,0.0528,0.938,2,USR-045_2025-06-29,text-embedding-3-large,3072
USR-045,2025-07-06,1979.1,0.0233,0.048,0.935,1,USR-045_2025-07-06,text-embedding-3-large,3072
USR-045,2025-07-13,1761.9,0.02,0.069,0.942,2,USR-045_2025-07-13,text-embedding-3-large,3072
USR-045,2025-07-20,1858.7,0.0224,0.0643,0.904,1,USR-045_2025-07-20,text-embedding-3-large,3072
USR-045,2025-07-27,1933.2,0.0236,0.0641,0.954,1,USR-045_2025-07-27,text-embedding-3-large,3072
USR-045,2025-08-03,1970.8,0.0255,0.0623,0.917,1,USR-045_2025-08-03,text-embedding-3-large,3072
USR-045,2025-08-10,1938.2,0.0256,0.0591,0.924,0,USR-045_2025-08-10,text-embedding-3-large,3072
USR-045,2025-08-17,1818.8,0.0195,0.0424,0.948,0,USR-045_2025-08-17,text-embedding-3-large,3072
USR-045,2025-08-24,1706.9,0.0253,0.0599,0.957,5,USR-045_2025-08-24,text-embedding-3-large,3072
USR-045,2025-08-31,1835.8,0.0218,0.048,0.937,0,USR-045_2025-08-31,text-embedding-3-large,3072
USR-045,2025-09-07,1918.5,0.0248,0.0578,0.979,0,USR-045_2025-09-07,text-embedding-3-large,3072
USR-045,2025-09-14,1816.7,0.0206,0.0473,0.939,2,USR-045_2025-09-14,text-embedding-3-large,3072
USR-045,2025-09-21,1707.8,0.0208,0.0391,0.974,1,USR-045_2025-09-21,text-embedding-3-large,3072
USR-045,2025-09-28,1827.3,0.0219,0.0677,0.946,0,USR-045_2025-09-28,text-embedding-3-large,3072
USR-045,2025-10-05,1929.7,0.0238,0.0695,0.951,0,USR-045_2025-10-05,text-embedding-3-large,3072
USR-045,2025-10-12,1816.8,0.0218,0.0614,0.95,2,USR-045_2025-10-12,text-embedding-3-large,3072
USR-045,2025-10-19,1817.4,0.0209,0.0619,0.96,0,USR-045_2025-10-19,text-embedding-3-large,3072
USR-045,2025-10-26,1759.5,0.0212,0.0685,0.915,0,USR-045_2025-10-26,text-embedding-3-large,3072
USR-045,2025-11-02,1701.6,0.0269,0.0452,0.961,1,USR-045_2025-11-02,text-embedding-3-large,3072
USR-045,2025-11-09,1854.9,0.0205,0.0592,0.969,0,USR-045_2025-11-09,text-embedding-3-large,3072
USR-045,2025-11-16,1842.4,0.0182,0.0466,0.942,1,USR-045_2025-11-16,text-embedding-3-large,3072
USR-045,2025-11-23,1732.9,0.0271,0.0607,0.965,2,USR-045_2025-11-23,text-embedding-3-large,3072
USR-045,2025-11-30,1710.3,0.0224,0.0552,0.968,1,USR-045_2025-11-30,text-embedding-3-large,3072
USR-045,2025-12-07,1756.5,0.0256,0.048,0.951,0,USR-045_2025-12-07,text-embedding-3-large,3072
USR-045,2025-12-14,1870.6,0.0267,0.0554,0.925,1,USR-045_2025-12-14,text-embedding-3-large,3072
USR-045,2025-12-21,1872.8,0.0208,0.0622,0.905,2,USR-045_2025-12-21,text-embedding-3-large,3072
USR-045,2025-12-28,1746.9,0.0277,0.0447,0.913,0,USR-045_2025-12-28,text-embedding-3-large,3072
USR-045,2026-01-04,1976.7,0.0256,0.0691,0.954,0,USR-045_2026-01-04,text-embedding-3-large,3072
USR-045,2026-01-11,1780.6,0.0213,0.0463,0.922,0,USR-045_2026-01-11,text-embedding-3-large,3072
USR-045,2026-01-18,1887.6,0.0249,0.0503,0.924,0,USR-045_2026-01-18,text-embedding-3-large,3072
USR-045,2026-01-25,1864.3,0.0302,0.0537,0.954,1,USR-045_2026-01-25,text-embedding-3-large,3072
USR-045,2026-02-01,1845.6,0.0245,0.0539,0.982,1,USR-045_2026-02-01,text-embedding-3-large,3072
USR-045,2026-02-08,1902.7,0.0258,0.06,0.961,0,USR-045_2026-02-08,text-embedding-3-large,3072
USR-045,2026-02-15,1977.9,0.0225,0.0551,0.935,0,USR-045_2026-02-15,text-embedding-3-large,3072
USR-045,2026-02-22,1767.3,0.0239,0.0487,0.99,1,USR-045_2026-02-22,text-embedding-3-large,3072
USR-045,2026-03-01,1856.1,0.0251,0.0588,0.924,1,USR-045_2026-03-01,text-embedding-3-large,3072
USR-045,2026-03-08,1899.1,0.0247,0.0661,0.971,0,USR-045_2026-03-08,text-embedding-3-large,3072
USR-045,2026-03-15,1941.7,0.0256,0.0473,0.899,1,USR-045_2026-03-15,text-embedding-3-large,3072
USR-045,2026-03-22,1747.1,0.0258,0.072,0.944,1,USR-045_2026-03-22,text-embedding-3-large,3072
USR-045,2026-03-29,1815.1,0.0221,0.0515,0.921,1,USR-045_2026-03-29,text-embedding-3-large,3072
USR-045,2026-04-05,1764.3,0.0243,0.0716,0.937,1,USR-045_2026-04-05,text-embedding-3-large,3072
USR-045,2026-04-12,1952.5,0.0228,0.0607,0.94,1,USR-045_2026-04-12,text-embedding-3-large,3072
USR-045,2026-04-19,1725.5,0.0199,0.0746,0.89,0,USR-045_2026-04-19,text-embedding-3-large,3072
USR-045,2026-04-26,1955.4,0.0243,0.0463,0.983,2,USR-045_2026-04-26,text-embedding-3-large,3072
USR-045,2026-05-03,1998.0,0.0212,0.0546,0.909,3,USR-045_2026-05-03,text-embedding-3-large,3072
USR-045,2026-05-10,1867.5,0.0268,0.0618,0.945,0,USR-045_2026-05-10,text-embedding-3-large,3072
USR-045,2026-05-17,1917.4,0.0284,0.0586,0.938,2,USR-045_2026-05-17,text-embedding-3-large,3072
USR-045,2026-05-24,1898.0,0.0235,0.0787,0.897,0,USR-045_2026-05-24,text-embedding-3-large,3072
USR-045,2026-05-31,1956.1,0.0211,0.0556,0.899,0,USR-045_2026-05-31,text-embedding-3-large,3072
USR-045,2026-06-07,1704.5,0.0233,0.0694,0.978,4,USR-045_2026-06-07,text-embedding-3-large,3072
USR-045,2026-06-14,1788.5,0.0258,0.064,0.944,1,USR-045_2026-06-14,text-embedding-3-large,3072
USR-045,2026-06-21,2040.9,0.0249,0.0603,0.96,1,USR-045_2026-06-21,text-embedding-3-large,3072
USR-046,2025-06-29,1368.6,0.0205,0.0316,0.958,3,USR-046_2025-06-29,text-embedding-3-large,3072
USR-046,2025-07-06,1308.8,0.0167,0.036,0.963,1,USR-046_2025-07-06,text-embedding-3-large,3072
USR-046,2025-07-13,1339.9,0.0194,0.0416,0.959,2,USR-046_2025-07-13,text-embedding-3-large,3072
USR-046,2025-07-20,1236.1,0.0175,0.0463,0.92,5,USR-046_2025-07-20,text-embedding-3-large,3072
USR-046,2025-07-27,1320.8,0.0187,0.0273,0.983,5,USR-046_2025-07-27,text-embedding-3-large,3072
USR-046,2025-08-03,1427.8,0.0162,0.0367,0.892,4,USR-046_2025-08-03,text-embedding-3-large,3072
USR-046,2025-08-10,1308.1,0.0157,0.0466,0.914,4,USR-046_2025-08-10,text-embedding-3-large,3072
USR-046,2025-08-17,1241.4,0.0167,0.0398,0.936,4,USR-046_2025-08-17,text-embedding-3-large,3072
USR-046,2025-08-24,1301.8,0.0196,0.0404,0.889,6,USR-046_2025-08-24,text-embedding-3-large,3072
USR-046,2025-08-31,1399.9,0.0178,0.047,0.911,2,USR-046_2025-08-31,text-embedding-3-large,3072
USR-046,2025-09-07,1269.3,0.0181,0.0358,0.965,3,USR-046_2025-09-07,text-embedding-3-large,3072
USR-046,2025-09-14,1382.7,0.0192,0.0354,0.99,3,USR-046_2025-09-14,text-embedding-3-large,3072
USR-046,2025-09-21,1274.6,0.0171,0.0254,0.938,5,USR-046_2025-09-21,text-embedding-3-large,3072
USR-046,2025-09-28,1389.4,0.0176,0.0345,0.929,3,USR-046_2025-09-28,text-embedding-3-large,3072
USR-046,2025-10-05,1324.1,0.0157,0.0294,0.929,3,USR-046_2025-10-05,text-embedding-3-large,3072
USR-046,2025-10-12,1326.9,0.0172,0.0422,0.961,3,USR-046_2025-10-12,text-embedding-3-large,3072
USR-046,2025-10-19,1279.9,0.0219,0.044,0.918,4,USR-046_2025-10-19,text-embedding-3-large,3072
USR-046,2025-10-26,1398.7,0.0201,0.0495,0.942,1,USR-046_2025-10-26,text-embedding-3-large,3072
USR-046,2025-11-02,1338.9,0.0179,0.0342,0.907,6,USR-046_2025-11-02,text-embedding-3-large,3072
USR-046,2025-11-09,1162.2,0.0195,0.0349,0.91,1,USR-046_2025-11-09,text-embedding-3-large,3072
USR-046,2025-11-16,1298.3,0.0206,0.039,0.954,1,USR-046_2025-11-16,text-embedding-3-large,3072
USR-046,2025-11-23,1269.1,0.0164,0.0315,0.908,1,USR-046_2025-11-23,text-embedding-3-large,3072
USR-046,2025-11-30,1422.8,0.0178,0.0475,0.905,4,USR-046_2025-11-30,text-embedding-3-large,3072
USR-046,2025-12-07,1198.0,0.0206,0.0428,0.95,4,USR-046_2025-12-07,text-embedding-3-large,3072
USR-046,2025-12-14,1413.4,0.0169,0.0434,0.94,3,USR-046_2025-12-14,text-embedding-3-large,3072
USR-046,2025-12-21,1562.1,0.0177,0.0413,0.907,4,USR-046_2025-12-21,text-embedding-3-large,3072
USR-046,2025-12-28,1295.5,0.0204,0.0292,0.941,6,USR-046_2025-12-28,text-embedding-3-large,3072
USR-046,2026-01-04,1242.6,0.0218,0.0429,0.9,1,USR-046_2026-01-04,text-embedding-3-large,3072
USR-046,2026-01-11,1344.1,0.0195,0.0394,0.95,5,USR-046_2026-01-11,text-embedding-3-large,3072
USR-046,2026-01-18,1328.6,0.0205,0.0394,0.924,0,USR-046_2026-01-18,text-embedding-3-large,3072
USR-046,2026-01-25,1294.3,0.017,0.0284,0.93,3,USR-046_2026-01-25,text-embedding-3-large,3072
USR-046,2026-02-01,1321.4,0.0152,0.0275,0.944,4,USR-046_2026-02-01,text-embedding-3-large,3072
USR-046,2026-02-08,1109.5,0.0211,0.0431,0.909,6,USR-046_2026-02-08,text-embedding-3-large,3072
USR-046,2026-02-15,1249.2,0.0162,0.0349,0.948,5,USR-046_2026-02-15,text-embedding-3-large,3072
USR-046,2026-02-22,1371.6,0.0184,0.0446,0.99,7,USR-046_2026-02-22,text-embedding-3-large,3072
USR-046,2026-03-01,1452.3,0.0191,0.0421,0.919,6,USR-046_2026-03-01,text-embedding-3-large,3072
USR-046,2026-03-08,1265.1,0.0158,0.0381,0.899,3,USR-046_2026-03-08,text-embedding-3-large,3072
USR-046,2026-03-15,1158.6,0.0148,0.0341,0.956,4,USR-046_2026-03-15,text-embedding-3-large,3072
USR-046,2026-03-22,1342.3,0.0134,0.0451,0.964,4,USR-046_2026-03-22,text-embedding-3-large,3072
USR-046,2026-03-29,1206.2,0.0159,0.0479,0.99,4,USR-046_2026-03-29,text-embedding-3-large,3072
USR-046,2026-04-05,1432.4,0.0145,0.0329,0.935,0,USR-046_2026-04-05,text-embedding-3-large,3072
USR-046,2026-04-12,1316.4,0.0173,0.0341,0.923,2,USR-046_2026-04-12,text-embedding-3-large,3072
USR-046,2026-04-19,1270.3,0.0184,0.0376,0.931,3,USR-046_2026-04-19,text-embedding-3-large,3072
USR-046,2026-04-26,1293.8,0.0185,0.0453,0.951,1,USR-046_2026-04-26,text-embedding-3-large,3072
USR-046,2026-05-03,1344.5,0.0188,0.0395,0.968,2,USR-046_2026-05-03,text-embedding-3-large,3072
USR-046,2026-05-10,1285.9,0.0228,0.0443,0.986,2,USR-046_2026-05-10,text-embedding-3-large,3072
USR-046,2026-05-17,1407.3,0.0175,0.0385,0.907,6,USR-046_2026-05-17,text-embedding-3-large,3072
USR-046,2026-05-24,1200.0,0.0194,0.0377,0.872,4,USR-046_2026-05-24,text-embedding-3-large,3072
USR-046,2026-05-31,1252.1,0.0191,0.0381,0.952,3,USR-046_2026-05-31,text-embedding-3-large,3072
USR-046,2026-06-07,1412.6,0.0124,0.0356,0.938,3,USR-046_2026-06-07,text-embedding-3-large,3072
USR-046,2026-06-14,1459.6,0.0176,0.0484,0.979,3,USR-046_2026-06-14,text-embedding-3-large,3072
USR-046,2026-06-21,1254.5,0.0174,0.0331,0.946,5,USR-046_2026-06-21,text-embedding-3-large,3072
USR-047,2025-06-29,1344.9,0.0197,0.0398,0.912,1,USR-047_2025-06-29,text-embedding-3-large,3072
USR-047,2025-07-06,1431.4,0.0176,0.0358,0.99,3,USR-047_2025-07-06,text-embedding-3-large,3072
USR-047,2025-07-13,1220.5,0.0176,0.0425,0.969,3,USR-047_2025-07-13,text-embedding-3-large,3072
USR-047,2025-07-20,1388.2,0.0176,0.043,0.99,7,USR-047_2025-07-20,text-embedding-3-large,3072
USR-047,2025-07-27,1340.0,0.0169,0.0422,0.905,2,USR-047_2025-07-27,text-embedding-3-large,3072
USR-047,2025-08-03,1364.4,0.0193,0.046,0.926,4,USR-047_2025-08-03,text-embedding-3-large,3072
USR-047,2025-08-10,1337.5,0.0176,0.0419,0.908,0,USR-047_2025-08-10,text-embedding-3-large,3072
USR-047,2025-08-17,1230.1,0.02,0.0238,0.99,4,USR-047_2025-08-17,text-embedding-3-large,3072
USR-047,2025-08-24,1211.1,0.018,0.0365,0.937,3,USR-047_2025-08-24,text-embedding-3-large,3072
USR-047,2025-08-31,1391.2,0.0186,0.0382,0.973,3,USR-047_2025-08-31,text-embedding-3-large,3072
USR-047,2025-09-07,1373.2,0.0174,0.0458,0.982,2,USR-047_2025-09-07,text-embedding-3-large,3072
USR-047,2025-09-14,1460.9,0.0156,0.0433,0.959,2,USR-047_2025-09-14,text-embedding-3-large,3072
USR-047,2025-09-21,1363.9,0.019,0.0367,0.951,3,USR-047_2025-09-21,text-embedding-3-large,3072
USR-047,2025-09-28,1289.0,0.0213,0.0354,0.928,4,USR-047_2025-09-28,text-embedding-3-large,3072
USR-047,2025-10-05,1326.7,0.0174,0.0339,0.925,6,USR-047_2025-10-05,text-embedding-3-large,3072
USR-047,2025-10-12,1280.7,0.0178,0.031,0.933,1,USR-047_2025-10-12,text-embedding-3-large,3072
USR-047,2025-10-19,1398.8,0.0188,0.0277,0.957,5,USR-047_2025-10-19,text-embedding-3-large,3072
USR-047,2025-10-26,1329.0,0.0176,0.0358,0.947,3,USR-047_2025-10-26,text-embedding-3-large,3072
USR-047,2025-11-02,1417.8,0.0172,0.0403,0.976,3,USR-047_2025-11-02,text-embedding-3-large,3072
USR-047,2025-11-09,1343.6,0.0196,0.0397,0.906,3,USR-047_2025-11-09,text-embedding-3-large,3072
USR-047,2025-11-16,1347.5,0.0187,0.0442,0.979,6,USR-047_2025-11-16,text-embedding-3-large,3072
USR-047,2025-11-23,1397.1,0.0158,0.0399,0.941,2,USR-047_2025-11-23,text-embedding-3-large,3072
USR-047,2025-11-30,1348.5,0.0177,0.0484,0.905,6,USR-047_2025-11-30,text-embedding-3-large,3072
USR-047,2025-12-07,1298.4,0.0193,0.0365,0.889,0,USR-047_2025-12-07,text-embedding-3-large,3072
USR-047,2025-12-14,1436.3,0.0191,0.0427,0.96,2,USR-047_2025-12-14,text-embedding-3-large,3072
USR-047,2025-12-21,1388.5,0.021,0.0367,0.952,4,USR-047_2025-12-21,text-embedding-3-large,3072
USR-047,2025-12-28,1313.6,0.0167,0.0376,0.967,3,USR-047_2025-12-28,text-embedding-3-large,3072
USR-047,2026-01-04,1239.5,0.0163,0.0379,0.98,4,USR-047_2026-01-04,text-embedding-3-large,3072
USR-047,2026-01-11,1256.0,0.0133,0.0281,0.959,4,USR-047_2026-01-11,text-embedding-3-large,3072
USR-047,2026-01-18,1569.8,0.0149,0.0318,0.937,3,USR-047_2026-01-18,text-embedding-3-large,3072
USR-047,2026-01-25,1245.9,0.0184,0.0412,0.979,3,USR-047_2026-01-25,text-embedding-3-large,3072
USR-047,2026-02-01,1293.0,0.0191,0.0418,0.897,2,USR-047_2026-02-01,text-embedding-3-large,3072
USR-047,2026-02-08,1377.4,0.0175,0.0354,0.934,2,USR-047_2026-02-08,text-embedding-3-large,3072
USR-047,2026-02-15,1170.3,0.0175,0.037,0.958,3,USR-047_2026-02-15,text-embedding-3-large,3072
USR-047,2026-02-22,1480.7,0.018,0.0374,0.946,0,USR-047_2026-02-22,text-embedding-3-large,3072
USR-047,2026-03-01,1514.0,0.0169,0.0492,0.959,4,USR-047_2026-03-01,text-embedding-3-large,3072
USR-047,2026-03-08,1448.8,0.0165,0.0491,0.967,4,USR-047_2026-03-08,text-embedding-3-large,3072
USR-047,2026-03-15,1476.9,0.0196,0.0323,0.97,4,USR-047_2026-03-15,text-embedding-3-large,3072
USR-047,2026-03-22,1387.6,0.0155,0.0466,0.905,0,USR-047_2026-03-22,text-embedding-3-large,3072
USR-047,2026-03-29,1426.6,0.0197,0.0476,0.99,4,USR-047_2026-03-29,text-embedding-3-large,3072
USR-047,2026-04-05,1428.7,0.0204,0.0418,0.971,4,USR-047_2026-04-05,text-embedding-3-large,3072
USR-047,2026-04-12,1459.0,0.0176,0.0438,0.96,2,USR-047_2026-04-12,text-embedding-3-large,3072
USR-047,2026-04-19,1393.4,0.0157,0.0438,0.959,7,USR-047_2026-04-19,text-embedding-3-large,3072
USR-047,2026-04-26,1427.4,0.0175,0.0366,0.938,8,USR-047_2026-04-26,text-embedding-3-large,3072
USR-047,2026-05-03,1248.3,0.0131,0.0428,0.965,2,USR-047_2026-05-03,text-embedding-3-large,3072
USR-047,2026-05-10,1351.2,0.0171,0.0425,0.904,3,USR-047_2026-05-10,text-embedding-3-large,3072
USR-047,2026-05-17,1451.1,0.0185,0.0302,0.878,3,USR-047_2026-05-17,text-embedding-3-large,3072
USR-047,2026-05-24,1324.6,0.0207,0.0482,0.99,4,USR-047_2026-05-24,text-embedding-3-large,3072
USR-047,2026-05-31,1444.5,0.0221,0.0366,0.876,1,USR-047_2026-05-31,text-embedding-3-large,3072
USR-047,2026-06-07,1412.7,0.0185,0.0404,0.921,4,USR-047_2026-06-07,text-embedding-3-large,3072
USR-047,2026-06-14,1473.2,0.0167,0.0398,0.933,2,USR-047_2026-06-14,text-embedding-3-large,3072
USR-047,2026-06-21,1379.3,0.0196,0.0455,0.925,3,USR-047_2026-06-21,text-embedding-3-large,3072
USR-048,2025-06-29,1268.8,0.035,0.0548,0.952,4,USR-048_2025-06-29,text-embedding-3-large,3072
USR-048,2025-07-06,1276.7,0.0288,0.0502,0.99,1,USR-048_2025-07-06,text-embedding-3-large,3072
USR-048,2025-07-13,1292.1,0.0243,0.0486,0.941,4,USR-048_2025-07-13,text-embedding-3-large,3072
USR-048,2025-07-20,1177.4,0.0348,0.0519,0.902,6,USR-048_2025-07-20,text-embedding-3-large,3072
USR-048,2025-07-27,1239.4,0.028,0.0445,0.938,2,USR-048_2025-07-27,text-embedding-3-large,3072
USR-048,2025-08-03,1184.2,0.0332,0.0466,0.968,2,USR-048_2025-08-03,text-embedding-3-large,3072
USR-048,2025-08-10,1265.3,0.0359,0.0561,0.935,3,USR-048_2025-08-10,text-embedding-3-large,3072
USR-048,2025-08-17,1378.8,0.0304,0.0652,0.969,4,USR-048_2025-08-17,text-embedding-3-large,3072
USR-048,2025-08-24,1290.9,0.0297,0.0481,0.946,5,USR-048_2025-08-24,text-embedding-3-large,3072
USR-048,2025-08-31,1305.8,0.0289,0.0564,0.946,3,USR-048_2025-08-31,text-embedding-3-large,3072
USR-048,2025-09-07,1260.1,0.0328,0.0444,0.939,3,USR-048_2025-09-07,text-embedding-3-large,3072
USR-048,2025-09-14,1322.9,0.025,0.0462,0.973,4,USR-048_2025-09-14,text-embedding-3-large,3072
USR-048,2025-09-21,1141.0,0.0336,0.0497,0.909,2,USR-048_2025-09-21,text-embedding-3-large,3072
USR-048,2025-09-28,1260.1,0.0273,0.0542,0.902,6,USR-048_2025-09-28,text-embedding-3-large,3072
USR-048,2025-10-05,1232.6,0.0314,0.0506,0.99,5,USR-048_2025-10-05,text-embedding-3-large,3072
USR-048,2025-10-12,1280.8,0.033,0.0477,0.868,3,USR-048_2025-10-12,text-embedding-3-large,3072
USR-048,2025-10-19,1180.1,0.0326,0.0605,0.896,1,USR-048_2025-10-19,text-embedding-3-large,3072
USR-048,2025-10-26,1264.1,0.0365,0.0469,0.946,4,USR-048_2025-10-26,text-embedding-3-large,3072
USR-048,2025-11-02,1206.9,0.0321,0.0533,0.913,3,USR-048_2025-11-02,text-embedding-3-large,3072
USR-048,2025-11-09,1269.0,0.0327,0.0479,0.899,3,USR-048_2025-11-09,text-embedding-3-large,3072
USR-048,2025-11-16,1276.9,0.03,0.0483,0.901,1,USR-048_2025-11-16,text-embedding-3-large,3072
USR-048,2025-11-23,1082.1,0.0291,0.0634,0.934,3,USR-048_2025-11-23,text-embedding-3-large,3072
USR-048,2025-11-30,1261.0,0.0242,0.0537,0.883,6,USR-048_2025-11-30,text-embedding-3-large,3072
USR-048,2025-12-07,1354.3,0.0332,0.0523,0.921,3,USR-048_2025-12-07,text-embedding-3-large,3072
USR-048,2025-12-14,1253.6,0.029,0.0505,0.99,1,USR-048_2025-12-14,text-embedding-3-large,3072
USR-048,2025-12-21,1236.1,0.0235,0.0354,0.99,1,USR-048_2025-12-21,text-embedding-3-large,3072
USR-048,2025-12-28,1222.0,0.0259,0.0598,0.976,2,USR-048_2025-12-28,text-embedding-3-large,3072
USR-048,2026-01-04,1309.0,0.0265,0.0604,0.956,1,USR-048_2026-01-04,text-embedding-3-large,3072
USR-048,2026-01-11,1280.2,0.0245,0.0522,0.885,3,USR-048_2026-01-11,text-embedding-3-large,3072
USR-048,2026-01-18,1267.8,0.0315,0.0552,0.877,1,USR-048_2026-01-18,text-embedding-3-large,3072
USR-048,2026-01-25,1217.1,0.0311,0.0482,0.959,2,USR-048_2026-01-25,text-embedding-3-large,3072
USR-048,2026-02-01,1254.1,0.0286,0.0569,0.928,3,USR-048_2026-02-01,text-embedding-3-large,3072
USR-048,2026-02-08,1258.4,0.03,0.0378,0.936,3,USR-048_2026-02-08,text-embedding-3-large,3072
USR-048,2026-02-15,1143.0,0.032,0.0515,0.922,5,USR-048_2026-02-15,text-embedding-3-large,3072
USR-048,2026-02-22,1181.6,0.0322,0.0579,0.948,2,USR-048_2026-02-22,text-embedding-3-large,3072
USR-048,2026-03-01,1168.2,0.028,0.0411,0.96,3,USR-048_2026-03-01,text-embedding-3-large,3072
USR-048,2026-03-08,1242.2,0.0343,0.0333,0.914,3,USR-048_2026-03-08,text-embedding-3-large,3072
USR-048,2026-03-15,1257.2,0.0303,0.0431,0.979,3,USR-048_2026-03-15,text-embedding-3-large,3072
USR-048,2026-03-22,1156.5,0.0251,0.0524,0.921,2,USR-048_2026-03-22,text-embedding-3-large,3072
USR-048,2026-03-29,1347.1,0.0304,0.0605,0.959,2,USR-048_2026-03-29,text-embedding-3-large,3072
USR-048,2026-04-05,1221.4,0.0234,0.0498,0.959,2,USR-048_2026-04-05,text-embedding-3-large,3072
USR-048,2026-04-12,1233.5,0.0296,0.0599,0.898,1,USR-048_2026-04-12,text-embedding-3-large,3072
USR-048,2026-04-19,1265.3,0.032,0.0439,0.924,4,USR-048_2026-04-19,text-embedding-3-large,3072
USR-048,2026-04-26,1317.8,0.0256,0.0533,0.953,1,USR-048_2026-04-26,text-embedding-3-large,3072
USR-048,2026-05-03,1172.8,0.0318,0.0452,0.945,2,USR-048_2026-05-03,text-embedding-3-large,3072
USR-048,2026-05-10,1176.6,0.0324,0.0498,0.93,3,USR-048_2026-05-10,text-embedding-3-large,3072
USR-048,2026-05-17,1244.8,0.0336,0.0527,0.983,0,USR-048_2026-05-17,text-embedding-3-large,3072
USR-048,2026-05-24,1156.8,0.0333,0.0513,0.942,2,USR-048_2026-05-24,text-embedding-3-large,3072
USR-048,2026-05-31,1290.0,0.0437,0.0482,0.914,1,USR-048_2026-05-31,text-embedding-3-large,3072
USR-048,2026-06-07,1194.9,0.0328,0.0463,0.882,4,USR-048_2026-06-07,text-embedding-3-large,3072
USR-048,2026-06-14,1267.1,0.0316,0.0537,0.882,4,USR-048_2026-06-14,text-embedding-3-large,3072
USR-048,2026-06-21,1355.8,0.0227,0.0566,0.898,4,USR-048_2026-06-21,text-embedding-3-large,3072
USR-049,2025-06-29,1941.3,0.0303,0.0515,0.924,0,USR-049_2025-06-29,text-embedding-3-large,3072
USR-049,2025-07-06,1756.2,0.0317,0.0467,0.912,2,USR-049_2025-07-06,text-embedding-3-large,3072
USR-049,2025-07-13,1688.9,0.0335,0.0548,0.928,3,USR-049_2025-07-13,text-embedding-3-large,3072
USR-049,2025-07-20,1705.5,0.0268,0.0631,0.927,7,USR-049_2025-07-20,text-embedding-3-large,3072
USR-049,2025-07-27,1770.5,0.0281,0.0578,0.989,2,USR-049_2025-07-27,text-embedding-3-large,3072
USR-049,2025-08-03,1797.3,0.0225,0.0514,0.958,5,USR-049_2025-08-03,text-embedding-3-large,3072
USR-049,2025-08-10,1654.3,0.0321,0.055,0.952,7,USR-049_2025-08-10,text-embedding-3-large,3072
USR-049,2025-08-17,1848.5,0.0314,0.0506,0.961,3,USR-049_2025-08-17,text-embedding-3-large,3072
USR-049,2025-08-24,1831.6,0.025,0.0537,0.95,6,USR-049_2025-08-24,text-embedding-3-large,3072
USR-049,2025-08-31,1681.8,0.0355,0.0547,0.933,4,USR-049_2025-08-31,text-embedding-3-large,3072
USR-049,2025-09-07,1783.3,0.0245,0.0435,0.913,5,USR-049_2025-09-07,text-embedding-3-large,3072
USR-049,2025-09-14,1671.7,0.03,0.057,0.938,2,USR-049_2025-09-14,text-embedding-3-large,3072
USR-049,2025-09-21,1781.2,0.029,0.0453,0.923,2,USR-049_2025-09-21,text-embedding-3-large,3072
USR-049,2025-09-28,2021.6,0.0239,0.0395,0.959,0,USR-049_2025-09-28,text-embedding-3-large,3072
USR-049,2025-10-05,1493.4,0.0315,0.0592,0.945,3,USR-049_2025-10-05,text-embedding-3-large,3072
USR-049,2025-10-12,1772.5,0.0242,0.037,0.944,3,USR-049_2025-10-12,text-embedding-3-large,3072
USR-049,2025-10-19,1722.3,0.0283,0.0429,0.936,4,USR-049_2025-10-19,text-embedding-3-large,3072
USR-049,2025-10-26,1716.6,0.0316,0.0489,0.946,2,USR-049_2025-10-26,text-embedding-3-large,3072
USR-049,2025-11-02,1716.8,0.0277,0.0429,0.984,5,USR-049_2025-11-02,text-embedding-3-large,3072
USR-049,2025-11-09,1703.2,0.0252,0.0645,0.922,2,USR-049_2025-11-09,text-embedding-3-large,3072
USR-049,2025-11-16,1761.5,0.028,0.0587,0.938,2,USR-049_2025-11-16,text-embedding-3-large,3072
USR-049,2025-11-23,1878.5,0.0306,0.0505,0.946,2,USR-049_2025-11-23,text-embedding-3-large,3072
USR-049,2025-11-30,1711.7,0.0275,0.0508,0.958,3,USR-049_2025-11-30,text-embedding-3-large,3072
USR-049,2025-12-07,1735.1,0.0311,0.0514,0.921,2,USR-049_2025-12-07,text-embedding-3-large,3072
USR-049,2025-12-14,1758.2,0.0266,0.0582,0.923,2,USR-049_2025-12-14,text-embedding-3-large,3072
USR-049,2025-12-21,1881.2,0.0378,0.0504,0.955,1,USR-049_2025-12-21,text-embedding-3-large,3072
USR-049,2025-12-28,1736.7,0.0356,0.0645,0.904,2,USR-049_2025-12-28,text-embedding-3-large,3072
USR-049,2026-01-04,1735.3,0.0346,0.0488,0.937,1,USR-049_2026-01-04,text-embedding-3-large,3072
USR-049,2026-01-11,1617.3,0.0273,0.0513,0.9,3,USR-049_2026-01-11,text-embedding-3-large,3072
USR-049,2026-01-18,1559.6,0.0275,0.0417,0.906,5,USR-049_2026-01-18,text-embedding-3-large,3072
USR-049,2026-01-25,1854.7,0.0314,0.0501,0.944,3,USR-049_2026-01-25,text-embedding-3-large,3072
USR-049,2026-02-01,1682.7,0.026,0.0549,0.935,4,USR-049_2026-02-01,text-embedding-3-large,3072
USR-049,2026-02-08,1772.7,0.0281,0.0515,0.903,4,USR-049_2026-02-08,text-embedding-3-large,3072
USR-049,2026-02-15,1787.2,0.03,0.0473,0.984,2,USR-049_2026-02-15,text-embedding-3-large,3072
USR-049,2026-02-22,1818.0,0.0283,0.0523,0.929,4,USR-049_2026-02-22,text-embedding-3-large,3072
USR-049,2026-03-01,1752.7,0.0335,0.0521,0.918,4,USR-049_2026-03-01,text-embedding-3-large,3072
USR-049,2026-03-08,1853.1,0.0324,0.0538,0.957,2,USR-049_2026-03-08,text-embedding-3-large,3072
USR-049,2026-03-15,1464.6,0.0271,0.0468,0.948,1,USR-049_2026-03-15,text-embedding-3-large,3072
USR-049,2026-03-22,1851.7,0.0266,0.0504,0.908,0,USR-049_2026-03-22,text-embedding-3-large,3072
USR-049,2026-03-29,1659.7,0.0227,0.0513,0.934,3,USR-049_2026-03-29,text-embedding-3-large,3072
USR-049,2026-04-05,1884.3,0.0343,0.0534,0.896,4,USR-049_2026-04-05,text-embedding-3-large,3072
USR-049,2026-04-12,1667.8,0.0295,0.0513,0.941,1,USR-049_2026-04-12,text-embedding-3-large,3072
USR-049,2026-04-19,2042.6,0.0337,0.0426,0.934,5,USR-049_2026-04-19,text-embedding-3-large,3072
USR-049,2026-04-26,1840.0,0.0256,0.051,0.902,3,USR-049_2026-04-26,text-embedding-3-large,3072
USR-049,2026-05-03,1863.7,0.0256,0.056,0.939,2,USR-049_2026-05-03,text-embedding-3-large,3072
USR-049,2026-05-10,1915.7,0.0322,0.0537,0.949,5,USR-049_2026-05-10,text-embedding-3-large,3072
USR-049,2026-05-17,1955.3,0.028,0.0663,0.953,5,USR-049_2026-05-17,text-embedding-3-large,3072
USR-049,2026-05-24,1873.9,0.0253,0.0587,0.986,4,USR-049_2026-05-24,text-embedding-3-large,3072
USR-049,2026-05-31,1702.6,0.0297,0.0577,0.883,1,USR-049_2026-05-31,text-embedding-3-large,3072
USR-049,2026-06-07,1736.0,0.0228,0.0506,0.933,2,USR-049_2026-06-07,text-embedding-3-large,3072
USR-049,2026-06-14,1804.0,0.0333,0.0543,0.968,0,USR-049_2026-06-14,text-embedding-3-large,3072
USR-049,2026-06-21,1904.2,0.0329,0.0438,0.936,2,USR-049_2026-06-21,text-embedding-3-large,3072
USR-050,2025-06-29,1790.6,0.0139,0.0344,0.95,2,USR-050_2025-06-29,text-embedding-3-large,3072
USR-050,2025-07-06,1753.3,0.0144,0.0234,0.946,0,USR-050_2025-07-06,text-embedding-3-large,3072
USR-050,2025-07-13,1947.0,0.0185,0.0276,0.899,3,USR-050_2025-07-13,text-embedding-3-large,3072
USR-050,2025-07-20,1746.1,0.0168,0.0293,0.943,0,USR-050_2025-07-20,text-embedding-3-large,3072
USR-050,2025-07-27,1697.3,0.0157,0.023,0.99,0,USR-050_2025-07-27,text-embedding-3-large,3072
USR-050,2025-08-03,1660.4,0.0168,0.0288,0.944,2,USR-050_2025-08-03,text-embedding-3-large,3072
USR-050,2025-08-10,1728.6,0.0144,0.0286,0.923,1,USR-050_2025-08-10,text-embedding-3-large,3072
USR-050,2025-08-17,1945.0,0.0195,0.0314,0.916,1,USR-050_2025-08-17,text-embedding-3-large,3072
USR-050,2025-08-24,1756.2,0.0161,0.0317,0.968,1,USR-050_2025-08-24,text-embedding-3-large,3072
USR-050,2025-08-31,1844.9,0.0157,0.0215,0.939,3,USR-050_2025-08-31,text-embedding-3-large,3072
USR-050,2025-09-07,1806.3,0.0156,0.021,0.914,1,USR-050_2025-09-07,text-embedding-3-large,3072
USR-050,2025-09-14,1676.6,0.0169,0.0284,0.908,1,USR-050_2025-09-14,text-embedding-3-large,3072
USR-050,2025-09-21,1870.2,0.0161,0.0279,0.918,1,USR-050_2025-09-21,text-embedding-3-large,3072
USR-050,2025-09-28,1706.5,0.0128,0.0277,0.948,0,USR-050_2025-09-28,text-embedding-3-large,3072
USR-050,2025-10-05,1843.3,0.0156,0.0315,0.969,1,USR-050_2025-10-05,text-embedding-3-large,3072
USR-050,2025-10-12,1766.7,0.0144,0.0276,0.937,0,USR-050_2025-10-12,text-embedding-3-large,3072
USR-050,2025-10-19,1965.1,0.0185,0.038,0.925,0,USR-050_2025-10-19,text-embedding-3-large,3072
USR-050,2025-10-26,1726.9,0.018,0.0325,0.95,0,USR-050_2025-10-26,text-embedding-3-large,3072
USR-050,2025-11-02,2052.3,0.0182,0.0255,0.936,2,USR-050_2025-11-02,text-embedding-3-large,3072
USR-050,2025-11-09,1779.7,0.0169,0.0312,0.966,3,USR-050_2025-11-09,text-embedding-3-large,3072
USR-050,2025-11-16,1678.4,0.0175,0.0321,0.926,1,USR-050_2025-11-16,text-embedding-3-large,3072
USR-050,2025-11-23,1732.8,0.015,0.0281,0.949,0,USR-050_2025-11-23,text-embedding-3-large,3072
USR-050,2025-11-30,1819.9,0.0157,0.0321,0.965,1,USR-050_2025-11-30,text-embedding-3-large,3072
USR-050,2025-12-07,1685.8,0.0164,0.0298,0.99,0,USR-050_2025-12-07,text-embedding-3-large,3072
USR-050,2025-12-14,1903.2,0.0163,0.0296,0.937,3,USR-050_2025-12-14,text-embedding-3-large,3072
USR-050,2025-12-21,1853.5,0.0185,0.0375,0.99,0,USR-050_2025-12-21,text-embedding-3-large,3072
USR-050,2025-12-28,1625.2,0.0178,0.0392,0.971,0,USR-050_2025-12-28,text-embedding-3-large,3072
USR-050,2026-01-04,1676.8,0.0168,0.0292,0.923,0,USR-050_2026-01-04,text-embedding-3-large,3072
USR-050,2026-01-11,1760.2,0.0151,0.0345,0.969,1,USR-050_2026-01-11,text-embedding-3-large,3072
USR-050,2026-01-18,1665.3,0.0182,0.0348,0.959,3,USR-050_2026-01-18,text-embedding-3-large,3072
USR-050,2026-01-25,1909.0,0.0176,0.0285,0.94,1,USR-050_2026-01-25,text-embedding-3-large,3072
USR-050,2026-02-01,1659.0,0.0187,0.0296,0.953,1,USR-050_2026-02-01,text-embedding-3-large,3072
USR-050,2026-02-08,1968.8,0.0161,0.0342,0.951,3,USR-050_2026-02-08,text-embedding-3-large,3072
USR-050,2026-02-15,1884.6,0.0209,0.0368,0.92,0,USR-050_2026-02-15,text-embedding-3-large,3072
USR-050,2026-02-22,1755.2,0.0201,0.0386,0.941,1,USR-050_2026-02-22,text-embedding-3-large,3072
USR-050,2026-03-01,1834.5,0.0166,0.0307,0.91,0,USR-050_2026-03-01,text-embedding-3-large,3072
USR-050,2026-03-08,1773.3,0.0135,0.0357,0.954,0,USR-050_2026-03-08,text-embedding-3-large,3072
USR-050,2026-03-15,1922.4,0.0184,0.0261,0.99,0,USR-050_2026-03-15,text-embedding-3-large,3072
USR-050,2026-03-22,1741.3,0.0187,0.0276,0.932,1,USR-050_2026-03-22,text-embedding-3-large,3072
USR-050,2026-03-29,1776.3,0.0145,0.0201,0.945,1,USR-050_2026-03-29,text-embedding-3-large,3072
USR-050,2026-04-05,1801.6,0.0187,0.0362,0.945,0,USR-050_2026-04-05,text-embedding-3-large,3072
USR-050,2026-04-12,1523.6,0.0177,0.0358,0.974,0,USR-050_2026-04-12,text-embedding-3-large,3072
USR-050,2026-04-19,1737.8,0.0196,0.0263,0.926,2,USR-050_2026-04-19,text-embedding-3-large,3072
USR-050,2026-04-26,1828.6,0.0163,0.0211,0.955,0,USR-050_2026-04-26,text-embedding-3-large,3072
USR-050,2026-05-03,1789.4,0.0143,0.037,0.87,2,USR-050_2026-05-03,text-embedding-3-large,3072
USR-050,2026-05-10,1894.5,0.019,0.0351,0.876,0,USR-050_2026-05-10,text-embedding-3-large,3072
USR-050,2026-05-17,1832.1,0.021,0.0332,0.922,2,USR-050_2026-05-17,text-embedding-3-large,3072
USR-050,2026-05-24,1849.0,0.0151,0.0338,0.913,2,USR-050_2026-05-24,text-embedding-3-large,3072
USR-050,2026-05-31,1820.5,0.0175,0.035,0.975,1,USR-050_2026-05-31,text-embedding-3-large,3072
USR-050,2026-06-07,1757.7,0.0185,0.0251,0.907,1,USR-050_2026-06-07,text-embedding-3-large,3072
USR-050,2026-06-14,1774.5,0.0194,0.0308,0.973,0,USR-050_2026-06-14,text-embedding-3-large,3072
USR-050,2026-06-21,1889.0,0.014,0.03,0.889,0,USR-050_2026-06-21,text-embedding-3-large,3072
USR-051,2025-06-29,1345.8,0.0245,0.0557,0.862,3,USR-051_2025-06-29,text-embedding-3-large,3072
USR-051,2025-07-06,1322.5,0.0231,0.0677,0.968,1,USR-051_2025-07-06,text-embedding-3-large,3072
USR-051,2025-07-13,1420.7,0.0245,0.067,0.926,1,USR-051_2025-07-13,text-embedding-3-large,3072
USR-051,2025-07-20,1366.6,0.0267,0.0619,0.933,1,USR-051_2025-07-20,text-embedding-3-large,3072
USR-051,2025-07-27,1402.1,0.0245,0.0702,0.959,5,USR-051_2025-07-27,text-embedding-3-large,3072
USR-051,2025-08-03,1395.9,0.0258,0.0604,0.946,0,USR-051_2025-08-03,text-embedding-3-large,3072
USR-051,2025-08-10,1516.8,0.0255,0.0659,0.974,0,USR-051_2025-08-10,text-embedding-3-large,3072
USR-051,2025-08-17,1343.3,0.0281,0.0762,0.939,0,USR-051_2025-08-17,text-embedding-3-large,3072
USR-051,2025-08-24,1444.8,0.0222,0.0558,0.987,1,USR-051_2025-08-24,text-embedding-3-large,3072
USR-051,2025-08-31,1441.6,0.0231,0.0663,0.945,1,USR-051_2025-08-31,text-embedding-3-large,3072
USR-051,2025-09-07,1504.8,0.0241,0.0587,0.936,1,USR-051_2025-09-07,text-embedding-3-large,3072
USR-051,2025-09-14,1437.0,0.0196,0.0537,0.914,1,USR-051_2025-09-14,text-embedding-3-large,3072
USR-051,2025-09-21,1614.0,0.0242,0.0592,0.911,1,USR-051_2025-09-21,text-embedding-3-large,3072
USR-051,2025-09-28,1510.0,0.022,0.0598,0.912,0,USR-051_2025-09-28,text-embedding-3-large,3072
USR-051,2025-10-05,1614.2,0.0231,0.0649,0.961,0,USR-051_2025-10-05,text-embedding-3-large,3072
USR-051,2025-10-12,1295.8,0.0241,0.0639,0.954,0,USR-051_2025-10-12,text-embedding-3-large,3072
USR-051,2025-10-19,1400.2,0.0248,0.0728,0.898,1,USR-051_2025-10-19,text-embedding-3-large,3072
USR-051,2025-10-26,1384.0,0.0233,0.0679,0.972,1,USR-051_2025-10-26,text-embedding-3-large,3072
USR-051,2025-11-02,1387.1,0.0268,0.0648,0.933,0,USR-051_2025-11-02,text-embedding-3-large,3072
USR-051,2025-11-09,1534.9,0.027,0.0491,0.872,2,USR-051_2025-11-09,text-embedding-3-large,3072
USR-051,2025-11-16,1528.9,0.0176,0.0532,0.93,0,USR-051_2025-11-16,text-embedding-3-large,3072
USR-051,2025-11-23,1365.3,0.0234,0.0602,0.93,2,USR-051_2025-11-23,text-embedding-3-large,3072
USR-051,2025-11-30,1670.8,0.0257,0.0485,0.938,0,USR-051_2025-11-30,text-embedding-3-large,3072
USR-051,2025-12-07,1493.8,0.0321,0.0716,0.924,0,USR-051_2025-12-07,text-embedding-3-large,3072
USR-051,2025-12-14,1456.1,0.0237,0.0741,0.936,1,USR-051_2025-12-14,text-embedding-3-large,3072
USR-051,2025-12-21,1598.6,0.0237,0.066,0.957,1,USR-051_2025-12-21,text-embedding-3-large,3072
USR-051,2025-12-28,1492.5,0.0234,0.0547,0.908,1,USR-051_2025-12-28,text-embedding-3-large,3072
USR-051,2026-01-04,1511.3,0.02,0.0495,0.93,2,USR-051_2026-01-04,text-embedding-3-large,3072
USR-051,2026-01-11,1471.5,0.0219,0.0506,0.979,0,USR-051_2026-01-11,text-embedding-3-large,3072
USR-051,2026-01-18,1314.4,0.0237,0.067,0.985,1,USR-051_2026-01-18,text-embedding-3-large,3072
USR-051,2026-01-25,1310.5,0.0229,0.0547,0.932,0,USR-051_2026-01-25,text-embedding-3-large,3072
USR-051,2026-02-01,1371.3,0.0263,0.052,0.926,0,USR-051_2026-02-01,text-embedding-3-large,3072
USR-051,2026-02-08,1468.4,0.0229,0.0805,0.893,1,USR-051_2026-02-08,text-embedding-3-large,3072
USR-051,2026-02-15,1402.9,0.0307,0.0668,0.931,2,USR-051_2026-02-15,text-embedding-3-large,3072
USR-051,2026-02-22,1487.9,0.0232,0.057,0.96,0,USR-051_2026-02-22,text-embedding-3-large,3072
USR-051,2026-03-01,1467.6,0.0278,0.0483,0.946,0,USR-051_2026-03-01,text-embedding-3-large,3072
USR-051,2026-03-08,1503.8,0.0249,0.0649,0.934,2,USR-051_2026-03-08,text-embedding-3-large,3072
USR-051,2026-03-15,1458.8,0.0256,0.0437,0.943,0,USR-051_2026-03-15,text-embedding-3-large,3072
USR-051,2026-03-22,1344.6,0.0246,0.0543,0.921,3,USR-051_2026-03-22,text-embedding-3-large,3072
USR-051,2026-03-29,1353.7,0.0277,0.0615,0.984,2,USR-051_2026-03-29,text-embedding-3-large,3072
USR-051,2026-04-05,1480.1,0.0237,0.0504,0.928,0,USR-051_2026-04-05,text-embedding-3-large,3072
USR-051,2026-04-12,1391.5,0.0236,0.0701,0.935,1,USR-051_2026-04-12,text-embedding-3-large,3072
USR-051,2026-04-19,1505.2,0.0211,0.0672,0.966,1,USR-051_2026-04-19,text-embedding-3-large,3072
USR-051,2026-04-26,1420.9,0.0203,0.0538,0.895,0,USR-051_2026-04-26,text-embedding-3-large,3072
USR-051,2026-05-03,1632.2,0.0259,0.067,0.939,0,USR-051_2026-05-03,text-embedding-3-large,3072
USR-051,2026-05-10,1363.0,0.0241,0.0446,0.97,1,USR-051_2026-05-10,text-embedding-3-large,3072
USR-051,2026-05-17,1554.7,0.0233,0.0728,0.935,0,USR-051_2026-05-17,text-embedding-3-large,3072
USR-051,2026-05-24,1590.1,0.0237,0.0518,0.917,0,USR-051_2026-05-24,text-embedding-3-large,3072
USR-051,2026-05-31,1467.0,0.0223,0.0592,0.955,1,USR-051_2026-05-31,text-embedding-3-large,3072
USR-051,2026-06-07,1494.9,0.0257,0.0565,0.947,2,USR-051_2026-06-07,text-embedding-3-large,3072
USR-051,2026-06-14,1347.9,0.0231,0.0539,0.896,0,USR-051_2026-06-14,text-embedding-3-large,3072
USR-051,2026-06-21,1457.5,0.0279,0.0481,0.904,3,USR-051_2026-06-21,text-embedding-3-large,3072
USR-052,2025-06-29,1730.2,0.0179,0.0475,0.906,6,USR-052_2025-06-29,text-embedding-3-large,3072
USR-052,2025-07-06,1822.5,0.0189,0.0257,0.904,1,USR-052_2025-07-06,text-embedding-3-large,3072
USR-052,2025-07-13,1720.7,0.0178,0.0482,0.955,1,USR-052_2025-07-13,text-embedding-3-large,3072
USR-052,2025-07-20,1784.0,0.0193,0.0337,0.944,5,USR-052_2025-07-20,text-embedding-3-large,3072
USR-052,2025-07-27,1541.0,0.0181,0.0355,0.934,3,USR-052_2025-07-27,text-embedding-3-large,3072
USR-052,2025-08-03,1852.6,0.0164,0.0292,0.938,4,USR-052_2025-08-03,text-embedding-3-large,3072
USR-052,2025-08-10,1700.1,0.0172,0.0404,0.948,1,USR-052_2025-08-10,text-embedding-3-large,3072
USR-052,2025-08-17,1722.6,0.0179,0.0446,0.947,3,USR-052_2025-08-17,text-embedding-3-large,3072
USR-052,2025-08-24,1748.8,0.0166,0.0339,0.936,6,USR-052_2025-08-24,text-embedding-3-large,3072
USR-052,2025-08-31,1871.9,0.0181,0.0434,0.914,2,USR-052_2025-08-31,text-embedding-3-large,3072
USR-052,2025-09-07,1833.5,0.0169,0.0384,0.931,4,USR-052_2025-09-07,text-embedding-3-large,3072
USR-052,2025-09-14,1731.7,0.0205,0.0443,0.947,6,USR-052_2025-09-14,text-embedding-3-large,3072
USR-052,2025-09-21,1927.3,0.0195,0.0298,0.961,1,USR-052_2025-09-21,text-embedding-3-large,3072
USR-052,2025-09-28,1763.9,0.0197,0.0444,0.939,2,USR-052_2025-09-28,text-embedding-3-large,3072
USR-052,2025-10-05,1835.4,0.0201,0.0329,0.919,7,USR-052_2025-10-05,text-embedding-3-large,3072
USR-052,2025-10-12,1696.6,0.0174,0.0553,0.972,4,USR-052_2025-10-12,text-embedding-3-large,3072
USR-052,2025-10-19,1654.0,0.0197,0.041,0.94,0,USR-052_2025-10-19,text-embedding-3-large,3072
USR-052,2025-10-26,1688.2,0.0145,0.0458,0.935,4,USR-052_2025-10-26,text-embedding-3-large,3072
USR-052,2025-11-02,1796.9,0.0197,0.0426,0.969,2,USR-052_2025-11-02,text-embedding-3-large,3072
USR-052,2025-11-09,1688.9,0.0188,0.0373,0.953,0,USR-052_2025-11-09,text-embedding-3-large,3072
USR-052,2025-11-16,1779.5,0.014,0.0363,0.912,3,USR-052_2025-11-16,text-embedding-3-large,3072
USR-052,2025-11-23,1776.7,0.0145,0.0357,0.934,0,USR-052_2025-11-23,text-embedding-3-large,3072
USR-052,2025-11-30,1958.1,0.0173,0.042,0.909,2,USR-052_2025-11-30,text-embedding-3-large,3072
USR-052,2025-12-07,1737.3,0.0201,0.0313,0.96,2,USR-052_2025-12-07,text-embedding-3-large,3072
USR-052,2025-12-14,1734.8,0.0167,0.0294,0.879,3,USR-052_2025-12-14,text-embedding-3-large,3072
USR-052,2025-12-21,1820.4,0.0169,0.0374,0.963,4,USR-052_2025-12-21,text-embedding-3-large,3072
USR-052,2025-12-28,1922.7,0.0178,0.0435,0.93,5,USR-052_2025-12-28,text-embedding-3-large,3072
USR-052,2026-01-04,1798.6,0.0143,0.0383,0.931,3,USR-052_2026-01-04,text-embedding-3-large,3072
USR-052,2026-01-11,2016.7,0.0213,0.0303,0.957,4,USR-052_2026-01-11,text-embedding-3-large,3072
USR-052,2026-01-18,1772.6,0.0157,0.042,0.92,4,USR-052_2026-01-18,text-embedding-3-large,3072
USR-052,2026-01-25,2016.2,0.0185,0.0388,0.93,1,USR-052_2026-01-25,text-embedding-3-large,3072
USR-052,2026-02-01,1530.3,0.0162,0.0419,0.99,1,USR-052_2026-02-01,text-embedding-3-large,3072
USR-052,2026-02-08,1818.8,0.0176,0.0413,0.959,3,USR-052_2026-02-08,text-embedding-3-large,3072
USR-052,2026-02-15,1915.7,0.0207,0.0367,0.99,4,USR-052_2026-02-15,text-embedding-3-large,3072
USR-052,2026-02-22,1875.8,0.021,0.0403,0.937,1,USR-052_2026-02-22,text-embedding-3-large,3072
USR-052,2026-03-01,1903.8,0.017,0.0406,0.953,4,USR-052_2026-03-01,text-embedding-3-large,3072
USR-052,2026-03-08,1731.5,0.0172,0.0443,0.888,6,USR-052_2026-03-08,text-embedding-3-large,3072
USR-052,2026-03-15,1561.4,0.0167,0.0352,0.903,2,USR-052_2026-03-15,text-embedding-3-large,3072
USR-052,2026-03-22,1797.2,0.0206,0.0328,0.91,0,USR-052_2026-03-22,text-embedding-3-large,3072
USR-052,2026-03-29,1823.6,0.0157,0.0408,0.944,2,USR-052_2026-03-29,text-embedding-3-large,3072
USR-052,2026-04-05,1598.6,0.0157,0.041,0.957,1,USR-052_2026-04-05,text-embedding-3-large,3072
USR-052,2026-04-12,1668.0,0.0223,0.0432,0.983,5,USR-052_2026-04-12,text-embedding-3-large,3072
USR-052,2026-04-19,1757.5,0.0194,0.041,0.962,2,USR-052_2026-04-19,text-embedding-3-large,3072
USR-052,2026-04-26,1715.7,0.0132,0.0391,0.969,5,USR-052_2026-04-26,text-embedding-3-large,3072
USR-052,2026-05-03,1679.8,0.0165,0.0442,0.973,2,USR-052_2026-05-03,text-embedding-3-large,3072
USR-052,2026-05-10,1671.0,0.0179,0.0447,0.99,2,USR-052_2026-05-10,text-embedding-3-large,3072
USR-052,2026-05-17,1895.7,0.0182,0.0373,0.875,4,USR-052_2026-05-17,text-embedding-3-large,3072
USR-052,2026-05-24,1903.4,0.0185,0.0406,0.976,1,USR-052_2026-05-24,text-embedding-3-large,3072
USR-052,2026-05-31,1887.1,0.0166,0.0435,0.923,2,USR-052_2026-05-31,text-embedding-3-large,3072
USR-052,2026-06-07,1872.2,0.0167,0.0471,0.947,1,USR-052_2026-06-07,text-embedding-3-large,3072
USR-052,2026-06-14,1694.9,0.0176,0.0483,0.877,1,USR-052_2026-06-14,text-embedding-3-large,3072
USR-052,2026-06-21,1693.2,0.0213,0.0416,0.99,6,USR-052_2026-06-21,text-embedding-3-large,3072
USR-053,2025-06-29,2110.0,0.014,0.0896,0.932,2,USR-053_2025-06-29,text-embedding-3-large,3072
USR-053,2025-07-06,2019.5,0.015,0.0858,0.929,0,USR-053_2025-07-06,text-embedding-3-large,3072
USR-053,2025-07-13,2006.1,0.014,0.069,0.941,1,USR-053_2025-07-13,text-embedding-3-large,3072
USR-053,2025-07-20,1842.3,0.0139,0.0729,0.911,1,USR-053_2025-07-20,text-embedding-3-large,3072
USR-053,2025-07-27,2087.7,0.0122,0.0739,0.926,1,USR-053_2025-07-27,text-embedding-3-large,3072
USR-053,2025-08-03,1786.6,0.0134,0.0848,0.916,1,USR-053_2025-08-03,text-embedding-3-large,3072
USR-053,2025-08-10,1933.1,0.0168,0.077,0.953,1,USR-053_2025-08-10,text-embedding-3-large,3072
USR-053,2025-08-17,1856.2,0.0189,0.0927,0.937,0,USR-053_2025-08-17,text-embedding-3-large,3072
USR-053,2025-08-24,2033.0,0.0134,0.0545,0.952,0,USR-053_2025-08-24,text-embedding-3-large,3072
USR-053,2025-08-31,1759.3,0.0129,0.0969,0.935,1,USR-053_2025-08-31,text-embedding-3-large,3072
USR-053,2025-09-07,2234.7,0.0167,0.0987,0.943,2,USR-053_2025-09-07,text-embedding-3-large,3072
USR-053,2025-09-14,2043.4,0.0167,0.076,0.959,1,USR-053_2025-09-14,text-embedding-3-large,3072
USR-053,2025-09-21,1969.8,0.0171,0.0973,0.917,0,USR-053_2025-09-21,text-embedding-3-large,3072
USR-053,2025-09-28,1840.2,0.018,0.0811,0.921,0,USR-053_2025-09-28,text-embedding-3-large,3072
USR-053,2025-10-05,1836.3,0.0152,0.0892,0.952,0,USR-053_2025-10-05,text-embedding-3-large,3072
USR-053,2025-10-12,2132.5,0.0139,0.0672,0.949,3,USR-053_2025-10-12,text-embedding-3-large,3072
USR-053,2025-10-19,2090.8,0.015,0.0919,0.957,2,USR-053_2025-10-19,text-embedding-3-large,3072
USR-053,2025-10-26,2014.4,0.0133,0.0987,0.913,1,USR-053_2025-10-26,text-embedding-3-large,3072
USR-053,2025-11-02,2169.5,0.0126,0.0786,0.918,1,USR-053_2025-11-02,text-embedding-3-large,3072
USR-053,2025-11-09,1897.9,0.0133,0.0847,0.95,1,USR-053_2025-11-09,text-embedding-3-large,3072
USR-053,2025-11-16,1918.4,0.0164,0.0783,0.893,2,USR-053_2025-11-16,text-embedding-3-large,3072
USR-053,2025-11-23,1822.8,0.0147,0.0451,0.955,2,USR-053_2025-11-23,text-embedding-3-large,3072
USR-053,2025-11-30,2072.4,0.0176,0.0781,0.944,2,USR-053_2025-11-30,text-embedding-3-large,3072
USR-053,2025-12-07,1896.2,0.0132,0.0838,0.99,1,USR-053_2025-12-07,text-embedding-3-large,3072
USR-053,2025-12-14,1918.4,0.0151,0.09,0.948,0,USR-053_2025-12-14,text-embedding-3-large,3072
USR-053,2025-12-21,1948.9,0.014,0.0859,0.951,2,USR-053_2025-12-21,text-embedding-3-large,3072
USR-053,2025-12-28,2114.3,0.0178,0.0833,0.981,2,USR-053_2025-12-28,text-embedding-3-large,3072
USR-053,2026-01-04,1875.3,0.0153,0.0798,0.927,1,USR-053_2026-01-04,text-embedding-3-large,3072
USR-053,2026-01-11,2064.0,0.0179,0.0858,0.939,3,USR-053_2026-01-11,text-embedding-3-large,3072
USR-053,2026-01-18,1812.2,0.0151,0.0767,0.9,2,USR-053_2026-01-18,text-embedding-3-large,3072
USR-053,2026-01-25,1906.3,0.0151,0.0891,0.909,1,USR-053_2026-01-25,text-embedding-3-large,3072
USR-053,2026-02-01,1840.7,0.0153,0.0738,0.938,0,USR-053_2026-02-01,text-embedding-3-large,3072
USR-053,2026-02-08,1986.4,0.0138,0.0653,0.943,1,USR-053_2026-02-08,text-embedding-3-large,3072
USR-053,2026-02-15,1922.1,0.015,0.0761,0.959,2,USR-053_2026-02-15,text-embedding-3-large,3072
USR-053,2026-02-22,1809.0,0.0131,0.0762,0.939,0,USR-053_2026-02-22,text-embedding-3-large,3072
USR-053,2026-03-01,2089.0,0.0091,0.0658,0.99,1,USR-053_2026-03-01,text-embedding-3-large,3072
USR-053,2026-03-08,1843.6,0.0185,0.0808,0.924,1,USR-053_2026-03-08,text-embedding-3-large,3072
USR-053,2026-03-15,1955.5,0.0151,0.0861,0.934,0,USR-053_2026-03-15,text-embedding-3-large,3072
USR-053,2026-03-22,1908.4,0.0135,0.1001,0.949,0,USR-053_2026-03-22,text-embedding-3-large,3072
USR-053,2026-03-29,2081.3,0.0154,0.0884,0.937,1,USR-053_2026-03-29,text-embedding-3-large,3072
USR-053,2026-04-05,2043.1,0.0123,0.0886,0.94,2,USR-053_2026-04-05,text-embedding-3-large,3072
USR-053,2026-04-12,1994.1,0.0142,0.071,0.962,0,USR-053_2026-04-12,text-embedding-3-large,3072
USR-053,2026-04-19,2044.8,0.0135,0.0839,0.943,2,USR-053_2026-04-19,text-embedding-3-large,3072
USR-053,2026-04-26,2004.4,0.0162,0.0736,0.974,2,USR-053_2026-04-26,text-embedding-3-large,3072
USR-053,2026-05-03,2049.4,0.0144,0.0866,0.96,1,USR-053_2026-05-03,text-embedding-3-large,3072
USR-053,2026-05-10,1806.3,0.0147,0.1002,0.965,0,USR-053_2026-05-10,text-embedding-3-large,3072
USR-053,2026-05-17,1836.5,0.0123,0.0677,0.99,2,USR-053_2026-05-17,text-embedding-3-large,3072
USR-053,2026-05-24,1999.5,0.0181,0.0895,0.959,1,USR-053_2026-05-24,text-embedding-3-large,3072
USR-053,2026-05-31,1961.7,0.0119,0.0682,0.916,2,USR-053_2026-05-31,text-embedding-3-large,3072
USR-053,2026-06-07,1886.2,0.0176,0.0965,0.961,2,USR-053_2026-06-07,text-embedding-3-large,3072
USR-053,2026-06-14,1975.2,0.0164,0.0719,0.866,2,USR-053_2026-06-14,text-embedding-3-large,3072
USR-053,2026-06-21,1927.8,0.0156,0.0896,0.972,0,USR-053_2026-06-21,text-embedding-3-large,3072
USR-054,2025-06-29,2865.6,0.0137,0.0285,0.937,0,USR-054_2025-06-29,text-embedding-3-large,3072
USR-054,2025-07-06,3111.0,0.0167,0.0311,0.99,0,USR-054_2025-07-06,text-embedding-3-large,3072
USR-054,2025-07-13,3185.6,0.0164,0.019,0.914,0,USR-054_2025-07-13,text-embedding-3-large,3072
USR-054,2025-07-20,3367.1,0.0188,0.0254,0.946,1,USR-054_2025-07-20,text-embedding-3-large,3072
USR-054,2025-07-27,2941.0,0.017,0.023,0.925,2,USR-054_2025-07-27,text-embedding-3-large,3072
USR-054,2025-08-03,3182.0,0.0165,0.0247,0.94,2,USR-054_2025-08-03,text-embedding-3-large,3072
USR-054,2025-08-10,3136.7,0.0136,0.0347,0.916,0,USR-054_2025-08-10,text-embedding-3-large,3072
USR-054,2025-08-17,2950.3,0.0174,0.0263,0.953,0,USR-054_2025-08-17,text-embedding-3-large,3072
USR-054,2025-08-24,3400.0,0.0145,0.0303,0.938,1,USR-054_2025-08-24,text-embedding-3-large,3072
USR-054,2025-08-31,3194.1,0.0144,0.0266,0.903,0,USR-054_2025-08-31,text-embedding-3-large,3072
USR-054,2025-09-07,2845.3,0.0146,0.0321,0.978,4,USR-054_2025-09-07,text-embedding-3-large,3072
USR-054,2025-09-14,3379.2,0.0171,0.0313,0.937,2,USR-054_2025-09-14,text-embedding-3-large,3072
USR-054,2025-09-21,3181.6,0.0213,0.0248,0.903,1,USR-054_2025-09-21,text-embedding-3-large,3072
USR-054,2025-09-28,3168.5,0.0141,0.0295,0.95,0,USR-054_2025-09-28,text-embedding-3-large,3072
USR-054,2025-10-05,3089.4,0.0149,0.0312,0.985,0,USR-054_2025-10-05,text-embedding-3-large,3072
USR-054,2025-10-12,2821.6,0.0151,0.0226,0.974,0,USR-054_2025-10-12,text-embedding-3-large,3072
USR-054,2025-10-19,2957.3,0.0149,0.0277,0.938,0,USR-054_2025-10-19,text-embedding-3-large,3072
USR-054,2025-10-26,3166.6,0.016,0.021,0.948,2,USR-054_2025-10-26,text-embedding-3-large,3072
USR-054,2025-11-02,3362.0,0.0126,0.0371,0.95,0,USR-054_2025-11-02,text-embedding-3-large,3072
USR-054,2025-11-09,3086.7,0.0157,0.0222,0.957,0,USR-054_2025-11-09,text-embedding-3-large,3072
USR-054,2025-11-16,3448.3,0.0158,0.0235,0.918,1,USR-054_2025-11-16,text-embedding-3-large,3072
USR-054,2025-11-23,2951.4,0.0145,0.0329,0.959,2,USR-054_2025-11-23,text-embedding-3-large,3072
USR-054,2025-11-30,2948.9,0.0162,0.0306,0.929,1,USR-054_2025-11-30,text-embedding-3-large,3072
USR-054,2025-12-07,2939.9,0.0161,0.034,0.936,1,USR-054_2025-12-07,text-embedding-3-large,3072
USR-054,2025-12-14,3329.5,0.0144,0.0206,0.948,0,USR-054_2025-12-14,text-embedding-3-large,3072
USR-054,2025-12-21,3119.8,0.0174,0.0385,0.94,0,USR-054_2025-12-21,text-embedding-3-large,3072
USR-054,2025-12-28,3145.5,0.0153,0.0291,0.933,1,USR-054_2025-12-28,text-embedding-3-large,3072
USR-054,2026-01-04,3407.0,0.014,0.0319,0.956,0,USR-054_2026-01-04,text-embedding-3-large,3072
USR-054,2026-01-11,3209.2,0.017,0.0254,0.94,0,USR-054_2026-01-11,text-embedding-3-large,3072
USR-054,2026-01-18,3286.1,0.0164,0.0334,0.943,2,USR-054_2026-01-18,text-embedding-3-large,3072
USR-054,2026-01-25,3222.2,0.013,0.034,0.979,3,USR-054_2026-01-25,text-embedding-3-large,3072
USR-054,2026-02-01,3331.7,0.016,0.0288,0.977,1,USR-054_2026-02-01,text-embedding-3-large,3072
USR-054,2026-02-08,3316.6,0.0148,0.0278,0.902,1,USR-054_2026-02-08,text-embedding-3-large,3072
USR-054,2026-02-15,3376.2,0.0186,0.025,0.984,1,USR-054_2026-02-15,text-embedding-3-large,3072
USR-054,2026-02-22,3313.6,0.0147,0.0361,0.912,0,USR-054_2026-02-22,text-embedding-3-large,3072
USR-054,2026-03-01,3230.7,0.0137,0.0384,0.906,1,USR-054_2026-03-01,text-embedding-3-large,3072
USR-054,2026-03-08,3304.0,0.0142,0.0263,0.943,1,USR-054_2026-03-08,text-embedding-3-large,3072
USR-054,2026-03-15,3559.6,0.0161,0.0332,0.946,1,USR-054_2026-03-15,text-embedding-3-large,3072
USR-054,2026-03-22,3391.7,0.0153,0.0334,0.888,2,USR-054_2026-03-22,text-embedding-3-large,3072
USR-054,2026-03-29,3152.5,0.0136,0.0309,0.928,0,USR-054_2026-03-29,text-embedding-3-large,3072
USR-054,2026-04-05,3114.8,0.0164,0.0308,0.943,2,USR-054_2026-04-05,text-embedding-3-large,3072
USR-054,2026-04-12,3481.6,0.0117,0.0286,0.885,1,USR-054_2026-04-12,text-embedding-3-large,3072
USR-054,2026-04-19,3135.5,0.0179,0.0353,0.913,1,USR-054_2026-04-19,text-embedding-3-large,3072
USR-054,2026-04-26,3085.3,0.016,0.0264,0.94,1,USR-054_2026-04-26,text-embedding-3-large,3072
USR-054,2026-05-03,3044.2,0.0168,0.0255,0.908,1,USR-054_2026-05-03,text-embedding-3-large,3072
USR-054,2026-05-10,3203.8,0.0162,0.0279,0.957,1,USR-054_2026-05-10,text-embedding-3-large,3072
USR-054,2026-05-17,3452.7,0.0165,0.0335,0.922,0,USR-054_2026-05-17,text-embedding-3-large,3072
USR-054,2026-05-24,2944.7,0.0161,0.0353,0.888,0,USR-054_2026-05-24,text-embedding-3-large,3072
USR-054,2026-05-31,3062.9,0.0186,0.0335,0.94,2,USR-054_2026-05-31,text-embedding-3-large,3072
USR-054,2026-06-07,3192.0,0.0169,0.0238,0.927,0,USR-054_2026-06-07,text-embedding-3-large,3072
USR-054,2026-06-14,3503.3,0.0145,0.0321,0.932,2,USR-054_2026-06-14,text-embedding-3-large,3072
USR-054,2026-06-21,2754.5,0.0137,0.0352,0.957,1,USR-054_2026-06-21,text-embedding-3-large,3072
USR-055,2025-06-29,1609.2,0.0248,0.0725,0.959,1,USR-055_2025-06-29,text-embedding-3-large,3072
USR-055,2025-07-06,1682.5,0.0231,0.0788,0.939,1,USR-055_2025-07-06,text-embedding-3-large,3072
USR-055,2025-07-13,1684.9,0.0176,0.0611,0.891,1,USR-055_2025-07-13,text-embedding-3-large,3072
USR-055,2025-07-20,1711.6,0.0189,0.0565,0.914,1,USR-055_2025-07-20,text-embedding-3-large,3072
USR-055,2025-07-27,1591.1,0.0201,0.0675,0.966,1,USR-055_2025-07-27,text-embedding-3-large,3072
USR-055,2025-08-03,1651.6,0.0175,0.0572,0.959,1,USR-055_2025-08-03,text-embedding-3-large,3072
USR-055,2025-08-10,1799.8,0.0198,0.0463,0.957,0,USR-055_2025-08-10,text-embedding-3-large,3072
USR-055,2025-08-17,1893.0,0.0209,0.0815,0.91,1,USR-055_2025-08-17,text-embedding-3-large,3072
USR-055,2025-08-24,1544.1,0.0235,0.0716,0.927,1,USR-055_2025-08-24,text-embedding-3-large,3072
USR-055,2025-08-31,1751.8,0.0224,0.079,0.936,0,USR-055_2025-08-31,text-embedding-3-large,3072
USR-055,2025-09-07,1714.0,0.0225,0.0631,0.961,1,USR-055_2025-09-07,text-embedding-3-large,3072
USR-055,2025-09-14,1625.1,0.0246,0.0651,0.927,2,USR-055_2025-09-14,text-embedding-3-large,3072
USR-055,2025-09-21,1665.3,0.0243,0.0417,0.904,2,USR-055_2025-09-21,text-embedding-3-large,3072
USR-055,2025-09-28,1538.0,0.0213,0.0729,0.955,0,USR-055_2025-09-28,text-embedding-3-large,3072
USR-055,2025-10-05,1678.1,0.024,0.0769,0.93,0,USR-055_2025-10-05,text-embedding-3-large,3072
USR-055,2025-10-12,1625.8,0.0238,0.1012,0.927,0,USR-055_2025-10-12,text-embedding-3-large,3072
USR-055,2025-10-19,1810.5,0.0204,0.0895,0.923,1,USR-055_2025-10-19,text-embedding-3-large,3072
USR-055,2025-10-26,1610.5,0.0215,0.082,0.887,0,USR-055_2025-10-26,text-embedding-3-large,3072
USR-055,2025-11-02,1771.9,0.0188,0.0811,0.951,0,USR-055_2025-11-02,text-embedding-3-large,3072
USR-055,2025-11-09,1688.9,0.0236,0.0693,0.982,1,USR-055_2025-11-09,text-embedding-3-large,3072
USR-055,2025-11-16,1642.4,0.0217,0.0697,0.935,1,USR-055_2025-11-16,text-embedding-3-large,3072
USR-055,2025-11-23,1675.6,0.0194,0.0713,0.909,0,USR-055_2025-11-23,text-embedding-3-large,3072
USR-055,2025-11-30,1557.7,0.0232,0.0435,0.979,1,USR-055_2025-11-30,text-embedding-3-large,3072
USR-055,2025-12-07,1809.7,0.0213,0.0629,0.933,0,USR-055_2025-12-07,text-embedding-3-large,3072
USR-055,2025-12-14,1875.0,0.0248,0.0716,0.943,0,USR-055_2025-12-14,text-embedding-3-large,3072
USR-055,2025-12-21,1723.5,0.0221,0.0742,0.959,0,USR-055_2025-12-21,text-embedding-3-large,3072
USR-055,2025-12-28,1906.1,0.0211,0.0742,0.971,1,USR-055_2025-12-28,text-embedding-3-large,3072
USR-055,2026-01-04,1907.7,0.0212,0.0753,0.933,2,USR-055_2026-01-04,text-embedding-3-large,3072
USR-055,2026-01-11,1775.8,0.0225,0.0856,0.948,0,USR-055_2026-01-11,text-embedding-3-large,3072
USR-055,2026-01-18,1645.6,0.0195,0.0758,0.928,1,USR-055_2026-01-18,text-embedding-3-large,3072
USR-055,2026-01-25,1480.4,0.0218,0.0674,0.99,3,USR-055_2026-01-25,text-embedding-3-large,3072
USR-055,2026-02-01,1586.7,0.015,0.067,0.989,1,USR-055_2026-02-01,text-embedding-3-large,3072
USR-055,2026-02-08,1597.0,0.0224,0.0519,0.914,2,USR-055_2026-02-08,text-embedding-3-large,3072
USR-055,2026-02-15,1588.5,0.0264,0.0624,0.925,3,USR-055_2026-02-15,text-embedding-3-large,3072
USR-055,2026-02-22,1658.8,0.0235,0.0697,0.908,1,USR-055_2026-02-22,text-embedding-3-large,3072
USR-055,2026-03-01,1495.5,0.0203,0.0562,0.972,0,USR-055_2026-03-01,text-embedding-3-large,3072
USR-055,2026-03-08,1510.3,0.023,0.0944,0.977,1,USR-055_2026-03-08,text-embedding-3-large,3072
USR-055,2026-03-15,1679.0,0.0239,0.078,0.948,0,USR-055_2026-03-15,text-embedding-3-large,3072
USR-055,2026-03-22,1637.2,0.0223,0.0514,0.952,0,USR-055_2026-03-22,text-embedding-3-large,3072
USR-055,2026-03-29,1642.3,0.0233,0.0712,0.953,1,USR-055_2026-03-29,text-embedding-3-large,3072
USR-055,2026-04-05,1662.4,0.021,0.0799,0.951,1,USR-055_2026-04-05,text-embedding-3-large,3072
USR-055,2026-04-12,1661.2,0.0223,0.078,0.954,0,USR-055_2026-04-12,text-embedding-3-large,3072
USR-055,2026-04-19,1797.0,0.0202,0.0766,0.962,1,USR-055_2026-04-19,text-embedding-3-large,3072
USR-055,2026-04-26,1682.4,0.0255,0.0737,0.98,3,USR-055_2026-04-26,text-embedding-3-large,3072
USR-055,2026-05-03,1586.4,0.0251,0.0623,0.919,1,USR-055_2026-05-03,text-embedding-3-large,3072
USR-055,2026-05-10,1574.7,0.02,0.06,0.942,1,USR-055_2026-05-10,text-embedding-3-large,3072
USR-055,2026-05-17,1643.3,0.0231,0.0756,0.92,2,USR-055_2026-05-17,text-embedding-3-large,3072
USR-055,2026-05-24,1638.5,0.0204,0.0654,0.932,2,USR-055_2026-05-24,text-embedding-3-large,3072
USR-055,2026-05-31,1496.8,0.0249,0.0635,0.962,0,USR-055_2026-05-31,text-embedding-3-large,3072
USR-055,2026-06-07,1589.9,0.0191,0.0749,0.968,2,USR-055_2026-06-07,text-embedding-3-large,3072
USR-055,2026-06-14,1731.4,0.025,0.0913,0.929,0,USR-055_2026-06-14,text-embedding-3-large,3072
USR-055,2026-06-21,1541.1,0.0251,0.0709,0.929,0,USR-055_2026-06-21,text-embedding-3-large,3072
USR-056,2025-06-29,1378.2,0.022,0.0355,0.902,3,USR-056_2025-06-29,text-embedding-3-large,3072
USR-056,2025-07-06,1215.9,0.0173,0.0324,0.936,2,USR-056_2025-07-06,text-embedding-3-large,3072
USR-056,2025-07-13,1461.1,0.0145,0.0334,0.988,1,USR-056_2025-07-13,text-embedding-3-large,3072
USR-056,2025-07-20,1306.0,0.0159,0.036,0.927,3,USR-056_2025-07-20,text-embedding-3-large,3072
USR-056,2025-07-27,1302.5,0.0158,0.0445,0.976,2,USR-056_2025-07-27,text-embedding-3-large,3072
USR-056,2025-08-03,1316.8,0.0144,0.0314,0.899,2,USR-056_2025-08-03,text-embedding-3-large,3072
USR-056,2025-08-10,1300.9,0.0188,0.0447,0.927,2,USR-056_2025-08-10,text-embedding-3-large,3072
USR-056,2025-08-17,1262.8,0.0208,0.0306,0.959,0,USR-056_2025-08-17,text-embedding-3-large,3072
USR-056,2025-08-24,1424.2,0.0177,0.0363,0.91,4,USR-056_2025-08-24,text-embedding-3-large,3072
USR-056,2025-08-31,1385.5,0.016,0.0431,0.959,4,USR-056_2025-08-31,text-embedding-3-large,3072
USR-056,2025-09-07,1421.2,0.0178,0.0412,0.976,5,USR-056_2025-09-07,text-embedding-3-large,3072
USR-056,2025-09-14,1332.1,0.0191,0.0342,0.954,2,USR-056_2025-09-14,text-embedding-3-large,3072
USR-056,2025-09-21,1314.0,0.0176,0.0373,0.941,0,USR-056_2025-09-21,text-embedding-3-large,3072
USR-056,2025-09-28,1247.8,0.0163,0.0408,0.966,0,USR-056_2025-09-28,text-embedding-3-large,3072
USR-056,2025-10-05,1154.7,0.0175,0.0449,0.938,3,USR-056_2025-10-05,text-embedding-3-large,3072
USR-056,2025-10-12,1236.1,0.0182,0.0469,0.916,3,USR-056_2025-10-12,text-embedding-3-large,3072
USR-056,2025-10-19,1303.9,0.0154,0.0382,0.959,5,USR-056_2025-10-19,text-embedding-3-large,3072
USR-056,2025-10-26,1278.4,0.0176,0.0444,0.954,2,USR-056_2025-10-26,text-embedding-3-large,3072
USR-056,2025-11-02,1279.9,0.0172,0.044,0.977,5,USR-056_2025-11-02,text-embedding-3-large,3072
USR-056,2025-11-09,1197.8,0.0206,0.034,0.937,4,USR-056_2025-11-09,text-embedding-3-large,3072
USR-056,2025-11-16,1336.6,0.018,0.0457,0.958,2,USR-056_2025-11-16,text-embedding-3-large,3072
USR-056,2025-11-23,1367.2,0.0183,0.0368,0.942,1,USR-056_2025-11-23,text-embedding-3-large,3072
USR-056,2025-11-30,1248.9,0.017,0.0438,0.98,0,USR-056_2025-11-30,text-embedding-3-large,3072
USR-056,2025-12-07,1302.0,0.0162,0.0405,0.915,1,USR-056_2025-12-07,text-embedding-3-large,3072
USR-056,2025-12-14,1243.5,0.0156,0.0544,0.939,2,USR-056_2025-12-14,text-embedding-3-large,3072
USR-056,2025-12-21,1351.7,0.0195,0.0358,0.894,3,USR-056_2025-12-21,text-embedding-3-large,3072
USR-056,2025-12-28,1432.6,0.0168,0.0348,0.926,3,USR-056_2025-12-28,text-embedding-3-large,3072
USR-056,2026-01-04,1347.4,0.0172,0.0422,0.931,4,USR-056_2026-01-04,text-embedding-3-large,3072
USR-056,2026-01-11,1317.7,0.0168,0.0438,0.977,4,USR-056_2026-01-11,text-embedding-3-large,3072
USR-056,2026-01-18,1313.2,0.0192,0.0469,0.951,2,USR-056_2026-01-18,text-embedding-3-large,3072
USR-056,2026-01-25,1301.4,0.0233,0.0291,0.974,2,USR-056_2026-01-25,text-embedding-3-large,3072
USR-056,2026-02-01,1097.0,0.0161,0.0341,0.895,4,USR-056_2026-02-01,text-embedding-3-large,3072
USR-056,2026-02-08,1304.0,0.0162,0.0374,0.937,1,USR-056_2026-02-08,text-embedding-3-large,3072
USR-056,2026-02-15,1519.4,0.0137,0.0312,0.948,5,USR-056_2026-02-15,text-embedding-3-large,3072
USR-056,2026-02-22,1362.4,0.0192,0.0408,0.932,1,USR-056_2026-02-22,text-embedding-3-large,3072
USR-056,2026-03-01,1377.9,0.0161,0.032,0.938,4,USR-056_2026-03-01,text-embedding-3-large,3072
USR-056,2026-03-08,1402.1,0.0204,0.0511,0.965,3,USR-056_2026-03-08,text-embedding-3-large,3072
USR-056,2026-03-15,1268.6,0.0185,0.0318,0.898,3,USR-056_2026-03-15,text-embedding-3-large,3072
USR-056,2026-03-22,1289.7,0.0184,0.0515,0.897,4,USR-056_2026-03-22,text-embedding-3-large,3072
USR-056,2026-03-29,1344.1,0.0146,0.042,0.927,6,USR-056_2026-03-29,text-embedding-3-large,3072
USR-056,2026-04-05,1251.4,0.0178,0.0375,0.981,4,USR-056_2026-04-05,text-embedding-3-large,3072
USR-056,2026-04-12,1292.7,0.0174,0.0375,0.895,6,USR-056_2026-04-12,text-embedding-3-large,3072
USR-056,2026-04-19,1217.4,0.0171,0.0416,0.989,2,USR-056_2026-04-19,text-embedding-3-large,3072
USR-056,2026-04-26,1424.8,0.0173,0.0401,0.943,1,USR-056_2026-04-26,text-embedding-3-large,3072
USR-056,2026-05-03,1423.9,0.0139,0.0434,0.915,4,USR-056_2026-05-03,text-embedding-3-large,3072
USR-056,2026-05-10,1336.5,0.0186,0.0367,0.894,6,USR-056_2026-05-10,text-embedding-3-large,3072
USR-056,2026-05-17,1295.7,0.0154,0.0366,0.893,4,USR-056_2026-05-17,text-embedding-3-large,3072
USR-056,2026-05-24,1240.9,0.0188,0.055,0.918,4,USR-056_2026-05-24,text-embedding-3-large,3072
USR-056,2026-05-31,1298.4,0.0179,0.039,0.974,4,USR-056_2026-05-31,text-embedding-3-large,3072
USR-056,2026-06-07,1405.2,0.0149,0.0444,0.907,3,USR-056_2026-06-07,text-embedding-3-large,3072
USR-056,2026-06-14,1249.4,0.0201,0.0416,0.952,4,USR-056_2026-06-14,text-embedding-3-large,3072
USR-056,2026-06-21,1385.7,0.0206,0.0405,0.968,4,USR-056_2026-06-21,text-embedding-3-large,3072
USR-057,2025-06-29,1714.4,0.0256,0.0588,0.91,1,USR-057_2025-06-29,text-embedding-3-large,3072
USR-057,2025-07-06,2017.9,0.0244,0.0638,0.926,1,USR-057_2025-07-06,text-embedding-3-large,3072
USR-057,2025-07-13,2060.6,0.027,0.0704,0.928,4,USR-057_2025-07-13,text-embedding-3-large,3072
USR-057,2025-07-20,1966.4,0.0241,0.0524,0.99,0,USR-057_2025-07-20,text-embedding-3-large,3072
USR-057,2025-07-27,1777.3,0.0249,0.0675,0.897,2,USR-057_2025-07-27,text-embedding-3-large,3072
USR-057,2025-08-03,1911.8,0.0234,0.064,0.945,0,USR-057_2025-08-03,text-embedding-3-large,3072
USR-057,2025-08-10,2026.9,0.0236,0.0538,0.952,1,USR-057_2025-08-10,text-embedding-3-large,3072
USR-057,2025-08-17,1864.4,0.0253,0.0644,0.97,0,USR-057_2025-08-17,text-embedding-3-large,3072
USR-057,2025-08-24,1973.0,0.0238,0.075,0.92,0,USR-057_2025-08-24,text-embedding-3-large,3072
USR-057,2025-08-31,1938.3,0.0316,0.0649,0.947,1,USR-057_2025-08-31,text-embedding-3-large,3072
USR-057,2025-09-07,1974.0,0.0267,0.0676,0.964,0,USR-057_2025-09-07,text-embedding-3-large,3072
USR-057,2025-09-14,1745.4,0.0285,0.0612,0.956,1,USR-057_2025-09-14,text-embedding-3-large,3072
USR-057,2025-09-21,1883.5,0.0216,0.0653,0.961,0,USR-057_2025-09-21,text-embedding-3-large,3072
USR-057,2025-09-28,1900.0,0.0224,0.0709,0.938,0,USR-057_2025-09-28,text-embedding-3-large,3072
USR-057,2025-10-05,1886.3,0.0231,0.0485,0.962,2,USR-057_2025-10-05,text-embedding-3-large,3072
USR-057,2025-10-12,1934.6,0.0251,0.0557,0.944,1,USR-057_2025-10-12,text-embedding-3-large,3072
USR-057,2025-10-19,1877.4,0.0205,0.0575,0.881,0,USR-057_2025-10-19,text-embedding-3-large,3072
USR-057,2025-10-26,2086.8,0.0233,0.0614,0.959,0,USR-057_2025-10-26,text-embedding-3-large,3072
USR-057,2025-11-02,1777.9,0.0261,0.0667,0.966,5,USR-057_2025-11-02,text-embedding-3-large,3072
USR-057,2025-11-09,2058.9,0.024,0.0735,0.963,0,USR-057_2025-11-09,text-embedding-3-large,3072
USR-057,2025-11-16,2098.2,0.0216,0.0564,0.931,1,USR-057_2025-11-16,text-embedding-3-large,3072
USR-057,2025-11-23,1817.2,0.02,0.0818,0.91,0,USR-057_2025-11-23,text-embedding-3-large,3072
USR-057,2025-11-30,1953.7,0.0251,0.0565,0.918,1,USR-057_2025-11-30,text-embedding-3-large,3072
USR-057,2025-12-07,2152.1,0.0283,0.0608,0.941,1,USR-057_2025-12-07,text-embedding-3-large,3072
USR-057,2025-12-14,1925.1,0.0266,0.0738,0.951,2,USR-057_2025-12-14,text-embedding-3-large,3072
USR-057,2025-12-21,1715.0,0.0202,0.0615,0.972,1,USR-057_2025-12-21,text-embedding-3-large,3072
USR-057,2025-12-28,1758.7,0.0191,0.0607,0.934,1,USR-057_2025-12-28,text-embedding-3-large,3072
USR-057,2026-01-04,1906.5,0.0299,0.0626,0.923,1,USR-057_2026-01-04,text-embedding-3-large,3072
USR-057,2026-01-11,1947.2,0.0264,0.0562,0.904,3,USR-057_2026-01-11,text-embedding-3-large,3072
USR-057,2026-01-18,2231.1,0.0287,0.0644,0.964,2,USR-057_2026-01-18,text-embedding-3-large,3072
USR-057,2026-01-25,2173.1,0.0235,0.0712,0.939,1,USR-057_2026-01-25,text-embedding-3-large,3072
USR-057,2026-02-01,1824.3,0.0225,0.0661,0.864,2,USR-057_2026-02-01,text-embedding-3-large,3072
USR-057,2026-02-08,1976.6,0.0215,0.0755,0.937,0,USR-057_2026-02-08,text-embedding-3-large,3072
USR-057,2026-02-15,1864.6,0.0237,0.0648,0.955,0,USR-057_2026-02-15,text-embedding-3-large,3072
USR-057,2026-02-22,2059.6,0.0189,0.0629,0.894,0,USR-057_2026-02-22,text-embedding-3-large,3072
USR-057,2026-03-01,2018.5,0.0326,0.0273,0.946,2,USR-057_2026-03-01,text-embedding-3-large,3072
USR-057,2026-03-08,2108.3,0.028,0.0712,0.966,1,USR-057_2026-03-08,text-embedding-3-large,3072
USR-057,2026-03-15,2221.3,0.0235,0.0779,0.96,2,USR-057_2026-03-15,text-embedding-3-large,3072
USR-057,2026-03-22,1956.8,0.0232,0.0526,0.94,2,USR-057_2026-03-22,text-embedding-3-large,3072
USR-057,2026-03-29,1754.8,0.025,0.0633,0.952,0,USR-057_2026-03-29,text-embedding-3-large,3072
USR-057,2026-04-05,1940.3,0.0259,0.0581,0.921,1,USR-057_2026-04-05,text-embedding-3-large,3072
USR-057,2026-04-12,1959.9,0.0211,0.0653,0.963,2,USR-057_2026-04-12,text-embedding-3-large,3072
USR-057,2026-04-19,1857.5,0.021,0.0548,0.964,0,USR-057_2026-04-19,text-embedding-3-large,3072
USR-057,2026-04-26,2057.7,0.0216,0.0599,0.912,2,USR-057_2026-04-26,text-embedding-3-large,3072
USR-057,2026-05-03,2245.3,0.0251,0.0494,0.92,0,USR-057_2026-05-03,text-embedding-3-large,3072
USR-057,2026-05-10,2023.0,0.025,0.0556,0.897,0,USR-057_2026-05-10,text-embedding-3-large,3072
USR-057,2026-05-17,1894.2,0.0233,0.0668,0.903,1,USR-057_2026-05-17,text-embedding-3-large,3072
USR-057,2026-05-24,2090.9,0.0263,0.0624,0.933,1,USR-057_2026-05-24,text-embedding-3-large,3072
USR-057,2026-05-31,1891.1,0.0262,0.0585,0.91,1,USR-057_2026-05-31,text-embedding-3-large,3072
USR-057,2026-06-07,2035.7,0.0215,0.0581,0.933,1,USR-057_2026-06-07,text-embedding-3-large,3072
USR-057,2026-06-14,1965.2,0.0281,0.0616,0.982,2,USR-057_2026-06-14,text-embedding-3-large,3072
USR-057,2026-06-21,1903.0,0.0226,0.0635,0.942,1,USR-057_2026-06-21,text-embedding-3-large,3072
USR-058,2025-06-29,1431.9,0.02,0.0533,0.902,1,USR-058_2025-06-29,text-embedding-3-large,3072
USR-058,2025-07-06,1166.0,0.0284,0.0707,0.95,0,USR-058_2025-07-06,text-embedding-3-large,3072
USR-058,2025-07-13,1312.4,0.0302,0.0489,0.932,1,USR-058_2025-07-13,text-embedding-3-large,3072
USR-058,2025-07-20,1242.8,0.0237,0.0613,0.932,1,USR-058_2025-07-20,text-embedding-3-large,3072
USR-058,2025-07-27,1385.5,0.0218,0.0764,0.973,2,USR-058_2025-07-27,text-embedding-3-large,3072
USR-058,2025-08-03,1356.5,0.0261,0.0547,0.887,1,USR-058_2025-08-03,text-embedding-3-large,3072
USR-058,2025-08-10,1362.3,0.0274,0.0736,0.979,0,USR-058_2025-08-10,text-embedding-3-large,3072
USR-058,2025-08-17,1335.9,0.0214,0.0461,0.912,2,USR-058_2025-08-17,text-embedding-3-large,3072
USR-058,2025-08-24,1171.1,0.0214,0.0804,0.924,1,USR-058_2025-08-24,text-embedding-3-large,3072
USR-058,2025-08-31,1309.5,0.0225,0.0515,0.908,2,USR-058_2025-08-31,text-embedding-3-large,3072
USR-058,2025-09-07,1313.4,0.0195,0.0709,0.929,2,USR-058_2025-09-07,text-embedding-3-large,3072
USR-058,2025-09-14,1348.7,0.0242,0.0631,0.93,4,USR-058_2025-09-14,text-embedding-3-large,3072
USR-058,2025-09-21,1450.5,0.0252,0.0606,0.946,0,USR-058_2025-09-21,text-embedding-3-large,3072
USR-058,2025-09-28,1295.9,0.0229,0.0508,0.912,0,USR-058_2025-09-28,text-embedding-3-large,3072
USR-058,2025-10-05,1242.8,0.0208,0.0602,0.871,0,USR-058_2025-10-05,text-embedding-3-large,3072
USR-058,2025-10-12,1302.2,0.0231,0.0487,0.947,1,USR-058_2025-10-12,text-embedding-3-large,3072
USR-058,2025-10-19,1411.7,0.0211,0.0644,0.926,2,USR-058_2025-10-19,text-embedding-3-large,3072
USR-058,2025-10-26,1239.4,0.0228,0.0506,0.912,0,USR-058_2025-10-26,text-embedding-3-large,3072
USR-058,2025-11-02,1462.4,0.0222,0.0489,0.99,1,USR-058_2025-11-02,text-embedding-3-large,3072
USR-058,2025-11-09,1243.2,0.027,0.0631,0.927,1,USR-058_2025-11-09,text-embedding-3-large,3072
USR-058,2025-11-16,1315.1,0.0289,0.0641,0.927,0,USR-058_2025-11-16,text-embedding-3-large,3072
USR-058,2025-11-23,1365.5,0.0249,0.0573,0.951,0,USR-058_2025-11-23,text-embedding-3-large,3072
USR-058,2025-11-30,1277.2,0.0267,0.0632,0.95,0,USR-058_2025-11-30,text-embedding-3-large,3072
USR-058,2025-12-07,1285.1,0.0211,0.057,0.957,1,USR-058_2025-12-07,text-embedding-3-large,3072
USR-058,2025-12-14,1201.8,0.0236,0.0482,0.952,3,USR-058_2025-12-14,text-embedding-3-large,3072
USR-058,2025-12-21,1324.0,0.019,0.0788,0.923,1,USR-058_2025-12-21,text-embedding-3-large,3072
USR-058,2025-12-28,1371.5,0.0224,0.0668,0.932,1,USR-058_2025-12-28,text-embedding-3-large,3072
USR-058,2026-01-04,1182.9,0.0218,0.0417,0.932,0,USR-058_2026-01-04,text-embedding-3-large,3072
USR-058,2026-01-11,1261.3,0.0222,0.0565,0.964,2,USR-058_2026-01-11,text-embedding-3-large,3072
USR-058,2026-01-18,1271.2,0.0185,0.0695,0.973,1,USR-058_2026-01-18,text-embedding-3-large,3072
USR-058,2026-01-25,1247.8,0.0304,0.0552,0.936,0,USR-058_2026-01-25,text-embedding-3-large,3072
USR-058,2026-02-01,1405.5,0.0245,0.0579,0.968,0,USR-058_2026-02-01,text-embedding-3-large,3072
USR-058,2026-02-08,1231.3,0.0284,0.0659,0.936,3,USR-058_2026-02-08,text-embedding-3-large,3072
USR-058,2026-02-15,1187.9,0.0236,0.0611,0.949,1,USR-058_2026-02-15,text-embedding-3-large,3072
USR-058,2026-02-22,1257.2,0.0286,0.0527,0.971,0,USR-058_2026-02-22,text-embedding-3-large,3072
USR-058,2026-03-01,1352.4,0.0311,0.0618,0.878,3,USR-058_2026-03-01,text-embedding-3-large,3072
USR-058,2026-03-08,1430.7,0.0283,0.0568,0.953,1,USR-058_2026-03-08,text-embedding-3-large,3072
USR-058,2026-03-15,1239.0,0.0224,0.0516,0.925,2,USR-058_2026-03-15,text-embedding-3-large,3072
USR-058,2026-03-22,1412.9,0.0228,0.0495,0.933,1,USR-058_2026-03-22,text-embedding-3-large,3072
USR-058,2026-03-29,1278.1,0.0263,0.0627,0.924,2,USR-058_2026-03-29,text-embedding-3-large,3072
USR-058,2026-04-05,1242.3,0.022,0.0615,0.882,3,USR-058_2026-04-05,text-embedding-3-large,3072
USR-058,2026-04-12,1346.9,0.0256,0.0596,0.913,3,USR-058_2026-04-12,text-embedding-3-large,3072
USR-058,2026-04-19,1303.3,0.0253,0.0594,0.933,0,USR-058_2026-04-19,text-embedding-3-large,3072
USR-058,2026-04-26,1222.0,0.0224,0.0639,0.986,0,USR-058_2026-04-26,text-embedding-3-large,3072
USR-058,2026-05-03,1288.4,0.0249,0.0569,0.934,2,USR-058_2026-05-03,text-embedding-3-large,3072
USR-058,2026-05-10,1246.6,0.0231,0.0508,0.938,1,USR-058_2026-05-10,text-embedding-3-large,3072
USR-058,2026-05-17,1299.6,0.0228,0.0542,0.956,1,USR-058_2026-05-17,text-embedding-3-large,3072
USR-058,2026-05-24,1245.1,0.0238,0.0362,0.937,0,USR-058_2026-05-24,text-embedding-3-large,3072
USR-058,2026-05-31,1273.9,0.0247,0.0507,0.926,1,USR-058_2026-05-31,text-embedding-3-large,3072
USR-058,2026-06-07,1297.3,0.0216,0.0684,0.85,0,USR-058_2026-06-07,text-embedding-3-large,3072
USR-058,2026-06-14,1235.8,0.024,0.0741,0.989,0,USR-058_2026-06-14,text-embedding-3-large,3072
USR-058,2026-06-21,1294.0,0.0209,0.0657,0.955,2,USR-058_2026-06-21,text-embedding-3-large,3072
USR-059,2025-06-29,1507.7,0.0205,0.0481,0.93,4,USR-059_2025-06-29,text-embedding-3-large,3072
USR-059,2025-07-06,1592.4,0.0168,0.0364,0.931,2,USR-059_2025-07-06,text-embedding-3-large,3072
USR-059,2025-07-13,1832.5,0.016,0.0464,0.962,3,USR-059_2025-07-13,text-embedding-3-large,3072
USR-059,2025-07-20,1418.7,0.0188,0.0368,0.955,3,USR-059_2025-07-20,text-embedding-3-large,3072
USR-059,2025-07-27,1501.5,0.0167,0.0328,0.955,1,USR-059_2025-07-27,text-embedding-3-large,3072
USR-059,2025-08-03,1678.7,0.0183,0.0426,0.984,5,USR-059_2025-08-03,text-embedding-3-large,3072
USR-059,2025-08-10,1598.0,0.0145,0.0384,0.932,1,USR-059_2025-08-10,text-embedding-3-large,3072
USR-059,2025-08-17,1718.8,0.0184,0.0372,0.972,2,USR-059_2025-08-17,text-embedding-3-large,3072
USR-059,2025-08-24,1573.4,0.0145,0.0521,0.99,3,USR-059_2025-08-24,text-embedding-3-large,3072
USR-059,2025-08-31,1398.7,0.0159,0.0372,0.917,3,USR-059_2025-08-31,text-embedding-3-large,3072
USR-059,2025-09-07,1631.1,0.0165,0.0347,0.943,4,USR-059_2025-09-07,text-embedding-3-large,3072
USR-059,2025-09-14,1827.5,0.0151,0.0345,0.961,7,USR-059_2025-09-14,text-embedding-3-large,3072
USR-059,2025-09-21,1638.8,0.0195,0.0438,0.936,4,USR-059_2025-09-21,text-embedding-3-large,3072
USR-059,2025-09-28,1597.1,0.018,0.0342,0.899,3,USR-059_2025-09-28,text-embedding-3-large,3072
USR-059,2025-10-05,1643.7,0.0185,0.0402,0.947,2,USR-059_2025-10-05,text-embedding-3-large,3072
USR-059,2025-10-12,1629.7,0.0181,0.0425,0.914,2,USR-059_2025-10-12,text-embedding-3-large,3072
USR-059,2025-10-19,1505.1,0.0151,0.0383,0.918,4,USR-059_2025-10-19,text-embedding-3-large,3072
USR-059,2025-10-26,1700.5,0.0218,0.0389,0.97,5,USR-059_2025-10-26,text-embedding-3-large,3072
USR-059,2025-11-02,1563.5,0.0207,0.0414,0.958,7,USR-059_2025-11-02,text-embedding-3-large,3072
USR-059,2025-11-09,1649.1,0.018,0.0362,0.919,1,USR-059_2025-11-09,text-embedding-3-large,3072
USR-059,2025-11-16,1609.4,0.0244,0.0481,0.962,3,USR-059_2025-11-16,text-embedding-3-large,3072
USR-059,2025-11-23,1446.5,0.0176,0.0418,0.96,3,USR-059_2025-11-23,text-embedding-3-large,3072
USR-059,2025-11-30,1671.4,0.0177,0.0445,0.989,3,USR-059_2025-11-30,text-embedding-3-large,3072
USR-059,2025-12-07,1556.1,0.0165,0.0445,0.95,4,USR-059_2025-12-07,text-embedding-3-large,3072
USR-059,2025-12-14,1471.4,0.0181,0.0372,0.972,5,USR-059_2025-12-14,text-embedding-3-large,3072
USR-059,2025-12-21,1771.1,0.0186,0.0528,0.924,3,USR-059_2025-12-21,text-embedding-3-large,3072
USR-059,2025-12-28,1623.1,0.0188,0.0412,0.905,3,USR-059_2025-12-28,text-embedding-3-large,3072
USR-059,2026-01-04,1661.6,0.0199,0.0416,0.93,2,USR-059_2026-01-04,text-embedding-3-large,3072
USR-059,2026-01-11,1585.7,0.0178,0.0342,0.945,0,USR-059_2026-01-11,text-embedding-3-large,3072
USR-059,2026-01-18,1742.0,0.014,0.0308,0.915,2,USR-059_2026-01-18,text-embedding-3-large,3072
USR-059,2026-01-25,1441.4,0.0167,0.0391,0.944,3,USR-059_2026-01-25,text-embedding-3-large,3072
USR-059,2026-02-01,1649.5,0.0174,0.0356,0.882,4,USR-059_2026-02-01,text-embedding-3-large,3072
USR-059,2026-02-08,1600.5,0.0166,0.0339,0.909,1,USR-059_2026-02-08,text-embedding-3-large,3072
USR-059,2026-02-15,1573.3,0.0227,0.0335,0.935,6,USR-059_2026-02-15,text-embedding-3-large,3072
USR-059,2026-02-22,1512.7,0.0187,0.0267,0.99,6,USR-059_2026-02-22,text-embedding-3-large,3072
USR-059,2026-03-01,1557.7,0.0166,0.0454,0.948,2,USR-059_2026-03-01,text-embedding-3-large,3072
USR-059,2026-03-08,1586.4,0.0154,0.0404,0.917,3,USR-059_2026-03-08,text-embedding-3-large,3072
USR-059,2026-03-15,1589.6,0.02,0.0431,0.946,3,USR-059_2026-03-15,text-embedding-3-large,3072
USR-059,2026-03-22,1662.7,0.0139,0.0383,0.912,4,USR-059_2026-03-22,text-embedding-3-large,3072
USR-059,2026-03-29,1576.3,0.0207,0.0429,0.99,1,USR-059_2026-03-29,text-embedding-3-large,3072
USR-059,2026-04-05,1731.8,0.0156,0.0422,0.935,7,USR-059_2026-04-05,text-embedding-3-large,3072
USR-059,2026-04-12,1611.1,0.0164,0.034,0.971,3,USR-059_2026-04-12,text-embedding-3-large,3072
USR-059,2026-04-19,1616.9,0.0175,0.0448,0.929,2,USR-059_2026-04-19,text-embedding-3-large,3072
USR-059,2026-04-26,1698.5,0.0163,0.0403,0.971,1,USR-059_2026-04-26,text-embedding-3-large,3072
USR-059,2026-05-03,1558.1,0.0176,0.0393,0.984,1,USR-059_2026-05-03,text-embedding-3-large,3072
USR-059,2026-05-10,1570.3,0.019,0.029,0.943,1,USR-059_2026-05-10,text-embedding-3-large,3072
USR-059,2026-05-17,1528.6,0.0199,0.0291,0.986,3,USR-059_2026-05-17,text-embedding-3-large,3072
USR-059,2026-05-24,1494.6,0.0213,0.0354,0.894,3,USR-059_2026-05-24,text-embedding-3-large,3072
USR-059,2026-05-31,1576.0,0.0223,0.0432,0.93,3,USR-059_2026-05-31,text-embedding-3-large,3072
USR-059,2026-06-07,1721.7,0.0225,0.0443,0.951,4,USR-059_2026-06-07,text-embedding-3-large,3072
USR-059,2026-06-14,1859.4,0.0161,0.043,0.907,4,USR-059_2026-06-14,text-embedding-3-large,3072
USR-059,2026-06-21,1586.5,0.0162,0.036,0.919,7,USR-059_2026-06-21,text-embedding-3-large,3072
USR-060,2025-06-29,983.3,0.0189,0.0463,0.928,1,USR-060_2025-06-29,text-embedding-3-large,3072
USR-060,2025-07-06,975.0,0.0154,0.0413,0.99,2,USR-060_2025-07-06,text-embedding-3-large,3072
USR-060,2025-07-13,924.5,0.0152,0.0369,0.961,4,USR-060_2025-07-13,text-embedding-3-large,3072
USR-060,2025-07-20,1031.4,0.0191,0.0385,0.907,3,USR-060_2025-07-20,text-embedding-3-large,3072
USR-060,2025-07-27,1025.9,0.0212,0.0458,0.913,5,USR-060_2025-07-27,text-embedding-3-large,3072
USR-060,2025-08-03,1079.3,0.0155,0.0437,0.961,3,USR-060_2025-08-03,text-embedding-3-large,3072
USR-060,2025-08-10,1072.7,0.0147,0.0402,0.889,7,USR-060_2025-08-10,text-embedding-3-large,3072
USR-060,2025-08-17,1036.8,0.0204,0.0301,0.972,1,USR-060_2025-08-17,text-embedding-3-large,3072
USR-060,2025-08-24,1116.0,0.0206,0.0378,0.869,1,USR-060_2025-08-24,text-embedding-3-large,3072
USR-060,2025-08-31,904.4,0.0145,0.0416,0.934,1,USR-060_2025-08-31,text-embedding-3-large,3072
USR-060,2025-09-07,968.3,0.0207,0.0404,0.914,1,USR-060_2025-09-07,text-embedding-3-large,3072
USR-060,2025-09-14,966.3,0.022,0.0443,0.892,6,USR-060_2025-09-14,text-embedding-3-large,3072
USR-060,2025-09-21,1080.5,0.0138,0.0347,0.925,3,USR-060_2025-09-21,text-embedding-3-large,3072
USR-060,2025-09-28,1159.8,0.0199,0.0285,0.969,5,USR-060_2025-09-28,text-embedding-3-large,3072
USR-060,2025-10-05,927.8,0.0152,0.0431,0.939,3,USR-060_2025-10-05,text-embedding-3-large,3072
USR-060,2025-10-12,1013.7,0.0197,0.0429,0.906,1,USR-060_2025-10-12,text-embedding-3-large,3072
USR-060,2025-10-19,989.2,0.0211,0.0405,0.952,4,USR-060_2025-10-19,text-embedding-3-large,3072
USR-060,2025-10-26,991.5,0.019,0.0417,0.974,0,USR-060_2025-10-26,text-embedding-3-large,3072
USR-060,2025-11-02,1128.0,0.0218,0.0337,0.904,1,USR-060_2025-11-02,text-embedding-3-large,3072
USR-060,2025-11-09,1067.6,0.018,0.033,0.905,5,USR-060_2025-11-09,text-embedding-3-large,3072
USR-060,2025-11-16,1148.4,0.0189,0.0466,0.963,2,USR-060_2025-11-16,text-embedding-3-large,3072
USR-060,2025-11-23,987.5,0.0168,0.0398,0.915,5,USR-060_2025-11-23,text-embedding-3-large,3072
USR-060,2025-11-30,1019.4,0.0174,0.0351,0.923,1,USR-060_2025-11-30,text-embedding-3-large,3072
USR-060,2025-12-07,1108.2,0.0205,0.0337,0.885,5,USR-060_2025-12-07,text-embedding-3-large,3072
USR-060,2025-12-14,1030.0,0.0182,0.0379,0.99,3,USR-060_2025-12-14,text-embedding-3-large,3072
USR-060,2025-12-21,994.3,0.0206,0.0429,0.979,3,USR-060_2025-12-21,text-embedding-3-large,3072
USR-060,2025-12-28,1098.4,0.0191,0.0415,0.938,2,USR-060_2025-12-28,text-embedding-3-large,3072
USR-060,2026-01-04,1018.2,0.0163,0.0359,0.973,6,USR-060_2026-01-04,text-embedding-3-large,3072
USR-060,2026-01-11,1100.4,0.0203,0.0331,0.927,3,USR-060_2026-01-11,text-embedding-3-large,3072
USR-060,2026-01-18,1090.2,0.018,0.0373,0.99,6,USR-060_2026-01-18,text-embedding-3-large,3072
USR-060,2026-01-25,1062.2,0.0167,0.0294,0.932,3,USR-060_2026-01-25,text-embedding-3-large,3072
USR-060,2026-02-01,905.8,0.0138,0.0371,0.901,1,USR-060_2026-02-01,text-embedding-3-large,3072
USR-060,2026-02-08,1035.4,0.0154,0.0344,0.975,3,USR-060_2026-02-08,text-embedding-3-large,3072
USR-060,2026-02-15,999.1,0.0172,0.0396,0.929,5,USR-060_2026-02-15,text-embedding-3-large,3072
USR-060,2026-02-22,1034.7,0.0184,0.0451,0.914,4,USR-060_2026-02-22,text-embedding-3-large,3072
USR-060,2026-03-01,947.3,0.0225,0.0368,0.922,2,USR-060_2026-03-01,text-embedding-3-large,3072
USR-060,2026-03-08,1043.9,0.0194,0.0363,0.914,7,USR-060_2026-03-08,text-embedding-3-large,3072
USR-060,2026-03-15,990.6,0.017,0.0482,0.938,4,USR-060_2026-03-15,text-embedding-3-large,3072
USR-060,2026-03-22,1053.0,0.0211,0.0477,0.88,3,USR-060_2026-03-22,text-embedding-3-large,3072
USR-060,2026-03-29,1001.2,0.0183,0.0317,0.948,4,USR-060_2026-03-29,text-embedding-3-large,3072
USR-060,2026-04-05,971.7,0.0192,0.0331,0.958,3,USR-060_2026-04-05,text-embedding-3-large,3072
USR-060,2026-04-12,1052.0,0.0206,0.0318,0.938,2,USR-060_2026-04-12,text-embedding-3-large,3072
USR-060,2026-04-19,1063.6,0.0204,0.0214,0.942,1,USR-060_2026-04-19,text-embedding-3-large,3072
USR-060,2026-04-26,967.0,0.0165,0.0424,0.951,4,USR-060_2026-04-26,text-embedding-3-large,3072
USR-060,2026-05-03,1085.2,0.0187,0.0317,0.941,2,USR-060_2026-05-03,text-embedding-3-large,3072
USR-060,2026-05-10,1093.8,0.0197,0.0383,0.933,1,USR-060_2026-05-10,text-embedding-3-large,3072
USR-060,2026-05-17,939.5,0.0166,0.0414,0.949,5,USR-060_2026-05-17,text-embedding-3-large,3072
USR-060,2026-05-24,1122.5,0.0161,0.0416,0.922,5,USR-060_2026-05-24,text-embedding-3-large,3072
USR-060,2026-05-31,1096.8,0.0203,0.0314,0.897,2,USR-060_2026-05-31,text-embedding-3-large,3072
USR-060,2026-06-07,1029.3,0.0182,0.0467,0.934,3,USR-060_2026-06-07,text-embedding-3-large,3072
USR-060,2026-06-14,1165.0,0.0202,0.0413,0.885,2,USR-060_2026-06-14,text-embedding-3-large,3072
USR-060,2026-06-21,1069.0,0.0177,0.0396,0.963,2,USR-060_2026-06-21,text-embedding-3-large,3072
USR-061,2025-06-29,3122.6,0.0201,0.0712,0.927,1,USR-061_2025-06-29,text-embedding-3-large,3072
USR-061,2025-07-06,2654.2,0.022,0.075,0.94,0,USR-061_2025-07-06,text-embedding-3-large,3072
USR-061,2025-07-13,3292.0,0.0237,0.0623,0.978,1,USR-061_2025-07-13,text-embedding-3-large,3072
USR-061,2025-07-20,2921.0,0.0205,0.0756,0.93,1,USR-061_2025-07-20,text-embedding-3-large,3072
USR-061,2025-07-27,3206.4,0.0173,0.0899,0.931,0,USR-061_2025-07-27,text-embedding-3-large,3072
USR-061,2025-08-03,3449.7,0.0165,0.0657,0.951,2,USR-061_2025-08-03,text-embedding-3-large,3072
USR-061,2025-08-10,3031.5,0.023,0.0673,0.926,2,USR-061_2025-08-10,text-embedding-3-large,3072
USR-061,2025-08-17,3006.7,0.0254,0.0748,0.956,1,USR-061_2025-08-17,text-embedding-3-large,3072
USR-061,2025-08-24,2940.0,0.0214,0.0805,0.935,1,USR-061_2025-08-24,text-embedding-3-large,3072
USR-061,2025-08-31,2912.0,0.0244,0.071,0.985,3,USR-061_2025-08-31,text-embedding-3-large,3072
USR-061,2025-09-07,3232.4,0.0208,0.0534,0.951,2,USR-061_2025-09-07,text-embedding-3-large,3072
USR-061,2025-09-14,3133.2,0.0238,0.0611,0.94,0,USR-061_2025-09-14,text-embedding-3-large,3072
USR-061,2025-09-21,3261.9,0.0226,0.0738,0.941,0,USR-061_2025-09-21,text-embedding-3-large,3072
USR-061,2025-09-28,3305.6,0.0157,0.0753,0.961,1,USR-061_2025-09-28,text-embedding-3-large,3072
USR-061,2025-10-05,2969.3,0.0245,0.0829,0.942,0,USR-061_2025-10-05,text-embedding-3-large,3072
USR-061,2025-10-12,3077.7,0.0219,0.0733,0.951,1,USR-061_2025-10-12,text-embedding-3-large,3072
USR-061,2025-10-19,3370.2,0.0285,0.0609,0.978,0,USR-061_2025-10-19,text-embedding-3-large,3072
USR-061,2025-10-26,3317.4,0.0271,0.0647,0.963,0,USR-061_2025-10-26,text-embedding-3-large,3072
USR-061,2025-11-02,3048.7,0.0158,0.0603,0.906,0,USR-061_2025-11-02,text-embedding-3-large,3072
USR-061,2025-11-09,3133.1,0.021,0.0897,0.97,2,USR-061_2025-11-09,text-embedding-3-large,3072
USR-061,2025-11-16,2820.5,0.0235,0.0718,0.872,0,USR-061_2025-11-16,text-embedding-3-large,3072
USR-061,2025-11-23,3242.7,0.0242,0.0609,0.974,2,USR-061_2025-11-23,text-embedding-3-large,3072
USR-061,2025-11-30,3048.2,0.0201,0.0722,0.937,0,USR-061_2025-11-30,text-embedding-3-large,3072
USR-061,2025-12-07,3143.3,0.0212,0.0642,0.946,0,USR-061_2025-12-07,text-embedding-3-large,3072
USR-061,2025-12-14,3379.7,0.0203,0.0615,0.952,1,USR-061_2025-12-14,text-embedding-3-large,3072
USR-061,2025-12-21,2696.5,0.0255,0.0645,0.963,2,USR-061_2025-12-21,text-embedding-3-large,3072
USR-061,2025-12-28,3015.4,0.0268,0.062,0.972,2,USR-061_2025-12-28,text-embedding-3-large,3072
USR-061,2026-01-04,2824.8,0.0267,0.0871,0.944,1,USR-061_2026-01-04,text-embedding-3-large,3072
USR-061,2026-01-11,2978.0,0.0234,0.0677,0.938,3,USR-061_2026-01-11,text-embedding-3-large,3072
USR-061,2026-01-18,3044.2,0.0177,0.0796,0.913,1,USR-061_2026-01-18,text-embedding-3-large,3072
USR-061,2026-01-25,3187.7,0.0209,0.0703,0.918,1,USR-061_2026-01-25,text-embedding-3-large,3072
USR-061,2026-02-01,3044.9,0.022,0.0492,0.962,1,USR-061_2026-02-01,text-embedding-3-large,3072
USR-061,2026-02-08,3017.4,0.0247,0.0908,0.947,3,USR-061_2026-02-08,text-embedding-3-large,3072
USR-061,2026-02-15,2668.6,0.023,0.0695,0.974,0,USR-061_2026-02-15,text-embedding-3-large,3072
USR-061,2026-02-22,3218.4,0.0262,0.0817,0.953,0,USR-061_2026-02-22,text-embedding-3-large,3072
USR-061,2026-03-01,3119.3,0.0186,0.0796,0.966,0,USR-061_2026-03-01,text-embedding-3-large,3072
USR-061,2026-03-08,3456.1,0.0208,0.0764,0.923,0,USR-061_2026-03-08,text-embedding-3-large,3072
USR-061,2026-03-15,3234.6,0.0227,0.0558,0.897,2,USR-061_2026-03-15,text-embedding-3-large,3072
USR-061,2026-03-22,2863.1,0.0219,0.0817,0.964,2,USR-061_2026-03-22,text-embedding-3-large,3072
USR-061,2026-03-29,2935.1,0.0197,0.0588,0.908,0,USR-061_2026-03-29,text-embedding-3-large,3072
USR-061,2026-04-05,3270.4,0.0195,0.0811,0.909,0,USR-061_2026-04-05,text-embedding-3-large,3072
USR-061,2026-04-12,2968.6,0.0225,0.0688,0.973,1,USR-061_2026-04-12,text-embedding-3-large,3072
USR-061,2026-04-19,3126.9,0.0227,0.0647,0.952,2,USR-061_2026-04-19,text-embedding-3-large,3072
USR-061,2026-04-26,3092.4,0.0154,0.0645,0.99,0,USR-061_2026-04-26,text-embedding-3-large,3072
USR-061,2026-05-03,3012.9,0.0187,0.0827,0.956,1,USR-061_2026-05-03,text-embedding-3-large,3072
USR-061,2026-05-10,3064.5,0.0225,0.0728,0.986,1,USR-061_2026-05-10,text-embedding-3-large,3072
USR-061,2026-05-17,3207.5,0.0238,0.0741,0.99,0,USR-061_2026-05-17,text-embedding-3-large,3072
USR-061,2026-05-24,2886.3,0.0205,0.0766,0.99,0,USR-061_2026-05-24,text-embedding-3-large,3072
USR-061,2026-05-31,3016.6,0.0225,0.0811,0.868,2,USR-061_2026-05-31,text-embedding-3-large,3072
USR-061,2026-06-07,2778.8,0.022,0.055,0.988,1,USR-061_2026-06-07,text-embedding-3-large,3072
USR-061,2026-06-14,3022.3,0.0227,0.0753,0.921,0,USR-061_2026-06-14,text-embedding-3-large,3072
USR-061,2026-06-21,2975.9,0.02,0.0617,0.955,2,USR-061_2026-06-21,text-embedding-3-large,3072
USR-062,2025-06-29,1489.4,0.0186,0.0334,0.925,4,USR-062_2025-06-29,text-embedding-3-large,3072
USR-062,2025-07-06,1534.1,0.0206,0.0447,0.961,4,USR-062_2025-07-06,text-embedding-3-large,3072
USR-062,2025-07-13,1536.2,0.0186,0.0415,0.938,0,USR-062_2025-07-13,text-embedding-3-large,3072
USR-062,2025-07-20,1554.2,0.0168,0.0423,0.932,5,USR-062_2025-07-20,text-embedding-3-large,3072
USR-062,2025-07-27,1555.0,0.0215,0.0452,0.926,3,USR-062_2025-07-27,text-embedding-3-large,3072
USR-062,2025-08-03,1423.9,0.0183,0.0405,0.952,6,USR-062_2025-08-03,text-embedding-3-large,3072
USR-062,2025-08-10,1476.5,0.0216,0.0438,0.903,0,USR-062_2025-08-10,text-embedding-3-large,3072
USR-062,2025-08-17,1468.8,0.0168,0.0428,0.96,1,USR-062_2025-08-17,text-embedding-3-large,3072
USR-062,2025-08-24,1598.7,0.0182,0.0366,0.934,4,USR-062_2025-08-24,text-embedding-3-large,3072
USR-062,2025-08-31,1575.4,0.0171,0.036,0.915,5,USR-062_2025-08-31,text-embedding-3-large,3072
USR-062,2025-09-07,1530.1,0.017,0.037,0.937,2,USR-062_2025-09-07,text-embedding-3-large,3072
USR-062,2025-09-14,1610.0,0.0183,0.0381,0.912,2,USR-062_2025-09-14,text-embedding-3-large,3072
USR-062,2025-09-21,1549.3,0.0205,0.0316,0.916,4,USR-062_2025-09-21,text-embedding-3-large,3072
USR-062,2025-09-28,1703.6,0.02,0.045,0.911,2,USR-062_2025-09-28,text-embedding-3-large,3072
USR-062,2025-10-05,1631.0,0.0181,0.0477,0.928,4,USR-062_2025-10-05,text-embedding-3-large,3072
USR-062,2025-10-12,1609.2,0.0189,0.0304,0.924,4,USR-062_2025-10-12,text-embedding-3-large,3072
USR-062,2025-10-19,1682.5,0.0185,0.0445,0.959,3,USR-062_2025-10-19,text-embedding-3-large,3072
USR-062,2025-10-26,1628.3,0.0192,0.0381,0.88,3,USR-062_2025-10-26,text-embedding-3-large,3072
USR-062,2025-11-02,1507.4,0.014,0.0406,0.945,2,USR-062_2025-11-02,text-embedding-3-large,3072
USR-062,2025-11-09,1553.0,0.0147,0.0347,0.955,1,USR-062_2025-11-09,text-embedding-3-large,3072
USR-062,2025-11-16,1508.8,0.0166,0.0313,0.974,0,USR-062_2025-11-16,text-embedding-3-large,3072
USR-062,2025-11-23,1685.0,0.0176,0.0276,0.899,4,USR-062_2025-11-23,text-embedding-3-large,3072
USR-062,2025-11-30,1880.9,0.0159,0.0374,0.975,1,USR-062_2025-11-30,text-embedding-3-large,3072
USR-062,2025-12-07,1562.3,0.019,0.0318,0.925,2,USR-062_2025-12-07,text-embedding-3-large,3072
USR-062,2025-12-14,1649.8,0.0181,0.0347,0.967,5,USR-062_2025-12-14,text-embedding-3-large,3072
USR-062,2025-12-21,1509.6,0.0162,0.0376,0.904,4,USR-062_2025-12-21,text-embedding-3-large,3072
USR-062,2025-12-28,1466.0,0.0193,0.036,0.922,3,USR-062_2025-12-28,text-embedding-3-large,3072
USR-062,2026-01-04,1460.1,0.0188,0.0447,0.928,4,USR-062_2026-01-04,text-embedding-3-large,3072
USR-062,2026-01-11,1605.6,0.0221,0.0309,0.952,2,USR-062_2026-01-11,text-embedding-3-large,3072
USR-062,2026-01-18,1571.4,0.0175,0.0304,0.959,5,USR-062_2026-01-18,text-embedding-3-large,3072
USR-062,2026-01-25,1499.3,0.0181,0.0413,0.965,5,USR-062_2026-01-25,text-embedding-3-large,3072
USR-062,2026-02-01,1603.8,0.0168,0.0445,0.942,5,USR-062_2026-02-01,text-embedding-3-large,3072
USR-062,2026-02-08,1690.1,0.0146,0.0345,0.915,2,USR-062_2026-02-08,text-embedding-3-large,3072
USR-062,2026-02-15,1576.5,0.0175,0.0407,0.891,5,USR-062_2026-02-15,text-embedding-3-large,3072
USR-062,2026-02-22,1566.1,0.0175,0.0287,0.986,4,USR-062_2026-02-22,text-embedding-3-large,3072
USR-062,2026-03-01,1545.3,0.0195,0.0371,0.936,3,USR-062_2026-03-01,text-embedding-3-large,3072
USR-062,2026-03-08,1647.2,0.0213,0.0308,0.99,3,USR-062_2026-03-08,text-embedding-3-large,3072
USR-062,2026-03-15,1615.6,0.0178,0.0347,0.892,1,USR-062_2026-03-15,text-embedding-3-large,3072
USR-062,2026-03-22,1517.7,0.0165,0.0483,0.99,5,USR-062_2026-03-22,text-embedding-3-large,3072
USR-062,2026-03-29,1764.6,0.0202,0.036,0.903,2,USR-062_2026-03-29,text-embedding-3-large,3072
USR-062,2026-04-05,1597.3,0.0161,0.0403,0.969,6,USR-062_2026-04-05,text-embedding-3-large,3072
USR-062,2026-04-12,1732.5,0.0189,0.0301,0.943,5,USR-062_2026-04-12,text-embedding-3-large,3072
USR-062,2026-04-19,1602.2,0.0216,0.0475,0.923,5,USR-062_2026-04-19,text-embedding-3-large,3072
USR-062,2026-04-26,1675.1,0.0225,0.0366,0.947,2,USR-062_2026-04-26,text-embedding-3-large,3072
USR-062,2026-05-03,1579.7,0.0184,0.0389,0.912,6,USR-062_2026-05-03,text-embedding-3-large,3072
USR-062,2026-05-10,1712.5,0.0214,0.0383,0.961,1,USR-062_2026-05-10,text-embedding-3-large,3072
USR-062,2026-05-17,1620.7,0.0191,0.0448,0.857,1,USR-062_2026-05-17,text-embedding-3-large,3072
USR-062,2026-05-24,1572.9,0.0175,0.0239,0.905,5,USR-062_2026-05-24,text-embedding-3-large,3072
USR-062,2026-05-31,1456.3,0.0142,0.0308,0.931,5,USR-062_2026-05-31,text-embedding-3-large,3072
USR-062,2026-06-07,1484.8,0.0213,0.0424,0.884,5,USR-062_2026-06-07,text-embedding-3-large,3072
USR-062,2026-06-14,1400.7,0.0171,0.0383,0.952,2,USR-062_2026-06-14,text-embedding-3-large,3072
USR-062,2026-06-21,1547.3,0.0213,0.036,0.952,7,USR-062_2026-06-21,text-embedding-3-large,3072
USR-063,2025-06-29,1076.4,0.0226,0.0606,0.953,2,USR-063_2025-06-29,text-embedding-3-large,3072
USR-063,2025-07-06,1162.7,0.0219,0.0709,0.949,1,USR-063_2025-07-06,text-embedding-3-large,3072
USR-063,2025-07-13,1152.1,0.0204,0.0544,0.934,1,USR-063_2025-07-13,text-embedding-3-large,3072
USR-063,2025-07-20,1176.1,0.0212,0.0654,0.981,3,USR-063_2025-07-20,text-embedding-3-large,3072
USR-063,2025-07-27,1002.9,0.0268,0.0615,0.936,0,USR-063_2025-07-27,text-embedding-3-large,3072
USR-063,2025-08-03,932.0,0.0233,0.0596,0.94,1,USR-063_2025-08-03,text-embedding-3-large,3072
USR-063,2025-08-10,1047.0,0.0304,0.0679,0.928,1,USR-063_2025-08-10,text-embedding-3-large,3072
USR-063,2025-08-17,1136.4,0.0174,0.0536,0.94,1,USR-063_2025-08-17,text-embedding-3-large,3072
USR-063,2025-08-24,1157.7,0.0285,0.0708,0.971,1,USR-063_2025-08-24,text-embedding-3-large,3072
USR-063,2025-08-31,1026.7,0.0261,0.0474,0.908,4,USR-063_2025-08-31,text-embedding-3-large,3072
USR-063,2025-09-07,1090.2,0.0203,0.0611,0.904,0,USR-063_2025-09-07,text-embedding-3-large,3072
USR-063,2025-09-14,1158.7,0.0203,0.0584,0.905,1,USR-063_2025-09-14,text-embedding-3-large,3072
USR-063,2025-09-21,1114.8,0.0209,0.0542,0.957,1,USR-063_2025-09-21,text-embedding-3-large,3072
USR-063,2025-09-28,1075.5,0.0285,0.0706,0.94,2,USR-063_2025-09-28,text-embedding-3-large,3072
USR-063,2025-10-05,1078.8,0.0241,0.0779,0.895,1,USR-063_2025-10-05,text-embedding-3-large,3072
USR-063,2025-10-12,1045.7,0.0282,0.0596,0.925,0,USR-063_2025-10-12,text-embedding-3-large,3072
USR-063,2025-10-19,994.9,0.0295,0.0512,0.915,1,USR-063_2025-10-19,text-embedding-3-large,3072
USR-063,2025-10-26,1114.5,0.0229,0.0631,0.931,3,USR-063_2025-10-26,text-embedding-3-large,3072
USR-063,2025-11-02,1092.3,0.0283,0.0699,0.932,4,USR-063_2025-11-02,text-embedding-3-large,3072
USR-063,2025-11-09,1005.5,0.0256,0.0825,0.952,2,USR-063_2025-11-09,text-embedding-3-large,3072
USR-063,2025-11-16,1114.0,0.0205,0.057,0.926,2,USR-063_2025-11-16,text-embedding-3-large,3072
USR-063,2025-11-23,1142.6,0.022,0.0641,0.937,2,USR-063_2025-11-23,text-embedding-3-large,3072
USR-063,2025-11-30,998.1,0.023,0.0563,0.99,0,USR-063_2025-11-30,text-embedding-3-large,3072
USR-063,2025-12-07,1027.0,0.0239,0.0579,0.951,1,USR-063_2025-12-07,text-embedding-3-large,3072
USR-063,2025-12-14,1107.2,0.0264,0.0707,0.99,0,USR-063_2025-12-14,text-embedding-3-large,3072
USR-063,2025-12-21,1114.5,0.0246,0.0671,0.954,3,USR-063_2025-12-21,text-embedding-3-large,3072
USR-063,2025-12-28,1168.1,0.0277,0.0482,0.942,2,USR-063_2025-12-28,text-embedding-3-large,3072
USR-063,2026-01-04,1060.4,0.0254,0.0649,0.942,1,USR-063_2026-01-04,text-embedding-3-large,3072
USR-063,2026-01-11,1041.8,0.0274,0.0543,0.93,1,USR-063_2026-01-11,text-embedding-3-large,3072
USR-063,2026-01-18,1151.9,0.0211,0.0652,0.927,2,USR-063_2026-01-18,text-embedding-3-large,3072
USR-063,2026-01-25,887.7,0.0243,0.0654,0.929,3,USR-063_2026-01-25,text-embedding-3-large,3072
USR-063,2026-02-01,1205.1,0.0251,0.0601,0.99,1,USR-063_2026-02-01,text-embedding-3-large,3072
USR-063,2026-02-08,1031.1,0.0219,0.0558,0.892,4,USR-063_2026-02-08,text-embedding-3-large,3072
USR-063,2026-02-15,1108.9,0.0198,0.0679,0.965,1,USR-063_2026-02-15,text-embedding-3-large,3072
USR-063,2026-02-22,1048.7,0.0267,0.0544,0.955,0,USR-063_2026-02-22,text-embedding-3-large,3072
USR-063,2026-03-01,1085.0,0.0231,0.0461,0.914,1,USR-063_2026-03-01,text-embedding-3-large,3072
USR-063,2026-03-08,1088.2,0.0257,0.0413,0.958,0,USR-063_2026-03-08,text-embedding-3-large,3072
USR-063,2026-03-15,1033.0,0.0233,0.0639,0.958,0,USR-063_2026-03-15,text-embedding-3-large,3072
USR-063,2026-03-22,1019.3,0.0261,0.0524,0.972,0,USR-063_2026-03-22,text-embedding-3-large,3072
USR-063,2026-03-29,1078.7,0.0226,0.066,0.954,1,USR-063_2026-03-29,text-embedding-3-large,3072
USR-063,2026-04-05,1057.3,0.0228,0.0544,0.923,3,USR-063_2026-04-05,text-embedding-3-large,3072
USR-063,2026-04-12,988.1,0.0224,0.0932,0.931,4,USR-063_2026-04-12,text-embedding-3-large,3072
USR-063,2026-04-19,1042.3,0.0221,0.0475,0.957,1,USR-063_2026-04-19,text-embedding-3-large,3072
USR-063,2026-04-26,989.1,0.0159,0.0527,0.94,2,USR-063_2026-04-26,text-embedding-3-large,3072
USR-063,2026-05-03,1073.4,0.021,0.0649,0.96,1,USR-063_2026-05-03,text-embedding-3-large,3072
USR-063,2026-05-10,1056.2,0.0224,0.0607,0.981,3,USR-063_2026-05-10,text-embedding-3-large,3072
USR-063,2026-05-17,1060.7,0.0225,0.0596,0.99,1,USR-063_2026-05-17,text-embedding-3-large,3072
USR-063,2026-05-24,1107.9,0.0228,0.0539,0.923,1,USR-063_2026-05-24,text-embedding-3-large,3072
USR-063,2026-05-31,1100.3,0.0278,0.0659,0.969,3,USR-063_2026-05-31,text-embedding-3-large,3072
USR-063,2026-06-07,1162.1,0.0239,0.0558,0.908,0,USR-063_2026-06-07,text-embedding-3-large,3072
USR-063,2026-06-14,1152.3,0.0273,0.0552,0.919,0,USR-063_2026-06-14,text-embedding-3-large,3072
USR-063,2026-06-21,1049.9,0.0252,0.0555,0.928,1,USR-063_2026-06-21,text-embedding-3-large,3072
USR-064,2025-06-29,2262.5,0.0152,0.0291,0.963,0,USR-064_2025-06-29,text-embedding-3-large,3072
USR-064,2025-07-06,2274.5,0.0168,0.0309,0.941,0,USR-064_2025-07-06,text-embedding-3-large,3072
USR-064,2025-07-13,2421.4,0.0155,0.0337,0.931,0,USR-064_2025-07-13,text-embedding-3-large,3072
USR-064,2025-07-20,2179.3,0.0173,0.0315,0.952,1,USR-064_2025-07-20,text-embedding-3-large,3072
USR-064,2025-07-27,2253.3,0.0147,0.0301,0.886,2,USR-064_2025-07-27,text-embedding-3-large,3072
USR-064,2025-08-03,2255.2,0.018,0.0328,0.971,3,USR-064_2025-08-03,text-embedding-3-large,3072
USR-064,2025-08-10,2269.1,0.0148,0.0295,0.938,0,USR-064_2025-08-10,text-embedding-3-large,3072
USR-064,2025-08-17,2318.0,0.0191,0.0369,0.913,0,USR-064_2025-08-17,text-embedding-3-large,3072
USR-064,2025-08-24,2324.4,0.0152,0.0304,0.96,0,USR-064_2025-08-24,text-embedding-3-large,3072
USR-064,2025-08-31,2219.6,0.015,0.0269,0.938,1,USR-064_2025-08-31,text-embedding-3-large,3072
USR-064,2025-09-07,2327.6,0.0172,0.0275,0.945,1,USR-064_2025-09-07,text-embedding-3-large,3072
USR-064,2025-09-14,2021.7,0.0134,0.038,0.946,2,USR-064_2025-09-14,text-embedding-3-large,3072
USR-064,2025-09-21,2255.6,0.0205,0.0295,0.972,0,USR-064_2025-09-21,text-embedding-3-large,3072
USR-064,2025-09-28,2355.4,0.0151,0.0201,0.922,1,USR-064_2025-09-28,text-embedding-3-large,3072
USR-064,2025-10-05,2062.7,0.0185,0.0243,0.903,2,USR-064_2025-10-05,text-embedding-3-large,3072
USR-064,2025-10-12,2379.7,0.0152,0.0363,0.943,4,USR-064_2025-10-12,text-embedding-3-large,3072
USR-064,2025-10-19,2151.8,0.0174,0.0351,0.927,2,USR-064_2025-10-19,text-embedding-3-large,3072
USR-064,2025-10-26,2399.3,0.0153,0.0317,0.929,2,USR-064_2025-10-26,text-embedding-3-large,3072
USR-064,2025-11-02,2292.4,0.0158,0.034,0.957,2,USR-064_2025-11-02,text-embedding-3-large,3072
USR-064,2025-11-09,2375.5,0.0163,0.0316,0.943,1,USR-064_2025-11-09,text-embedding-3-large,3072
USR-064,2025-11-16,2146.1,0.0151,0.0253,0.937,0,USR-064_2025-11-16,text-embedding-3-large,3072
USR-064,2025-11-23,2330.6,0.0169,0.0307,0.956,4,USR-064_2025-11-23,text-embedding-3-large,3072
USR-064,2025-11-30,2215.4,0.0124,0.0279,0.922,0,USR-064_2025-11-30,text-embedding-3-large,3072
USR-064,2025-12-07,2494.3,0.0215,0.0427,0.99,1,USR-064_2025-12-07,text-embedding-3-large,3072
USR-064,2025-12-14,2289.1,0.0155,0.0343,0.917,1,USR-064_2025-12-14,text-embedding-3-large,3072
USR-064,2025-12-21,2362.0,0.014,0.0417,0.99,2,USR-064_2025-12-21,text-embedding-3-large,3072
USR-064,2025-12-28,2273.9,0.0174,0.0339,0.963,1,USR-064_2025-12-28,text-embedding-3-large,3072
USR-064,2026-01-04,2236.4,0.0141,0.0211,0.99,0,USR-064_2026-01-04,text-embedding-3-large,3072
USR-064,2026-01-11,2271.4,0.0196,0.0354,0.948,0,USR-064_2026-01-11,text-embedding-3-large,3072
USR-064,2026-01-18,2201.1,0.0166,0.0316,0.953,0,USR-064_2026-01-18,text-embedding-3-large,3072
USR-064,2026-01-25,2403.3,0.014,0.0341,0.901,0,USR-064_2026-01-25,text-embedding-3-large,3072
USR-064,2026-02-01,2407.9,0.0122,0.0229,0.978,1,USR-064_2026-02-01,text-embedding-3-large,3072
USR-064,2026-02-08,2338.0,0.0175,0.0269,0.987,0,USR-064_2026-02-08,text-embedding-3-large,3072
USR-064,2026-02-15,1802.3,0.0177,0.0324,0.99,1,USR-064_2026-02-15,text-embedding-3-large,3072
USR-064,2026-02-22,2355.8,0.0097,0.026,0.923,0,USR-064_2026-02-22,text-embedding-3-large,3072
USR-064,2026-03-01,2096.0,0.0145,0.0292,0.921,1,USR-064_2026-03-01,text-embedding-3-large,3072
USR-064,2026-03-08,2248.4,0.0172,0.0216,0.946,1,USR-064_2026-03-08,text-embedding-3-large,3072
USR-064,2026-03-15,2320.5,0.0165,0.0256,0.934,1,USR-064_2026-03-15,text-embedding-3-large,3072
USR-064,2026-03-22,2416.7,0.0168,0.0343,0.965,0,USR-064_2026-03-22,text-embedding-3-large,3072
USR-064,2026-03-29,2510.4,0.0154,0.0319,0.946,0,USR-064_2026-03-29,text-embedding-3-large,3072
USR-064,2026-04-05,2166.8,0.0136,0.0254,0.951,0,USR-064_2026-04-05,text-embedding-3-large,3072
USR-064,2026-04-12,2287.3,0.016,0.0327,0.93,3,USR-064_2026-04-12,text-embedding-3-large,3072
USR-064,2026-04-19,2550.0,0.0136,0.0304,0.966,1,USR-064_2026-04-19,text-embedding-3-large,3072
USR-064,2026-04-26,2284.5,0.0185,0.0254,0.956,0,USR-064_2026-04-26,text-embedding-3-large,3072
USR-064,2026-05-03,2163.0,0.0177,0.0365,0.927,1,USR-064_2026-05-03,text-embedding-3-large,3072
USR-064,2026-05-10,2186.0,0.0168,0.0286,0.947,0,USR-064_2026-05-10,text-embedding-3-large,3072
USR-064,2026-05-17,2112.8,0.0139,0.0309,0.959,0,USR-064_2026-05-17,text-embedding-3-large,3072
USR-064,2026-05-24,2394.4,0.0158,0.0297,0.95,0,USR-064_2026-05-24,text-embedding-3-large,3072
USR-064,2026-05-31,2226.6,0.0152,0.0288,0.925,1,USR-064_2026-05-31,text-embedding-3-large,3072
USR-064,2026-06-07,2287.6,0.0126,0.0302,0.937,0,USR-064_2026-06-07,text-embedding-3-large,3072
USR-064,2026-06-14,2345.7,0.0153,0.0217,0.915,0,USR-064_2026-06-14,text-embedding-3-large,3072
USR-064,2026-06-21,2185.5,0.0156,0.0212,0.93,3,USR-064_2026-06-21,text-embedding-3-large,3072
USR-065,2025-06-29,1827.7,0.0263,0.0608,0.982,1,USR-065_2025-06-29,text-embedding-3-large,3072
USR-065,2025-07-06,1666.3,0.0219,0.0737,0.899,3,USR-065_2025-07-06,text-embedding-3-large,3072
USR-065,2025-07-13,1684.7,0.0273,0.0543,0.928,2,USR-065_2025-07-13,text-embedding-3-large,3072
USR-065,2025-07-20,1625.6,0.0217,0.0748,0.92,0,USR-065_2025-07-20,text-embedding-3-large,3072
USR-065,2025-07-27,1727.4,0.0256,0.0691,0.859,1,USR-065_2025-07-27,text-embedding-3-large,3072
USR-065,2025-08-03,1975.5,0.0287,0.0525,0.912,0,USR-065_2025-08-03,text-embedding-3-large,3072
USR-065,2025-08-10,1618.2,0.0229,0.0575,0.922,0,USR-065_2025-08-10,text-embedding-3-large,3072
USR-065,2025-08-17,1826.6,0.0199,0.0662,0.895,1,USR-065_2025-08-17,text-embedding-3-large,3072
USR-065,2025-08-24,1941.9,0.0238,0.0591,0.954,1,USR-065_2025-08-24,text-embedding-3-large,3072
USR-065,2025-08-31,1648.1,0.0263,0.0631,0.933,0,USR-065_2025-08-31,text-embedding-3-large,3072
USR-065,2025-09-07,1994.3,0.0236,0.0719,0.901,0,USR-065_2025-09-07,text-embedding-3-large,3072
USR-065,2025-09-14,1737.7,0.031,0.0651,0.953,3,USR-065_2025-09-14,text-embedding-3-large,3072
USR-065,2025-09-21,1739.2,0.0218,0.0665,0.934,1,USR-065_2025-09-21,text-embedding-3-large,3072
USR-065,2025-09-28,1755.1,0.0269,0.0633,0.973,0,USR-065_2025-09-28,text-embedding-3-large,3072
USR-065,2025-10-05,1961.2,0.0193,0.0585,0.937,1,USR-065_2025-10-05,text-embedding-3-large,3072
USR-065,2025-10-12,1658.7,0.0196,0.0645,0.927,1,USR-065_2025-10-12,text-embedding-3-large,3072
USR-065,2025-10-19,1637.6,0.025,0.0571,0.985,1,USR-065_2025-10-19,text-embedding-3-large,3072
USR-065,2025-10-26,1667.6,0.0192,0.0564,0.942,2,USR-065_2025-10-26,text-embedding-3-large,3072
USR-065,2025-11-02,1677.0,0.0232,0.0665,0.99,0,USR-065_2025-11-02,text-embedding-3-large,3072
USR-065,2025-11-09,1712.2,0.0229,0.0695,0.916,0,USR-065_2025-11-09,text-embedding-3-large,3072
USR-065,2025-11-16,1875.3,0.0279,0.0785,0.961,2,USR-065_2025-11-16,text-embedding-3-large,3072
USR-065,2025-11-23,1738.4,0.0264,0.0558,0.971,0,USR-065_2025-11-23,text-embedding-3-large,3072
USR-065,2025-11-30,1884.5,0.0224,0.0539,0.948,0,USR-065_2025-11-30,text-embedding-3-large,3072
USR-065,2025-12-07,1767.4,0.0257,0.064,0.933,0,USR-065_2025-12-07,text-embedding-3-large,3072
USR-065,2025-12-14,1824.0,0.0247,0.0571,0.906,0,USR-065_2025-12-14,text-embedding-3-large,3072
USR-065,2025-12-21,1548.5,0.0244,0.0638,0.973,2,USR-065_2025-12-21,text-embedding-3-large,3072
USR-065,2025-12-28,1774.6,0.0172,0.0702,0.919,1,USR-065_2025-12-28,text-embedding-3-large,3072
USR-065,2026-01-04,1801.0,0.0218,0.0575,0.936,4,USR-065_2026-01-04,text-embedding-3-large,3072
USR-065,2026-01-11,1808.3,0.0238,0.0633,0.99,0,USR-065_2026-01-11,text-embedding-3-large,3072
USR-065,2026-01-18,1768.3,0.0269,0.0543,0.928,2,USR-065_2026-01-18,text-embedding-3-large,3072
USR-065,2026-01-25,2020.2,0.0235,0.0535,0.907,3,USR-065_2026-01-25,text-embedding-3-large,3072
USR-065,2026-02-01,1756.9,0.0217,0.0605,0.954,1,USR-065_2026-02-01,text-embedding-3-large,3072
USR-065,2026-02-08,1788.4,0.023,0.0609,0.956,1,USR-065_2026-02-08,text-embedding-3-large,3072
USR-065,2026-02-15,1898.2,0.0229,0.0553,0.99,0,USR-065_2026-02-15,text-embedding-3-large,3072
USR-065,2026-02-22,1708.4,0.0191,0.0512,0.914,4,USR-065_2026-02-22,text-embedding-3-large,3072
USR-065,2026-03-01,1551.9,0.0277,0.0457,0.958,1,USR-065_2026-03-01,text-embedding-3-large,3072
USR-065,2026-03-08,1749.4,0.0211,0.0612,0.937,3,USR-065_2026-03-08,text-embedding-3-large,3072
USR-065,2026-03-15,1957.1,0.0206,0.0699,0.928,1,USR-065_2026-03-15,text-embedding-3-large,3072
USR-065,2026-03-22,1906.2,0.0209,0.053,0.952,2,USR-065_2026-03-22,text-embedding-3-large,3072
USR-065,2026-03-29,2037.8,0.02,0.0497,0.881,0,USR-065_2026-03-29,text-embedding-3-large,3072
USR-065,2026-04-05,1814.9,0.0282,0.0569,0.919,0,USR-065_2026-04-05,text-embedding-3-large,3072
USR-065,2026-04-12,1992.4,0.0129,0.0509,0.969,0,USR-065_2026-04-12,text-embedding-3-large,3072
USR-065,2026-04-19,1909.9,0.0244,0.0533,0.938,2,USR-065_2026-04-19,text-embedding-3-large,3072
USR-065,2026-04-26,1898.9,0.0244,0.0561,0.958,1,USR-065_2026-04-26,text-embedding-3-large,3072
USR-065,2026-05-03,1983.9,0.0216,0.0622,0.93,2,USR-065_2026-05-03,text-embedding-3-large,3072
USR-065,2026-05-10,1875.0,0.0291,0.0564,0.921,0,USR-065_2026-05-10,text-embedding-3-large,3072
USR-065,2026-05-17,2063.4,0.0187,0.0678,0.918,1,USR-065_2026-05-17,text-embedding-3-large,3072
USR-065,2026-05-24,1792.3,0.0229,0.052,0.948,2,USR-065_2026-05-24,text-embedding-3-large,3072
USR-065,2026-05-31,1912.3,0.0266,0.0687,0.945,0,USR-065_2026-05-31,text-embedding-3-large,3072
USR-065,2026-06-07,1759.7,0.0262,0.0672,0.952,0,USR-065_2026-06-07,text-embedding-3-large,3072
USR-065,2026-06-14,1790.9,0.0262,0.0771,0.929,1,USR-065_2026-06-14,text-embedding-3-large,3072
USR-065,2026-06-21,1985.4,0.0302,0.0577,0.926,3,USR-065_2026-06-21,text-embedding-3-large,3072
USR-066,2025-06-29,1274.1,0.016,0.0428,0.953,4,USR-066_2025-06-29,text-embedding-3-large,3072
USR-066,2025-07-06,1103.0,0.0171,0.0358,0.902,1,USR-066_2025-07-06,text-embedding-3-large,3072
USR-066,2025-07-13,1150.6,0.0156,0.0358,0.99,2,USR-066_2025-07-13,text-embedding-3-large,3072
USR-066,2025-07-20,1125.5,0.0191,0.04,0.95,2,USR-066_2025-07-20,text-embedding-3-large,3072
USR-066,2025-07-27,1209.8,0.0202,0.035,0.949,3,USR-066_2025-07-27,text-embedding-3-large,3072
USR-066,2025-08-03,1079.8,0.0193,0.0415,0.963,6,USR-066_2025-08-03,text-embedding-3-large,3072
USR-066,2025-08-10,1236.5,0.0192,0.0381,0.965,5,USR-066_2025-08-10,text-embedding-3-large,3072
USR-066,2025-08-17,1200.7,0.0214,0.0527,0.956,1,USR-066_2025-08-17,text-embedding-3-large,3072
USR-066,2025-08-24,1314.6,0.02,0.0416,0.967,5,USR-066_2025-08-24,text-embedding-3-large,3072
USR-066,2025-08-31,1210.2,0.0184,0.0427,0.957,3,USR-066_2025-08-31,text-embedding-3-large,3072
USR-066,2025-09-07,1348.2,0.015,0.0446,0.918,3,USR-066_2025-09-07,text-embedding-3-large,3072
USR-066,2025-09-14,1263.4,0.0152,0.0428,0.888,1,USR-066_2025-09-14,text-embedding-3-large,3072
USR-066,2025-09-21,1186.1,0.0159,0.0378,0.911,4,USR-066_2025-09-21,text-embedding-3-large,3072
USR-066,2025-09-28,1175.9,0.0193,0.0452,0.958,3,USR-066_2025-09-28,text-embedding-3-large,3072
USR-066,2025-10-05,1147.8,0.0137,0.0339,0.944,2,USR-066_2025-10-05,text-embedding-3-large,3072
USR-066,2025-10-12,1226.3,0.0189,0.0391,0.957,7,USR-066_2025-10-12,text-embedding-3-large,3072
USR-066,2025-10-19,1206.7,0.0199,0.0404,0.963,4,USR-066_2025-10-19,text-embedding-3-large,3072
USR-066,2025-10-26,1125.8,0.0194,0.0425,0.898,2,USR-066_2025-10-26,text-embedding-3-large,3072
USR-066,2025-11-02,1244.5,0.017,0.0384,0.896,1,USR-066_2025-11-02,text-embedding-3-large,3072
USR-066,2025-11-09,1131.1,0.0178,0.0449,0.954,1,USR-066_2025-11-09,text-embedding-3-large,3072
USR-066,2025-11-16,1058.4,0.0209,0.0391,0.915,4,USR-066_2025-11-16,text-embedding-3-large,3072
USR-066,2025-11-23,1194.6,0.0158,0.0483,0.945,6,USR-066_2025-11-23,text-embedding-3-large,3072
USR-066,2025-11-30,1260.7,0.0165,0.0411,0.977,3,USR-066_2025-11-30,text-embedding-3-large,3072
USR-066,2025-12-07,1142.1,0.0197,0.0353,0.967,1,USR-066_2025-12-07,text-embedding-3-large,3072
USR-066,2025-12-14,1156.7,0.0175,0.0339,0.99,4,USR-066_2025-12-14,text-embedding-3-large,3072
USR-066,2025-12-21,1153.4,0.0138,0.045,0.912,2,USR-066_2025-12-21,text-embedding-3-large,3072
USR-066,2025-12-28,1264.3,0.0172,0.0413,0.921,1,USR-066_2025-12-28,text-embedding-3-large,3072
USR-066,2026-01-04,1155.4,0.0142,0.04,0.889,2,USR-066_2026-01-04,text-embedding-3-large,3072
USR-066,2026-01-11,1145.8,0.02,0.0461,0.99,0,USR-066_2026-01-11,text-embedding-3-large,3072
USR-066,2026-01-18,1308.8,0.0189,0.0366,0.933,3,USR-066_2026-01-18,text-embedding-3-large,3072
USR-066,2026-01-25,1268.3,0.0185,0.0321,0.94,4,USR-066_2026-01-25,text-embedding-3-large,3072
USR-066,2026-02-01,1210.0,0.0191,0.0412,0.953,1,USR-066_2026-02-01,text-embedding-3-large,3072
USR-066,2026-02-08,1186.1,0.0162,0.0463,0.955,6,USR-066_2026-02-08,text-embedding-3-large,3072
USR-066,2026-02-15,1109.7,0.0185,0.0277,0.958,1,USR-066_2026-02-15,text-embedding-3-large,3072
USR-066,2026-02-22,1152.3,0.0168,0.0282,0.854,2,USR-066_2026-02-22,text-embedding-3-large,3072
USR-066,2026-03-01,1192.1,0.0186,0.0517,0.88,3,USR-066_2026-03-01,text-embedding-3-large,3072
USR-066,2026-03-08,1197.9,0.0182,0.03,0.926,5,USR-066_2026-03-08,text-embedding-3-large,3072
USR-066,2026-03-15,1267.8,0.0205,0.0347,0.942,2,USR-066_2026-03-15,text-embedding-3-large,3072
USR-066,2026-03-22,1134.8,0.0185,0.0407,0.935,2,USR-066_2026-03-22,text-embedding-3-large,3072
USR-066,2026-03-29,1117.3,0.0165,0.0352,0.951,2,USR-066_2026-03-29,text-embedding-3-large,3072
USR-066,2026-04-05,1108.7,0.0191,0.0456,0.955,1,USR-066_2026-04-05,text-embedding-3-large,3072
USR-066,2026-04-12,1135.3,0.0187,0.0331,0.99,0,USR-066_2026-04-12,text-embedding-3-large,3072
USR-066,2026-04-19,1191.3,0.0171,0.05,0.952,0,USR-066_2026-04-19,text-embedding-3-large,3072
USR-066,2026-04-26,1167.2,0.017,0.0321,0.977,3,USR-066_2026-04-26,text-embedding-3-large,3072
USR-066,2026-05-03,1277.1,0.012,0.0425,0.99,1,USR-066_2026-05-03,text-embedding-3-large,3072
USR-066,2026-05-10,1112.4,0.0195,0.037,0.964,4,USR-066_2026-05-10,text-embedding-3-large,3072
USR-066,2026-05-17,1258.4,0.0199,0.0251,0.962,3,USR-066_2026-05-17,text-embedding-3-large,3072
USR-066,2026-05-24,1081.7,0.0138,0.0451,0.927,2,USR-066_2026-05-24,text-embedding-3-large,3072
USR-066,2026-05-31,1242.0,0.0166,0.0336,0.939,3,USR-066_2026-05-31,text-embedding-3-large,3072
USR-066,2026-06-07,1324.1,0.0187,0.0406,0.92,3,USR-066_2026-06-07,text-embedding-3-large,3072
USR-066,2026-06-14,1188.2,0.0199,0.0404,0.944,3,USR-066_2026-06-14,text-embedding-3-large,3072
USR-066,2026-06-21,1172.8,0.0216,0.0353,0.922,3,USR-066_2026-06-21,text-embedding-3-large,3072
USR-067,2025-06-29,1693.3,0.0181,0.0516,0.928,6,USR-067_2025-06-29,text-embedding-3-large,3072
USR-067,2025-07-06,1738.8,0.0187,0.0369,0.95,3,USR-067_2025-07-06,text-embedding-3-large,3072
USR-067,2025-07-13,1802.1,0.0181,0.0353,0.931,6,USR-067_2025-07-13,text-embedding-3-large,3072
USR-067,2025-07-20,1859.2,0.0184,0.039,0.966,2,USR-067_2025-07-20,text-embedding-3-large,3072
USR-067,2025-07-27,1865.8,0.0177,0.0452,0.954,6,USR-067_2025-07-27,text-embedding-3-large,3072
USR-067,2025-08-03,1778.4,0.0145,0.0345,0.951,1,USR-067_2025-08-03,text-embedding-3-large,3072
USR-067,2025-08-10,1811.3,0.0173,0.0311,0.939,1,USR-067_2025-08-10,text-embedding-3-large,3072
USR-067,2025-08-17,1839.2,0.0211,0.0328,0.99,3,USR-067_2025-08-17,text-embedding-3-large,3072
USR-067,2025-08-24,1887.8,0.0157,0.0415,0.982,3,USR-067_2025-08-24,text-embedding-3-large,3072
USR-067,2025-08-31,1931.6,0.0181,0.0374,0.945,5,USR-067_2025-08-31,text-embedding-3-large,3072
USR-067,2025-09-07,1684.7,0.0191,0.0459,0.945,8,USR-067_2025-09-07,text-embedding-3-large,3072
USR-067,2025-09-14,1762.3,0.0199,0.036,0.926,2,USR-067_2025-09-14,text-embedding-3-large,3072
USR-067,2025-09-21,1834.2,0.0203,0.038,0.908,6,USR-067_2025-09-21,text-embedding-3-large,3072
USR-067,2025-09-28,1836.0,0.0186,0.044,0.971,1,USR-067_2025-09-28,text-embedding-3-large,3072
USR-067,2025-10-05,1810.6,0.0209,0.0505,0.96,6,USR-067_2025-10-05,text-embedding-3-large,3072
USR-067,2025-10-12,1725.2,0.0181,0.0411,0.967,2,USR-067_2025-10-12,text-embedding-3-large,3072
USR-067,2025-10-19,1888.6,0.0195,0.0489,0.921,2,USR-067_2025-10-19,text-embedding-3-large,3072
USR-067,2025-10-26,1760.2,0.0185,0.045,0.99,2,USR-067_2025-10-26,text-embedding-3-large,3072
USR-067,2025-11-02,1747.5,0.0201,0.0453,0.938,2,USR-067_2025-11-02,text-embedding-3-large,3072
USR-067,2025-11-09,1742.2,0.0206,0.0413,0.93,1,USR-067_2025-11-09,text-embedding-3-large,3072
USR-067,2025-11-16,1912.5,0.0136,0.0428,0.946,0,USR-067_2025-11-16,text-embedding-3-large,3072
USR-067,2025-11-23,1892.7,0.0197,0.0431,0.95,5,USR-067_2025-11-23,text-embedding-3-large,3072
USR-067,2025-11-30,1517.7,0.0193,0.0467,0.861,2,USR-067_2025-11-30,text-embedding-3-large,3072
USR-067,2025-12-07,1845.8,0.0207,0.0412,0.986,4,USR-067_2025-12-07,text-embedding-3-large,3072
USR-067,2025-12-14,1701.0,0.0211,0.0441,0.944,4,USR-067_2025-12-14,text-embedding-3-large,3072
USR-067,2025-12-21,1844.9,0.0178,0.0325,0.974,1,USR-067_2025-12-21,text-embedding-3-large,3072
USR-067,2025-12-28,1708.1,0.0177,0.0369,0.923,3,USR-067_2025-12-28,text-embedding-3-large,3072
USR-067,2026-01-04,1793.4,0.0192,0.0388,0.929,5,USR-067_2026-01-04,text-embedding-3-large,3072
USR-067,2026-01-11,1757.3,0.0177,0.04,0.95,7,USR-067_2026-01-11,text-embedding-3-large,3072
USR-067,2026-01-18,1832.3,0.0151,0.0401,0.99,3,USR-067_2026-01-18,text-embedding-3-large,3072
USR-067,2026-01-25,1792.4,0.0146,0.0258,0.96,4,USR-067_2026-01-25,text-embedding-3-large,3072
USR-067,2026-02-01,1814.8,0.0174,0.038,0.966,4,USR-067_2026-02-01,text-embedding-3-large,3072
USR-067,2026-02-08,1861.1,0.0193,0.0332,0.957,2,USR-067_2026-02-08,text-embedding-3-large,3072
USR-067,2026-02-15,1888.1,0.0181,0.043,0.974,0,USR-067_2026-02-15,text-embedding-3-large,3072
USR-067,2026-02-22,1654.4,0.0181,0.0364,0.947,2,USR-067_2026-02-22,text-embedding-3-large,3072
USR-067,2026-03-01,1821.4,0.0186,0.0452,0.959,4,USR-067_2026-03-01,text-embedding-3-large,3072
USR-067,2026-03-08,1758.2,0.0185,0.0356,0.92,3,USR-067_2026-03-08,text-embedding-3-large,3072
USR-067,2026-03-15,1958.5,0.0193,0.0317,0.99,2,USR-067_2026-03-15,text-embedding-3-large,3072
USR-067,2026-03-22,1694.1,0.0185,0.0411,0.939,2,USR-067_2026-03-22,text-embedding-3-large,3072
USR-067,2026-03-29,1795.9,0.0208,0.042,0.98,1,USR-067_2026-03-29,text-embedding-3-large,3072
USR-067,2026-04-05,1837.9,0.0144,0.0436,0.929,3,USR-067_2026-04-05,text-embedding-3-large,3072
USR-067,2026-04-12,1840.9,0.0172,0.0446,0.916,2,USR-067_2026-04-12,text-embedding-3-large,3072
USR-067,2026-04-19,1648.0,0.0189,0.0501,0.915,2,USR-067_2026-04-19,text-embedding-3-large,3072
USR-067,2026-04-26,1669.3,0.014,0.0455,0.938,3,USR-067_2026-04-26,text-embedding-3-large,3072
USR-067,2026-05-03,1677.1,0.0191,0.0297,0.969,6,USR-067_2026-05-03,text-embedding-3-large,3072
USR-067,2026-05-10,1910.8,0.0203,0.0427,0.99,2,USR-067_2026-05-10,text-embedding-3-large,3072
USR-067,2026-05-17,1743.3,0.0164,0.0555,0.96,4,USR-067_2026-05-17,text-embedding-3-large,3072
USR-067,2026-05-24,1969.3,0.0196,0.0386,0.963,2,USR-067_2026-05-24,text-embedding-3-large,3072
USR-067,2026-05-31,1853.2,0.0166,0.0382,0.99,1,USR-067_2026-05-31,text-embedding-3-large,3072
USR-067,2026-06-07,1645.4,0.0162,0.043,0.924,2,USR-067_2026-06-07,text-embedding-3-large,3072
USR-067,2026-06-14,1651.6,0.0191,0.0414,0.967,3,USR-067_2026-06-14,text-embedding-3-large,3072
USR-067,2026-06-21,1725.8,0.0134,0.0388,0.908,4,USR-067_2026-06-21,text-embedding-3-large,3072
USR-068,2025-06-29,1494.0,0.0297,0.0472,0.921,5,USR-068_2025-06-29,text-embedding-3-large,3072
USR-068,2025-07-06,1762.8,0.0299,0.0489,0.977,4,USR-068_2025-07-06,text-embedding-3-large,3072
USR-068,2025-07-13,1564.9,0.0284,0.0493,0.932,4,USR-068_2025-07-13,text-embedding-3-large,3072
USR-068,2025-07-20,1741.5,0.0273,0.0488,0.955,8,USR-068_2025-07-20,text-embedding-3-large,3072
USR-068,2025-07-27,1531.6,0.0314,0.0369,0.921,3,USR-068_2025-07-27,text-embedding-3-large,3072
USR-068,2025-08-03,1745.3,0.0301,0.0292,0.903,5,USR-068_2025-08-03,text-embedding-3-large,3072
USR-068,2025-08-10,1576.0,0.0299,0.0533,0.99,1,USR-068_2025-08-10,text-embedding-3-large,3072
USR-068,2025-08-17,1513.8,0.0318,0.0431,0.901,5,USR-068_2025-08-17,text-embedding-3-large,3072
USR-068,2025-08-24,1586.6,0.0234,0.0521,0.935,3,USR-068_2025-08-24,text-embedding-3-large,3072
USR-068,2025-08-31,1606.2,0.0304,0.0403,0.934,3,USR-068_2025-08-31,text-embedding-3-large,3072
USR-068,2025-09-07,1543.1,0.03,0.0524,0.888,1,USR-068_2025-09-07,text-embedding-3-large,3072
USR-068,2025-09-14,1514.2,0.0192,0.0448,0.909,2,USR-068_2025-09-14,text-embedding-3-large,3072
USR-068,2025-09-21,1565.5,0.0262,0.0512,0.928,5,USR-068_2025-09-21,text-embedding-3-large,3072
USR-068,2025-09-28,1776.4,0.0281,0.0478,0.937,1,USR-068_2025-09-28,text-embedding-3-large,3072
USR-068,2025-10-05,1562.6,0.0266,0.0354,0.922,3,USR-068_2025-10-05,text-embedding-3-large,3072
USR-068,2025-10-12,1587.2,0.0264,0.0352,0.924,1,USR-068_2025-10-12,text-embedding-3-large,3072
USR-068,2025-10-19,1524.7,0.0299,0.0688,0.99,3,USR-068_2025-10-19,text-embedding-3-large,3072
USR-068,2025-10-26,1602.7,0.0348,0.0535,0.928,5,USR-068_2025-10-26,text-embedding-3-large,3072
USR-068,2025-11-02,1657.2,0.0251,0.0438,0.91,5,USR-068_2025-11-02,text-embedding-3-large,3072
USR-068,2025-11-09,1632.6,0.0332,0.042,0.986,3,USR-068_2025-11-09,text-embedding-3-large,3072
USR-068,2025-11-16,1571.9,0.0268,0.0349,0.933,2,USR-068_2025-11-16,text-embedding-3-large,3072
USR-068,2025-11-23,1383.2,0.0252,0.0474,0.948,5,USR-068_2025-11-23,text-embedding-3-large,3072
USR-068,2025-11-30,1463.9,0.0323,0.0502,0.957,5,USR-068_2025-11-30,text-embedding-3-large,3072
USR-068,2025-12-07,1604.2,0.0288,0.0497,0.918,1,USR-068_2025-12-07,text-embedding-3-large,3072
USR-068,2025-12-14,1670.1,0.0293,0.0489,0.971,4,USR-068_2025-12-14,text-embedding-3-large,3072
USR-068,2025-12-21,1644.0,0.031,0.0588,0.931,5,USR-068_2025-12-21,text-embedding-3-large,3072
USR-068,2025-12-28,1504.6,0.0299,0.0591,0.965,2,USR-068_2025-12-28,text-embedding-3-large,3072
USR-068,2026-01-04,1656.0,0.0308,0.0406,0.961,0,USR-068_2026-01-04,text-embedding-3-large,3072
USR-068,2026-01-11,1544.7,0.0318,0.0533,0.92,3,USR-068_2026-01-11,text-embedding-3-large,3072
USR-068,2026-01-18,1488.6,0.0267,0.065,0.9,5,USR-068_2026-01-18,text-embedding-3-large,3072
USR-068,2026-01-25,1536.9,0.025,0.0573,0.925,2,USR-068_2026-01-25,text-embedding-3-large,3072
USR-068,2026-02-01,1677.0,0.0236,0.0449,0.94,2,USR-068_2026-02-01,text-embedding-3-large,3072
USR-068,2026-02-08,1595.6,0.0306,0.0531,0.931,3,USR-068_2026-02-08,text-embedding-3-large,3072
USR-068,2026-02-15,1616.0,0.0271,0.0636,0.948,0,USR-068_2026-02-15,text-embedding-3-large,3072
USR-068,2026-02-22,1519.5,0.0313,0.0501,0.949,4,USR-068_2026-02-22,text-embedding-3-large,3072
USR-068,2026-03-01,1573.6,0.0276,0.0573,0.984,3,USR-068_2026-03-01,text-embedding-3-large,3072
USR-068,2026-03-08,1725.2,0.0319,0.0554,0.896,3,USR-068_2026-03-08,text-embedding-3-large,3072
USR-068,2026-03-15,1527.8,0.0293,0.0461,0.979,4,USR-068_2026-03-15,text-embedding-3-large,3072
USR-068,2026-03-22,1586.2,0.0283,0.0556,0.951,2,USR-068_2026-03-22,text-embedding-3-large,3072
USR-068,2026-03-29,1558.0,0.0366,0.0511,0.944,2,USR-068_2026-03-29,text-embedding-3-large,3072
USR-068,2026-04-05,1706.9,0.0319,0.0546,0.912,0,USR-068_2026-04-05,text-embedding-3-large,3072
USR-068,2026-04-12,1742.1,0.0348,0.0476,0.964,0,USR-068_2026-04-12,text-embedding-3-large,3072
USR-068,2026-04-19,1584.0,0.0303,0.0517,0.955,7,USR-068_2026-04-19,text-embedding-3-large,3072
USR-068,2026-04-26,1794.5,0.032,0.0352,0.954,5,USR-068_2026-04-26,text-embedding-3-large,3072
USR-068,2026-05-03,1744.7,0.035,0.0441,0.925,4,USR-068_2026-05-03,text-embedding-3-large,3072
USR-068,2026-05-10,1461.5,0.0291,0.0638,0.895,5,USR-068_2026-05-10,text-embedding-3-large,3072
USR-068,2026-05-17,1597.6,0.0291,0.0478,0.96,5,USR-068_2026-05-17,text-embedding-3-large,3072
USR-068,2026-05-24,1471.5,0.0292,0.0653,0.942,6,USR-068_2026-05-24,text-embedding-3-large,3072
USR-068,2026-05-31,1718.5,0.0351,0.0422,0.939,2,USR-068_2026-05-31,text-embedding-3-large,3072
USR-068,2026-06-07,1563.9,0.0268,0.0576,0.92,7,USR-068_2026-06-07,text-embedding-3-large,3072
USR-068,2026-06-14,1596.4,0.032,0.054,0.909,2,USR-068_2026-06-14,text-embedding-3-large,3072
USR-068,2026-06-21,1448.3,0.0302,0.0534,0.952,1,USR-068_2026-06-21,text-embedding-3-large,3072
USR-069,2025-06-29,1005.3,0.0294,0.0482,0.97,3,USR-069_2025-06-29,text-embedding-3-large,3072
USR-069,2025-07-06,1068.2,0.0296,0.0501,0.901,4,USR-069_2025-07-06,text-embedding-3-large,3072
USR-069,2025-07-13,991.1,0.0283,0.0379,0.906,3,USR-069_2025-07-13,text-embedding-3-large,3072
USR-069,2025-07-20,957.8,0.0348,0.051,0.912,0,USR-069_2025-07-20,text-embedding-3-large,3072
USR-069,2025-07-27,1022.6,0.0345,0.0556,0.938,1,USR-069_2025-07-27,text-embedding-3-large,3072
USR-069,2025-08-03,1062.1,0.0311,0.0349,0.933,1,USR-069_2025-08-03,text-embedding-3-large,3072
USR-069,2025-08-10,977.9,0.0333,0.0489,0.897,5,USR-069_2025-08-10,text-embedding-3-large,3072
USR-069,2025-08-17,1055.7,0.0326,0.0615,0.928,1,USR-069_2025-08-17,text-embedding-3-large,3072
USR-069,2025-08-24,892.4,0.0277,0.0574,0.942,4,USR-069_2025-08-24,text-embedding-3-large,3072
USR-069,2025-08-31,982.8,0.033,0.0355,0.979,7,USR-069_2025-08-31,text-embedding-3-large,3072
USR-069,2025-09-07,996.1,0.0312,0.0434,0.917,3,USR-069_2025-09-07,text-embedding-3-large,3072
USR-069,2025-09-14,887.4,0.0319,0.0496,0.902,4,USR-069_2025-09-14,text-embedding-3-large,3072
USR-069,2025-09-21,1018.2,0.0311,0.0496,0.968,0,USR-069_2025-09-21,text-embedding-3-large,3072
USR-069,2025-09-28,994.1,0.0282,0.0665,0.976,3,USR-069_2025-09-28,text-embedding-3-large,3072
USR-069,2025-10-05,1080.3,0.0321,0.0573,0.99,3,USR-069_2025-10-05,text-embedding-3-large,3072
USR-069,2025-10-12,1057.5,0.029,0.0434,0.968,5,USR-069_2025-10-12,text-embedding-3-large,3072
USR-069,2025-10-19,1079.3,0.0295,0.0445,0.97,5,USR-069_2025-10-19,text-embedding-3-large,3072
USR-069,2025-10-26,936.4,0.0274,0.0688,0.935,3,USR-069_2025-10-26,text-embedding-3-large,3072
USR-069,2025-11-02,992.1,0.03,0.0533,0.877,7,USR-069_2025-11-02,text-embedding-3-large,3072
USR-069,2025-11-09,906.0,0.0328,0.0465,0.911,2,USR-069_2025-11-09,text-embedding-3-large,3072
USR-069,2025-11-16,984.7,0.036,0.0655,0.925,2,USR-069_2025-11-16,text-embedding-3-large,3072
USR-069,2025-11-23,1006.0,0.0276,0.0439,0.921,4,USR-069_2025-11-23,text-embedding-3-large,3072
USR-069,2025-11-30,935.2,0.0271,0.0551,0.954,6,USR-069_2025-11-30,text-embedding-3-large,3072
USR-069,2025-12-07,936.5,0.0278,0.0352,0.924,5,USR-069_2025-12-07,text-embedding-3-large,3072
USR-069,2025-12-14,1106.7,0.0339,0.0445,0.883,1,USR-069_2025-12-14,text-embedding-3-large,3072
USR-069,2025-12-21,958.0,0.0262,0.0743,0.948,3,USR-069_2025-12-21,text-embedding-3-large,3072
USR-069,2025-12-28,924.9,0.0322,0.0592,0.909,0,USR-069_2025-12-28,text-embedding-3-large,3072
USR-069,2026-01-04,1097.9,0.0284,0.0482,0.99,6,USR-069_2026-01-04,text-embedding-3-large,3072
USR-069,2026-01-11,1070.8,0.03,0.0535,0.949,2,USR-069_2026-01-11,text-embedding-3-large,3072
USR-069,2026-01-18,942.6,0.0307,0.0468,0.941,3,USR-069_2026-01-18,text-embedding-3-large,3072
USR-069,2026-01-25,898.8,0.0286,0.0518,0.902,1,USR-069_2026-01-25,text-embedding-3-large,3072
USR-069,2026-02-01,968.5,0.0366,0.0402,0.961,2,USR-069_2026-02-01,text-embedding-3-large,3072
USR-069,2026-02-08,964.2,0.0369,0.04,0.907,2,USR-069_2026-02-08,text-embedding-3-large,3072
USR-069,2026-02-15,1067.3,0.0345,0.0455,0.956,5,USR-069_2026-02-15,text-embedding-3-large,3072
USR-069,2026-02-22,953.2,0.0295,0.0506,0.906,4,USR-069_2026-02-22,text-embedding-3-large,3072
USR-069,2026-03-01,1011.4,0.0366,0.0477,0.866,3,USR-069_2026-03-01,text-embedding-3-large,3072
USR-069,2026-03-08,967.2,0.0281,0.0496,0.891,2,USR-069_2026-03-08,text-embedding-3-large,3072
USR-069,2026-03-15,998.5,0.0339,0.0533,0.965,0,USR-069_2026-03-15,text-embedding-3-large,3072
USR-069,2026-03-22,991.4,0.0332,0.0581,0.972,3,USR-069_2026-03-22,text-embedding-3-large,3072
USR-069,2026-03-29,1048.8,0.0333,0.0427,0.935,2,USR-069_2026-03-29,text-embedding-3-large,3072
USR-069,2026-04-05,914.4,0.0351,0.046,0.982,4,USR-069_2026-04-05,text-embedding-3-large,3072
USR-069,2026-04-12,1013.1,0.0311,0.0577,0.881,3,USR-069_2026-04-12,text-embedding-3-large,3072
USR-069,2026-04-19,1002.1,0.0241,0.0552,0.961,3,USR-069_2026-04-19,text-embedding-3-large,3072
USR-069,2026-04-26,1040.0,0.0317,0.0323,0.918,4,USR-069_2026-04-26,text-embedding-3-large,3072
USR-069,2026-05-03,966.8,0.0265,0.0414,0.961,7,USR-069_2026-05-03,text-embedding-3-large,3072
USR-069,2026-05-10,999.8,0.0282,0.0416,0.918,1,USR-069_2026-05-10,text-embedding-3-large,3072
USR-069,2026-05-17,1020.8,0.0239,0.0555,0.889,1,USR-069_2026-05-17,text-embedding-3-large,3072
USR-069,2026-05-24,1014.8,0.0206,0.0515,0.99,3,USR-069_2026-05-24,text-embedding-3-large,3072
USR-069,2026-05-31,956.0,0.0308,0.0499,0.96,4,USR-069_2026-05-31,text-embedding-3-large,3072
USR-069,2026-06-07,1006.8,0.0225,0.0659,0.972,3,USR-069_2026-06-07,text-embedding-3-large,3072
USR-069,2026-06-14,989.4,0.0249,0.0561,0.966,3,USR-069_2026-06-14,text-embedding-3-large,3072
USR-069,2026-06-21,986.0,0.0309,0.0565,0.964,7,USR-069_2026-06-21,text-embedding-3-large,3072
USR-070,2025-06-29,866.1,0.0183,0.0333,0.99,2,USR-070_2025-06-29,text-embedding-3-large,3072
USR-070,2025-07-06,887.4,0.0142,0.0335,0.91,1,USR-070_2025-07-06,text-embedding-3-large,3072
USR-070,2025-07-13,887.6,0.0178,0.033,0.924,0,USR-070_2025-07-13,text-embedding-3-large,3072
USR-070,2025-07-20,1078.8,0.0174,0.0245,0.875,0,USR-070_2025-07-20,text-embedding-3-large,3072
USR-070,2025-07-27,868.4,0.0127,0.0289,0.962,0,USR-070_2025-07-27,text-embedding-3-large,3072
USR-070,2025-08-03,842.4,0.0167,0.0356,0.947,1,USR-070_2025-08-03,text-embedding-3-large,3072
USR-070,2025-08-10,902.3,0.0124,0.028,0.906,0,USR-070_2025-08-10,text-embedding-3-large,3072
USR-070,2025-08-17,821.0,0.0155,0.0287,0.961,1,USR-070_2025-08-17,text-embedding-3-large,3072
USR-070,2025-08-24,857.4,0.0145,0.0396,0.911,0,USR-070_2025-08-24,text-embedding-3-large,3072
USR-070,2025-08-31,888.0,0.0178,0.0284,0.933,1,USR-070_2025-08-31,text-embedding-3-large,3072
USR-070,2025-09-07,863.0,0.0153,0.0343,0.922,1,USR-070_2025-09-07,text-embedding-3-large,3072
USR-070,2025-09-14,933.6,0.0184,0.0357,0.939,1,USR-070_2025-09-14,text-embedding-3-large,3072
USR-070,2025-09-21,865.0,0.0167,0.0258,0.947,0,USR-070_2025-09-21,text-embedding-3-large,3072
USR-070,2025-09-28,779.5,0.0196,0.0304,0.943,1,USR-070_2025-09-28,text-embedding-3-large,3072
USR-070,2025-10-05,923.4,0.0175,0.0255,0.966,2,USR-070_2025-10-05,text-embedding-3-large,3072
USR-070,2025-10-12,884.4,0.0141,0.0314,0.901,0,USR-070_2025-10-12,text-embedding-3-large,3072
USR-070,2025-10-19,936.8,0.0149,0.0305,0.942,1,USR-070_2025-10-19,text-embedding-3-large,3072
USR-070,2025-10-26,957.4,0.0151,0.0307,0.981,1,USR-070_2025-10-26,text-embedding-3-large,3072
USR-070,2025-11-02,769.5,0.0166,0.0274,0.949,0,USR-070_2025-11-02,text-embedding-3-large,3072
USR-070,2025-11-09,874.3,0.0165,0.026,0.948,0,USR-070_2025-11-09,text-embedding-3-large,3072
USR-070,2025-11-16,1007.1,0.014,0.0273,0.952,0,USR-070_2025-11-16,text-embedding-3-large,3072
USR-070,2025-11-23,989.1,0.0153,0.0362,0.923,2,USR-070_2025-11-23,text-embedding-3-large,3072
USR-070,2025-11-30,1003.9,0.0147,0.0329,0.964,1,USR-070_2025-11-30,text-embedding-3-large,3072
USR-070,2025-12-07,982.5,0.0159,0.0295,0.981,1,USR-070_2025-12-07,text-embedding-3-large,3072
USR-070,2025-12-14,886.6,0.017,0.0293,0.921,0,USR-070_2025-12-14,text-embedding-3-large,3072
USR-070,2025-12-21,1025.6,0.0129,0.0274,0.942,1,USR-070_2025-12-21,text-embedding-3-large,3072
USR-070,2025-12-28,916.1,0.0158,0.0267,0.929,0,USR-070_2025-12-28,text-embedding-3-large,3072
USR-070,2026-01-04,843.9,0.0165,0.0256,0.934,0,USR-070_2026-01-04,text-embedding-3-large,3072
USR-070,2026-01-11,832.8,0.0127,0.031,0.986,1,USR-070_2026-01-11,text-embedding-3-large,3072
USR-070,2026-01-18,811.2,0.0168,0.0257,0.985,1,USR-070_2026-01-18,text-embedding-3-large,3072
USR-070,2026-01-25,898.6,0.0165,0.0345,0.99,0,USR-070_2026-01-25,text-embedding-3-large,3072
USR-070,2026-02-01,841.1,0.0133,0.0286,0.925,2,USR-070_2026-02-01,text-embedding-3-large,3072
USR-070,2026-02-08,905.0,0.0155,0.0289,0.928,1,USR-070_2026-02-08,text-embedding-3-large,3072
USR-070,2026-02-15,796.5,0.0138,0.0232,0.946,1,USR-070_2026-02-15,text-embedding-3-large,3072
USR-070,2026-02-22,971.1,0.0143,0.027,0.948,0,USR-070_2026-02-22,text-embedding-3-large,3072
USR-070,2026-03-01,937.2,0.0084,0.0318,0.914,0,USR-070_2026-03-01,text-embedding-3-large,3072
USR-070,2026-03-08,918.3,0.0166,0.0291,0.938,0,USR-070_2026-03-08,text-embedding-3-large,3072
USR-070,2026-03-15,895.6,0.0183,0.0301,0.964,0,USR-070_2026-03-15,text-embedding-3-large,3072
USR-070,2026-03-22,858.6,0.0181,0.0253,0.92,1,USR-070_2026-03-22,text-embedding-3-large,3072
USR-070,2026-03-29,922.5,0.0164,0.0319,0.914,2,USR-070_2026-03-29,text-embedding-3-large,3072
USR-070,2026-04-05,824.5,0.0167,0.0315,0.975,2,USR-070_2026-04-05,text-embedding-3-large,3072
USR-070,2026-04-12,867.6,0.0143,0.0232,0.983,0,USR-070_2026-04-12,text-embedding-3-large,3072
USR-070,2026-04-19,802.3,0.0196,0.0311,0.924,2,USR-070_2026-04-19,text-embedding-3-large,3072
USR-070,2026-04-26,916.0,0.013,0.0284,0.933,1,USR-070_2026-04-26,text-embedding-3-large,3072
USR-070,2026-05-03,985.0,0.0149,0.0226,0.895,1,USR-070_2026-05-03,text-embedding-3-large,3072
USR-070,2026-05-10,968.7,0.0161,0.0252,0.977,1,USR-070_2026-05-10,text-embedding-3-large,3072
USR-070,2026-05-17,962.3,0.0178,0.0267,0.924,0,USR-070_2026-05-17,text-embedding-3-large,3072
USR-070,2026-05-24,977.5,0.0169,0.0319,0.957,2,USR-070_2026-05-24,text-embedding-3-large,3072
USR-070,2026-05-31,812.2,0.018,0.0222,0.936,0,USR-070_2026-05-31,text-embedding-3-large,3072
USR-070,2026-06-07,943.0,0.0135,0.0265,0.916,0,USR-070_2026-06-07,text-embedding-3-large,3072
USR-070,2026-06-14,920.8,0.0161,0.0245,0.934,0,USR-070_2026-06-14,text-embedding-3-large,3072
USR-070,2026-06-21,903.7,0.0147,0.0267,0.914,2,USR-070_2026-06-21,text-embedding-3-large,3072
USR-071,2025-06-29,957.2,0.0258,0.0545,0.92,0,USR-071_2025-06-29,text-embedding-3-large,3072
USR-071,2025-07-06,1065.4,0.0247,0.07,0.921,3,USR-071_2025-07-06,text-embedding-3-large,3072
USR-071,2025-07-13,969.8,0.0238,0.0554,0.92,0,USR-071_2025-07-13,text-embedding-3-large,3072
USR-071,2025-07-20,1084.1,0.0159,0.057,0.905,1,USR-071_2025-07-20,text-embedding-3-large,3072
USR-071,2025-07-27,896.6,0.0197,0.0493,0.941,3,USR-071_2025-07-27,text-embedding-3-large,3072
USR-071,2025-08-03,981.3,0.0171,0.0544,0.968,1,USR-071_2025-08-03,text-embedding-3-large,3072
USR-071,2025-08-10,925.1,0.0256,0.0454,0.943,0,USR-071_2025-08-10,text-embedding-3-large,3072
USR-071,2025-08-17,1014.3,0.0261,0.0681,0.955,0,USR-071_2025-08-17,text-embedding-3-large,3072
USR-071,2025-08-24,971.7,0.0229,0.062,0.936,3,USR-071_2025-08-24,text-embedding-3-large,3072
USR-071,2025-08-31,1035.0,0.0231,0.044,0.907,1,USR-071_2025-08-31,text-embedding-3-large,3072
USR-071,2025-09-07,916.4,0.0244,0.0676,0.933,2,USR-071_2025-09-07,text-embedding-3-large,3072
USR-071,2025-09-14,948.7,0.0196,0.0782,0.955,1,USR-071_2025-09-14,text-embedding-3-large,3072
USR-071,2025-09-21,1142.6,0.0228,0.0506,0.95,1,USR-071_2025-09-21,text-embedding-3-large,3072
USR-071,2025-09-28,1085.8,0.0233,0.0597,0.96,2,USR-071_2025-09-28,text-embedding-3-large,3072
USR-071,2025-10-05,985.8,0.0281,0.0451,0.901,4,USR-071_2025-10-05,text-embedding-3-large,3072
USR-071,2025-10-12,1078.0,0.0296,0.0555,0.968,1,USR-071_2025-10-12,text-embedding-3-large,3072
USR-071,2025-10-19,993.3,0.0264,0.064,0.99,0,USR-071_2025-10-19,text-embedding-3-large,3072
USR-071,2025-10-26,1031.6,0.0191,0.0475,0.953,1,USR-071_2025-10-26,text-embedding-3-large,3072
USR-071,2025-11-02,923.0,0.0237,0.0576,0.911,1,USR-071_2025-11-02,text-embedding-3-large,3072
USR-071,2025-11-09,953.2,0.019,0.0628,0.942,0,USR-071_2025-11-09,text-embedding-3-large,3072
USR-071,2025-11-16,982.3,0.023,0.0657,0.938,0,USR-071_2025-11-16,text-embedding-3-large,3072
USR-071,2025-11-23,911.8,0.0212,0.0681,0.946,1,USR-071_2025-11-23,text-embedding-3-large,3072
USR-071,2025-11-30,1107.4,0.0221,0.0682,0.99,1,USR-071_2025-11-30,text-embedding-3-large,3072
USR-071,2025-12-07,989.6,0.0224,0.0575,0.944,1,USR-071_2025-12-07,text-embedding-3-large,3072
USR-071,2025-12-14,1068.3,0.0218,0.0661,0.966,2,USR-071_2025-12-14,text-embedding-3-large,3072
USR-071,2025-12-21,926.0,0.025,0.0534,0.948,0,USR-071_2025-12-21,text-embedding-3-large,3072
USR-071,2025-12-28,1074.1,0.0244,0.0697,0.95,0,USR-071_2025-12-28,text-embedding-3-large,3072
USR-071,2026-01-04,1004.5,0.0203,0.0664,0.955,1,USR-071_2026-01-04,text-embedding-3-large,3072
USR-071,2026-01-11,1050.2,0.022,0.0561,0.935,0,USR-071_2026-01-11,text-embedding-3-large,3072
USR-071,2026-01-18,959.6,0.0191,0.0469,0.946,0,USR-071_2026-01-18,text-embedding-3-large,3072
USR-071,2026-01-25,922.9,0.0191,0.0588,0.973,1,USR-071_2026-01-25,text-embedding-3-large,3072
USR-071,2026-02-01,944.8,0.0241,0.0752,0.886,1,USR-071_2026-02-01,text-embedding-3-large,3072
USR-071,2026-02-08,1103.9,0.0233,0.0638,0.936,1,USR-071_2026-02-08,text-embedding-3-large,3072
USR-071,2026-02-15,937.8,0.0233,0.0723,0.958,0,USR-071_2026-02-15,text-embedding-3-large,3072
USR-071,2026-02-22,1039.5,0.025,0.0595,0.881,0,USR-071_2026-02-22,text-embedding-3-large,3072
USR-071,2026-03-01,1025.2,0.0257,0.047,0.968,2,USR-071_2026-03-01,text-embedding-3-large,3072
USR-071,2026-03-08,997.7,0.0268,0.06,0.918,1,USR-071_2026-03-08,text-embedding-3-large,3072
USR-071,2026-03-15,1045.4,0.0211,0.0473,0.904,1,USR-071_2026-03-15,text-embedding-3-large,3072
USR-071,2026-03-22,1187.5,0.0264,0.0615,0.933,4,USR-071_2026-03-22,text-embedding-3-large,3072
USR-071,2026-03-29,1101.6,0.0275,0.0505,0.956,0,USR-071_2026-03-29,text-embedding-3-large,3072
USR-071,2026-04-05,1035.7,0.0266,0.0648,0.941,2,USR-071_2026-04-05,text-embedding-3-large,3072
USR-071,2026-04-12,1015.4,0.0227,0.0626,0.919,1,USR-071_2026-04-12,text-embedding-3-large,3072
USR-071,2026-04-19,1008.5,0.0245,0.0663,0.99,0,USR-071_2026-04-19,text-embedding-3-large,3072
USR-071,2026-04-26,924.2,0.0233,0.0492,0.913,4,USR-071_2026-04-26,text-embedding-3-large,3072
USR-071,2026-05-03,1148.2,0.0246,0.0564,0.932,2,USR-071_2026-05-03,text-embedding-3-large,3072
USR-071,2026-05-10,1034.6,0.024,0.0569,0.962,1,USR-071_2026-05-10,text-embedding-3-large,3072
USR-071,2026-05-17,1089.7,0.0285,0.0398,0.86,1,USR-071_2026-05-17,text-embedding-3-large,3072
USR-071,2026-05-24,1010.0,0.0217,0.075,0.935,1,USR-071_2026-05-24,text-embedding-3-large,3072
USR-071,2026-05-31,1111.5,0.0262,0.0709,0.921,0,USR-071_2026-05-31,text-embedding-3-large,3072
USR-071,2026-06-07,907.0,0.0304,0.0566,0.96,0,USR-071_2026-06-07,text-embedding-3-large,3072
USR-071,2026-06-14,1055.9,0.0255,0.0587,0.946,2,USR-071_2026-06-14,text-embedding-3-large,3072
USR-071,2026-06-21,854.1,0.0267,0.063,0.929,0,USR-071_2026-06-21,text-embedding-3-large,3072
USR-072,2025-06-29,1820.8,0.0184,0.0508,0.938,3,USR-072_2025-06-29,text-embedding-3-large,3072
USR-072,2025-07-06,1663.0,0.016,0.037,0.855,3,USR-072_2025-07-06,text-embedding-3-large,3072
USR-072,2025-07-13,1692.2,0.0177,0.0395,0.922,3,USR-072_2025-07-13,text-embedding-3-large,3072
USR-072,2025-07-20,1691.1,0.0203,0.0422,0.943,3,USR-072_2025-07-20,text-embedding-3-large,3072
USR-072,2025-07-27,1810.7,0.0191,0.031,0.887,3,USR-072_2025-07-27,text-embedding-3-large,3072
USR-072,2025-08-03,1741.0,0.0168,0.0388,0.99,5,USR-072_2025-08-03,text-embedding-3-large,3072
USR-072,2025-08-10,1729.5,0.0187,0.0338,0.911,1,USR-072_2025-08-10,text-embedding-3-large,3072
USR-072,2025-08-17,1653.9,0.0171,0.0465,0.928,4,USR-072_2025-08-17,text-embedding-3-large,3072
USR-072,2025-08-24,1829.2,0.0199,0.0363,0.947,4,USR-072_2025-08-24,text-embedding-3-large,3072
USR-072,2025-08-31,1803.9,0.0159,0.0526,0.945,6,USR-072_2025-08-31,text-embedding-3-large,3072
USR-072,2025-09-07,1831.3,0.018,0.0401,0.95,2,USR-072_2025-09-07,text-embedding-3-large,3072
USR-072,2025-09-14,1791.5,0.0192,0.0364,0.918,3,USR-072_2025-09-14,text-embedding-3-large,3072
USR-072,2025-09-21,1810.2,0.0219,0.0418,0.917,2,USR-072_2025-09-21,text-embedding-3-large,3072
USR-072,2025-09-28,1789.4,0.0182,0.0395,0.95,2,USR-072_2025-09-28,text-embedding-3-large,3072
USR-072,2025-10-05,1809.7,0.0164,0.0398,0.901,3,USR-072_2025-10-05,text-embedding-3-large,3072
USR-072,2025-10-12,1672.2,0.0205,0.0407,0.98,3,USR-072_2025-10-12,text-embedding-3-large,3072
USR-072,2025-10-19,1745.1,0.0164,0.0327,0.978,4,USR-072_2025-10-19,text-embedding-3-large,3072
USR-072,2025-10-26,1892.5,0.0197,0.0289,0.936,2,USR-072_2025-10-26,text-embedding-3-large,3072
USR-072,2025-11-02,1834.1,0.0157,0.0375,0.923,5,USR-072_2025-11-02,text-embedding-3-large,3072
USR-072,2025-11-09,1865.0,0.0157,0.0382,0.962,1,USR-072_2025-11-09,text-embedding-3-large,3072
USR-072,2025-11-16,1954.1,0.0177,0.0419,0.945,3,USR-072_2025-11-16,text-embedding-3-large,3072
USR-072,2025-11-23,1831.4,0.0184,0.0321,0.95,4,USR-072_2025-11-23,text-embedding-3-large,3072
USR-072,2025-11-30,1927.6,0.0187,0.0421,0.953,1,USR-072_2025-11-30,text-embedding-3-large,3072
USR-072,2025-12-07,2056.0,0.0132,0.0422,0.934,3,USR-072_2025-12-07,text-embedding-3-large,3072
USR-072,2025-12-14,1948.5,0.0135,0.0445,0.909,2,USR-072_2025-12-14,text-embedding-3-large,3072
USR-072,2025-12-21,1866.8,0.0174,0.0421,0.987,5,USR-072_2025-12-21,text-embedding-3-large,3072
USR-072,2025-12-28,1859.1,0.0199,0.0357,0.918,5,USR-072_2025-12-28,text-embedding-3-large,3072
USR-072,2026-01-04,1758.2,0.0149,0.0402,0.977,2,USR-072_2026-01-04,text-embedding-3-large,3072
USR-072,2026-01-11,1789.1,0.0185,0.0315,0.957,4,USR-072_2026-01-11,text-embedding-3-large,3072
USR-072,2026-01-18,1873.9,0.0171,0.0438,0.951,2,USR-072_2026-01-18,text-embedding-3-large,3072
USR-072,2026-01-25,1790.6,0.0182,0.0425,0.99,2,USR-072_2026-01-25,text-embedding-3-large,3072
USR-072,2026-02-01,1812.3,0.0131,0.0347,0.99,5,USR-072_2026-02-01,text-embedding-3-large,3072
USR-072,2026-02-08,1751.0,0.0174,0.0441,0.946,1,USR-072_2026-02-08,text-embedding-3-large,3072
USR-072,2026-02-15,1681.3,0.0215,0.0381,0.951,2,USR-072_2026-02-15,text-embedding-3-large,3072
USR-072,2026-02-22,1869.0,0.0197,0.0355,0.944,2,USR-072_2026-02-22,text-embedding-3-large,3072
USR-072,2026-03-01,1773.1,0.0155,0.0311,0.912,2,USR-072_2026-03-01,text-embedding-3-large,3072
USR-072,2026-03-08,1839.8,0.0177,0.0487,0.888,2,USR-072_2026-03-08,text-embedding-3-large,3072
USR-072,2026-03-15,1800.9,0.0188,0.0322,0.949,5,USR-072_2026-03-15,text-embedding-3-large,3072
USR-072,2026-03-22,1769.1,0.0121,0.0423,0.963,3,USR-072_2026-03-22,text-embedding-3-large,3072
USR-072,2026-03-29,1880.2,0.0192,0.0393,0.949,0,USR-072_2026-03-29,text-embedding-3-large,3072
USR-072,2026-04-05,1662.8,0.0196,0.0451,0.989,2,USR-072_2026-04-05,text-embedding-3-large,3072
USR-072,2026-04-12,1690.1,0.0178,0.0467,0.977,3,USR-072_2026-04-12,text-embedding-3-large,3072
USR-072,2026-04-19,1698.7,0.015,0.0497,0.99,5,USR-072_2026-04-19,text-embedding-3-large,3072
USR-072,2026-04-26,1846.7,0.0183,0.0443,0.914,2,USR-072_2026-04-26,text-embedding-3-large,3072
USR-072,2026-05-03,1925.1,0.0201,0.03,0.929,0,USR-072_2026-05-03,text-embedding-3-large,3072
USR-072,2026-05-10,1828.0,0.0203,0.0417,0.921,4,USR-072_2026-05-10,text-embedding-3-large,3072
USR-072,2026-05-17,1803.8,0.0193,0.0376,0.967,3,USR-072_2026-05-17,text-embedding-3-large,3072
USR-072,2026-05-24,1885.5,0.018,0.0359,0.931,3,USR-072_2026-05-24,text-embedding-3-large,3072
USR-072,2026-05-31,2028.2,0.0197,0.0455,0.946,5,USR-072_2026-05-31,text-embedding-3-large,3072
USR-072,2026-06-07,1699.1,0.0148,0.0475,0.963,1,USR-072_2026-06-07,text-embedding-3-large,3072
USR-072,2026-06-14,1770.4,0.0185,0.042,0.897,1,USR-072_2026-06-14,text-embedding-3-large,3072
USR-072,2026-06-21,1644.3,0.0165,0.0421,0.953,3,USR-072_2026-06-21,text-embedding-3-large,3072
USR-073,2025-06-29,1556.0,0.0151,0.0836,0.961,0,USR-073_2025-06-29,text-embedding-3-large,3072
USR-073,2025-07-06,1419.0,0.0142,0.0768,0.951,1,USR-073_2025-07-06,text-embedding-3-large,3072
USR-073,2025-07-13,1409.3,0.0166,0.0745,0.958,3,USR-073_2025-07-13,text-embedding-3-large,3072
USR-073,2025-07-20,1376.0,0.0149,0.0959,0.99,3,USR-073_2025-07-20,text-embedding-3-large,3072
USR-073,2025-07-27,1533.8,0.0118,0.0647,0.963,1,USR-073_2025-07-27,text-embedding-3-large,3072
USR-073,2025-08-03,1412.8,0.0139,0.0953,0.955,3,USR-073_2025-08-03,text-embedding-3-large,3072
USR-073,2025-08-10,1522.9,0.0161,0.0757,0.969,1,USR-073_2025-08-10,text-embedding-3-large,3072
USR-073,2025-08-17,1497.0,0.0147,0.0643,0.963,1,USR-073_2025-08-17,text-embedding-3-large,3072
USR-073,2025-08-24,1486.1,0.0158,0.071,0.949,0,USR-073_2025-08-24,text-embedding-3-large,3072
USR-073,2025-08-31,1492.4,0.0145,0.0716,0.908,1,USR-073_2025-08-31,text-embedding-3-large,3072
USR-073,2025-09-07,1539.5,0.0141,0.0679,0.917,1,USR-073_2025-09-07,text-embedding-3-large,3072
USR-073,2025-09-14,1413.8,0.0159,0.0764,0.922,3,USR-073_2025-09-14,text-embedding-3-large,3072
USR-073,2025-09-21,1405.6,0.0122,0.0896,0.904,2,USR-073_2025-09-21,text-embedding-3-large,3072
USR-073,2025-09-28,1425.5,0.0176,0.0938,0.99,0,USR-073_2025-09-28,text-embedding-3-large,3072
USR-073,2025-10-05,1469.3,0.0144,0.0773,0.917,3,USR-073_2025-10-05,text-embedding-3-large,3072
USR-073,2025-10-12,1413.3,0.0154,0.0693,0.959,2,USR-073_2025-10-12,text-embedding-3-large,3072
USR-073,2025-10-19,1413.6,0.0161,0.0865,0.874,0,USR-073_2025-10-19,text-embedding-3-large,3072
USR-073,2025-10-26,1437.9,0.0166,0.0838,0.897,2,USR-073_2025-10-26,text-embedding-3-large,3072
USR-073,2025-11-02,1398.3,0.0098,0.0911,0.911,1,USR-073_2025-11-02,text-embedding-3-large,3072
USR-073,2025-11-09,1399.8,0.0167,0.0725,0.949,0,USR-073_2025-11-09,text-embedding-3-large,3072
USR-073,2025-11-16,1450.0,0.016,0.0624,0.966,1,USR-073_2025-11-16,text-embedding-3-large,3072
USR-073,2025-11-23,1390.8,0.0171,0.0648,0.943,1,USR-073_2025-11-23,text-embedding-3-large,3072
USR-073,2025-11-30,1384.4,0.0149,0.0708,0.945,5,USR-073_2025-11-30,text-embedding-3-large,3072
USR-073,2025-12-07,1467.9,0.0187,0.0715,0.879,0,USR-073_2025-12-07,text-embedding-3-large,3072
USR-073,2025-12-14,1358.6,0.0167,0.069,0.928,0,USR-073_2025-12-14,text-embedding-3-large,3072
USR-073,2025-12-21,1252.8,0.0186,0.0629,0.951,1,USR-073_2025-12-21,text-embedding-3-large,3072
USR-073,2025-12-28,1565.9,0.0172,0.077,0.936,2,USR-073_2025-12-28,text-embedding-3-large,3072
USR-073,2026-01-04,1351.8,0.0148,0.1107,0.891,1,USR-073_2026-01-04,text-embedding-3-large,3072
USR-073,2026-01-11,1359.8,0.019,0.0921,0.881,4,USR-073_2026-01-11,text-embedding-3-large,3072
USR-073,2026-01-18,1410.9,0.0137,0.0898,0.944,0,USR-073_2026-01-18,text-embedding-3-large,3072
USR-073,2026-01-25,1515.0,0.0121,0.0793,0.927,1,USR-073_2026-01-25,text-embedding-3-large,3072
USR-073,2026-02-01,1376.4,0.015,0.0928,0.94,1,USR-073_2026-02-01,text-embedding-3-large,3072
USR-073,2026-02-08,1337.7,0.0133,0.0847,0.978,1,USR-073_2026-02-08,text-embedding-3-large,3072
USR-073,2026-02-15,1310.1,0.0135,0.0631,0.926,2,USR-073_2026-02-15,text-embedding-3-large,3072
USR-073,2026-02-22,1387.0,0.0143,0.0708,0.962,1,USR-073_2026-02-22,text-embedding-3-large,3072
USR-073,2026-03-01,1410.4,0.0133,0.0842,0.969,1,USR-073_2026-03-01,text-embedding-3-large,3072
USR-073,2026-03-08,1501.4,0.0147,0.0843,0.941,2,USR-073_2026-03-08,text-embedding-3-large,3072
USR-073,2026-03-15,1559.3,0.014,0.0856,0.931,3,USR-073_2026-03-15,text-embedding-3-large,3072
USR-073,2026-03-22,1342.7,0.0193,0.0747,0.955,1,USR-073_2026-03-22,text-embedding-3-large,3072
USR-073,2026-03-29,1414.5,0.0175,0.0571,0.938,0,USR-073_2026-03-29,text-embedding-3-large,3072
USR-073,2026-04-05,1474.4,0.0143,0.0789,0.936,0,USR-073_2026-04-05,text-embedding-3-large,3072
USR-073,2026-04-12,1565.8,0.0158,0.0804,0.962,1,USR-073_2026-04-12,text-embedding-3-large,3072
USR-073,2026-04-19,1530.4,0.0143,0.0762,0.927,2,USR-073_2026-04-19,text-embedding-3-large,3072
USR-073,2026-04-26,1374.2,0.0129,0.0728,0.978,1,USR-073_2026-04-26,text-embedding-3-large,3072
USR-073,2026-05-03,1532.3,0.0192,0.0817,0.95,1,USR-073_2026-05-03,text-embedding-3-large,3072
USR-073,2026-05-10,1218.8,0.0133,0.0873,0.914,3,USR-073_2026-05-10,text-embedding-3-large,3072
USR-073,2026-05-17,1519.1,0.0152,0.0779,0.985,0,USR-073_2026-05-17,text-embedding-3-large,3072
USR-073,2026-05-24,1348.1,0.0113,0.0991,0.927,1,USR-073_2026-05-24,text-embedding-3-large,3072
USR-073,2026-05-31,1372.8,0.0162,0.0837,0.921,1,USR-073_2026-05-31,text-embedding-3-large,3072
USR-073,2026-06-07,1545.9,0.0142,0.0727,0.91,0,USR-073_2026-06-07,text-embedding-3-large,3072
USR-073,2026-06-14,1345.5,0.0186,0.0845,0.917,0,USR-073_2026-06-14,text-embedding-3-large,3072
USR-073,2026-06-21,1467.6,0.0149,0.0919,0.957,0,USR-073_2026-06-21,text-embedding-3-large,3072
USR-074,2025-06-29,2037.0,0.0174,0.0313,0.962,1,USR-074_2025-06-29,text-embedding-3-large,3072
USR-074,2025-07-06,2399.1,0.0152,0.0323,0.941,0,USR-074_2025-07-06,text-embedding-3-large,3072
USR-074,2025-07-13,2204.6,0.0164,0.029,0.943,3,USR-074_2025-07-13,text-embedding-3-large,3072
USR-074,2025-07-20,2178.2,0.0166,0.0321,0.955,1,USR-074_2025-07-20,text-embedding-3-large,3072
USR-074,2025-07-27,2514.8,0.0162,0.0247,0.954,0,USR-074_2025-07-27,text-embedding-3-large,3072
USR-074,2025-08-03,2340.9,0.0162,0.0253,0.923,0,USR-074_2025-08-03,text-embedding-3-large,3072
USR-074,2025-08-10,2072.3,0.0168,0.0318,0.898,0,USR-074_2025-08-10,text-embedding-3-large,3072
USR-074,2025-08-17,2302.7,0.0156,0.0307,0.99,0,USR-074_2025-08-17,text-embedding-3-large,3072
USR-074,2025-08-24,2288.3,0.0193,0.0259,0.916,1,USR-074_2025-08-24,text-embedding-3-large,3072
USR-074,2025-08-31,2104.8,0.0153,0.0328,0.979,2,USR-074_2025-08-31,text-embedding-3-large,3072
USR-074,2025-09-07,2179.5,0.0177,0.0261,0.93,1,USR-074_2025-09-07,text-embedding-3-large,3072
USR-074,2025-09-14,2160.3,0.0127,0.0308,0.984,1,USR-074_2025-09-14,text-embedding-3-large,3072
USR-074,2025-09-21,2036.6,0.0136,0.0306,0.936,3,USR-074_2025-09-21,text-embedding-3-large,3072
USR-074,2025-09-28,2199.8,0.0154,0.0335,0.92,2,USR-074_2025-09-28,text-embedding-3-large,3072
USR-074,2025-10-05,2485.8,0.0139,0.034,0.886,1,USR-074_2025-10-05,text-embedding-3-large,3072
USR-074,2025-10-12,2467.6,0.0148,0.0274,0.959,3,USR-074_2025-10-12,text-embedding-3-large,3072
USR-074,2025-10-19,2336.4,0.016,0.0293,0.987,1,USR-074_2025-10-19,text-embedding-3-large,3072
USR-074,2025-10-26,2351.4,0.0191,0.0281,0.925,2,USR-074_2025-10-26,text-embedding-3-large,3072
USR-074,2025-11-02,2197.3,0.0158,0.025,0.936,0,USR-074_2025-11-02,text-embedding-3-large,3072
USR-074,2025-11-09,1994.4,0.0167,0.0358,0.951,1,USR-074_2025-11-09,text-embedding-3-large,3072
USR-074,2025-11-16,2163.2,0.0165,0.0321,0.961,3,USR-074_2025-11-16,text-embedding-3-large,3072
USR-074,2025-11-23,2164.9,0.0146,0.0266,0.925,1,USR-074_2025-11-23,text-embedding-3-large,3072
USR-074,2025-11-30,2335.7,0.0173,0.0301,0.945,0,USR-074_2025-11-30,text-embedding-3-large,3072
USR-074,2025-12-07,2164.1,0.0168,0.0193,0.964,1,USR-074_2025-12-07,text-embedding-3-large,3072
USR-074,2025-12-14,2271.9,0.0178,0.027,0.989,0,USR-074_2025-12-14,text-embedding-3-large,3072
USR-074,2025-12-21,2218.7,0.0135,0.0316,0.954,0,USR-074_2025-12-21,text-embedding-3-large,3072
USR-074,2025-12-28,2230.6,0.0167,0.03,0.967,0,USR-074_2025-12-28,text-embedding-3-large,3072
USR-074,2026-01-04,2443.4,0.0151,0.0253,0.955,2,USR-074_2026-01-04,text-embedding-3-large,3072
USR-074,2026-01-11,2396.0,0.0146,0.0283,0.93,2,USR-074_2026-01-11,text-embedding-3-large,3072
USR-074,2026-01-18,2326.6,0.0171,0.037,0.95,1,USR-074_2026-01-18,text-embedding-3-large,3072
USR-074,2026-01-25,2140.5,0.0181,0.0285,0.929,2,USR-074_2026-01-25,text-embedding-3-large,3072
USR-074,2026-02-01,2209.7,0.0179,0.0329,0.939,1,USR-074_2026-02-01,text-embedding-3-large,3072
USR-074,2026-02-08,2302.7,0.014,0.0317,0.964,2,USR-074_2026-02-08,text-embedding-3-large,3072
USR-074,2026-02-15,2331.1,0.0143,0.0287,0.931,2,USR-074_2026-02-15,text-embedding-3-large,3072
USR-074,2026-02-22,2584.7,0.0195,0.0328,0.941,1,USR-074_2026-02-22,text-embedding-3-large,3072
USR-074,2026-03-01,2295.7,0.0138,0.0321,0.968,3,USR-074_2026-03-01,text-embedding-3-large,3072
USR-074,2026-03-08,2287.3,0.0145,0.0266,0.903,0,USR-074_2026-03-08,text-embedding-3-large,3072
USR-074,2026-03-15,2083.3,0.0147,0.0282,0.99,2,USR-074_2026-03-15,text-embedding-3-large,3072
USR-074,2026-03-22,2049.8,0.0157,0.0286,0.946,1,USR-074_2026-03-22,text-embedding-3-large,3072
USR-074,2026-03-29,2335.8,0.0191,0.033,0.927,0,USR-074_2026-03-29,text-embedding-3-large,3072
USR-074,2026-04-05,2205.6,0.0144,0.0345,0.929,1,USR-074_2026-04-05,text-embedding-3-large,3072
USR-074,2026-04-12,2343.3,0.0166,0.024,0.947,1,USR-074_2026-04-12,text-embedding-3-large,3072
USR-074,2026-04-19,2279.1,0.0164,0.0285,0.961,1,USR-074_2026-04-19,text-embedding-3-large,3072
USR-074,2026-04-26,2298.4,0.0151,0.0254,0.908,0,USR-074_2026-04-26,text-embedding-3-large,3072
USR-074,2026-05-03,1997.2,0.0184,0.0221,0.903,1,USR-074_2026-05-03,text-embedding-3-large,3072
USR-074,2026-05-10,2354.7,0.0157,0.0417,0.908,2,USR-074_2026-05-10,text-embedding-3-large,3072
USR-074,2026-05-17,2167.1,0.0196,0.0358,0.921,1,USR-074_2026-05-17,text-embedding-3-large,3072
USR-074,2026-05-24,2189.4,0.0172,0.0292,0.971,0,USR-074_2026-05-24,text-embedding-3-large,3072
USR-074,2026-05-31,2203.7,0.0118,0.0314,0.932,1,USR-074_2026-05-31,text-embedding-3-large,3072
USR-074,2026-06-07,2115.7,0.0181,0.0292,0.95,1,USR-074_2026-06-07,text-embedding-3-large,3072
USR-074,2026-06-14,2273.4,0.0198,0.0273,0.939,1,USR-074_2026-06-14,text-embedding-3-large,3072
USR-074,2026-06-21,2194.0,0.016,0.0288,0.99,0,USR-074_2026-06-21,text-embedding-3-large,3072
USR-075,2025-06-29,1224.8,0.0257,0.0782,0.937,1,USR-075_2025-06-29,text-embedding-3-large,3072
USR-075,2025-07-06,1181.5,0.0205,0.0538,0.925,0,USR-075_2025-07-06,text-embedding-3-large,3072
USR-075,2025-07-13,1114.7,0.0223,0.0645,0.902,1,USR-075_2025-07-13,text-embedding-3-large,3072
USR-075,2025-07-20,1133.2,0.0221,0.0746,0.958,0,USR-075_2025-07-20,text-embedding-3-large,3072
USR-075,2025-07-27,1174.3,0.0239,0.0797,0.887,0,USR-075_2025-07-27,text-embedding-3-large,3072
USR-075,2025-08-03,1160.0,0.022,0.0736,0.952,3,USR-075_2025-08-03,text-embedding-3-large,3072
USR-075,2025-08-10,1085.2,0.0203,0.0649,0.964,0,USR-075_2025-08-10,text-embedding-3-large,3072
USR-075,2025-08-17,1128.0,0.024,0.061,0.91,0,USR-075_2025-08-17,text-embedding-3-large,3072
USR-075,2025-08-24,1117.1,0.0246,0.0666,0.934,0,USR-075_2025-08-24,text-embedding-3-large,3072
USR-075,2025-08-31,1132.6,0.0222,0.0536,0.953,3,USR-075_2025-08-31,text-embedding-3-large,3072
USR-075,2025-09-07,1105.5,0.0179,0.06,0.941,0,USR-075_2025-09-07,text-embedding-3-large,3072
USR-075,2025-09-14,1112.0,0.0224,0.0709,0.896,2,USR-075_2025-09-14,text-embedding-3-large,3072
USR-075,2025-09-21,1165.4,0.0258,0.0594,0.99,1,USR-075_2025-09-21,text-embedding-3-large,3072
USR-075,2025-09-28,1105.6,0.0224,0.0665,0.958,1,USR-075_2025-09-28,text-embedding-3-large,3072
USR-075,2025-10-05,1240.9,0.0217,0.0636,0.874,1,USR-075_2025-10-05,text-embedding-3-large,3072
USR-075,2025-10-12,1022.0,0.0237,0.0572,0.909,0,USR-075_2025-10-12,text-embedding-3-large,3072
USR-075,2025-10-19,1110.8,0.0247,0.0678,0.982,2,USR-075_2025-10-19,text-embedding-3-large,3072
USR-075,2025-10-26,1212.4,0.019,0.0728,0.972,0,USR-075_2025-10-26,text-embedding-3-large,3072
USR-075,2025-11-02,1135.6,0.0224,0.0516,0.889,2,USR-075_2025-11-02,text-embedding-3-large,3072
USR-075,2025-11-09,1165.8,0.0244,0.0737,0.925,0,USR-075_2025-11-09,text-embedding-3-large,3072
USR-075,2025-11-16,1065.6,0.024,0.0538,0.954,0,USR-075_2025-11-16,text-embedding-3-large,3072
USR-075,2025-11-23,1118.9,0.0195,0.0653,0.909,4,USR-075_2025-11-23,text-embedding-3-large,3072
USR-075,2025-11-30,1156.8,0.0177,0.0805,0.933,0,USR-075_2025-11-30,text-embedding-3-large,3072
USR-075,2025-12-07,1145.6,0.0224,0.0686,0.976,2,USR-075_2025-12-07,text-embedding-3-large,3072
USR-075,2025-12-14,1181.3,0.0224,0.0775,0.962,0,USR-075_2025-12-14,text-embedding-3-large,3072
USR-075,2025-12-21,1152.5,0.025,0.0798,0.935,1,USR-075_2025-12-21,text-embedding-3-large,3072
USR-075,2025-12-28,1221.8,0.0239,0.0665,0.97,1,USR-075_2025-12-28,text-embedding-3-large,3072
USR-075,2026-01-04,1076.1,0.0242,0.0679,0.99,1,USR-075_2026-01-04,text-embedding-3-large,3072
USR-075,2026-01-11,1143.2,0.0247,0.0691,0.99,0,USR-075_2026-01-11,text-embedding-3-large,3072
USR-075,2026-01-18,1239.5,0.02,0.09,0.885,1,USR-075_2026-01-18,text-embedding-3-large,3072
USR-075,2026-01-25,1111.4,0.0233,0.053,0.957,0,USR-075_2026-01-25,text-embedding-3-large,3072
USR-075,2026-02-01,1058.5,0.0239,0.0728,0.968,0,USR-075_2026-02-01,text-embedding-3-large,3072
USR-075,2026-02-08,1151.3,0.0265,0.0594,0.963,0,USR-075_2026-02-08,text-embedding-3-large,3072
USR-075,2026-02-15,1214.5,0.0189,0.0709,0.903,2,USR-075_2026-02-15,text-embedding-3-large,3072
USR-075,2026-02-22,1136.1,0.0205,0.0898,0.915,2,USR-075_2026-02-22,text-embedding-3-large,3072
USR-075,2026-03-01,1057.6,0.0196,0.074,0.93,3,USR-075_2026-03-01,text-embedding-3-large,3072
USR-075,2026-03-08,1133.0,0.0228,0.0578,0.942,0,USR-075_2026-03-08,text-embedding-3-large,3072
USR-075,2026-03-15,1171.3,0.0205,0.0634,0.93,1,USR-075_2026-03-15,text-embedding-3-large,3072
USR-075,2026-03-22,1132.3,0.0253,0.0548,0.863,1,USR-075_2026-03-22,text-embedding-3-large,3072
USR-075,2026-03-29,1095.0,0.0227,0.0766,0.915,3,USR-075_2026-03-29,text-embedding-3-large,3072
USR-075,2026-04-05,1128.0,0.0229,0.0655,0.916,1,USR-075_2026-04-05,text-embedding-3-large,3072
USR-075,2026-04-12,1186.4,0.018,0.0572,0.922,1,USR-075_2026-04-12,text-embedding-3-large,3072
USR-075,2026-04-19,1041.4,0.02,0.055,0.99,1,USR-075_2026-04-19,text-embedding-3-large,3072
USR-075,2026-04-26,1129.5,0.02,0.0796,0.973,0,USR-075_2026-04-26,text-embedding-3-large,3072
USR-075,2026-05-03,1165.7,0.026,0.0995,0.984,3,USR-075_2026-05-03,text-embedding-3-large,3072
USR-075,2026-05-10,1175.7,0.0179,0.0831,0.903,4,USR-075_2026-05-10,text-embedding-3-large,3072
USR-075,2026-05-17,1203.8,0.0201,0.0705,0.91,1,USR-075_2026-05-17,text-embedding-3-large,3072
USR-075,2026-05-24,1143.6,0.0207,0.0646,0.909,2,USR-075_2026-05-24,text-embedding-3-large,3072
USR-075,2026-05-31,1148.0,0.0244,0.0878,0.93,1,USR-075_2026-05-31,text-embedding-3-large,3072
USR-075,2026-06-07,1209.2,0.0224,0.0775,0.99,1,USR-075_2026-06-07,text-embedding-3-large,3072
USR-075,2026-06-14,1076.0,0.0205,0.0761,0.959,3,USR-075_2026-06-14,text-embedding-3-large,3072
USR-075,2026-06-21,1100.5,0.0271,0.0848,0.929,2,USR-075_2026-06-21,text-embedding-3-large,3072
USR-076,2025-06-29,1536.9,0.0181,0.0437,0.901,5,USR-076_2025-06-29,text-embedding-3-large,3072
USR-076,2025-07-06,1433.1,0.0202,0.0328,0.979,3,USR-076_2025-07-06,text-embedding-3-large,3072
USR-076,2025-07-13,1627.3,0.0165,0.0366,0.933,3,USR-076_2025-07-13,text-embedding-3-large,3072
USR-076,2025-07-20,1551.8,0.0159,0.0375,0.899,2,USR-076_2025-07-20,text-embedding-3-large,3072
USR-076,2025-07-27,1530.4,0.0169,0.0467,0.99,3,USR-076_2025-07-27,text-embedding-3-large,3072
USR-076,2025-08-03,1441.3,0.0171,0.0443,0.956,3,USR-076_2025-08-03,text-embedding-3-large,3072
USR-076,2025-08-10,1308.7,0.0199,0.0337,0.943,2,USR-076_2025-08-10,text-embedding-3-large,3072
USR-076,2025-08-17,1466.9,0.0183,0.0383,0.99,5,USR-076_2025-08-17,text-embedding-3-large,3072
USR-076,2025-08-24,1472.3,0.0177,0.0341,0.936,4,USR-076_2025-08-24,text-embedding-3-large,3072
USR-076,2025-08-31,1481.8,0.0164,0.0414,0.935,1,USR-076_2025-08-31,text-embedding-3-large,3072
USR-076,2025-09-07,1557.7,0.0165,0.0454,0.967,2,USR-076_2025-09-07,text-embedding-3-large,3072
USR-076,2025-09-14,1426.6,0.0182,0.0472,0.908,4,USR-076_2025-09-14,text-embedding-3-large,3072
USR-076,2025-09-21,1331.8,0.019,0.041,0.98,5,USR-076_2025-09-21,text-embedding-3-large,3072
USR-076,2025-09-28,1463.5,0.0186,0.0482,0.916,2,USR-076_2025-09-28,text-embedding-3-large,3072
USR-076,2025-10-05,1439.0,0.0149,0.04,0.878,6,USR-076_2025-10-05,text-embedding-3-large,3072
USR-076,2025-10-12,1416.3,0.0198,0.0366,0.942,3,USR-076_2025-10-12,text-embedding-3-large,3072
USR-076,2025-10-19,1413.1,0.0202,0.0322,0.942,3,USR-076_2025-10-19,text-embedding-3-large,3072
USR-076,2025-10-26,1511.8,0.0176,0.0488,0.964,6,USR-076_2025-10-26,text-embedding-3-large,3072
USR-076,2025-11-02,1394.5,0.0169,0.0462,0.988,2,USR-076_2025-11-02,text-embedding-3-large,3072
USR-076,2025-11-09,1267.2,0.015,0.0407,0.944,4,USR-076_2025-11-09,text-embedding-3-large,3072
USR-076,2025-11-16,1437.6,0.0152,0.0348,0.901,6,USR-076_2025-11-16,text-embedding-3-large,3072
USR-076,2025-11-23,1389.1,0.0169,0.0428,0.98,2,USR-076_2025-11-23,text-embedding-3-large,3072
USR-076,2025-11-30,1587.3,0.017,0.0508,0.968,1,USR-076_2025-11-30,text-embedding-3-large,3072
USR-076,2025-12-07,1588.2,0.0201,0.0291,0.901,2,USR-076_2025-12-07,text-embedding-3-large,3072
USR-076,2025-12-14,1546.7,0.0128,0.0363,0.961,4,USR-076_2025-12-14,text-embedding-3-large,3072
USR-076,2025-12-21,1509.9,0.0224,0.0384,0.954,5,USR-076_2025-12-21,text-embedding-3-large,3072
USR-076,2025-12-28,1459.2,0.0149,0.0364,0.963,5,USR-076_2025-12-28,text-embedding-3-large,3072
USR-076,2026-01-04,1301.0,0.0172,0.0301,0.916,3,USR-076_2026-01-04,text-embedding-3-large,3072
USR-076,2026-01-11,1516.6,0.0164,0.0416,0.968,2,USR-076_2026-01-11,text-embedding-3-large,3072
USR-076,2026-01-18,1454.9,0.0201,0.0426,0.955,2,USR-076_2026-01-18,text-embedding-3-large,3072
USR-076,2026-01-25,1486.6,0.0175,0.0288,0.97,0,USR-076_2026-01-25,text-embedding-3-large,3072
USR-076,2026-02-01,1325.5,0.0173,0.0383,0.909,2,USR-076_2026-02-01,text-embedding-3-large,3072
USR-076,2026-02-08,1562.7,0.0178,0.0369,0.956,0,USR-076_2026-02-08,text-embedding-3-large,3072
USR-076,2026-02-15,1495.2,0.0228,0.0378,0.946,3,USR-076_2026-02-15,text-embedding-3-large,3072
USR-076,2026-02-22,1454.1,0.0169,0.0406,0.974,2,USR-076_2026-02-22,text-embedding-3-large,3072
USR-076,2026-03-01,1419.8,0.0195,0.0415,0.957,2,USR-076_2026-03-01,text-embedding-3-large,3072
USR-076,2026-03-08,1411.4,0.0197,0.0424,0.913,4,USR-076_2026-03-08,text-embedding-3-large,3072
USR-076,2026-03-15,1357.1,0.0209,0.0453,0.968,3,USR-076_2026-03-15,text-embedding-3-large,3072
USR-076,2026-03-22,1284.4,0.0173,0.0284,0.95,2,USR-076_2026-03-22,text-embedding-3-large,3072
USR-076,2026-03-29,1453.5,0.0194,0.039,0.99,3,USR-076_2026-03-29,text-embedding-3-large,3072
USR-076,2026-04-05,1415.7,0.0165,0.0413,0.948,4,USR-076_2026-04-05,text-embedding-3-large,3072
USR-076,2026-04-12,1460.5,0.0191,0.0355,0.881,3,USR-076_2026-04-12,text-embedding-3-large,3072
USR-076,2026-04-19,1353.9,0.0139,0.0463,0.97,2,USR-076_2026-04-19,text-embedding-3-large,3072
USR-076,2026-04-26,1406.8,0.0196,0.0392,0.954,2,USR-076_2026-04-26,text-embedding-3-large,3072
USR-076,2026-05-03,1392.8,0.0203,0.0447,0.945,2,USR-076_2026-05-03,text-embedding-3-large,3072
USR-076,2026-05-10,1388.8,0.0189,0.0385,0.927,1,USR-076_2026-05-10,text-embedding-3-large,3072
USR-076,2026-05-17,1449.7,0.0196,0.0464,0.939,1,USR-076_2026-05-17,text-embedding-3-large,3072
USR-076,2026-05-24,1524.0,0.0145,0.0446,0.962,3,USR-076_2026-05-24,text-embedding-3-large,3072
USR-076,2026-05-31,1523.3,0.0176,0.0416,0.902,1,USR-076_2026-05-31,text-embedding-3-large,3072
USR-076,2026-06-07,1477.4,0.015,0.04,0.983,2,USR-076_2026-06-07,text-embedding-3-large,3072
USR-076,2026-06-14,1379.3,0.014,0.0438,0.949,0,USR-076_2026-06-14,text-embedding-3-large,3072
USR-076,2026-06-21,1396.9,0.0192,0.0394,0.962,4,USR-076_2026-06-21,text-embedding-3-large,3072
USR-077,2025-06-29,1832.4,0.027,0.0569,0.978,1,USR-077_2025-06-29,text-embedding-3-large,3072
USR-077,2025-07-06,1932.2,0.0216,0.0574,0.936,3,USR-077_2025-07-06,text-embedding-3-large,3072
USR-077,2025-07-13,1780.1,0.0271,0.0495,0.963,2,USR-077_2025-07-13,text-embedding-3-large,3072
USR-077,2025-07-20,1653.3,0.0231,0.0729,0.937,0,USR-077_2025-07-20,text-embedding-3-large,3072
USR-077,2025-07-27,1841.7,0.028,0.0433,0.928,0,USR-077_2025-07-27,text-embedding-3-large,3072
USR-077,2025-08-03,1985.6,0.027,0.0498,0.938,1,USR-077_2025-08-03,text-embedding-3-large,3072
USR-077,2025-08-10,1920.4,0.0194,0.0552,0.971,1,USR-077_2025-08-10,text-embedding-3-large,3072
USR-077,2025-08-17,1704.7,0.0278,0.0529,0.858,1,USR-077_2025-08-17,text-embedding-3-large,3072
USR-077,2025-08-24,1653.5,0.0299,0.0596,0.99,0,USR-077_2025-08-24,text-embedding-3-large,3072
USR-077,2025-08-31,1920.8,0.0228,0.0555,0.93,2,USR-077_2025-08-31,text-embedding-3-large,3072
USR-077,2025-09-07,1699.6,0.0257,0.0631,0.923,0,USR-077_2025-09-07,text-embedding-3-large,3072
USR-077,2025-09-14,1839.3,0.0204,0.0583,0.974,1,USR-077_2025-09-14,text-embedding-3-large,3072
USR-077,2025-09-21,1602.9,0.0286,0.0423,0.944,2,USR-077_2025-09-21,text-embedding-3-large,3072
USR-077,2025-09-28,1731.8,0.0228,0.0603,0.99,2,USR-077_2025-09-28,text-embedding-3-large,3072
USR-077,2025-10-05,1774.6,0.0188,0.0696,0.932,1,USR-077_2025-10-05,text-embedding-3-large,3072
USR-077,2025-10-12,1939.0,0.0225,0.0675,0.913,1,USR-077_2025-10-12,text-embedding-3-large,3072
USR-077,2025-10-19,1757.6,0.0221,0.0496,0.966,0,USR-077_2025-10-19,text-embedding-3-large,3072
USR-077,2025-10-26,1955.8,0.028,0.0488,0.99,1,USR-077_2025-10-26,text-embedding-3-large,3072
USR-077,2025-11-02,1636.6,0.0249,0.0608,0.955,0,USR-077_2025-11-02,text-embedding-3-large,3072
USR-077,2025-11-09,1937.2,0.027,0.0729,0.962,0,USR-077_2025-11-09,text-embedding-3-large,3072
USR-077,2025-11-16,1569.3,0.0278,0.0715,0.94,0,USR-077_2025-11-16,text-embedding-3-large,3072
USR-077,2025-11-23,1700.2,0.0234,0.0618,0.946,1,USR-077_2025-11-23,text-embedding-3-large,3072
USR-077,2025-11-30,1685.8,0.0249,0.0579,0.928,0,USR-077_2025-11-30,text-embedding-3-large,3072
USR-077,2025-12-07,1774.1,0.0263,0.0751,0.99,1,USR-077_2025-12-07,text-embedding-3-large,3072
USR-077,2025-12-14,1682.9,0.026,0.0599,0.925,1,USR-077_2025-12-14,text-embedding-3-large,3072
USR-077,2025-12-21,1718.6,0.0249,0.0688,0.945,2,USR-077_2025-12-21,text-embedding-3-large,3072
USR-077,2025-12-28,1857.3,0.0236,0.0536,0.947,1,USR-077_2025-12-28,text-embedding-3-large,3072
USR-077,2026-01-04,1737.6,0.0245,0.0717,0.965,1,USR-077_2026-01-04,text-embedding-3-large,3072
USR-077,2026-01-11,1870.3,0.0206,0.0397,0.89,1,USR-077_2026-01-11,text-embedding-3-large,3072
USR-077,2026-01-18,1859.8,0.0259,0.0479,0.927,0,USR-077_2026-01-18,text-embedding-3-large,3072
USR-077,2026-01-25,1804.8,0.0151,0.0506,0.951,2,USR-077_2026-01-25,text-embedding-3-large,3072
USR-077,2026-02-01,1842.2,0.0233,0.0623,0.948,2,USR-077_2026-02-01,text-embedding-3-large,3072
USR-077,2026-02-08,1895.0,0.0207,0.057,0.917,0,USR-077_2026-02-08,text-embedding-3-large,3072
USR-077,2026-02-15,1833.4,0.0255,0.0528,0.931,3,USR-077_2026-02-15,text-embedding-3-large,3072
USR-077,2026-02-22,1693.2,0.0218,0.0549,0.954,2,USR-077_2026-02-22,text-embedding-3-large,3072
USR-077,2026-03-01,1850.1,0.0241,0.0589,0.908,0,USR-077_2026-03-01,text-embedding-3-large,3072
USR-077,2026-03-08,1868.9,0.0208,0.0695,0.99,1,USR-077_2026-03-08,text-embedding-3-large,3072
USR-077,2026-03-15,1849.2,0.0252,0.0651,0.934,4,USR-077_2026-03-15,text-embedding-3-large,3072
USR-077,2026-03-22,1778.5,0.0208,0.0629,0.937,0,USR-077_2026-03-22,text-embedding-3-large,3072
USR-077,2026-03-29,1721.9,0.0202,0.0555,0.951,0,USR-077_2026-03-29,text-embedding-3-large,3072
USR-077,2026-04-05,1676.7,0.0239,0.0494,0.95,0,USR-077_2026-04-05,text-embedding-3-large,3072
USR-077,2026-04-12,1858.8,0.0266,0.0744,0.99,0,USR-077_2026-04-12,text-embedding-3-large,3072
USR-077,2026-04-19,1921.3,0.0245,0.0635,0.965,2,USR-077_2026-04-19,text-embedding-3-large,3072
USR-077,2026-04-26,1951.4,0.0253,0.0556,0.941,0,USR-077_2026-04-26,text-embedding-3-large,3072
USR-077,2026-05-03,1757.3,0.0195,0.0752,0.93,0,USR-077_2026-05-03,text-embedding-3-large,3072
USR-077,2026-05-10,1739.0,0.026,0.0671,0.964,1,USR-077_2026-05-10,text-embedding-3-large,3072
USR-077,2026-05-17,1799.9,0.0287,0.0423,0.932,1,USR-077_2026-05-17,text-embedding-3-large,3072
USR-077,2026-05-24,1840.5,0.023,0.0465,0.933,1,USR-077_2026-05-24,text-embedding-3-large,3072
USR-077,2026-05-31,1822.4,0.0216,0.0542,0.982,1,USR-077_2026-05-31,text-embedding-3-large,3072
USR-077,2026-06-07,1766.3,0.0224,0.056,0.892,0,USR-077_2026-06-07,text-embedding-3-large,3072
USR-077,2026-06-14,1776.4,0.0288,0.0519,0.893,0,USR-077_2026-06-14,text-embedding-3-large,3072
USR-077,2026-06-21,1961.7,0.0231,0.071,0.921,1,USR-077_2026-06-21,text-embedding-3-large,3072
USR-078,2025-06-29,1634.5,0.0223,0.0617,0.957,0,USR-078_2025-06-29,text-embedding-3-large,3072
USR-078,2025-07-06,1552.2,0.0254,0.0505,0.901,1,USR-078_2025-07-06,text-embedding-3-large,3072
USR-078,2025-07-13,1449.5,0.0308,0.0523,0.922,0,USR-078_2025-07-13,text-embedding-3-large,3072
USR-078,2025-07-20,1445.4,0.0222,0.0341,0.99,1,USR-078_2025-07-20,text-embedding-3-large,3072
USR-078,2025-07-27,1486.6,0.0218,0.0646,0.91,1,USR-078_2025-07-27,text-embedding-3-large,3072
USR-078,2025-08-03,1513.3,0.027,0.0664,0.887,0,USR-078_2025-08-03,text-embedding-3-large,3072
USR-078,2025-08-10,1540.0,0.019,0.0654,0.908,1,USR-078_2025-08-10,text-embedding-3-large,3072
USR-078,2025-08-17,1471.9,0.0286,0.0623,0.911,1,USR-078_2025-08-17,text-embedding-3-large,3072
USR-078,2025-08-24,1508.3,0.0215,0.0598,0.974,2,USR-078_2025-08-24,text-embedding-3-large,3072
USR-078,2025-08-31,1350.1,0.0261,0.0599,0.95,0,USR-078_2025-08-31,text-embedding-3-large,3072
USR-078,2025-09-07,1596.1,0.0247,0.0539,0.979,2,USR-078_2025-09-07,text-embedding-3-large,3072
USR-078,2025-09-14,1434.1,0.0281,0.0724,0.896,0,USR-078_2025-09-14,text-embedding-3-large,3072
USR-078,2025-09-21,1519.9,0.0272,0.0447,0.942,3,USR-078_2025-09-21,text-embedding-3-large,3072
USR-078,2025-09-28,1554.8,0.0234,0.0651,0.99,1,USR-078_2025-09-28,text-embedding-3-large,3072
USR-078,2025-10-05,1530.9,0.0274,0.0567,0.986,2,USR-078_2025-10-05,text-embedding-3-large,3072
USR-078,2025-10-12,1523.5,0.0221,0.0559,0.953,0,USR-078_2025-10-12,text-embedding-3-large,3072
USR-078,2025-10-19,1566.8,0.024,0.0549,0.931,0,USR-078_2025-10-19,text-embedding-3-large,3072
USR-078,2025-10-26,1581.8,0.0202,0.0557,0.962,1,USR-078_2025-10-26,text-embedding-3-large,3072
USR-078,2025-11-02,1495.9,0.0245,0.0644,0.919,2,USR-078_2025-11-02,text-embedding-3-large,3072
USR-078,2025-11-09,1610.8,0.0258,0.0483,0.943,3,USR-078_2025-11-09,text-embedding-3-large,3072
USR-078,2025-11-16,1349.3,0.0231,0.0672,0.983,3,USR-078_2025-11-16,text-embedding-3-large,3072
USR-078,2025-11-23,1488.5,0.0257,0.0514,0.931,0,USR-078_2025-11-23,text-embedding-3-large,3072
USR-078,2025-11-30,1420.4,0.0259,0.0612,0.938,2,USR-078_2025-11-30,text-embedding-3-large,3072
USR-078,2025-12-07,1559.1,0.0235,0.0595,0.924,0,USR-078_2025-12-07,text-embedding-3-large,3072
USR-078,2025-12-14,1511.4,0.0242,0.0487,0.9,0,USR-078_2025-12-14,text-embedding-3-large,3072
USR-078,2025-12-21,1515.1,0.0206,0.0708,0.939,0,USR-078_2025-12-21,text-embedding-3-large,3072
USR-078,2025-12-28,1571.6,0.0219,0.0692,0.935,0,USR-078_2025-12-28,text-embedding-3-large,3072
USR-078,2026-01-04,1489.1,0.0258,0.059,0.953,1,USR-078_2026-01-04,text-embedding-3-large,3072
USR-078,2026-01-11,1579.5,0.019,0.0593,0.897,2,USR-078_2026-01-11,text-embedding-3-large,3072
USR-078,2026-01-18,1543.1,0.0236,0.0458,0.906,3,USR-078_2026-01-18,text-embedding-3-large,3072
USR-078,2026-01-25,1529.3,0.0251,0.0629,0.911,2,USR-078_2026-01-25,text-embedding-3-large,3072
USR-078,2026-02-01,1599.7,0.0208,0.0582,0.946,0,USR-078_2026-02-01,text-embedding-3-large,3072
USR-078,2026-02-08,1595.8,0.0241,0.0445,0.989,1,USR-078_2026-02-08,text-embedding-3-large,3072
USR-078,2026-02-15,1450.9,0.0207,0.068,0.863,1,USR-078_2026-02-15,text-embedding-3-large,3072
USR-078,2026-02-22,1551.9,0.0232,0.0716,0.952,1,USR-078_2026-02-22,text-embedding-3-large,3072
USR-078,2026-03-01,1424.8,0.0197,0.0579,0.88,0,USR-078_2026-03-01,text-embedding-3-large,3072
USR-078,2026-03-08,1440.1,0.0237,0.0773,0.932,2,USR-078_2026-03-08,text-embedding-3-large,3072
USR-078,2026-03-15,1367.0,0.0224,0.0737,0.988,1,USR-078_2026-03-15,text-embedding-3-large,3072
USR-078,2026-03-22,1587.2,0.0291,0.0501,0.956,1,USR-078_2026-03-22,text-embedding-3-large,3072
USR-078,2026-03-29,1443.3,0.0202,0.0681,0.984,4,USR-078_2026-03-29,text-embedding-3-large,3072
USR-078,2026-04-05,1413.7,0.0272,0.0621,0.949,1,USR-078_2026-04-05,text-embedding-3-large,3072
USR-078,2026-04-12,1399.6,0.0265,0.0498,0.984,4,USR-078_2026-04-12,text-embedding-3-large,3072
USR-078,2026-04-19,1484.8,0.0222,0.0576,0.99,1,USR-078_2026-04-19,text-embedding-3-large,3072
USR-078,2026-04-26,1530.8,0.0223,0.0592,0.9,0,USR-078_2026-04-26,text-embedding-3-large,3072
USR-078,2026-05-03,1528.6,0.0251,0.0658,0.99,0,USR-078_2026-05-03,text-embedding-3-large,3072
USR-078,2026-05-10,1543.3,0.0249,0.0521,0.964,0,USR-078_2026-05-10,text-embedding-3-large,3072
USR-078,2026-05-17,1477.0,0.0208,0.0612,0.922,1,USR-078_2026-05-17,text-embedding-3-large,3072
USR-078,2026-05-24,1446.3,0.0238,0.0537,0.937,3,USR-078_2026-05-24,text-embedding-3-large,3072
USR-078,2026-05-31,1530.2,0.0271,0.0555,0.968,3,USR-078_2026-05-31,text-embedding-3-large,3072
USR-078,2026-06-07,1464.2,0.0264,0.0565,0.913,0,USR-078_2026-06-07,text-embedding-3-large,3072
USR-078,2026-06-14,1334.3,0.0231,0.0606,0.955,1,USR-078_2026-06-14,text-embedding-3-large,3072
USR-078,2026-06-21,1521.6,0.0249,0.0581,0.919,0,USR-078_2026-06-21,text-embedding-3-large,3072
USR-079,2025-06-29,1375.3,0.0178,0.0397,0.945,6,USR-079_2025-06-29,text-embedding-3-large,3072
USR-079,2025-07-06,1671.5,0.0144,0.0391,0.967,1,USR-079_2025-07-06,text-embedding-3-large,3072
USR-079,2025-07-13,1466.7,0.0167,0.045,0.979,5,USR-079_2025-07-13,text-embedding-3-large,3072
USR-079,2025-07-20,1485.9,0.0163,0.0473,0.942,3,USR-079_2025-07-20,text-embedding-3-large,3072
USR-079,2025-07-27,1570.4,0.0205,0.0553,0.932,1,USR-079_2025-07-27,text-embedding-3-large,3072
USR-079,2025-08-03,1701.4,0.018,0.0347,0.987,3,USR-079_2025-08-03,text-embedding-3-large,3072
USR-079,2025-08-10,1478.4,0.0174,0.0385,0.905,4,USR-079_2025-08-10,text-embedding-3-large,3072
USR-079,2025-08-17,1599.2,0.0191,0.0311,0.963,1,USR-079_2025-08-17,text-embedding-3-large,3072
USR-079,2025-08-24,1522.3,0.0182,0.042,0.916,4,USR-079_2025-08-24,text-embedding-3-large,3072
USR-079,2025-08-31,1645.3,0.0135,0.0441,0.984,1,USR-079_2025-08-31,text-embedding-3-large,3072
USR-079,2025-09-07,1455.2,0.0156,0.0317,0.959,2,USR-079_2025-09-07,text-embedding-3-large,3072
USR-079,2025-09-14,1525.2,0.0161,0.0416,0.951,3,USR-079_2025-09-14,text-embedding-3-large,3072
USR-079,2025-09-21,1477.0,0.0172,0.0434,0.909,3,USR-079_2025-09-21,text-embedding-3-large,3072
USR-079,2025-09-28,1604.3,0.017,0.0441,0.916,1,USR-079_2025-09-28,text-embedding-3-large,3072
USR-079,2025-10-05,1579.4,0.0181,0.039,0.964,3,USR-079_2025-10-05,text-embedding-3-large,3072
USR-079,2025-10-12,1614.3,0.0148,0.038,0.925,3,USR-079_2025-10-12,text-embedding-3-large,3072
USR-079,2025-10-19,1576.2,0.0157,0.046,0.894,3,USR-079_2025-10-19,text-embedding-3-large,3072
USR-079,2025-10-26,1502.3,0.0167,0.0359,0.895,5,USR-079_2025-10-26,text-embedding-3-large,3072
USR-079,2025-11-02,1576.0,0.0184,0.0396,0.905,1,USR-079_2025-11-02,text-embedding-3-large,3072
USR-079,2025-11-09,1571.4,0.021,0.0412,0.966,3,USR-079_2025-11-09,text-embedding-3-large,3072
USR-079,2025-11-16,1632.6,0.0176,0.0383,0.886,2,USR-079_2025-11-16,text-embedding-3-large,3072
USR-079,2025-11-23,1620.5,0.0164,0.0346,0.939,8,USR-079_2025-11-23,text-embedding-3-large,3072
USR-079,2025-11-30,1533.0,0.0147,0.0321,0.928,2,USR-079_2025-11-30,text-embedding-3-large,3072
USR-079,2025-12-07,1535.8,0.0174,0.0385,0.905,4,USR-079_2025-12-07,text-embedding-3-large,3072
USR-079,2025-12-14,1507.0,0.0206,0.0371,0.978,5,USR-079_2025-12-14,text-embedding-3-large,3072
USR-079,2025-12-21,1526.1,0.0163,0.0404,0.927,2,USR-079_2025-12-21,text-embedding-3-large,3072
USR-079,2025-12-28,1639.4,0.0216,0.033,0.967,3,USR-079_2025-12-28,text-embedding-3-large,3072
USR-079,2026-01-04,1591.6,0.0166,0.0384,0.919,4,USR-079_2026-01-04,text-embedding-3-large,3072
USR-079,2026-01-11,1619.5,0.0197,0.0452,0.923,1,USR-079_2026-01-11,text-embedding-3-large,3072
USR-079,2026-01-18,1541.4,0.0186,0.0345,0.934,4,USR-079_2026-01-18,text-embedding-3-large,3072
USR-079,2026-01-25,1421.1,0.0197,0.0477,0.931,3,USR-079_2026-01-25,text-embedding-3-large,3072
USR-079,2026-02-01,1699.0,0.0172,0.0508,0.957,5,USR-079_2026-02-01,text-embedding-3-large,3072
USR-079,2026-02-08,1470.2,0.0182,0.0333,0.946,4,USR-079_2026-02-08,text-embedding-3-large,3072
USR-079,2026-02-15,1585.5,0.0211,0.0353,0.901,5,USR-079_2026-02-15,text-embedding-3-large,3072
USR-079,2026-02-22,1470.0,0.023,0.0368,0.99,3,USR-079_2026-02-22,text-embedding-3-large,3072
USR-079,2026-03-01,1580.9,0.015,0.0465,0.902,3,USR-079_2026-03-01,text-embedding-3-large,3072
USR-079,2026-03-08,1604.1,0.0209,0.0424,0.905,0,USR-079_2026-03-08,text-embedding-3-large,3072
USR-079,2026-03-15,1392.4,0.0194,0.0398,0.954,6,USR-079_2026-03-15,text-embedding-3-large,3072
USR-079,2026-03-22,1629.1,0.0156,0.0394,0.889,5,USR-079_2026-03-22,text-embedding-3-large,3072
USR-079,2026-03-29,1628.3,0.0144,0.0349,0.932,1,USR-079_2026-03-29,text-embedding-3-large,3072
USR-079,2026-04-05,1394.5,0.0158,0.0289,0.921,2,USR-079_2026-04-05,text-embedding-3-large,3072
USR-079,2026-04-12,1478.8,0.0172,0.0434,0.951,1,USR-079_2026-04-12,text-embedding-3-large,3072
USR-079,2026-04-19,1580.3,0.0129,0.0461,0.957,2,USR-079_2026-04-19,text-embedding-3-large,3072
USR-079,2026-04-26,1524.1,0.0211,0.037,0.99,4,USR-079_2026-04-26,text-embedding-3-large,3072
USR-079,2026-05-03,1625.2,0.0171,0.0363,0.94,1,USR-079_2026-05-03,text-embedding-3-large,3072
USR-079,2026-05-10,1521.4,0.0185,0.0436,0.99,2,USR-079_2026-05-10,text-embedding-3-large,3072
USR-079,2026-05-17,1557.0,0.016,0.0411,0.984,7,USR-079_2026-05-17,text-embedding-3-large,3072
USR-079,2026-05-24,1661.2,0.018,0.0297,0.951,4,USR-079_2026-05-24,text-embedding-3-large,3072
USR-079,2026-05-31,1506.4,0.0185,0.0364,0.958,5,USR-079_2026-05-31,text-embedding-3-large,3072
USR-079,2026-06-07,1542.1,0.0148,0.0385,0.905,1,USR-079_2026-06-07,text-embedding-3-large,3072
USR-079,2026-06-14,1848.0,0.0178,0.0338,0.959,4,USR-079_2026-06-14,text-embedding-3-large,3072
USR-079,2026-06-21,1600.9,0.0179,0.0461,0.89,1,USR-079_2026-06-21,text-embedding-3-large,3072
USR-080,2025-06-29,1139.0,0.0168,0.0408,0.934,3,USR-080_2025-06-29,text-embedding-3-large,3072
USR-080,2025-07-06,1148.3,0.0146,0.0415,0.934,3,USR-080_2025-07-06,text-embedding-3-large,3072
USR-080,2025-07-13,1170.8,0.0216,0.0364,0.975,4,USR-080_2025-07-13,text-embedding-3-large,3072
USR-080,2025-07-20,1177.3,0.0161,0.0379,0.972,4,USR-080_2025-07-20,text-embedding-3-large,3072
USR-080,2025-07-27,1232.4,0.0184,0.0354,0.906,4,USR-080_2025-07-27,text-embedding-3-large,3072
USR-080,2025-08-03,1070.5,0.0172,0.0346,0.919,1,USR-080_2025-08-03,text-embedding-3-large,3072
USR-080,2025-08-10,1179.4,0.0185,0.0403,0.901,3,USR-080_2025-08-10,text-embedding-3-large,3072
USR-080,2025-08-17,1090.7,0.0192,0.0348,0.935,2,USR-080_2025-08-17,text-embedding-3-large,3072
USR-080,2025-08-24,1223.2,0.0153,0.0495,0.937,1,USR-080_2025-08-24,text-embedding-3-large,3072
USR-080,2025-08-31,1131.4,0.0197,0.0328,0.92,3,USR-080_2025-08-31,text-embedding-3-large,3072
USR-080,2025-09-07,1199.8,0.0153,0.0379,0.984,4,USR-080_2025-09-07,text-embedding-3-large,3072
USR-080,2025-09-14,1122.5,0.0213,0.044,0.936,2,USR-080_2025-09-14,text-embedding-3-large,3072
USR-080,2025-09-21,1036.5,0.0173,0.039,0.928,5,USR-080_2025-09-21,text-embedding-3-large,3072
USR-080,2025-09-28,988.7,0.0178,0.0388,0.934,2,USR-080_2025-09-28,text-embedding-3-large,3072
USR-080,2025-10-05,1320.0,0.0163,0.0511,0.968,1,USR-080_2025-10-05,text-embedding-3-large,3072
USR-080,2025-10-12,1211.3,0.0209,0.0365,0.912,7,USR-080_2025-10-12,text-embedding-3-large,3072
USR-080,2025-10-19,1111.7,0.0153,0.0413,0.95,1,USR-080_2025-10-19,text-embedding-3-large,3072
USR-080,2025-10-26,1169.0,0.02,0.0459,0.919,1,USR-080_2025-10-26,text-embedding-3-large,3072
USR-080,2025-11-02,1249.2,0.0188,0.0441,0.914,4,USR-080_2025-11-02,text-embedding-3-large,3072
USR-080,2025-11-09,1178.0,0.0175,0.0278,0.909,6,USR-080_2025-11-09,text-embedding-3-large,3072
USR-080,2025-11-16,1122.7,0.0178,0.0388,0.96,5,USR-080_2025-11-16,text-embedding-3-large,3072
USR-080,2025-11-23,1038.1,0.0203,0.0369,0.955,8,USR-080_2025-11-23,text-embedding-3-large,3072
USR-080,2025-11-30,1104.0,0.0164,0.0343,0.944,3,USR-080_2025-11-30,text-embedding-3-large,3072
USR-080,2025-12-07,1060.4,0.0157,0.0415,0.918,8,USR-080_2025-12-07,text-embedding-3-large,3072
USR-080,2025-12-14,1037.7,0.0181,0.0446,0.905,2,USR-080_2025-12-14,text-embedding-3-large,3072
USR-080,2025-12-21,1116.1,0.0198,0.04,0.939,6,USR-080_2025-12-21,text-embedding-3-large,3072
USR-080,2025-12-28,1060.7,0.0205,0.0507,0.921,5,USR-080_2025-12-28,text-embedding-3-large,3072
USR-080,2026-01-04,1158.6,0.0196,0.0364,0.985,3,USR-080_2026-01-04,text-embedding-3-large,3072
USR-080,2026-01-11,1117.1,0.0197,0.0477,0.936,3,USR-080_2026-01-11,text-embedding-3-large,3072
USR-080,2026-01-18,1120.6,0.0203,0.0414,0.99,2,USR-080_2026-01-18,text-embedding-3-large,3072
USR-080,2026-01-25,1135.5,0.0223,0.0476,0.931,2,USR-080_2026-01-25,text-embedding-3-large,3072
USR-080,2026-02-01,1151.3,0.0156,0.0336,0.916,2,USR-080_2026-02-01,text-embedding-3-large,3072
USR-080,2026-02-08,1109.2,0.0176,0.0482,0.874,2,USR-080_2026-02-08,text-embedding-3-large,3072
USR-080,2026-02-15,1111.3,0.0202,0.0439,0.943,3,USR-080_2026-02-15,text-embedding-3-large,3072
USR-080,2026-02-22,1099.4,0.0193,0.0407,0.99,5,USR-080_2026-02-22,text-embedding-3-large,3072
USR-080,2026-03-01,1101.1,0.0205,0.0423,0.969,5,USR-080_2026-03-01,text-embedding-3-large,3072
USR-080,2026-03-08,1132.9,0.0178,0.0332,0.919,6,USR-080_2026-03-08,text-embedding-3-large,3072
USR-080,2026-03-15,1134.1,0.0178,0.0381,0.923,7,USR-080_2026-03-15,text-embedding-3-large,3072
USR-080,2026-03-22,1075.1,0.0188,0.0456,0.935,2,USR-080_2026-03-22,text-embedding-3-large,3072
USR-080,2026-03-29,1075.5,0.0163,0.0465,0.941,2,USR-080_2026-03-29,text-embedding-3-large,3072
USR-080,2026-04-05,1107.2,0.0154,0.0408,0.888,2,USR-080_2026-04-05,text-embedding-3-large,3072
USR-080,2026-04-12,1176.2,0.0213,0.0412,0.943,2,USR-080_2026-04-12,text-embedding-3-large,3072
USR-080,2026-04-19,1053.8,0.016,0.0431,0.947,3,USR-080_2026-04-19,text-embedding-3-large,3072
USR-080,2026-04-26,1168.5,0.0216,0.0421,0.93,1,USR-080_2026-04-26,text-embedding-3-large,3072
USR-080,2026-05-03,991.9,0.0155,0.0392,0.892,3,USR-080_2026-05-03,text-embedding-3-large,3072
USR-080,2026-05-10,1121.6,0.0188,0.0466,0.925,3,USR-080_2026-05-10,text-embedding-3-large,3072
USR-080,2026-05-17,1139.1,0.0176,0.0331,0.915,4,USR-080_2026-05-17,text-embedding-3-large,3072
USR-080,2026-05-24,1148.7,0.018,0.0439,0.954,3,USR-080_2026-05-24,text-embedding-3-large,3072
USR-080,2026-05-31,1119.1,0.0199,0.0451,0.907,6,USR-080_2026-05-31,text-embedding-3-large,3072
USR-080,2026-06-07,1093.8,0.0193,0.0535,0.945,3,USR-080_2026-06-07,text-embedding-3-large,3072
USR-080,2026-06-14,1133.9,0.0166,0.0501,0.989,2,USR-080_2026-06-14,text-embedding-3-large,3072
USR-080,2026-06-21,1095.0,0.0196,0.0403,0.945,1,USR-080_2026-06-21,text-embedding-3-large,3072
USR-081,2025-06-29,3449.6,0.0183,0.0853,0.913,0,USR-081_2025-06-29,text-embedding-3-large,3072
USR-081,2025-07-06,3514.7,0.0236,0.0753,0.911,1,USR-081_2025-07-06,text-embedding-3-large,3072
USR-081,2025-07-13,3267.0,0.0208,0.0788,0.928,1,USR-081_2025-07-13,text-embedding-3-large,3072
USR-081,2025-07-20,3261.4,0.0261,0.0707,0.945,1,USR-081_2025-07-20,text-embedding-3-large,3072
USR-081,2025-07-27,3386.4,0.0213,0.07,0.939,2,USR-081_2025-07-27,text-embedding-3-large,3072
USR-081,2025-08-03,3210.5,0.0179,0.0646,0.938,0,USR-081_2025-08-03,text-embedding-3-large,3072
USR-081,2025-08-10,3515.2,0.0205,0.0893,0.93,1,USR-081_2025-08-10,text-embedding-3-large,3072
USR-081,2025-08-17,3204.0,0.0239,0.0689,0.95,0,USR-081_2025-08-17,text-embedding-3-large,3072
USR-081,2025-08-24,3222.6,0.0193,0.084,0.971,0,USR-081_2025-08-24,text-embedding-3-large,3072
USR-081,2025-08-31,3387.8,0.021,0.0679,0.969,2,USR-081_2025-08-31,text-embedding-3-large,3072
USR-081,2025-09-07,3234.4,0.0226,0.064,0.949,2,USR-081_2025-09-07,text-embedding-3-large,3072
USR-081,2025-09-14,3238.1,0.0237,0.0601,0.921,1,USR-081_2025-09-14,text-embedding-3-large,3072
USR-081,2025-09-21,3767.0,0.0236,0.084,0.99,0,USR-081_2025-09-21,text-embedding-3-large,3072
USR-081,2025-09-28,3327.4,0.0241,0.0806,0.904,2,USR-081_2025-09-28,text-embedding-3-large,3072
USR-081,2025-10-05,3378.4,0.022,0.0586,0.978,1,USR-081_2025-10-05,text-embedding-3-large,3072
USR-081,2025-10-12,3164.1,0.013,0.0694,0.937,3,USR-081_2025-10-12,text-embedding-3-large,3072
USR-081,2025-10-19,3343.0,0.0225,0.0768,0.99,1,USR-081_2025-10-19,text-embedding-3-large,3072
USR-081,2025-10-26,3526.0,0.0224,0.0665,0.955,1,USR-081_2025-10-26,text-embedding-3-large,3072
USR-081,2025-11-02,3390.1,0.022,0.0822,0.956,0,USR-081_2025-11-02,text-embedding-3-large,3072
USR-081,2025-11-09,3357.4,0.0192,0.0872,0.928,3,USR-081_2025-11-09,text-embedding-3-large,3072
USR-081,2025-11-16,3464.6,0.018,0.0944,0.955,1,USR-081_2025-11-16,text-embedding-3-large,3072
USR-081,2025-11-23,3249.1,0.0255,0.0767,0.924,1,USR-081_2025-11-23,text-embedding-3-large,3072
USR-081,2025-11-30,3670.2,0.0227,0.068,0.961,0,USR-081_2025-11-30,text-embedding-3-large,3072
USR-081,2025-12-07,2797.8,0.0218,0.0752,0.93,2,USR-081_2025-12-07,text-embedding-3-large,3072
USR-081,2025-12-14,3382.8,0.022,0.0532,0.933,0,USR-081_2025-12-14,text-embedding-3-large,3072
USR-081,2025-12-21,3034.8,0.0194,0.0592,0.903,4,USR-081_2025-12-21,text-embedding-3-large,3072
USR-081,2025-12-28,3279.9,0.0206,0.0665,0.976,0,USR-081_2025-12-28,text-embedding-3-large,3072
USR-081,2026-01-04,3544.9,0.0248,0.0735,0.918,3,USR-081_2026-01-04,text-embedding-3-large,3072
USR-081,2026-01-11,3162.4,0.0196,0.0695,0.923,1,USR-081_2026-01-11,text-embedding-3-large,3072
USR-081,2026-01-18,3417.6,0.0236,0.078,0.978,1,USR-081_2026-01-18,text-embedding-3-large,3072
USR-081,2026-01-25,3536.3,0.0256,0.0607,0.938,1,USR-081_2026-01-25,text-embedding-3-large,3072
USR-081,2026-02-01,2958.3,0.0206,0.0689,0.943,1,USR-081_2026-02-01,text-embedding-3-large,3072
USR-081,2026-02-08,3381.1,0.0269,0.0755,0.983,1,USR-081_2026-02-08,text-embedding-3-large,3072
USR-081,2026-02-15,3372.5,0.0273,0.0836,0.909,4,USR-081_2026-02-15,text-embedding-3-large,3072
USR-081,2026-02-22,3347.6,0.02,0.0659,0.959,0,USR-081_2026-02-22,text-embedding-3-large,3072
USR-081,2026-03-01,3517.8,0.0223,0.0685,0.965,0,USR-081_2026-03-01,text-embedding-3-large,3072
USR-081,2026-03-08,3548.9,0.0225,0.0593,0.926,2,USR-081_2026-03-08,text-embedding-3-large,3072
USR-081,2026-03-15,3306.4,0.0193,0.0851,0.916,1,USR-081_2026-03-15,text-embedding-3-large,3072
USR-081,2026-03-22,3404.3,0.0207,0.0714,0.928,1,USR-081_2026-03-22,text-embedding-3-large,3072
USR-081,2026-03-29,3545.5,0.0266,0.0555,0.937,0,USR-081_2026-03-29,text-embedding-3-large,3072
USR-081,2026-04-05,3554.5,0.019,0.0783,0.917,2,USR-081_2026-04-05,text-embedding-3-large,3072
USR-081,2026-04-12,3269.6,0.0227,0.082,0.944,0,USR-081_2026-04-12,text-embedding-3-large,3072
USR-081,2026-04-19,3351.9,0.0181,0.0623,0.978,0,USR-081_2026-04-19,text-embedding-3-large,3072
USR-081,2026-04-26,3414.0,0.027,0.067,0.952,2,USR-081_2026-04-26,text-embedding-3-large,3072
USR-081,2026-05-03,3200.2,0.0198,0.0719,0.974,1,USR-081_2026-05-03,text-embedding-3-large,3072
USR-081,2026-05-10,3523.0,0.0208,0.0662,0.952,1,USR-081_2026-05-10,text-embedding-3-large,3072
USR-081,2026-05-17,3282.9,0.0209,0.0783,0.973,0,USR-081_2026-05-17,text-embedding-3-large,3072
USR-081,2026-05-24,2985.1,0.0202,0.0463,0.985,0,USR-081_2026-05-24,text-embedding-3-large,3072
USR-081,2026-05-31,3165.1,0.0193,0.0585,0.93,0,USR-081_2026-05-31,text-embedding-3-large,3072
USR-081,2026-06-07,3214.1,0.022,0.0818,0.906,0,USR-081_2026-06-07,text-embedding-3-large,3072
USR-081,2026-06-14,3339.6,0.014,0.0665,0.945,0,USR-081_2026-06-14,text-embedding-3-large,3072
USR-081,2026-06-21,2914.4,0.0193,0.084,0.94,1,USR-081_2026-06-21,text-embedding-3-large,3072
USR-082,2025-06-29,1776.8,0.0173,0.0361,0.904,4,USR-082_2025-06-29,text-embedding-3-large,3072
USR-082,2025-07-06,1982.9,0.0171,0.0407,0.879,4,USR-082_2025-07-06,text-embedding-3-large,3072
USR-082,2025-07-13,1928.4,0.0176,0.0354,0.939,5,USR-082_2025-07-13,text-embedding-3-large,3072
USR-082,2025-07-20,1862.1,0.0168,0.0388,0.894,1,USR-082_2025-07-20,text-embedding-3-large,3072
USR-082,2025-07-27,1790.1,0.0171,0.0364,0.94,5,USR-082_2025-07-27,text-embedding-3-large,3072
USR-082,2025-08-03,1869.9,0.021,0.0437,0.913,3,USR-082_2025-08-03,text-embedding-3-large,3072
USR-082,2025-08-10,1913.9,0.0176,0.0405,0.919,4,USR-082_2025-08-10,text-embedding-3-large,3072
USR-082,2025-08-17,1974.9,0.0175,0.0321,0.975,7,USR-082_2025-08-17,text-embedding-3-large,3072
USR-082,2025-08-24,1851.0,0.0159,0.0419,0.95,5,USR-082_2025-08-24,text-embedding-3-large,3072
USR-082,2025-08-31,1971.9,0.0174,0.0427,0.931,4,USR-082_2025-08-31,text-embedding-3-large,3072
USR-082,2025-09-07,1892.7,0.0171,0.0415,0.921,2,USR-082_2025-09-07,text-embedding-3-large,3072
USR-082,2025-09-14,1871.1,0.0193,0.0316,0.976,4,USR-082_2025-09-14,text-embedding-3-large,3072
USR-082,2025-09-21,1909.6,0.0179,0.0433,0.941,4,USR-082_2025-09-21,text-embedding-3-large,3072
USR-082,2025-09-28,1984.3,0.0189,0.0387,0.889,3,USR-082_2025-09-28,text-embedding-3-large,3072
USR-082,2025-10-05,1973.1,0.0209,0.0436,0.925,1,USR-082_2025-10-05,text-embedding-3-large,3072
USR-082,2025-10-12,1872.3,0.0171,0.0322,0.928,2,USR-082_2025-10-12,text-embedding-3-large,3072
USR-082,2025-10-19,2130.0,0.0163,0.0323,0.949,7,USR-082_2025-10-19,text-embedding-3-large,3072
USR-082,2025-10-26,1733.5,0.0167,0.0428,0.925,2,USR-082_2025-10-26,text-embedding-3-large,3072
USR-082,2025-11-02,2206.0,0.0186,0.0368,0.944,5,USR-082_2025-11-02,text-embedding-3-large,3072
USR-082,2025-11-09,1837.0,0.0174,0.0437,0.963,5,USR-082_2025-11-09,text-embedding-3-large,3072
USR-082,2025-11-16,1962.0,0.0181,0.046,0.916,2,USR-082_2025-11-16,text-embedding-3-large,3072
USR-082,2025-11-23,1781.8,0.018,0.0428,0.96,2,USR-082_2025-11-23,text-embedding-3-large,3072
USR-082,2025-11-30,2026.5,0.0193,0.0463,0.931,3,USR-082_2025-11-30,text-embedding-3-large,3072
USR-082,2025-12-07,2029.2,0.0202,0.0339,0.907,4,USR-082_2025-12-07,text-embedding-3-large,3072
USR-082,2025-12-14,1896.6,0.0199,0.04,0.878,1,USR-082_2025-12-14,text-embedding-3-large,3072
USR-082,2025-12-21,1900.2,0.02,0.0434,0.906,0,USR-082_2025-12-21,text-embedding-3-large,3072
USR-082,2025-12-28,1927.2,0.0179,0.0327,0.966,1,USR-082_2025-12-28,text-embedding-3-large,3072
USR-082,2026-01-04,1803.8,0.0194,0.0442,0.954,2,USR-082_2026-01-04,text-embedding-3-large,3072
USR-082,2026-01-11,1748.5,0.0188,0.033,0.938,5,USR-082_2026-01-11,text-embedding-3-large,3072
USR-082,2026-01-18,2062.4,0.0178,0.0385,0.951,3,USR-082_2026-01-18,text-embedding-3-large,3072
USR-082,2026-01-25,1842.6,0.0226,0.0328,0.868,4,USR-082_2026-01-25,text-embedding-3-large,3072
USR-082,2026-02-01,2058.0,0.0184,0.0346,0.908,2,USR-082_2026-02-01,text-embedding-3-large,3072
USR-082,2026-02-08,1946.1,0.0204,0.0335,0.925,6,USR-082_2026-02-08,text-embedding-3-large,3072
USR-082,2026-02-15,2051.1,0.0191,0.0394,0.904,4,USR-082_2026-02-15,text-embedding-3-large,3072
USR-082,2026-02-22,1976.5,0.0181,0.031,0.924,6,USR-082_2026-02-22,text-embedding-3-large,3072
USR-082,2026-03-01,1966.7,0.0184,0.037,0.941,3,USR-082_2026-03-01,text-embedding-3-large,3072
USR-082,2026-03-08,1936.4,0.0189,0.0372,0.937,3,USR-082_2026-03-08,text-embedding-3-large,3072
USR-082,2026-03-15,2073.2,0.0182,0.0364,0.921,4,USR-082_2026-03-15,text-embedding-3-large,3072
USR-082,2026-03-22,1962.8,0.0174,0.0333,0.944,2,USR-082_2026-03-22,text-embedding-3-large,3072
USR-082,2026-03-29,1980.8,0.0197,0.0376,0.959,0,USR-082_2026-03-29,text-embedding-3-large,3072
USR-082,2026-04-05,1878.1,0.0174,0.0394,0.927,2,USR-082_2026-04-05,text-embedding-3-large,3072
USR-082,2026-04-12,1885.5,0.0165,0.0405,0.911,2,USR-082_2026-04-12,text-embedding-3-large,3072
USR-082,2026-04-19,2051.1,0.016,0.0452,0.926,1,USR-082_2026-04-19,text-embedding-3-large,3072
USR-082,2026-04-26,1948.1,0.0172,0.0346,0.944,2,USR-082_2026-04-26,text-embedding-3-large,3072
USR-082,2026-05-03,1953.0,0.018,0.0325,0.963,3,USR-082_2026-05-03,text-embedding-3-large,3072
USR-082,2026-05-10,1933.9,0.0122,0.0402,0.99,3,USR-082_2026-05-10,text-embedding-3-large,3072
USR-082,2026-05-17,1882.3,0.0226,0.0371,0.901,2,USR-082_2026-05-17,text-embedding-3-large,3072
USR-082,2026-05-24,2032.7,0.0186,0.0475,0.861,0,USR-082_2026-05-24,text-embedding-3-large,3072
USR-082,2026-05-31,1675.3,0.0144,0.0404,0.928,4,USR-082_2026-05-31,text-embedding-3-large,3072
USR-082,2026-06-07,1885.4,0.0185,0.0505,0.954,2,USR-082_2026-06-07,text-embedding-3-large,3072
USR-082,2026-06-14,2115.4,0.0162,0.0325,0.954,4,USR-082_2026-06-14,text-embedding-3-large,3072
USR-082,2026-06-21,1920.7,0.0175,0.034,0.929,2,USR-082_2026-06-21,text-embedding-3-large,3072
USR-083,2025-06-29,1396.4,0.0238,0.0583,0.906,0,USR-083_2025-06-29,text-embedding-3-large,3072
USR-083,2025-07-06,1300.3,0.0173,0.0636,0.974,1,USR-083_2025-07-06,text-embedding-3-large,3072
USR-083,2025-07-13,1338.4,0.0244,0.0603,0.892,0,USR-083_2025-07-13,text-embedding-3-large,3072
USR-083,2025-07-20,1394.8,0.027,0.0665,0.967,2,USR-083_2025-07-20,text-embedding-3-large,3072
USR-083,2025-07-27,1212.8,0.0224,0.0379,0.961,0,USR-083_2025-07-27,text-embedding-3-large,3072
USR-083,2025-08-03,1257.6,0.0201,0.0467,0.917,0,USR-083_2025-08-03,text-embedding-3-large,3072
USR-083,2025-08-10,1418.3,0.0221,0.0551,0.914,2,USR-083_2025-08-10,text-embedding-3-large,3072
USR-083,2025-08-17,1424.9,0.0241,0.052,0.917,0,USR-083_2025-08-17,text-embedding-3-large,3072
USR-083,2025-08-24,1361.5,0.0234,0.0596,0.928,1,USR-083_2025-08-24,text-embedding-3-large,3072
USR-083,2025-08-31,1235.3,0.0273,0.0552,0.919,0,USR-083_2025-08-31,text-embedding-3-large,3072
USR-083,2025-09-07,1319.9,0.0248,0.0688,0.912,2,USR-083_2025-09-07,text-embedding-3-large,3072
USR-083,2025-09-14,1371.3,0.0269,0.0557,0.907,1,USR-083_2025-09-14,text-embedding-3-large,3072
USR-083,2025-09-21,1278.5,0.0242,0.0662,0.931,1,USR-083_2025-09-21,text-embedding-3-large,3072
USR-083,2025-09-28,1390.8,0.0264,0.0742,0.964,2,USR-083_2025-09-28,text-embedding-3-large,3072
USR-083,2025-10-05,1261.2,0.0256,0.0605,0.93,1,USR-083_2025-10-05,text-embedding-3-large,3072
USR-083,2025-10-12,1386.2,0.0219,0.067,0.906,3,USR-083_2025-10-12,text-embedding-3-large,3072
USR-083,2025-10-19,1379.4,0.0219,0.0631,0.891,1,USR-083_2025-10-19,text-embedding-3-large,3072
USR-083,2025-10-26,1363.2,0.0278,0.0487,0.943,0,USR-083_2025-10-26,text-embedding-3-large,3072
USR-083,2025-11-02,1258.0,0.0209,0.057,0.935,0,USR-083_2025-11-02,text-embedding-3-large,3072
USR-083,2025-11-09,1358.7,0.0237,0.0696,0.948,0,USR-083_2025-11-09,text-embedding-3-large,3072
USR-083,2025-11-16,1317.5,0.022,0.0539,0.919,2,USR-083_2025-11-16,text-embedding-3-large,3072
USR-083,2025-11-23,1455.8,0.0234,0.0696,0.982,2,USR-083_2025-11-23,text-embedding-3-large,3072
USR-083,2025-11-30,1281.5,0.023,0.0649,0.939,1,USR-083_2025-11-30,text-embedding-3-large,3072
USR-083,2025-12-07,1423.6,0.0217,0.0655,0.947,1,USR-083_2025-12-07,text-embedding-3-large,3072
USR-083,2025-12-14,1370.9,0.0257,0.0566,0.964,1,USR-083_2025-12-14,text-embedding-3-large,3072
USR-083,2025-12-21,1378.4,0.0246,0.0408,0.941,0,USR-083_2025-12-21,text-embedding-3-large,3072
USR-083,2025-12-28,1285.6,0.025,0.0493,0.941,1,USR-083_2025-12-28,text-embedding-3-large,3072
USR-083,2026-01-04,1297.3,0.0222,0.0742,0.921,1,USR-083_2026-01-04,text-embedding-3-large,3072
USR-083,2026-01-11,1301.0,0.0187,0.0492,0.99,0,USR-083_2026-01-11,text-embedding-3-large,3072
USR-083,2026-01-18,1442.8,0.0234,0.0597,0.945,3,USR-083_2026-01-18,text-embedding-3-large,3072
USR-083,2026-01-25,1439.5,0.0213,0.04,0.954,0,USR-083_2026-01-25,text-embedding-3-large,3072
USR-083,2026-02-01,1296.4,0.0212,0.0341,0.901,1,USR-083_2026-02-01,text-embedding-3-large,3072
USR-083,2026-02-08,1430.6,0.0305,0.0656,0.944,0,USR-083_2026-02-08,text-embedding-3-large,3072
USR-083,2026-02-15,1244.5,0.0212,0.0448,0.947,0,USR-083_2026-02-15,text-embedding-3-large,3072
USR-083,2026-02-22,1346.4,0.0228,0.059,0.913,1,USR-083_2026-02-22,text-embedding-3-large,3072
USR-083,2026-03-01,1329.8,0.0238,0.0602,0.923,0,USR-083_2026-03-01,text-embedding-3-large,3072
USR-083,2026-03-08,1457.2,0.0259,0.0706,0.935,0,USR-083_2026-03-08,text-embedding-3-large,3072
USR-083,2026-03-15,1382.8,0.029,0.0623,0.936,3,USR-083_2026-03-15,text-embedding-3-large,3072
USR-083,2026-03-22,1262.5,0.0243,0.0506,0.952,1,USR-083_2026-03-22,text-embedding-3-large,3072
USR-083,2026-03-29,1349.3,0.024,0.0651,0.933,0,USR-083_2026-03-29,text-embedding-3-large,3072
USR-083,2026-04-05,1303.2,0.0252,0.0557,0.99,1,USR-083_2026-04-05,text-embedding-3-large,3072
USR-083,2026-04-12,1183.1,0.0215,0.0634,0.897,0,USR-083_2026-04-12,text-embedding-3-large,3072
USR-083,2026-04-19,1174.3,0.0197,0.0666,0.96,1,USR-083_2026-04-19,text-embedding-3-large,3072
USR-083,2026-04-26,1353.3,0.028,0.0589,0.96,0,USR-083_2026-04-26,text-embedding-3-large,3072
USR-083,2026-05-03,1287.8,0.0233,0.0663,0.907,0,USR-083_2026-05-03,text-embedding-3-large,3072
USR-083,2026-05-10,1393.8,0.026,0.0658,0.959,0,USR-083_2026-05-10,text-embedding-3-large,3072
USR-083,2026-05-17,1370.1,0.0246,0.0407,0.901,1,USR-083_2026-05-17,text-embedding-3-large,3072
USR-083,2026-05-24,1353.1,0.0231,0.0641,0.984,0,USR-083_2026-05-24,text-embedding-3-large,3072
USR-083,2026-05-31,1365.3,0.0228,0.0681,0.944,0,USR-083_2026-05-31,text-embedding-3-large,3072
USR-083,2026-06-07,1359.5,0.027,0.0588,0.934,0,USR-083_2026-06-07,text-embedding-3-large,3072
USR-083,2026-06-14,1375.7,0.0245,0.0524,0.96,1,USR-083_2026-06-14,text-embedding-3-large,3072
USR-083,2026-06-21,1341.1,0.0212,0.0728,0.933,1,USR-083_2026-06-21,text-embedding-3-large,3072
USR-084,2025-06-29,2859.5,0.0117,0.0192,0.975,2,USR-084_2025-06-29,text-embedding-3-large,3072
USR-084,2025-07-06,2474.9,0.0149,0.0344,0.951,0,USR-084_2025-07-06,text-embedding-3-large,3072
USR-084,2025-07-13,2520.3,0.0168,0.0397,0.918,1,USR-084_2025-07-13,text-embedding-3-large,3072
USR-084,2025-07-20,2637.3,0.0142,0.0282,0.941,0,USR-084_2025-07-20,text-embedding-3-large,3072
USR-084,2025-07-27,2554.1,0.0174,0.0374,0.912,2,USR-084_2025-07-27,text-embedding-3-large,3072
USR-084,2025-08-03,2935.3,0.0152,0.0304,0.971,2,USR-084_2025-08-03,text-embedding-3-large,3072
USR-084,2025-08-10,2390.0,0.0154,0.0312,0.889,0,USR-084_2025-08-10,text-embedding-3-large,3072
USR-084,2025-08-17,2622.9,0.0166,0.0322,0.957,1,USR-084_2025-08-17,text-embedding-3-large,3072
USR-084,2025-08-24,2554.9,0.0126,0.0324,0.888,0,USR-084_2025-08-24,text-embedding-3-large,3072
USR-084,2025-08-31,2427.8,0.0153,0.0295,0.951,1,USR-084_2025-08-31,text-embedding-3-large,3072
USR-084,2025-09-07,2503.6,0.0176,0.032,0.944,2,USR-084_2025-09-07,text-embedding-3-large,3072
USR-084,2025-09-14,2430.1,0.0157,0.0315,0.972,0,USR-084_2025-09-14,text-embedding-3-large,3072
USR-084,2025-09-21,2734.7,0.0144,0.0229,0.877,6,USR-084_2025-09-21,text-embedding-3-large,3072
USR-084,2025-09-28,2530.3,0.0178,0.0257,0.938,0,USR-084_2025-09-28,text-embedding-3-large,3072
USR-084,2025-10-05,2578.0,0.0202,0.0387,0.984,1,USR-084_2025-10-05,text-embedding-3-large,3072
USR-084,2025-10-12,2466.4,0.0143,0.0226,0.978,2,USR-084_2025-10-12,text-embedding-3-large,3072
USR-084,2025-10-19,2610.4,0.0174,0.0324,0.912,1,USR-084_2025-10-19,text-embedding-3-large,3072
USR-084,2025-10-26,2549.5,0.0146,0.0265,0.963,0,USR-084_2025-10-26,text-embedding-3-large,3072
USR-084,2025-11-02,2712.5,0.0147,0.0374,0.955,0,USR-084_2025-11-02,text-embedding-3-large,3072
USR-084,2025-11-09,2930.3,0.0169,0.0261,0.93,1,USR-084_2025-11-09,text-embedding-3-large,3072
USR-084,2025-11-16,2501.3,0.011,0.0234,0.959,0,USR-084_2025-11-16,text-embedding-3-large,3072
USR-084,2025-11-23,2748.0,0.0167,0.0321,0.922,1,USR-084_2025-11-23,text-embedding-3-large,3072
USR-084,2025-11-30,2708.5,0.0148,0.0326,0.985,1,USR-084_2025-11-30,text-embedding-3-large,3072
USR-084,2025-12-07,2640.3,0.0168,0.0269,0.899,0,USR-084_2025-12-07,text-embedding-3-large,3072
USR-084,2025-12-14,2899.7,0.0181,0.0313,0.916,0,USR-084_2025-12-14,text-embedding-3-large,3072
USR-084,2025-12-21,2540.8,0.0138,0.0387,0.964,0,USR-084_2025-12-21,text-embedding-3-large,3072
USR-084,2025-12-28,2711.0,0.0171,0.0228,0.974,1,USR-084_2025-12-28,text-embedding-3-large,3072
USR-084,2026-01-04,2471.9,0.0153,0.0349,0.906,3,USR-084_2026-01-04,text-embedding-3-large,3072
USR-084,2026-01-11,2913.0,0.0173,0.0428,0.95,0,USR-084_2026-01-11,text-embedding-3-large,3072
USR-084,2026-01-18,2535.9,0.0183,0.0296,0.93,0,USR-084_2026-01-18,text-embedding-3-large,3072
USR-084,2026-01-25,2848.5,0.0166,0.0246,0.883,0,USR-084_2026-01-25,text-embedding-3-large,3072
USR-084,2026-02-01,2623.3,0.0213,0.0245,0.923,0,USR-084_2026-02-01,text-embedding-3-large,3072
USR-084,2026-02-08,2700.6,0.0173,0.0291,0.914,0,USR-084_2026-02-08,text-embedding-3-large,3072
USR-084,2026-02-15,2367.4,0.0179,0.03,0.945,3,USR-084_2026-02-15,text-embedding-3-large,3072
USR-084,2026-02-22,2802.8,0.0198,0.0381,0.984,0,USR-084_2026-02-22,text-embedding-3-large,3072
USR-084,2026-03-01,2774.7,0.0158,0.0285,0.96,0,USR-084_2026-03-01,text-embedding-3-large,3072
USR-084,2026-03-08,2547.0,0.0142,0.0333,0.975,0,USR-084_2026-03-08,text-embedding-3-large,3072
USR-084,2026-03-15,2458.9,0.0178,0.036,0.962,1,USR-084_2026-03-15,text-embedding-3-large,3072
USR-084,2026-03-22,2630.2,0.0182,0.0299,0.926,1,USR-084_2026-03-22,text-embedding-3-large,3072
USR-084,2026-03-29,2636.2,0.0135,0.0304,0.897,1,USR-084_2026-03-29,text-embedding-3-large,3072
USR-084,2026-04-05,2820.3,0.0139,0.0312,0.942,1,USR-084_2026-04-05,text-embedding-3-large,3072
USR-084,2026-04-12,2543.1,0.0163,0.0289,0.955,0,USR-084_2026-04-12,text-embedding-3-large,3072
USR-084,2026-04-19,2792.4,0.0144,0.0257,0.961,0,USR-084_2026-04-19,text-embedding-3-large,3072
USR-084,2026-04-26,2396.7,0.0132,0.0278,0.949,1,USR-084_2026-04-26,text-embedding-3-large,3072
USR-084,2026-05-03,2812.9,0.0141,0.0388,0.897,1,USR-084_2026-05-03,text-embedding-3-large,3072
USR-084,2026-05-10,2851.6,0.0164,0.0296,0.948,0,USR-084_2026-05-10,text-embedding-3-large,3072
USR-084,2026-05-17,2713.2,0.0196,0.0321,0.99,1,USR-084_2026-05-17,text-embedding-3-large,3072
USR-084,2026-05-24,2808.5,0.0141,0.031,0.958,2,USR-084_2026-05-24,text-embedding-3-large,3072
USR-084,2026-05-31,2246.2,0.0119,0.0347,0.951,1,USR-084_2026-05-31,text-embedding-3-large,3072
USR-084,2026-06-07,2529.4,0.0188,0.0262,0.936,1,USR-084_2026-06-07,text-embedding-3-large,3072
USR-084,2026-06-14,2509.3,0.0122,0.0314,0.983,2,USR-084_2026-06-14,text-embedding-3-large,3072
USR-084,2026-06-21,2695.7,0.0173,0.0209,0.933,1,USR-084_2026-06-21,text-embedding-3-large,3072
USR-085,2025-06-29,1771.8,0.0222,0.065,0.942,1,USR-085_2025-06-29,text-embedding-3-large,3072
USR-085,2025-07-06,1739.3,0.0219,0.0594,0.946,2,USR-085_2025-07-06,text-embedding-3-large,3072
USR-085,2025-07-13,1913.6,0.0184,0.0595,0.902,1,USR-085_2025-07-13,text-embedding-3-large,3072
USR-085,2025-07-20,1863.8,0.0179,0.0607,0.892,2,USR-085_2025-07-20,text-embedding-3-large,3072
USR-085,2025-07-27,1641.0,0.0205,0.0666,0.88,2,USR-085_2025-07-27,text-embedding-3-large,3072
USR-085,2025-08-03,1671.0,0.0224,0.0744,0.971,2,USR-085_2025-08-03,text-embedding-3-large,3072
USR-085,2025-08-10,1699.6,0.0235,0.0561,0.92,2,USR-085_2025-08-10,text-embedding-3-large,3072
USR-085,2025-08-17,1927.3,0.0212,0.0729,0.931,0,USR-085_2025-08-17,text-embedding-3-large,3072
USR-085,2025-08-24,1885.5,0.0272,0.0454,0.969,0,USR-085_2025-08-24,text-embedding-3-large,3072
USR-085,2025-08-31,1951.5,0.0211,0.0738,0.974,1,USR-085_2025-08-31,text-embedding-3-large,3072
USR-085,2025-09-07,2018.8,0.0212,0.0449,0.967,0,USR-085_2025-09-07,text-embedding-3-large,3072
USR-085,2025-09-14,1976.8,0.0203,0.0353,0.944,0,USR-085_2025-09-14,text-embedding-3-large,3072
USR-085,2025-09-21,1965.5,0.024,0.0707,0.915,0,USR-085_2025-09-21,text-embedding-3-large,3072
USR-085,2025-09-28,1878.7,0.0248,0.0681,0.931,2,USR-085_2025-09-28,text-embedding-3-large,3072
USR-085,2025-10-05,1737.1,0.0216,0.057,0.986,1,USR-085_2025-10-05,text-embedding-3-large,3072
USR-085,2025-10-12,1706.0,0.0245,0.0685,0.935,1,USR-085_2025-10-12,text-embedding-3-large,3072
USR-085,2025-10-19,1954.0,0.0237,0.053,0.914,0,USR-085_2025-10-19,text-embedding-3-large,3072
USR-085,2025-10-26,1714.1,0.0222,0.0698,0.947,0,USR-085_2025-10-26,text-embedding-3-large,3072
USR-085,2025-11-02,1813.8,0.0211,0.0348,0.922,1,USR-085_2025-11-02,text-embedding-3-large,3072
USR-085,2025-11-09,1739.2,0.029,0.0552,0.96,2,USR-085_2025-11-09,text-embedding-3-large,3072
USR-085,2025-11-16,1801.0,0.03,0.0608,0.931,0,USR-085_2025-11-16,text-embedding-3-large,3072
USR-085,2025-11-23,1784.8,0.0222,0.0753,0.911,0,USR-085_2025-11-23,text-embedding-3-large,3072
USR-085,2025-11-30,1800.4,0.0228,0.065,0.978,1,USR-085_2025-11-30,text-embedding-3-large,3072
USR-085,2025-12-07,1586.6,0.0244,0.0621,0.903,0,USR-085_2025-12-07,text-embedding-3-large,3072
USR-085,2025-12-14,1879.6,0.0212,0.0591,0.959,0,USR-085_2025-12-14,text-embedding-3-large,3072
USR-085,2025-12-21,1882.0,0.0231,0.0625,0.943,2,USR-085_2025-12-21,text-embedding-3-large,3072
USR-085,2025-12-28,1932.7,0.0292,0.0492,0.954,2,USR-085_2025-12-28,text-embedding-3-large,3072
USR-085,2026-01-04,1882.1,0.0229,0.0668,0.955,1,USR-085_2026-01-04,text-embedding-3-large,3072
USR-085,2026-01-11,1799.5,0.0271,0.0343,0.911,0,USR-085_2026-01-11,text-embedding-3-large,3072
USR-085,2026-01-18,1818.6,0.0288,0.0702,0.912,2,USR-085_2026-01-18,text-embedding-3-large,3072
USR-085,2026-01-25,2054.3,0.0223,0.0636,0.901,0,USR-085_2026-01-25,text-embedding-3-large,3072
USR-085,2026-02-01,1933.1,0.0279,0.0662,0.917,0,USR-085_2026-02-01,text-embedding-3-large,3072
USR-085,2026-02-08,1870.3,0.0257,0.0469,0.93,1,USR-085_2026-02-08,text-embedding-3-large,3072
USR-085,2026-02-15,1963.7,0.0268,0.0384,0.99,0,USR-085_2026-02-15,text-embedding-3-large,3072
USR-085,2026-02-22,1994.0,0.0207,0.0508,0.933,2,USR-085_2026-02-22,text-embedding-3-large,3072
USR-085,2026-03-01,1861.3,0.0275,0.0511,0.948,0,USR-085_2026-03-01,text-embedding-3-large,3072
USR-085,2026-03-08,1898.6,0.0203,0.043,0.962,2,USR-085_2026-03-08,text-embedding-3-large,3072
USR-085,2026-03-15,1865.1,0.0214,0.0505,0.99,2,USR-085_2026-03-15,text-embedding-3-large,3072
USR-085,2026-03-22,1873.5,0.0198,0.0653,0.916,1,USR-085_2026-03-22,text-embedding-3-large,3072
USR-085,2026-03-29,2020.6,0.0206,0.0558,0.949,0,USR-085_2026-03-29,text-embedding-3-large,3072
USR-085,2026-04-05,1657.6,0.0229,0.0574,0.958,0,USR-085_2026-04-05,text-embedding-3-large,3072
USR-085,2026-04-12,1796.7,0.0317,0.0731,0.886,1,USR-085_2026-04-12,text-embedding-3-large,3072
USR-085,2026-04-19,1722.2,0.0226,0.0611,0.972,1,USR-085_2026-04-19,text-embedding-3-large,3072
USR-085,2026-04-26,1878.5,0.0296,0.0457,0.939,1,USR-085_2026-04-26,text-embedding-3-large,3072
USR-085,2026-05-03,1719.8,0.0273,0.0667,0.96,2,USR-085_2026-05-03,text-embedding-3-large,3072
USR-085,2026-05-10,1768.1,0.0251,0.0728,0.941,6,USR-085_2026-05-10,text-embedding-3-large,3072
USR-085,2026-05-17,1748.0,0.025,0.0616,0.928,2,USR-085_2026-05-17,text-embedding-3-large,3072
USR-085,2026-05-24,1899.3,0.0201,0.0484,0.922,1,USR-085_2026-05-24,text-embedding-3-large,3072
USR-085,2026-05-31,2106.8,0.0211,0.0603,0.91,0,USR-085_2026-05-31,text-embedding-3-large,3072
USR-085,2026-06-07,1678.4,0.0245,0.0676,0.93,0,USR-085_2026-06-07,text-embedding-3-large,3072
USR-085,2026-06-14,1820.2,0.0228,0.0658,0.928,2,USR-085_2026-06-14,text-embedding-3-large,3072
USR-085,2026-06-21,1973.0,0.0299,0.0563,0.92,0,USR-085_2026-06-21,text-embedding-3-large,3072
USR-086,2025-06-29,1523.5,0.0176,0.0396,0.963,1,USR-086_2025-06-29,text-embedding-3-large,3072
USR-086,2025-07-06,1469.0,0.0168,0.0402,0.905,1,USR-086_2025-07-06,text-embedding-3-large,3072
USR-086,2025-07-13,1586.1,0.0194,0.0455,0.916,1,USR-086_2025-07-13,text-embedding-3-large,3072
USR-086,2025-07-20,1543.5,0.0155,0.044,0.943,2,USR-086_2025-07-20,text-embedding-3-large,3072
USR-086,2025-07-27,1446.6,0.0179,0.0438,0.893,6,USR-086_2025-07-27,text-embedding-3-large,3072
USR-086,2025-08-03,1451.9,0.0173,0.053,0.921,5,USR-086_2025-08-03,text-embedding-3-large,3072
USR-086,2025-08-10,1578.0,0.0227,0.0343,0.906,5,USR-086_2025-08-10,text-embedding-3-large,3072
USR-086,2025-08-17,1378.5,0.0184,0.0416,0.937,1,USR-086_2025-08-17,text-embedding-3-large,3072
USR-086,2025-08-24,1301.1,0.0182,0.0326,0.99,5,USR-086_2025-08-24,text-embedding-3-large,3072
USR-086,2025-08-31,1447.0,0.0225,0.0465,0.961,2,USR-086_2025-08-31,text-embedding-3-large,3072
USR-086,2025-09-07,1556.2,0.0165,0.0395,0.951,3,USR-086_2025-09-07,text-embedding-3-large,3072
USR-086,2025-09-14,1395.0,0.0154,0.0391,0.936,4,USR-086_2025-09-14,text-embedding-3-large,3072
USR-086,2025-09-21,1395.7,0.0191,0.0399,0.96,2,USR-086_2025-09-21,text-embedding-3-large,3072
USR-086,2025-09-28,1482.5,0.0178,0.0426,0.937,5,USR-086_2025-09-28,text-embedding-3-large,3072
USR-086,2025-10-05,1366.2,0.018,0.0401,0.983,10,USR-086_2025-10-05,text-embedding-3-large,3072
USR-086,2025-10-12,1418.3,0.0197,0.0433,0.904,4,USR-086_2025-10-12,text-embedding-3-large,3072
USR-086,2025-10-19,1588.0,0.0216,0.0353,0.933,5,USR-086_2025-10-19,text-embedding-3-large,3072
USR-086,2025-10-26,1537.7,0.0145,0.0453,0.943,6,USR-086_2025-10-26,text-embedding-3-large,3072
USR-086,2025-11-02,1454.4,0.021,0.0361,0.924,2,USR-086_2025-11-02,text-embedding-3-large,3072
USR-086,2025-11-09,1385.3,0.0145,0.0519,0.966,5,USR-086_2025-11-09,text-embedding-3-large,3072
USR-086,2025-11-16,1229.4,0.018,0.0421,0.9,0,USR-086_2025-11-16,text-embedding-3-large,3072
USR-086,2025-11-23,1448.1,0.0145,0.0316,0.985,4,USR-086_2025-11-23,text-embedding-3-large,3072
USR-086,2025-11-30,1257.2,0.0145,0.0157,0.936,5,USR-086_2025-11-30,text-embedding-3-large,3072
USR-086,2025-12-07,1630.9,0.0146,0.035,0.873,1,USR-086_2025-12-07,text-embedding-3-large,3072
USR-086,2025-12-14,1428.6,0.0138,0.0369,0.902,6,USR-086_2025-12-14,text-embedding-3-large,3072
USR-086,2025-12-21,1430.5,0.0171,0.0351,0.949,3,USR-086_2025-12-21,text-embedding-3-large,3072
USR-086,2025-12-28,1321.6,0.0201,0.0323,0.931,6,USR-086_2025-12-28,text-embedding-3-large,3072
USR-086,2026-01-04,1466.5,0.0179,0.0355,0.963,1,USR-086_2026-01-04,text-embedding-3-large,3072
USR-086,2026-01-11,1249.0,0.0175,0.0323,0.989,7,USR-086_2026-01-11,text-embedding-3-large,3072
USR-086,2026-01-18,1567.8,0.017,0.0415,0.99,6,USR-086_2026-01-18,text-embedding-3-large,3072
USR-086,2026-01-25,1327.9,0.017,0.0445,0.971,4,USR-086_2026-01-25,text-embedding-3-large,3072
USR-086,2026-02-01,1188.8,0.0211,0.0421,0.899,6,USR-086_2026-02-01,text-embedding-3-large,3072
USR-086,2026-02-08,1523.7,0.0193,0.0366,0.904,4,USR-086_2026-02-08,text-embedding-3-large,3072
USR-086,2026-02-15,1357.7,0.0198,0.0459,0.937,1,USR-086_2026-02-15,text-embedding-3-large,3072
USR-086,2026-02-22,1457.1,0.0178,0.0479,0.909,4,USR-086_2026-02-22,text-embedding-3-large,3072
USR-086,2026-03-01,1406.8,0.0187,0.0306,0.948,3,USR-086_2026-03-01,text-embedding-3-large,3072
USR-086,2026-03-08,1474.1,0.0165,0.0441,0.924,2,USR-086_2026-03-08,text-embedding-3-large,3072
USR-086,2026-03-15,1458.4,0.0157,0.0406,0.924,0,USR-086_2026-03-15,text-embedding-3-large,3072
USR-086,2026-03-22,1482.2,0.0182,0.0406,0.947,3,USR-086_2026-03-22,text-embedding-3-large,3072
USR-086,2026-03-29,1345.0,0.0224,0.0401,0.972,2,USR-086_2026-03-29,text-embedding-3-large,3072
USR-086,2026-04-05,1443.4,0.0179,0.0337,0.888,4,USR-086_2026-04-05,text-embedding-3-large,3072
USR-086,2026-04-12,1374.9,0.0183,0.0399,0.952,1,USR-086_2026-04-12,text-embedding-3-large,3072
USR-086,2026-04-19,1543.9,0.014,0.0371,0.927,2,USR-086_2026-04-19,text-embedding-3-large,3072
USR-086,2026-04-26,1471.0,0.0193,0.0368,0.919,3,USR-086_2026-04-26,text-embedding-3-large,3072
USR-086,2026-05-03,1442.6,0.0204,0.0433,0.98,1,USR-086_2026-05-03,text-embedding-3-large,3072
USR-086,2026-05-10,1446.2,0.0169,0.0421,0.925,2,USR-086_2026-05-10,text-embedding-3-large,3072
USR-086,2026-05-17,1564.1,0.0195,0.0414,0.937,5,USR-086_2026-05-17,text-embedding-3-large,3072
USR-086,2026-05-24,1590.8,0.0188,0.0558,0.945,2,USR-086_2026-05-24,text-embedding-3-large,3072
USR-086,2026-05-31,1406.7,0.0191,0.0332,0.936,2,USR-086_2026-05-31,text-embedding-3-large,3072
USR-086,2026-06-07,1343.4,0.0154,0.0393,0.964,4,USR-086_2026-06-07,text-embedding-3-large,3072
USR-086,2026-06-14,1361.6,0.0193,0.0406,0.935,5,USR-086_2026-06-14,text-embedding-3-large,3072
USR-086,2026-06-21,1514.6,0.0134,0.042,0.981,2,USR-086_2026-06-21,text-embedding-3-large,3072
USR-087,2025-06-29,1634.6,0.0203,0.0401,0.915,5,USR-087_2025-06-29,text-embedding-3-large,3072
USR-087,2025-07-06,1540.3,0.0154,0.037,0.85,6,USR-087_2025-07-06,text-embedding-3-large,3072
USR-087,2025-07-13,1504.0,0.0193,0.0354,0.936,1,USR-087_2025-07-13,text-embedding-3-large,3072
USR-087,2025-07-20,1546.6,0.0188,0.0348,0.932,2,USR-087_2025-07-20,text-embedding-3-large,3072
USR-087,2025-07-27,1639.6,0.0139,0.0451,0.984,3,USR-087_2025-07-27,text-embedding-3-large,3072
USR-087,2025-08-03,1745.2,0.019,0.0364,0.919,5,USR-087_2025-08-03,text-embedding-3-large,3072
USR-087,2025-08-10,1610.8,0.0201,0.0406,0.925,3,USR-087_2025-08-10,text-embedding-3-large,3072
USR-087,2025-08-17,1625.7,0.0169,0.0485,0.919,1,USR-087_2025-08-17,text-embedding-3-large,3072
USR-087,2025-08-24,1470.6,0.016,0.0447,0.961,3,USR-087_2025-08-24,text-embedding-3-large,3072
USR-087,2025-08-31,1621.8,0.023,0.0278,0.96,6,USR-087_2025-08-31,text-embedding-3-large,3072
USR-087,2025-09-07,1703.0,0.0164,0.0292,0.947,3,USR-087_2025-09-07,text-embedding-3-large,3072
USR-087,2025-09-14,1657.9,0.0176,0.0368,0.949,3,USR-087_2025-09-14,text-embedding-3-large,3072
USR-087,2025-09-21,1664.3,0.0181,0.0383,0.948,1,USR-087_2025-09-21,text-embedding-3-large,3072
USR-087,2025-09-28,1570.5,0.0182,0.0393,0.961,0,USR-087_2025-09-28,text-embedding-3-large,3072
USR-087,2025-10-05,1619.3,0.0174,0.0243,0.973,3,USR-087_2025-10-05,text-embedding-3-large,3072
USR-087,2025-10-12,1447.1,0.0186,0.044,0.939,6,USR-087_2025-10-12,text-embedding-3-large,3072
USR-087,2025-10-19,1656.8,0.0158,0.0351,0.951,2,USR-087_2025-10-19,text-embedding-3-large,3072
USR-087,2025-10-26,1534.8,0.0167,0.0355,0.955,7,USR-087_2025-10-26,text-embedding-3-large,3072
USR-087,2025-11-02,1680.9,0.0153,0.0397,0.969,2,USR-087_2025-11-02,text-embedding-3-large,3072
USR-087,2025-11-09,1563.8,0.0156,0.0459,0.943,2,USR-087_2025-11-09,text-embedding-3-large,3072
USR-087,2025-11-16,1555.9,0.0232,0.0445,0.913,3,USR-087_2025-11-16,text-embedding-3-large,3072
USR-087,2025-11-23,1692.9,0.0144,0.0505,0.892,5,USR-087_2025-11-23,text-embedding-3-large,3072
USR-087,2025-11-30,1869.9,0.0196,0.0402,0.966,0,USR-087_2025-11-30,text-embedding-3-large,3072
USR-087,2025-12-07,1835.9,0.0212,0.0448,0.946,1,USR-087_2025-12-07,text-embedding-3-large,3072
USR-087,2025-12-14,1670.1,0.0212,0.0345,0.966,1,USR-087_2025-12-14,text-embedding-3-large,3072
USR-087,2025-12-21,1556.4,0.017,0.036,0.915,4,USR-087_2025-12-21,text-embedding-3-large,3072
USR-087,2025-12-28,1785.7,0.0177,0.0487,0.929,3,USR-087_2025-12-28,text-embedding-3-large,3072
USR-087,2026-01-04,1708.5,0.0184,0.036,0.99,1,USR-087_2026-01-04,text-embedding-3-large,3072
USR-087,2026-01-11,1657.9,0.016,0.038,0.89,3,USR-087_2026-01-11,text-embedding-3-large,3072
USR-087,2026-01-18,1423.9,0.0191,0.0382,0.916,1,USR-087_2026-01-18,text-embedding-3-large,3072
USR-087,2026-01-25,1707.9,0.0173,0.0542,0.921,2,USR-087_2026-01-25,text-embedding-3-large,3072
USR-087,2026-02-01,1742.4,0.0191,0.0386,0.907,0,USR-087_2026-02-01,text-embedding-3-large,3072
USR-087,2026-02-08,1616.3,0.0193,0.04,0.894,2,USR-087_2026-02-08,text-embedding-3-large,3072
USR-087,2026-02-15,1771.0,0.0183,0.0362,0.88,3,USR-087_2026-02-15,text-embedding-3-large,3072
USR-087,2026-02-22,1532.4,0.0193,0.0398,0.949,4,USR-087_2026-02-22,text-embedding-3-large,3072
USR-087,2026-03-01,1695.7,0.0186,0.0382,0.936,5,USR-087_2026-03-01,text-embedding-3-large,3072
USR-087,2026-03-08,1602.4,0.0188,0.0405,0.892,2,USR-087_2026-03-08,text-embedding-3-large,3072
USR-087,2026-03-15,1629.3,0.016,0.0491,0.946,3,USR-087_2026-03-15,text-embedding-3-large,3072
USR-087,2026-03-22,1770.4,0.0161,0.0449,0.903,3,USR-087_2026-03-22,text-embedding-3-large,3072
USR-087,2026-03-29,1690.1,0.0186,0.0375,0.952,3,USR-087_2026-03-29,text-embedding-3-large,3072
USR-087,2026-04-05,1487.8,0.0185,0.0387,0.903,1,USR-087_2026-04-05,text-embedding-3-large,3072
USR-087,2026-04-12,1683.8,0.0175,0.0352,0.965,5,USR-087_2026-04-12,text-embedding-3-large,3072
USR-087,2026-04-19,1784.0,0.02,0.0381,0.967,2,USR-087_2026-04-19,text-embedding-3-large,3072
USR-087,2026-04-26,1701.5,0.0177,0.0316,0.923,7,USR-087_2026-04-26,text-embedding-3-large,3072
USR-087,2026-05-03,1547.9,0.0179,0.0381,0.945,5,USR-087_2026-05-03,text-embedding-3-large,3072
USR-087,2026-05-10,1660.9,0.0169,0.0409,0.982,3,USR-087_2026-05-10,text-embedding-3-large,3072
USR-087,2026-05-17,1505.9,0.0149,0.0383,0.966,0,USR-087_2026-05-17,text-embedding-3-large,3072
USR-087,2026-05-24,1753.2,0.0172,0.0462,0.876,4,USR-087_2026-05-24,text-embedding-3-large,3072
USR-087,2026-05-31,1734.1,0.018,0.0487,0.927,2,USR-087_2026-05-31,text-embedding-3-large,3072
USR-087,2026-06-07,1607.5,0.0177,0.0434,0.983,1,USR-087_2026-06-07,text-embedding-3-large,3072
USR-087,2026-06-14,1527.8,0.0191,0.0317,0.925,2,USR-087_2026-06-14,text-embedding-3-large,3072
USR-087,2026-06-21,1469.7,0.0146,0.0395,0.918,4,USR-087_2026-06-21,text-embedding-3-large,3072
USR-088,2025-06-29,1924.9,0.0241,0.0416,0.944,4,USR-088_2025-06-29,text-embedding-3-large,3072
USR-088,2025-07-06,1886.6,0.0334,0.0568,0.916,1,USR-088_2025-07-06,text-embedding-3-large,3072
USR-088,2025-07-13,1800.7,0.0279,0.0437,0.961,2,USR-088_2025-07-13,text-embedding-3-large,3072
USR-088,2025-07-20,1818.0,0.0351,0.0439,0.978,1,USR-088_2025-07-20,text-embedding-3-large,3072
USR-088,2025-07-27,1652.3,0.0309,0.0515,0.956,2,USR-088_2025-07-27,text-embedding-3-large,3072
USR-088,2025-08-03,1728.7,0.0257,0.0518,0.935,7,USR-088_2025-08-03,text-embedding-3-large,3072
USR-088,2025-08-10,1780.3,0.0284,0.0435,0.925,1,USR-088_2025-08-10,text-embedding-3-large,3072
USR-088,2025-08-17,1920.6,0.0347,0.0466,0.923,2,USR-088_2025-08-17,text-embedding-3-large,3072
USR-088,2025-08-24,1971.8,0.0335,0.0479,0.927,1,USR-088_2025-08-24,text-embedding-3-large,3072
USR-088,2025-08-31,1866.6,0.0276,0.0467,0.947,1,USR-088_2025-08-31,text-embedding-3-large,3072
USR-088,2025-09-07,1697.5,0.0327,0.064,0.927,2,USR-088_2025-09-07,text-embedding-3-large,3072
USR-088,2025-09-14,1679.6,0.0365,0.0479,0.928,4,USR-088_2025-09-14,text-embedding-3-large,3072
USR-088,2025-09-21,1936.2,0.0291,0.0577,0.966,1,USR-088_2025-09-21,text-embedding-3-large,3072
USR-088,2025-09-28,1944.7,0.0278,0.0535,0.924,0,USR-088_2025-09-28,text-embedding-3-large,3072
USR-088,2025-10-05,1706.7,0.0254,0.0509,0.908,3,USR-088_2025-10-05,text-embedding-3-large,3072
USR-088,2025-10-12,1992.3,0.0265,0.0577,0.97,3,USR-088_2025-10-12,text-embedding-3-large,3072
USR-088,2025-10-19,1749.0,0.031,0.0509,0.944,1,USR-088_2025-10-19,text-embedding-3-large,3072
USR-088,2025-10-26,1774.7,0.0239,0.0423,0.911,1,USR-088_2025-10-26,text-embedding-3-large,3072
USR-088,2025-11-02,1992.0,0.0355,0.0594,0.974,2,USR-088_2025-11-02,text-embedding-3-large,3072
USR-088,2025-11-09,1914.9,0.0294,0.051,0.975,3,USR-088_2025-11-09,text-embedding-3-large,3072
USR-088,2025-11-16,2004.0,0.0311,0.0457,0.922,3,USR-088_2025-11-16,text-embedding-3-large,3072
USR-088,2025-11-23,1699.6,0.0302,0.0431,0.911,8,USR-088_2025-11-23,text-embedding-3-large,3072
USR-088,2025-11-30,1879.3,0.0311,0.0582,0.955,3,USR-088_2025-11-30,text-embedding-3-large,3072
USR-088,2025-12-07,1897.3,0.0309,0.0488,0.98,2,USR-088_2025-12-07,text-embedding-3-large,3072
USR-088,2025-12-14,1802.2,0.0306,0.0494,0.921,1,USR-088_2025-12-14,text-embedding-3-large,3072
USR-088,2025-12-21,2068.3,0.0327,0.0497,0.981,3,USR-088_2025-12-21,text-embedding-3-large,3072
USR-088,2025-12-28,1917.2,0.0307,0.0579,0.919,5,USR-088_2025-12-28,text-embedding-3-large,3072
USR-088,2026-01-04,1699.4,0.0266,0.0417,0.88,3,USR-088_2026-01-04,text-embedding-3-large,3072
USR-088,2026-01-11,1589.4,0.0297,0.0489,0.982,3,USR-088_2026-01-11,text-embedding-3-large,3072
USR-088,2026-01-18,1698.1,0.024,0.0468,0.919,5,USR-088_2026-01-18,text-embedding-3-large,3072
USR-088,2026-01-25,1776.8,0.0366,0.0528,0.94,2,USR-088_2026-01-25,text-embedding-3-large,3072
USR-088,2026-02-01,1682.3,0.0285,0.0527,0.933,5,USR-088_2026-02-01,text-embedding-3-large,3072
USR-088,2026-02-08,1801.1,0.0282,0.0412,0.964,7,USR-088_2026-02-08,text-embedding-3-large,3072
USR-088,2026-02-15,1700.6,0.028,0.0537,0.885,7,USR-088_2026-02-15,text-embedding-3-large,3072
USR-088,2026-02-22,1982.5,0.0296,0.0493,0.923,3,USR-088_2026-02-22,text-embedding-3-large,3072
USR-088,2026-03-01,1804.7,0.0348,0.0527,0.93,3,USR-088_2026-03-01,text-embedding-3-large,3072
USR-088,2026-03-08,1834.9,0.0285,0.0637,0.908,4,USR-088_2026-03-08,text-embedding-3-large,3072
USR-088,2026-03-15,1832.2,0.0236,0.0532,0.941,2,USR-088_2026-03-15,text-embedding-3-large,3072
USR-088,2026-03-22,1821.5,0.0337,0.0535,0.975,3,USR-088_2026-03-22,text-embedding-3-large,3072
USR-088,2026-03-29,2032.5,0.0271,0.0538,0.964,1,USR-088_2026-03-29,text-embedding-3-large,3072
USR-088,2026-04-05,2097.5,0.0297,0.0509,0.973,4,USR-088_2026-04-05,text-embedding-3-large,3072
USR-088,2026-04-12,1736.1,0.029,0.049,0.934,3,USR-088_2026-04-12,text-embedding-3-large,3072
USR-088,2026-04-19,1751.8,0.0316,0.0523,0.987,4,USR-088_2026-04-19,text-embedding-3-large,3072
USR-088,2026-04-26,1801.5,0.0295,0.0588,0.945,0,USR-088_2026-04-26,text-embedding-3-large,3072
USR-088,2026-05-03,1691.4,0.0342,0.0403,0.918,2,USR-088_2026-05-03,text-embedding-3-large,3072
USR-088,2026-05-10,1808.6,0.033,0.065,0.956,0,USR-088_2026-05-10,text-embedding-3-large,3072
USR-088,2026-05-17,1781.9,0.0292,0.0423,0.972,5,USR-088_2026-05-17,text-embedding-3-large,3072
USR-088,2026-05-24,1566.9,0.0323,0.0469,0.978,1,USR-088_2026-05-24,text-embedding-3-large,3072
USR-088,2026-05-31,1877.8,0.0243,0.0426,0.917,1,USR-088_2026-05-31,text-embedding-3-large,3072
USR-088,2026-06-07,1957.9,0.0327,0.058,0.928,2,USR-088_2026-06-07,text-embedding-3-large,3072
USR-088,2026-06-14,1790.4,0.0285,0.0495,0.933,4,USR-088_2026-06-14,text-embedding-3-large,3072
USR-088,2026-06-21,1854.7,0.0302,0.0395,0.99,5,USR-088_2026-06-21,text-embedding-3-large,3072
USR-089,2025-06-29,1376.0,0.0274,0.0459,0.906,3,USR-089_2025-06-29,text-embedding-3-large,3072
USR-089,2025-07-06,1320.3,0.0295,0.0462,0.936,3,USR-089_2025-07-06,text-embedding-3-large,3072
USR-089,2025-07-13,1182.2,0.0331,0.0493,0.932,2,USR-089_2025-07-13,text-embedding-3-large,3072
USR-089,2025-07-20,1389.6,0.0288,0.0476,0.861,1,USR-089_2025-07-20,text-embedding-3-large,3072
USR-089,2025-07-27,1316.2,0.0291,0.0315,0.957,2,USR-089_2025-07-27,text-embedding-3-large,3072
USR-089,2025-08-03,1279.1,0.0259,0.053,0.971,1,USR-089_2025-08-03,text-embedding-3-large,3072
USR-089,2025-08-10,1253.4,0.0273,0.0535,0.968,3,USR-089_2025-08-10,text-embedding-3-large,3072
USR-089,2025-08-17,1371.3,0.0308,0.0467,0.98,2,USR-089_2025-08-17,text-embedding-3-large,3072
USR-089,2025-08-24,1275.3,0.0244,0.0476,0.937,5,USR-089_2025-08-24,text-embedding-3-large,3072
USR-089,2025-08-31,1208.9,0.0323,0.0538,0.934,6,USR-089_2025-08-31,text-embedding-3-large,3072
USR-089,2025-09-07,1275.2,0.0261,0.0493,0.93,1,USR-089_2025-09-07,text-embedding-3-large,3072
USR-089,2025-09-14,1372.2,0.0326,0.0538,0.938,3,USR-089_2025-09-14,text-embedding-3-large,3072
USR-089,2025-09-21,1223.4,0.0303,0.0583,0.911,5,USR-089_2025-09-21,text-embedding-3-large,3072
USR-089,2025-09-28,1371.5,0.0301,0.0439,0.942,3,USR-089_2025-09-28,text-embedding-3-large,3072
USR-089,2025-10-05,1205.3,0.0333,0.0535,0.933,3,USR-089_2025-10-05,text-embedding-3-large,3072
USR-089,2025-10-12,1239.3,0.0263,0.0614,0.979,6,USR-089_2025-10-12,text-embedding-3-large,3072
USR-089,2025-10-19,1403.6,0.0376,0.057,0.913,3,USR-089_2025-10-19,text-embedding-3-large,3072
USR-089,2025-10-26,1266.3,0.0293,0.0653,0.926,3,USR-089_2025-10-26,text-embedding-3-large,3072
USR-089,2025-11-02,1297.0,0.0348,0.0538,0.966,3,USR-089_2025-11-02,text-embedding-3-large,3072
USR-089,2025-11-09,1314.7,0.026,0.0529,0.984,4,USR-089_2025-11-09,text-embedding-3-large,3072
USR-089,2025-11-16,1345.5,0.0285,0.05,0.925,4,USR-089_2025-11-16,text-embedding-3-large,3072
USR-089,2025-11-23,1396.5,0.0288,0.0356,0.99,1,USR-089_2025-11-23,text-embedding-3-large,3072
USR-089,2025-11-30,1344.0,0.0312,0.0449,0.965,1,USR-089_2025-11-30,text-embedding-3-large,3072
USR-089,2025-12-07,1308.7,0.0296,0.0654,0.94,2,USR-089_2025-12-07,text-embedding-3-large,3072
USR-089,2025-12-14,1361.1,0.032,0.0586,0.93,3,USR-089_2025-12-14,text-embedding-3-large,3072
USR-089,2025-12-21,1236.9,0.0294,0.0428,0.929,1,USR-089_2025-12-21,text-embedding-3-large,3072
USR-089,2025-12-28,1357.2,0.0297,0.0509,0.935,3,USR-089_2025-12-28,text-embedding-3-large,3072
USR-089,2026-01-04,1341.5,0.0301,0.0502,0.985,4,USR-089_2026-01-04,text-embedding-3-large,3072
USR-089,2026-01-11,1383.1,0.0255,0.0376,0.922,1,USR-089_2026-01-11,text-embedding-3-large,3072
USR-089,2026-01-18,1380.1,0.0288,0.0538,0.935,6,USR-089_2026-01-18,text-embedding-3-large,3072
USR-089,2026-01-25,1218.9,0.0336,0.0507,0.971,0,USR-089_2026-01-25,text-embedding-3-large,3072
USR-089,2026-02-01,1258.9,0.0282,0.06,0.973,1,USR-089_2026-02-01,text-embedding-3-large,3072
USR-089,2026-02-08,1336.7,0.032,0.0422,0.952,1,USR-089_2026-02-08,text-embedding-3-large,3072
USR-089,2026-02-15,1354.9,0.0347,0.0486,0.978,2,USR-089_2026-02-15,text-embedding-3-large,3072
USR-089,2026-02-22,1353.5,0.0213,0.0548,0.977,3,USR-089_2026-02-22,text-embedding-3-large,3072
USR-089,2026-03-01,1189.3,0.0317,0.0481,0.865,2,USR-089_2026-03-01,text-embedding-3-large,3072
USR-089,2026-03-08,1284.0,0.0282,0.0542,0.958,2,USR-089_2026-03-08,text-embedding-3-large,3072
USR-089,2026-03-15,1191.8,0.0164,0.0411,0.946,5,USR-089_2026-03-15,text-embedding-3-large,3072
USR-089,2026-03-22,1390.9,0.0327,0.0511,0.988,4,USR-089_2026-03-22,text-embedding-3-large,3072
USR-089,2026-03-29,1262.4,0.0318,0.0706,0.898,1,USR-089_2026-03-29,text-embedding-3-large,3072
USR-089,2026-04-05,1251.1,0.0348,0.034,0.952,1,USR-089_2026-04-05,text-embedding-3-large,3072
USR-089,2026-04-12,1476.6,0.0319,0.0479,0.978,3,USR-089_2026-04-12,text-embedding-3-large,3072
USR-089,2026-04-19,1402.7,0.0241,0.0511,0.936,1,USR-089_2026-04-19,text-embedding-3-large,3072
USR-089,2026-04-26,1164.0,0.0267,0.042,0.922,4,USR-089_2026-04-26,text-embedding-3-large,3072
USR-089,2026-05-03,1378.2,0.031,0.0491,0.944,4,USR-089_2026-05-03,text-embedding-3-large,3072
USR-089,2026-05-10,1328.9,0.0289,0.048,0.966,6,USR-089_2026-05-10,text-embedding-3-large,3072
USR-089,2026-05-17,1381.8,0.027,0.0564,0.875,2,USR-089_2026-05-17,text-embedding-3-large,3072
USR-089,2026-05-24,1373.6,0.0318,0.0438,0.965,5,USR-089_2026-05-24,text-embedding-3-large,3072
USR-089,2026-05-31,1342.5,0.029,0.0564,0.973,2,USR-089_2026-05-31,text-embedding-3-large,3072
USR-089,2026-06-07,1357.2,0.0267,0.0566,0.922,2,USR-089_2026-06-07,text-embedding-3-large,3072
USR-089,2026-06-14,1426.3,0.0322,0.0529,0.907,2,USR-089_2026-06-14,text-embedding-3-large,3072
USR-089,2026-06-21,1284.6,0.0273,0.0652,0.966,9,USR-089_2026-06-21,text-embedding-3-large,3072
USR-090,2025-06-29,1485.6,0.0167,0.0306,0.933,2,USR-090_2025-06-29,text-embedding-3-large,3072
USR-090,2025-07-06,1715.1,0.0159,0.0337,0.923,1,USR-090_2025-07-06,text-embedding-3-large,3072
USR-090,2025-07-13,1628.6,0.0183,0.0275,0.979,1,USR-090_2025-07-13,text-embedding-3-large,3072
USR-090,2025-07-20,1492.8,0.0183,0.0319,0.864,1,USR-090_2025-07-20,text-embedding-3-large,3072
USR-090,2025-07-27,1574.0,0.0151,0.027,0.969,0,USR-090_2025-07-27,text-embedding-3-large,3072
USR-090,2025-08-03,1497.1,0.0125,0.0268,0.919,2,USR-090_2025-08-03,text-embedding-3-large,3072
USR-090,2025-08-10,1532.5,0.0165,0.0293,0.931,1,USR-090_2025-08-10,text-embedding-3-large,3072
USR-090,2025-08-17,1614.4,0.0127,0.0322,0.943,1,USR-090_2025-08-17,text-embedding-3-large,3072
USR-090,2025-08-24,1409.4,0.0158,0.0378,0.906,0,USR-090_2025-08-24,text-embedding-3-large,3072
USR-090,2025-08-31,1488.2,0.0195,0.0318,0.945,0,USR-090_2025-08-31,text-embedding-3-large,3072
USR-090,2025-09-07,1504.0,0.0162,0.036,0.955,2,USR-090_2025-09-07,text-embedding-3-large,3072
USR-090,2025-09-14,1712.6,0.0132,0.0253,0.902,3,USR-090_2025-09-14,text-embedding-3-large,3072
USR-090,2025-09-21,1616.4,0.0182,0.0283,0.926,0,USR-090_2025-09-21,text-embedding-3-large,3072
USR-090,2025-09-28,1634.0,0.015,0.0307,0.952,0,USR-090_2025-09-28,text-embedding-3-large,3072
USR-090,2025-10-05,1698.4,0.0152,0.0328,0.94,1,USR-090_2025-10-05,text-embedding-3-large,3072
USR-090,2025-10-12,1668.8,0.0133,0.0289,0.985,1,USR-090_2025-10-12,text-embedding-3-large,3072
USR-090,2025-10-19,1549.2,0.0185,0.0319,0.934,1,USR-090_2025-10-19,text-embedding-3-large,3072
USR-090,2025-10-26,1418.3,0.0175,0.031,0.902,2,USR-090_2025-10-26,text-embedding-3-large,3072
USR-090,2025-11-02,1670.1,0.0189,0.0273,0.935,1,USR-090_2025-11-02,text-embedding-3-large,3072
USR-090,2025-11-09,1649.9,0.0186,0.0315,0.952,1,USR-090_2025-11-09,text-embedding-3-large,3072
USR-090,2025-11-16,1533.2,0.0154,0.0142,0.934,0,USR-090_2025-11-16,text-embedding-3-large,3072
USR-090,2025-11-23,1571.2,0.0141,0.0337,0.905,0,USR-090_2025-11-23,text-embedding-3-large,3072
USR-090,2025-11-30,1588.4,0.0188,0.0293,0.945,0,USR-090_2025-11-30,text-embedding-3-large,3072
USR-090,2025-12-07,1546.1,0.0163,0.0288,0.941,0,USR-090_2025-12-07,text-embedding-3-large,3072
USR-090,2025-12-14,1586.5,0.0196,0.0302,0.907,3,USR-090_2025-12-14,text-embedding-3-large,3072
USR-090,2025-12-21,1690.8,0.0191,0.0278,0.903,0,USR-090_2025-12-21,text-embedding-3-large,3072
USR-090,2025-12-28,1421.0,0.0179,0.0322,0.895,0,USR-090_2025-12-28,text-embedding-3-large,3072
USR-090,2026-01-04,1552.2,0.0193,0.0335,0.976,2,USR-090_2026-01-04,text-embedding-3-large,3072
USR-090,2026-01-11,1678.4,0.0131,0.0311,0.928,2,USR-090_2026-01-11,text-embedding-3-large,3072
USR-090,2026-01-18,1359.6,0.0191,0.0349,0.896,2,USR-090_2026-01-18,text-embedding-3-large,3072
USR-090,2026-01-25,1604.4,0.0187,0.0271,0.872,0,USR-090_2026-01-25,text-embedding-3-large,3072
USR-090,2026-02-01,1426.3,0.0139,0.035,0.99,2,USR-090_2026-02-01,text-embedding-3-large,3072
USR-090,2026-02-08,1612.6,0.0168,0.0385,0.89,2,USR-090_2026-02-08,text-embedding-3-large,3072
USR-090,2026-02-15,1650.3,0.0155,0.0283,0.926,1,USR-090_2026-02-15,text-embedding-3-large,3072
USR-090,2026-02-22,1818.2,0.0139,0.0239,0.957,0,USR-090_2026-02-22,text-embedding-3-large,3072
USR-090,2026-03-01,1705.0,0.0138,0.0284,0.951,3,USR-090_2026-03-01,text-embedding-3-large,3072
USR-090,2026-03-08,1658.4,0.0165,0.0299,0.899,2,USR-090_2026-03-08,text-embedding-3-large,3072
USR-090,2026-03-15,1672.3,0.0152,0.0306,0.941,1,USR-090_2026-03-15,text-embedding-3-large,3072
USR-090,2026-03-22,1541.7,0.016,0.0314,0.935,1,USR-090_2026-03-22,text-embedding-3-large,3072
USR-090,2026-03-29,1653.9,0.0163,0.033,0.961,2,USR-090_2026-03-29,text-embedding-3-large,3072
USR-090,2026-04-05,1453.6,0.0144,0.03,0.984,0,USR-090_2026-04-05,text-embedding-3-large,3072
USR-090,2026-04-12,1615.7,0.017,0.0297,0.934,1,USR-090_2026-04-12,text-embedding-3-large,3072
USR-090,2026-04-19,1550.9,0.0145,0.0387,0.934,1,USR-090_2026-04-19,text-embedding-3-large,3072
USR-090,2026-04-26,1576.1,0.0126,0.0241,0.933,2,USR-090_2026-04-26,text-embedding-3-large,3072
USR-090,2026-05-03,1618.6,0.0158,0.027,0.943,0,USR-090_2026-05-03,text-embedding-3-large,3072
USR-090,2026-05-10,1471.8,0.0166,0.0298,0.928,2,USR-090_2026-05-10,text-embedding-3-large,3072
USR-090,2026-05-17,1478.6,0.0162,0.0288,0.919,1,USR-090_2026-05-17,text-embedding-3-large,3072
USR-090,2026-05-24,1572.1,0.0175,0.0282,0.935,1,USR-090_2026-05-24,text-embedding-3-large,3072
USR-090,2026-05-31,1542.6,0.0167,0.0313,0.941,0,USR-090_2026-05-31,text-embedding-3-large,3072
USR-090,2026-06-07,1488.5,0.0154,0.0265,0.93,1,USR-090_2026-06-07,text-embedding-3-large,3072
USR-090,2026-06-14,1602.8,0.0153,0.0295,0.94,2,USR-090_2026-06-14,text-embedding-3-large,3072
USR-090,2026-06-21,1615.0,0.0127,0.0283,0.917,1,USR-090_2026-06-21,text-embedding-3-large,3072
USR-091,2025-06-29,1616.3,0.0254,0.0642,0.939,1,USR-091_2025-06-29,text-embedding-3-large,3072
USR-091,2025-07-06,1467.3,0.0285,0.0675,0.918,1,USR-091_2025-07-06,text-embedding-3-large,3072
USR-091,2025-07-13,1641.1,0.0274,0.0676,0.971,0,USR-091_2025-07-13,text-embedding-3-large,3072
USR-091,2025-07-20,1415.7,0.0297,0.0606,0.915,0,USR-091_2025-07-20,text-embedding-3-large,3072
USR-091,2025-07-27,1262.4,0.0295,0.0511,0.93,3,USR-091_2025-07-27,text-embedding-3-large,3072
USR-091,2025-08-03,1500.5,0.0227,0.045,0.923,0,USR-091_2025-08-03,text-embedding-3-large,3072
USR-091,2025-08-10,1582.3,0.0166,0.0545,0.99,1,USR-091_2025-08-10,text-embedding-3-large,3072
USR-091,2025-08-17,1554.3,0.0248,0.0611,0.964,1,USR-091_2025-08-17,text-embedding-3-large,3072
USR-091,2025-08-24,1566.5,0.0244,0.0524,0.904,2,USR-091_2025-08-24,text-embedding-3-large,3072
USR-091,2025-08-31,1582.3,0.0275,0.0596,0.902,1,USR-091_2025-08-31,text-embedding-3-large,3072
USR-091,2025-09-07,1398.6,0.0204,0.0642,0.929,0,USR-091_2025-09-07,text-embedding-3-large,3072
USR-091,2025-09-14,1716.7,0.0219,0.0581,0.921,1,USR-091_2025-09-14,text-embedding-3-large,3072
USR-091,2025-09-21,1586.2,0.0244,0.0778,0.937,3,USR-091_2025-09-21,text-embedding-3-large,3072
USR-091,2025-09-28,1517.8,0.0244,0.0645,0.878,1,USR-091_2025-09-28,text-embedding-3-large,3072
USR-091,2025-10-05,1495.4,0.0247,0.0561,0.99,1,USR-091_2025-10-05,text-embedding-3-large,3072
USR-091,2025-10-12,1454.0,0.0212,0.0565,0.929,1,USR-091_2025-10-12,text-embedding-3-large,3072
USR-091,2025-10-19,1542.3,0.0243,0.0493,0.919,1,USR-091_2025-10-19,text-embedding-3-large,3072
USR-091,2025-10-26,1505.7,0.0223,0.0442,0.88,0,USR-091_2025-10-26,text-embedding-3-large,3072
USR-091,2025-11-02,1607.9,0.0275,0.0487,0.973,1,USR-091_2025-11-02,text-embedding-3-large,3072
USR-091,2025-11-09,1424.0,0.024,0.0628,0.96,1,USR-091_2025-11-09,text-embedding-3-large,3072
USR-091,2025-11-16,1533.7,0.0194,0.0684,0.925,0,USR-091_2025-11-16,text-embedding-3-large,3072
USR-091,2025-11-23,1525.7,0.0251,0.0549,0.915,1,USR-091_2025-11-23,text-embedding-3-large,3072
USR-091,2025-11-30,1587.2,0.0217,0.0696,0.882,2,USR-091_2025-11-30,text-embedding-3-large,3072
USR-091,2025-12-07,1632.4,0.0173,0.0627,0.877,0,USR-091_2025-12-07,text-embedding-3-large,3072
USR-091,2025-12-14,1583.4,0.0278,0.0629,0.973,1,USR-091_2025-12-14,text-embedding-3-large,3072
USR-091,2025-12-21,1457.4,0.0262,0.0561,0.951,2,USR-091_2025-12-21,text-embedding-3-large,3072
USR-091,2025-12-28,1461.0,0.0262,0.0513,0.883,1,USR-091_2025-12-28,text-embedding-3-large,3072
USR-091,2026-01-04,1458.0,0.0249,0.0671,0.934,1,USR-091_2026-01-04,text-embedding-3-large,3072
USR-091,2026-01-11,1568.8,0.0241,0.0497,0.947,1,USR-091_2026-01-11,text-embedding-3-large,3072
USR-091,2026-01-18,1408.7,0.0245,0.0688,0.929,1,USR-091_2026-01-18,text-embedding-3-large,3072
USR-091,2026-01-25,1464.8,0.0248,0.0633,0.928,1,USR-091_2026-01-25,text-embedding-3-large,3072
USR-091,2026-02-01,1736.8,0.0237,0.0727,0.945,0,USR-091_2026-02-01,text-embedding-3-large,3072
USR-091,2026-02-08,1491.0,0.0281,0.0591,0.936,1,USR-091_2026-02-08,text-embedding-3-large,3072
USR-091,2026-02-15,1522.6,0.0224,0.0734,0.95,1,USR-091_2026-02-15,text-embedding-3-large,3072
USR-091,2026-02-22,1556.1,0.0268,0.052,0.878,1,USR-091_2026-02-22,text-embedding-3-large,3072
USR-091,2026-03-01,1617.1,0.0219,0.0612,0.969,1,USR-091_2026-03-01,text-embedding-3-large,3072
USR-091,2026-03-08,1416.4,0.0234,0.0482,0.932,1,USR-091_2026-03-08,text-embedding-3-large,3072
USR-091,2026-03-15,1425.0,0.0251,0.0753,0.953,0,USR-091_2026-03-15,text-embedding-3-large,3072
USR-091,2026-03-22,1720.6,0.0302,0.0714,0.936,2,USR-091_2026-03-22,text-embedding-3-large,3072
USR-091,2026-03-29,1389.3,0.0243,0.0507,0.982,1,USR-091_2026-03-29,text-embedding-3-large,3072
USR-091,2026-04-05,1609.5,0.0234,0.0485,0.901,3,USR-091_2026-04-05,text-embedding-3-large,3072
USR-091,2026-04-12,1629.3,0.0221,0.06,0.915,0,USR-091_2026-04-12,text-embedding-3-large,3072
USR-091,2026-04-19,1463.4,0.0219,0.0627,0.953,2,USR-091_2026-04-19,text-embedding-3-large,3072
USR-091,2026-04-26,1585.2,0.0263,0.0661,0.943,1,USR-091_2026-04-26,text-embedding-3-large,3072
USR-091,2026-05-03,1560.5,0.0269,0.0771,0.977,0,USR-091_2026-05-03,text-embedding-3-large,3072
USR-091,2026-05-10,1488.0,0.0263,0.0709,0.914,0,USR-091_2026-05-10,text-embedding-3-large,3072
USR-091,2026-05-17,1609.3,0.0257,0.0558,0.927,0,USR-091_2026-05-17,text-embedding-3-large,3072
USR-091,2026-05-24,1496.3,0.0262,0.0528,0.974,3,USR-091_2026-05-24,text-embedding-3-large,3072
USR-091,2026-05-31,1566.4,0.019,0.0719,0.918,1,USR-091_2026-05-31,text-embedding-3-large,3072
USR-091,2026-06-07,1480.5,0.0232,0.0623,0.899,1,USR-091_2026-06-07,text-embedding-3-large,3072
USR-091,2026-06-14,1403.9,0.0254,0.0588,0.951,0,USR-091_2026-06-14,text-embedding-3-large,3072
USR-091,2026-06-21,1669.3,0.0253,0.0627,0.943,1,USR-091_2026-06-21,text-embedding-3-large,3072
USR-092,2025-06-29,1309.5,0.0183,0.0349,0.988,6,USR-092_2025-06-29,text-embedding-3-large,3072
USR-092,2025-07-06,1342.1,0.0196,0.0442,0.94,5,USR-092_2025-07-06,text-embedding-3-large,3072
USR-092,2025-07-13,1193.4,0.0196,0.0313,0.899,4,USR-092_2025-07-13,text-embedding-3-large,3072
USR-092,2025-07-20,1322.8,0.0198,0.0317,0.938,1,USR-092_2025-07-20,text-embedding-3-large,3072
USR-092,2025-07-27,1261.8,0.0158,0.0414,0.939,4,USR-092_2025-07-27,text-embedding-3-large,3072
USR-092,2025-08-03,1230.0,0.0199,0.0337,0.922,2,USR-092_2025-08-03,text-embedding-3-large,3072
USR-092,2025-08-10,1239.9,0.0191,0.0462,0.962,3,USR-092_2025-08-10,text-embedding-3-large,3072
USR-092,2025-08-17,1393.8,0.0183,0.0395,0.924,2,USR-092_2025-08-17,text-embedding-3-large,3072
USR-092,2025-08-24,1236.7,0.0196,0.0453,0.911,2,USR-092_2025-08-24,text-embedding-3-large,3072
USR-092,2025-08-31,1282.0,0.0194,0.0455,0.945,2,USR-092_2025-08-31,text-embedding-3-large,3072
USR-092,2025-09-07,1171.2,0.0201,0.04,0.956,1,USR-092_2025-09-07,text-embedding-3-large,3072
USR-092,2025-09-14,1267.5,0.0184,0.0437,0.929,2,USR-092_2025-09-14,text-embedding-3-large,3072
USR-092,2025-09-21,1450.8,0.0197,0.0397,0.959,1,USR-092_2025-09-21,text-embedding-3-large,3072
USR-092,2025-09-28,1330.0,0.0196,0.0379,0.964,3,USR-092_2025-09-28,text-embedding-3-large,3072
USR-092,2025-10-05,1310.8,0.0144,0.0472,0.885,3,USR-092_2025-10-05,text-embedding-3-large,3072
USR-092,2025-10-12,1439.5,0.0187,0.0439,0.964,4,USR-092_2025-10-12,text-embedding-3-large,3072
USR-092,2025-10-19,1256.9,0.0187,0.0436,0.923,4,USR-092_2025-10-19,text-embedding-3-large,3072
USR-092,2025-10-26,1435.1,0.018,0.0419,0.901,3,USR-092_2025-10-26,text-embedding-3-large,3072
USR-092,2025-11-02,1271.5,0.0161,0.0484,0.924,1,USR-092_2025-11-02,text-embedding-3-large,3072
USR-092,2025-11-09,1237.8,0.0196,0.0304,0.939,1,USR-092_2025-11-09,text-embedding-3-large,3072
USR-092,2025-11-16,1348.5,0.0152,0.049,0.949,3,USR-092_2025-11-16,text-embedding-3-large,3072
USR-092,2025-11-23,1363.7,0.0154,0.045,0.972,2,USR-092_2025-11-23,text-embedding-3-large,3072
USR-092,2025-11-30,1237.5,0.0149,0.0306,0.926,2,USR-092_2025-11-30,text-embedding-3-large,3072
USR-092,2025-12-07,1323.3,0.0176,0.0394,0.941,3,USR-092_2025-12-07,text-embedding-3-large,3072
USR-092,2025-12-14,1421.3,0.0229,0.0413,0.924,2,USR-092_2025-12-14,text-embedding-3-large,3072
USR-092,2025-12-21,1292.0,0.0212,0.0376,0.936,3,USR-092_2025-12-21,text-embedding-3-large,3072
USR-092,2025-12-28,1278.4,0.0158,0.0357,0.99,6,USR-092_2025-12-28,text-embedding-3-large,3072
USR-092,2026-01-04,1401.1,0.0155,0.0332,0.965,10,USR-092_2026-01-04,text-embedding-3-large,3072
USR-092,2026-01-11,1315.3,0.02,0.0339,0.937,1,USR-092_2026-01-11,text-embedding-3-large,3072
USR-092,2026-01-18,1281.7,0.0179,0.0412,0.951,5,USR-092_2026-01-18,text-embedding-3-large,3072
USR-092,2026-01-25,1324.5,0.0213,0.0425,0.948,3,USR-092_2026-01-25,text-embedding-3-large,3072
USR-092,2026-02-01,1316.3,0.0162,0.0372,0.947,1,USR-092_2026-02-01,text-embedding-3-large,3072
USR-092,2026-02-08,1282.3,0.0192,0.0362,0.944,3,USR-092_2026-02-08,text-embedding-3-large,3072
USR-092,2026-02-15,1327.3,0.022,0.0249,0.947,3,USR-092_2026-02-15,text-embedding-3-large,3072
USR-092,2026-02-22,1283.5,0.0132,0.0415,0.909,3,USR-092_2026-02-22,text-embedding-3-large,3072
USR-092,2026-03-01,1449.7,0.0175,0.0432,0.962,2,USR-092_2026-03-01,text-embedding-3-large,3072
USR-092,2026-03-08,1275.9,0.0195,0.0336,0.956,3,USR-092_2026-03-08,text-embedding-3-large,3072
USR-092,2026-03-15,1377.1,0.0189,0.0379,0.95,2,USR-092_2026-03-15,text-embedding-3-large,3072
USR-092,2026-03-22,1340.6,0.0164,0.0393,0.925,4,USR-092_2026-03-22,text-embedding-3-large,3072
USR-092,2026-03-29,1291.1,0.0198,0.0409,0.958,2,USR-092_2026-03-29,text-embedding-3-large,3072
USR-092,2026-04-05,1382.3,0.0161,0.0433,0.923,3,USR-092_2026-04-05,text-embedding-3-large,3072
USR-092,2026-04-12,1249.3,0.0211,0.046,0.941,6,USR-092_2026-04-12,text-embedding-3-large,3072
USR-092,2026-04-19,1204.8,0.0181,0.0391,0.962,1,USR-092_2026-04-19,text-embedding-3-large,3072
USR-092,2026-04-26,1359.5,0.0155,0.045,0.938,2,USR-092_2026-04-26,text-embedding-3-large,3072
USR-092,2026-05-03,1290.9,0.0159,0.0385,0.965,4,USR-092_2026-05-03,text-embedding-3-large,3072
USR-092,2026-05-10,1375.1,0.0188,0.042,0.914,2,USR-092_2026-05-10,text-embedding-3-large,3072
USR-092,2026-05-17,1264.3,0.0194,0.0386,0.982,3,USR-092_2026-05-17,text-embedding-3-large,3072
USR-092,2026-05-24,1165.8,0.0147,0.0394,0.934,1,USR-092_2026-05-24,text-embedding-3-large,3072
USR-092,2026-05-31,1323.1,0.0191,0.0434,0.91,3,USR-092_2026-05-31,text-embedding-3-large,3072
USR-092,2026-06-07,1394.3,0.0141,0.0287,0.948,3,USR-092_2026-06-07,text-embedding-3-large,3072
USR-092,2026-06-14,1186.7,0.0226,0.0578,0.903,3,USR-092_2026-06-14,text-embedding-3-large,3072
USR-092,2026-06-21,1332.1,0.0168,0.0431,0.936,0,USR-092_2026-06-21,text-embedding-3-large,3072
USR-093,2025-06-29,1223.6,0.0161,0.0934,0.965,1,USR-093_2025-06-29,text-embedding-3-large,3072
USR-093,2025-07-06,1241.0,0.0187,0.0961,0.933,1,USR-093_2025-07-06,text-embedding-3-large,3072
USR-093,2025-07-13,1154.0,0.0137,0.0782,0.961,0,USR-093_2025-07-13,text-embedding-3-large,3072
USR-093,2025-07-20,1269.3,0.0143,0.0733,0.956,0,USR-093_2025-07-20,text-embedding-3-large,3072
USR-093,2025-07-27,1213.7,0.0176,0.0793,0.978,2,USR-093_2025-07-27,text-embedding-3-large,3072
USR-093,2025-08-03,1187.1,0.0175,0.0837,0.927,0,USR-093_2025-08-03,text-embedding-3-large,3072
USR-093,2025-08-10,1091.3,0.0141,0.0817,0.909,2,USR-093_2025-08-10,text-embedding-3-large,3072
USR-093,2025-08-17,1162.8,0.0147,0.0775,0.931,1,USR-093_2025-08-17,text-embedding-3-large,3072
USR-093,2025-08-24,1116.0,0.0139,0.0747,0.895,1,USR-093_2025-08-24,text-embedding-3-large,3072
USR-093,2025-08-31,1202.6,0.0162,0.0845,0.914,2,USR-093_2025-08-31,text-embedding-3-large,3072
USR-093,2025-09-07,1204.3,0.0149,0.0794,0.92,5,USR-093_2025-09-07,text-embedding-3-large,3072
USR-093,2025-09-14,1093.1,0.0147,0.0637,0.907,0,USR-093_2025-09-14,text-embedding-3-large,3072
USR-093,2025-09-21,1174.1,0.015,0.1026,0.946,1,USR-093_2025-09-21,text-embedding-3-large,3072
USR-093,2025-09-28,1175.8,0.0158,0.0627,0.99,2,USR-093_2025-09-28,text-embedding-3-large,3072
USR-093,2025-10-05,1244.7,0.0171,0.0872,0.957,0,USR-093_2025-10-05,text-embedding-3-large,3072
USR-093,2025-10-12,1099.0,0.0181,0.0847,0.955,2,USR-093_2025-10-12,text-embedding-3-large,3072
USR-093,2025-10-19,977.3,0.0123,0.0814,0.907,3,USR-093_2025-10-19,text-embedding-3-large,3072
USR-093,2025-10-26,1118.3,0.0166,0.0789,0.901,0,USR-093_2025-10-26,text-embedding-3-large,3072
USR-093,2025-11-02,1221.3,0.0178,0.0667,0.93,1,USR-093_2025-11-02,text-embedding-3-large,3072
USR-093,2025-11-09,1139.0,0.0151,0.0679,0.964,1,USR-093_2025-11-09,text-embedding-3-large,3072
USR-093,2025-11-16,1232.7,0.0159,0.0692,0.958,0,USR-093_2025-11-16,text-embedding-3-large,3072
USR-093,2025-11-23,1227.5,0.012,0.0786,0.952,1,USR-093_2025-11-23,text-embedding-3-large,3072
USR-093,2025-11-30,1206.0,0.0135,0.0708,0.932,0,USR-093_2025-11-30,text-embedding-3-large,3072
USR-093,2025-12-07,1161.3,0.0147,0.0934,0.926,1,USR-093_2025-12-07,text-embedding-3-large,3072
USR-093,2025-12-14,1104.6,0.014,0.0877,0.966,0,USR-093_2025-12-14,text-embedding-3-large,3072
USR-093,2025-12-21,1235.7,0.0117,0.1002,0.973,0,USR-093_2025-12-21,text-embedding-3-large,3072
USR-093,2025-12-28,1124.6,0.0156,0.0956,0.941,0,USR-093_2025-12-28,text-embedding-3-large,3072
USR-093,2026-01-04,1146.6,0.0154,0.0772,0.925,1,USR-093_2026-01-04,text-embedding-3-large,3072
USR-093,2026-01-11,1142.5,0.0143,0.0712,0.951,1,USR-093_2026-01-11,text-embedding-3-large,3072
USR-093,2026-01-18,1208.9,0.0129,0.0762,0.944,0,USR-093_2026-01-18,text-embedding-3-large,3072
USR-093,2026-01-25,1146.2,0.0161,0.0612,0.942,1,USR-093_2026-01-25,text-embedding-3-large,3072
USR-093,2026-02-01,1115.5,0.0149,0.0687,0.93,1,USR-093_2026-02-01,text-embedding-3-large,3072
USR-093,2026-02-08,1132.3,0.0125,0.0767,0.902,1,USR-093_2026-02-08,text-embedding-3-large,3072
USR-093,2026-02-15,1126.8,0.0165,0.0994,0.903,2,USR-093_2026-02-15,text-embedding-3-large,3072
USR-093,2026-02-22,1207.2,0.0137,0.0718,0.961,2,USR-093_2026-02-22,text-embedding-3-large,3072
USR-093,2026-03-01,1211.2,0.0164,0.089,0.933,0,USR-093_2026-03-01,text-embedding-3-large,3072
USR-093,2026-03-08,1156.6,0.0132,0.088,0.956,2,USR-093_2026-03-08,text-embedding-3-large,3072
USR-093,2026-03-15,1178.0,0.0129,0.0712,0.962,2,USR-093_2026-03-15,text-embedding-3-large,3072
USR-093,2026-03-22,1168.0,0.0146,0.0781,0.98,3,USR-093_2026-03-22,text-embedding-3-large,3072
USR-093,2026-03-29,1175.8,0.0151,0.0646,0.937,0,USR-093_2026-03-29,text-embedding-3-large,3072
USR-093,2026-04-05,1126.2,0.015,0.0709,0.959,0,USR-093_2026-04-05,text-embedding-3-large,3072
USR-093,2026-04-12,1215.5,0.0166,0.0803,0.964,2,USR-093_2026-04-12,text-embedding-3-large,3072
USR-093,2026-04-19,1079.9,0.0133,0.1066,0.946,0,USR-093_2026-04-19,text-embedding-3-large,3072
USR-093,2026-04-26,1225.3,0.0199,0.0826,0.966,0,USR-093_2026-04-26,text-embedding-3-large,3072
USR-093,2026-05-03,1198.2,0.014,0.0635,0.924,2,USR-093_2026-05-03,text-embedding-3-large,3072
USR-093,2026-05-10,1322.8,0.0156,0.0788,0.951,1,USR-093_2026-05-10,text-embedding-3-large,3072
USR-093,2026-05-17,1143.6,0.0145,0.0557,0.926,1,USR-093_2026-05-17,text-embedding-3-large,3072
USR-093,2026-05-24,1013.9,0.0146,0.0686,0.978,1,USR-093_2026-05-24,text-embedding-3-large,3072
USR-093,2026-05-31,1325.7,0.0144,0.0493,0.99,2,USR-093_2026-05-31,text-embedding-3-large,3072
USR-093,2026-06-07,1105.6,0.0153,0.0931,0.931,0,USR-093_2026-06-07,text-embedding-3-large,3072
USR-093,2026-06-14,1255.3,0.0132,0.0908,0.914,0,USR-093_2026-06-14,text-embedding-3-large,3072
USR-093,2026-06-21,1211.4,0.0133,0.0918,0.947,0,USR-093_2026-06-21,text-embedding-3-large,3072
USR-094,2025-06-29,2268.3,0.0158,0.0324,0.879,0,USR-094_2025-06-29,text-embedding-3-large,3072
USR-094,2025-07-06,2267.8,0.0138,0.0306,0.954,0,USR-094_2025-07-06,text-embedding-3-large,3072
USR-094,2025-07-13,2387.8,0.0185,0.035,0.957,2,USR-094_2025-07-13,text-embedding-3-large,3072
USR-094,2025-07-20,2392.6,0.0152,0.0269,0.96,0,USR-094_2025-07-20,text-embedding-3-large,3072
USR-094,2025-07-27,2426.2,0.0186,0.027,0.932,2,USR-094_2025-07-27,text-embedding-3-large,3072
USR-094,2025-08-03,2319.1,0.0148,0.0336,0.915,0,USR-094_2025-08-03,text-embedding-3-large,3072
USR-094,2025-08-10,2186.5,0.014,0.0389,0.91,0,USR-094_2025-08-10,text-embedding-3-large,3072
USR-094,2025-08-17,2324.0,0.0142,0.0306,0.874,3,USR-094_2025-08-17,text-embedding-3-large,3072
USR-094,2025-08-24,2123.6,0.0155,0.0239,0.983,3,USR-094_2025-08-24,text-embedding-3-large,3072
USR-094,2025-08-31,2403.7,0.0147,0.0354,0.894,0,USR-094_2025-08-31,text-embedding-3-large,3072
USR-094,2025-09-07,2240.3,0.0154,0.0297,0.929,1,USR-094_2025-09-07,text-embedding-3-large,3072
USR-094,2025-09-14,2365.8,0.0175,0.0376,0.954,0,USR-094_2025-09-14,text-embedding-3-large,3072
USR-094,2025-09-21,2272.4,0.0186,0.0347,0.929,0,USR-094_2025-09-21,text-embedding-3-large,3072
USR-094,2025-09-28,2356.1,0.0175,0.0276,0.955,2,USR-094_2025-09-28,text-embedding-3-large,3072
USR-094,2025-10-05,2464.2,0.0164,0.0358,0.976,0,USR-094_2025-10-05,text-embedding-3-large,3072
USR-094,2025-10-12,2343.6,0.0157,0.0265,0.944,2,USR-094_2025-10-12,text-embedding-3-large,3072
USR-094,2025-10-19,2207.5,0.0168,0.0315,0.935,2,USR-094_2025-10-19,text-embedding-3-large,3072
USR-094,2025-10-26,2256.2,0.0122,0.0375,0.99,2,USR-094_2025-10-26,text-embedding-3-large,3072
USR-094,2025-11-02,2411.6,0.0152,0.0276,0.938,1,USR-094_2025-11-02,text-embedding-3-large,3072
USR-094,2025-11-09,2325.8,0.0147,0.025,0.974,2,USR-094_2025-11-09,text-embedding-3-large,3072
USR-094,2025-11-16,2446.8,0.0144,0.0264,0.925,0,USR-094_2025-11-16,text-embedding-3-large,3072
USR-094,2025-11-23,2114.5,0.0162,0.0325,0.947,0,USR-094_2025-11-23,text-embedding-3-large,3072
USR-094,2025-11-30,2164.2,0.0156,0.0351,0.946,2,USR-094_2025-11-30,text-embedding-3-large,3072
USR-094,2025-12-07,2258.7,0.0179,0.0345,0.966,1,USR-094_2025-12-07,text-embedding-3-large,3072
USR-094,2025-12-14,2384.0,0.0151,0.029,0.916,1,USR-094_2025-12-14,text-embedding-3-large,3072
USR-094,2025-12-21,2506.7,0.0154,0.0335,0.925,0,USR-094_2025-12-21,text-embedding-3-large,3072
USR-094,2025-12-28,2403.7,0.0156,0.0238,0.948,0,USR-094_2025-12-28,text-embedding-3-large,3072
USR-094,2026-01-04,2061.6,0.014,0.0325,0.926,3,USR-094_2026-01-04,text-embedding-3-large,3072
USR-094,2026-01-11,2336.2,0.0158,0.0303,0.948,1,USR-094_2026-01-11,text-embedding-3-large,3072
USR-094,2026-01-18,2361.6,0.0188,0.031,0.936,3,USR-094_2026-01-18,text-embedding-3-large,3072
USR-094,2026-01-25,2337.7,0.0149,0.0265,0.899,0,USR-094_2026-01-25,text-embedding-3-large,3072
USR-094,2026-02-01,2099.8,0.0143,0.0345,0.921,3,USR-094_2026-02-01,text-embedding-3-large,3072
USR-094,2026-02-08,2378.6,0.0134,0.0239,0.94,1,USR-094_2026-02-08,text-embedding-3-large,3072
USR-094,2026-02-15,2253.4,0.0151,0.0342,0.926,0,USR-094_2026-02-15,text-embedding-3-large,3072
USR-094,2026-02-22,2356.6,0.0162,0.0244,0.941,2,USR-094_2026-02-22,text-embedding-3-large,3072
USR-094,2026-03-01,2191.9,0.015,0.0307,0.957,0,USR-094_2026-03-01,text-embedding-3-large,3072
USR-094,2026-03-08,2179.0,0.0189,0.0249,0.94,1,USR-094_2026-03-08,text-embedding-3-large,3072
USR-094,2026-03-15,2514.7,0.0179,0.0275,0.896,0,USR-094_2026-03-15,text-embedding-3-large,3072
USR-094,2026-03-22,2457.1,0.0145,0.0328,0.984,0,USR-094_2026-03-22,text-embedding-3-large,3072
USR-094,2026-03-29,2236.0,0.0162,0.0299,0.916,2,USR-094_2026-03-29,text-embedding-3-large,3072
USR-094,2026-04-05,2312.4,0.0188,0.0253,0.93,1,USR-094_2026-04-05,text-embedding-3-large,3072
USR-094,2026-04-12,2255.4,0.0167,0.0353,0.922,0,USR-094_2026-04-12,text-embedding-3-large,3072
USR-094,2026-04-19,2125.9,0.0149,0.0286,0.94,1,USR-094_2026-04-19,text-embedding-3-large,3072
USR-094,2026-04-26,2144.6,0.0163,0.0266,0.919,3,USR-094_2026-04-26,text-embedding-3-large,3072
USR-094,2026-05-03,2165.3,0.0141,0.0296,0.969,1,USR-094_2026-05-03,text-embedding-3-large,3072
USR-094,2026-05-10,2355.1,0.015,0.0233,0.957,1,USR-094_2026-05-10,text-embedding-3-large,3072
USR-094,2026-05-17,2153.3,0.0177,0.0293,0.958,0,USR-094_2026-05-17,text-embedding-3-large,3072
USR-094,2026-05-24,2319.6,0.0187,0.0366,0.904,1,USR-094_2026-05-24,text-embedding-3-large,3072
USR-094,2026-05-31,2080.7,0.016,0.0368,0.932,2,USR-094_2026-05-31,text-embedding-3-large,3072
USR-094,2026-06-07,2330.2,0.0202,0.0345,0.892,1,USR-094_2026-06-07,text-embedding-3-large,3072
USR-094,2026-06-14,2174.0,0.0166,0.0309,0.965,1,USR-094_2026-06-14,text-embedding-3-large,3072
USR-094,2026-06-21,2497.1,0.0151,0.031,0.905,1,USR-094_2026-06-21,text-embedding-3-large,3072
USR-095,2025-06-29,963.4,0.0201,0.0764,0.952,2,USR-095_2025-06-29,text-embedding-3-large,3072
USR-095,2025-07-06,1063.4,0.0213,0.0777,0.976,4,USR-095_2025-07-06,text-embedding-3-large,3072
USR-095,2025-07-13,1053.2,0.0211,0.0818,0.935,0,USR-095_2025-07-13,text-embedding-3-large,3072
USR-095,2025-07-20,1132.6,0.0222,0.0789,0.99,0,USR-095_2025-07-20,text-embedding-3-large,3072
USR-095,2025-07-27,1057.9,0.02,0.0658,0.958,0,USR-095_2025-07-27,text-embedding-3-large,3072
USR-095,2025-08-03,1005.7,0.0217,0.0774,0.872,1,USR-095_2025-08-03,text-embedding-3-large,3072
USR-095,2025-08-10,930.4,0.0236,0.0836,0.901,1,USR-095_2025-08-10,text-embedding-3-large,3072
USR-095,2025-08-17,1060.5,0.0273,0.0663,0.901,0,USR-095_2025-08-17,text-embedding-3-large,3072
USR-095,2025-08-24,962.9,0.0217,0.0615,0.913,0,USR-095_2025-08-24,text-embedding-3-large,3072
USR-095,2025-08-31,1109.1,0.0206,0.0571,0.987,0,USR-095_2025-08-31,text-embedding-3-large,3072
USR-095,2025-09-07,1012.0,0.0213,0.0602,0.953,1,USR-095_2025-09-07,text-embedding-3-large,3072
USR-095,2025-09-14,1102.8,0.0233,0.0795,0.934,0,USR-095_2025-09-14,text-embedding-3-large,3072
USR-095,2025-09-21,1083.4,0.02,0.069,0.945,1,USR-095_2025-09-21,text-embedding-3-large,3072
USR-095,2025-09-28,1101.9,0.0182,0.0603,0.957,0,USR-095_2025-09-28,text-embedding-3-large,3072
USR-095,2025-10-05,1084.0,0.0192,0.0649,0.972,0,USR-095_2025-10-05,text-embedding-3-large,3072
USR-095,2025-10-12,1133.1,0.0257,0.073,0.954,0,USR-095_2025-10-12,text-embedding-3-large,3072
USR-095,2025-10-19,1031.1,0.0249,0.084,0.879,1,USR-095_2025-10-19,text-embedding-3-large,3072
USR-095,2025-10-26,1105.6,0.0253,0.0691,0.958,2,USR-095_2025-10-26,text-embedding-3-large,3072
USR-095,2025-11-02,1045.0,0.0204,0.0716,0.921,2,USR-095_2025-11-02,text-embedding-3-large,3072
USR-095,2025-11-09,1224.5,0.0254,0.0843,0.947,1,USR-095_2025-11-09,text-embedding-3-large,3072
USR-095,2025-11-16,1119.8,0.02,0.075,0.918,0,USR-095_2025-11-16,text-embedding-3-large,3072
USR-095,2025-11-23,1050.6,0.0216,0.0707,0.895,2,USR-095_2025-11-23,text-embedding-3-large,3072
USR-095,2025-11-30,1112.1,0.0195,0.052,0.96,0,USR-095_2025-11-30,text-embedding-3-large,3072
USR-095,2025-12-07,986.9,0.0162,0.0737,0.92,0,USR-095_2025-12-07,text-embedding-3-large,3072
USR-095,2025-12-14,986.2,0.0209,0.0649,0.92,0,USR-095_2025-12-14,text-embedding-3-large,3072
USR-095,2025-12-21,997.2,0.0252,0.0742,0.885,1,USR-095_2025-12-21,text-embedding-3-large,3072
USR-095,2025-12-28,986.7,0.0199,0.0708,0.99,2,USR-095_2025-12-28,text-embedding-3-large,3072
USR-095,2026-01-04,1087.2,0.0175,0.0569,0.99,0,USR-095_2026-01-04,text-embedding-3-large,3072
USR-095,2026-01-11,1014.5,0.0216,0.061,0.948,0,USR-095_2026-01-11,text-embedding-3-large,3072
USR-095,2026-01-18,1125.9,0.0197,0.0946,0.979,3,USR-095_2026-01-18,text-embedding-3-large,3072
USR-095,2026-01-25,1070.5,0.0242,0.0815,0.962,0,USR-095_2026-01-25,text-embedding-3-large,3072
USR-095,2026-02-01,1084.0,0.0178,0.0825,0.969,1,USR-095_2026-02-01,text-embedding-3-large,3072
USR-095,2026-02-08,979.3,0.02,0.0774,0.945,3,USR-095_2026-02-08,text-embedding-3-large,3072
USR-095,2026-02-15,989.1,0.0217,0.0627,0.916,1,USR-095_2026-02-15,text-embedding-3-large,3072
USR-095,2026-02-22,1021.4,0.0224,0.0882,0.931,1,USR-095_2026-02-22,text-embedding-3-large,3072
USR-095,2026-03-01,1095.8,0.0197,0.0737,0.962,0,USR-095_2026-03-01,text-embedding-3-large,3072
USR-095,2026-03-08,1014.6,0.0198,0.0633,0.97,0,USR-095_2026-03-08,text-embedding-3-large,3072
USR-095,2026-03-15,882.7,0.0197,0.0663,0.927,1,USR-095_2026-03-15,text-embedding-3-large,3072
USR-095,2026-03-22,1015.9,0.0234,0.0811,0.956,0,USR-095_2026-03-22,text-embedding-3-large,3072
USR-095,2026-03-29,1098.1,0.0238,0.0734,0.959,0,USR-095_2026-03-29,text-embedding-3-large,3072
USR-095,2026-04-05,1071.0,0.0233,0.065,0.897,1,USR-095_2026-04-05,text-embedding-3-large,3072
USR-095,2026-04-12,1081.9,0.0222,0.0723,0.922,1,USR-095_2026-04-12,text-embedding-3-large,3072
USR-095,2026-04-19,1072.8,0.0203,0.0794,0.895,0,USR-095_2026-04-19,text-embedding-3-large,3072
USR-095,2026-04-26,844.2,0.0231,0.0464,0.935,1,USR-095_2026-04-26,text-embedding-3-large,3072
USR-095,2026-05-03,1019.9,0.0177,0.0619,0.933,1,USR-095_2026-05-03,text-embedding-3-large,3072
USR-095,2026-05-10,1012.9,0.0215,0.0753,0.914,2,USR-095_2026-05-10,text-embedding-3-large,3072
USR-095,2026-05-17,980.0,0.0256,0.0615,0.936,2,USR-095_2026-05-17,text-embedding-3-large,3072
USR-095,2026-05-24,979.8,0.0192,0.0571,0.914,0,USR-095_2026-05-24,text-embedding-3-large,3072
USR-095,2026-05-31,981.1,0.0157,0.0802,0.973,0,USR-095_2026-05-31,text-embedding-3-large,3072
USR-095,2026-06-07,1171.3,0.0218,0.0721,0.961,0,USR-095_2026-06-07,text-embedding-3-large,3072
USR-095,2026-06-14,983.3,0.0171,0.0952,0.96,2,USR-095_2026-06-14,text-embedding-3-large,3072
USR-095,2026-06-21,1023.2,0.0242,0.0647,0.889,1,USR-095_2026-06-21,text-embedding-3-large,3072
USR-096,2025-06-29,1986.0,0.0188,0.0517,0.934,0,USR-096_2025-06-29,text-embedding-3-large,3072
USR-096,2025-07-06,1904.4,0.0148,0.0422,0.893,2,USR-096_2025-07-06,text-embedding-3-large,3072
USR-096,2025-07-13,2023.3,0.0202,0.0404,0.931,0,USR-096_2025-07-13,text-embedding-3-large,3072
USR-096,2025-07-20,1827.7,0.0138,0.0295,0.965,3,USR-096_2025-07-20,text-embedding-3-large,3072
USR-096,2025-07-27,1727.9,0.0153,0.0421,0.888,5,USR-096_2025-07-27,text-embedding-3-large,3072
USR-096,2025-08-03,2069.3,0.0169,0.0401,0.892,3,USR-096_2025-08-03,text-embedding-3-large,3072
USR-096,2025-08-10,1778.5,0.0168,0.0493,0.949,1,USR-096_2025-08-10,text-embedding-3-large,3072
USR-096,2025-08-17,2081.1,0.0162,0.0524,0.935,1,USR-096_2025-08-17,text-embedding-3-large,3072
USR-096,2025-08-24,1819.8,0.0198,0.0528,0.911,1,USR-096_2025-08-24,text-embedding-3-large,3072
USR-096,2025-08-31,1997.4,0.0174,0.0399,0.927,2,USR-096_2025-08-31,text-embedding-3-large,3072
USR-096,2025-09-07,2070.7,0.0188,0.0417,0.95,2,USR-096_2025-09-07,text-embedding-3-large,3072
USR-096,2025-09-14,1772.8,0.0184,0.0377,0.986,6,USR-096_2025-09-14,text-embedding-3-large,3072
USR-096,2025-09-21,1826.7,0.0161,0.0402,0.854,1,USR-096_2025-09-21,text-embedding-3-large,3072
USR-096,2025-09-28,2058.3,0.0208,0.0419,0.958,5,USR-096_2025-09-28,text-embedding-3-large,3072
USR-096,2025-10-05,1875.3,0.0155,0.043,0.952,4,USR-096_2025-10-05,text-embedding-3-large,3072
USR-096,2025-10-12,1943.9,0.0186,0.0429,0.892,3,USR-096_2025-10-12,text-embedding-3-large,3072
USR-096,2025-10-19,2009.5,0.017,0.0477,0.94,2,USR-096_2025-10-19,text-embedding-3-large,3072
USR-096,2025-10-26,1668.4,0.0168,0.0335,0.928,0,USR-096_2025-10-26,text-embedding-3-large,3072
USR-096,2025-11-02,1915.8,0.0128,0.0549,0.933,3,USR-096_2025-11-02,text-embedding-3-large,3072
USR-096,2025-11-09,1960.8,0.0164,0.0358,0.944,8,USR-096_2025-11-09,text-embedding-3-large,3072
USR-096,2025-11-16,1947.7,0.0192,0.036,0.947,2,USR-096_2025-11-16,text-embedding-3-large,3072
USR-096,2025-11-23,1915.7,0.0201,0.0363,0.943,4,USR-096_2025-11-23,text-embedding-3-large,3072
USR-096,2025-11-30,2171.0,0.0171,0.051,0.958,4,USR-096_2025-11-30,text-embedding-3-large,3072
USR-096,2025-12-07,1879.1,0.0168,0.0389,0.906,1,USR-096_2025-12-07,text-embedding-3-large,3072
USR-096,2025-12-14,1848.5,0.0168,0.0449,0.966,4,USR-096_2025-12-14,text-embedding-3-large,3072
USR-096,2025-12-21,1918.8,0.0147,0.038,0.914,2,USR-096_2025-12-21,text-embedding-3-large,3072
USR-096,2025-12-28,1732.4,0.0184,0.0328,0.912,3,USR-096_2025-12-28,text-embedding-3-large,3072
USR-096,2026-01-04,2123.9,0.0145,0.0302,0.939,3,USR-096_2026-01-04,text-embedding-3-large,3072
USR-096,2026-01-11,2160.9,0.0171,0.0399,0.965,3,USR-096_2026-01-11,text-embedding-3-large,3072
USR-096,2026-01-18,1971.2,0.0173,0.0499,0.956,4,USR-096_2026-01-18,text-embedding-3-large,3072
USR-096,2026-01-25,1949.0,0.017,0.0368,0.957,3,USR-096_2026-01-25,text-embedding-3-large,3072
USR-096,2026-02-01,1906.9,0.017,0.0358,0.927,4,USR-096_2026-02-01,text-embedding-3-large,3072
USR-096,2026-02-08,1888.6,0.0184,0.0427,0.89,7,USR-096_2026-02-08,text-embedding-3-large,3072
USR-096,2026-02-15,1726.1,0.0154,0.0393,0.939,0,USR-096_2026-02-15,text-embedding-3-large,3072
USR-096,2026-02-22,2129.5,0.0185,0.0524,0.972,1,USR-096_2026-02-22,text-embedding-3-large,3072
USR-096,2026-03-01,2003.2,0.0211,0.0454,0.969,2,USR-096_2026-03-01,text-embedding-3-large,3072
USR-096,2026-03-08,2126.7,0.0186,0.0396,0.974,3,USR-096_2026-03-08,text-embedding-3-large,3072
USR-096,2026-03-15,1800.4,0.0166,0.0363,0.975,0,USR-096_2026-03-15,text-embedding-3-large,3072
USR-096,2026-03-22,1808.7,0.0144,0.0487,0.865,3,USR-096_2026-03-22,text-embedding-3-large,3072
USR-096,2026-03-29,1979.6,0.0189,0.0367,0.919,1,USR-096_2026-03-29,text-embedding-3-large,3072
USR-096,2026-04-05,1901.8,0.0176,0.0455,0.887,1,USR-096_2026-04-05,text-embedding-3-large,3072
USR-096,2026-04-12,1864.2,0.0217,0.0425,0.967,1,USR-096_2026-04-12,text-embedding-3-large,3072
USR-096,2026-04-19,1968.1,0.0173,0.054,0.957,2,USR-096_2026-04-19,text-embedding-3-large,3072
USR-096,2026-04-26,1912.9,0.0177,0.0462,0.927,3,USR-096_2026-04-26,text-embedding-3-large,3072
USR-096,2026-05-03,1811.6,0.0154,0.0371,0.868,3,USR-096_2026-05-03,text-embedding-3-large,3072
USR-096,2026-05-10,1902.8,0.0163,0.0455,0.915,4,USR-096_2026-05-10,text-embedding-3-large,3072
USR-096,2026-05-17,2030.0,0.0171,0.0386,0.958,3,USR-096_2026-05-17,text-embedding-3-large,3072
USR-096,2026-05-24,1981.4,0.0158,0.0392,0.942,4,USR-096_2026-05-24,text-embedding-3-large,3072
USR-096,2026-05-31,2013.6,0.0194,0.0361,0.958,4,USR-096_2026-05-31,text-embedding-3-large,3072
USR-096,2026-06-07,1795.0,0.0213,0.0296,0.933,2,USR-096_2026-06-07,text-embedding-3-large,3072
USR-096,2026-06-14,2003.8,0.0163,0.0377,0.917,1,USR-096_2026-06-14,text-embedding-3-large,3072
USR-096,2026-06-21,1844.3,0.0154,0.0364,0.99,6,USR-096_2026-06-21,text-embedding-3-large,3072
USR-097,2025-06-29,1948.6,0.028,0.0541,0.923,0,USR-097_2025-06-29,text-embedding-3-large,3072
USR-097,2025-07-06,1850.4,0.0208,0.0522,0.99,2,USR-097_2025-07-06,text-embedding-3-large,3072
USR-097,2025-07-13,1993.4,0.0243,0.0605,0.962,3,USR-097_2025-07-13,text-embedding-3-large,3072
USR-097,2025-07-20,1837.4,0.0247,0.0697,0.909,2,USR-097_2025-07-20,text-embedding-3-large,3072
USR-097,2025-07-27,1886.7,0.0264,0.036,0.928,2,USR-097_2025-07-27,text-embedding-3-large,3072
USR-097,2025-08-03,1926.0,0.0236,0.0612,0.941,1,USR-097_2025-08-03,text-embedding-3-large,3072
USR-097,2025-08-10,1899.6,0.0252,0.0599,0.955,0,USR-097_2025-08-10,text-embedding-3-large,3072
USR-097,2025-08-17,2027.4,0.0262,0.0378,0.902,1,USR-097_2025-08-17,text-embedding-3-large,3072
USR-097,2025-08-24,1923.7,0.0248,0.0725,0.955,0,USR-097_2025-08-24,text-embedding-3-large,3072
USR-097,2025-08-31,1930.9,0.0257,0.0685,0.914,1,USR-097_2025-08-31,text-embedding-3-large,3072
USR-097,2025-09-07,1975.8,0.0262,0.0676,0.912,0,USR-097_2025-09-07,text-embedding-3-large,3072
USR-097,2025-09-14,2065.3,0.0251,0.0561,0.99,1,USR-097_2025-09-14,text-embedding-3-large,3072
USR-097,2025-09-21,1941.2,0.0236,0.0641,0.955,2,USR-097_2025-09-21,text-embedding-3-large,3072
USR-097,2025-09-28,1972.3,0.0272,0.066,0.947,4,USR-097_2025-09-28,text-embedding-3-large,3072
USR-097,2025-10-05,1888.0,0.0256,0.0621,0.954,1,USR-097_2025-10-05,text-embedding-3-large,3072
USR-097,2025-10-12,2053.6,0.0191,0.0707,0.906,2,USR-097_2025-10-12,text-embedding-3-large,3072
USR-097,2025-10-19,1933.8,0.0206,0.0749,0.879,3,USR-097_2025-10-19,text-embedding-3-large,3072
USR-097,2025-10-26,1958.4,0.0253,0.0533,0.894,1,USR-097_2025-10-26,text-embedding-3-large,3072
USR-097,2025-11-02,1856.8,0.0247,0.0535,0.99,1,USR-097_2025-11-02,text-embedding-3-large,3072
USR-097,2025-11-09,1854.3,0.0199,0.0438,0.99,0,USR-097_2025-11-09,text-embedding-3-large,3072
USR-097,2025-11-16,1910.9,0.025,0.0652,0.967,1,USR-097_2025-11-16,text-embedding-3-large,3072
USR-097,2025-11-23,1862.5,0.0246,0.0559,0.886,0,USR-097_2025-11-23,text-embedding-3-large,3072
USR-097,2025-11-30,1931.6,0.0196,0.0731,0.978,1,USR-097_2025-11-30,text-embedding-3-large,3072
USR-097,2025-12-07,1893.2,0.0289,0.0603,0.968,1,USR-097_2025-12-07,text-embedding-3-large,3072
USR-097,2025-12-14,1856.1,0.0201,0.078,0.902,2,USR-097_2025-12-14,text-embedding-3-large,3072
USR-097,2025-12-21,1733.1,0.0221,0.0545,0.954,1,USR-097_2025-12-21,text-embedding-3-large,3072
USR-097,2025-12-28,1925.5,0.028,0.0551,0.953,1,USR-097_2025-12-28,text-embedding-3-large,3072
USR-097,2026-01-04,2066.4,0.0297,0.0595,0.929,2,USR-097_2026-01-04,text-embedding-3-large,3072
USR-097,2026-01-11,1935.3,0.0244,0.0586,0.892,2,USR-097_2026-01-11,text-embedding-3-large,3072
USR-097,2026-01-18,1808.1,0.0274,0.0676,0.93,2,USR-097_2026-01-18,text-embedding-3-large,3072
USR-097,2026-01-25,1711.3,0.0279,0.0559,0.962,1,USR-097_2026-01-25,text-embedding-3-large,3072
USR-097,2026-02-01,1826.9,0.0256,0.0677,0.964,1,USR-097_2026-02-01,text-embedding-3-large,3072
USR-097,2026-02-08,1858.6,0.0238,0.07,0.93,1,USR-097_2026-02-08,text-embedding-3-large,3072
USR-097,2026-02-15,1949.5,0.0206,0.0555,0.965,1,USR-097_2026-02-15,text-embedding-3-large,3072
USR-097,2026-02-22,1854.8,0.0178,0.044,0.914,1,USR-097_2026-02-22,text-embedding-3-large,3072
USR-097,2026-03-01,1934.6,0.0234,0.0454,0.99,2,USR-097_2026-03-01,text-embedding-3-large,3072
USR-097,2026-03-08,1847.8,0.0246,0.0718,0.941,1,USR-097_2026-03-08,text-embedding-3-large,3072
USR-097,2026-03-15,1901.4,0.0279,0.0618,0.918,2,USR-097_2026-03-15,text-embedding-3-large,3072
USR-097,2026-03-22,1936.3,0.0235,0.0611,0.864,0,USR-097_2026-03-22,text-embedding-3-large,3072
USR-097,2026-03-29,1939.9,0.0219,0.0522,0.963,1,USR-097_2026-03-29,text-embedding-3-large,3072
USR-097,2026-04-05,2154.7,0.0262,0.0587,0.908,1,USR-097_2026-04-05,text-embedding-3-large,3072
USR-097,2026-04-12,1970.2,0.0253,0.0639,0.937,0,USR-097_2026-04-12,text-embedding-3-large,3072
USR-097,2026-04-19,2075.5,0.0223,0.0638,0.967,3,USR-097_2026-04-19,text-embedding-3-large,3072
USR-097,2026-04-26,1821.3,0.0239,0.038,0.977,2,USR-097_2026-04-26,text-embedding-3-large,3072
USR-097,2026-05-03,1921.7,0.0269,0.043,0.961,1,USR-097_2026-05-03,text-embedding-3-large,3072
USR-097,2026-05-10,2106.2,0.0221,0.0569,0.899,1,USR-097_2026-05-10,text-embedding-3-large,3072
USR-097,2026-05-17,2043.5,0.0237,0.0668,0.961,1,USR-097_2026-05-17,text-embedding-3-large,3072
USR-097,2026-05-24,1912.5,0.0242,0.0553,0.926,0,USR-097_2026-05-24,text-embedding-3-large,3072
USR-097,2026-05-31,2019.9,0.0241,0.0551,0.926,0,USR-097_2026-05-31,text-embedding-3-large,3072
USR-097,2026-06-07,2039.6,0.0249,0.0577,0.99,0,USR-097_2026-06-07,text-embedding-3-large,3072
USR-097,2026-06-14,1924.4,0.0295,0.0629,0.96,1,USR-097_2026-06-14,text-embedding-3-large,3072
USR-097,2026-06-21,2073.1,0.0199,0.0639,0.924,0,USR-097_2026-06-21,text-embedding-3-large,3072
USR-098,2025-06-29,1318.0,0.0238,0.0585,0.918,2,USR-098_2025-06-29,text-embedding-3-large,3072
USR-098,2025-07-06,1434.0,0.0241,0.055,0.975,0,USR-098_2025-07-06,text-embedding-3-large,3072
USR-098,2025-07-13,1501.3,0.0225,0.0505,0.915,0,USR-098_2025-07-13,text-embedding-3-large,3072
USR-098,2025-07-20,1532.0,0.0198,0.0505,0.953,3,USR-098_2025-07-20,text-embedding-3-large,3072
USR-098,2025-07-27,1599.1,0.026,0.0515,0.928,0,USR-098_2025-07-27,text-embedding-3-large,3072
USR-098,2025-08-03,1502.4,0.0201,0.0437,0.908,0,USR-098_2025-08-03,text-embedding-3-large,3072
USR-098,2025-08-10,1669.3,0.0267,0.055,0.926,4,USR-098_2025-08-10,text-embedding-3-large,3072
USR-098,2025-08-17,1645.8,0.0235,0.0576,0.912,1,USR-098_2025-08-17,text-embedding-3-large,3072
USR-098,2025-08-24,1437.9,0.0218,0.042,0.981,0,USR-098_2025-08-24,text-embedding-3-large,3072
USR-098,2025-08-31,1613.6,0.0268,0.0699,0.972,2,USR-098_2025-08-31,text-embedding-3-large,3072
USR-098,2025-09-07,1533.2,0.0239,0.0599,0.976,0,USR-098_2025-09-07,text-embedding-3-large,3072
USR-098,2025-09-14,1531.3,0.0186,0.0652,0.937,1,USR-098_2025-09-14,text-embedding-3-large,3072
USR-098,2025-09-21,1558.5,0.0207,0.052,0.91,3,USR-098_2025-09-21,text-embedding-3-large,3072
USR-098,2025-09-28,1076.2,0.0259,0.0538,0.984,0,USR-098_2025-09-28,text-embedding-3-large,3072
USR-098,2025-10-05,1438.5,0.0277,0.0556,0.88,0,USR-098_2025-10-05,text-embedding-3-large,3072
USR-098,2025-10-12,1462.7,0.0191,0.0442,0.942,0,USR-098_2025-10-12,text-embedding-3-large,3072
USR-098,2025-10-19,1507.9,0.0248,0.0671,0.925,0,USR-098_2025-10-19,text-embedding-3-large,3072
USR-098,2025-10-26,1678.0,0.0282,0.0327,0.859,2,USR-098_2025-10-26,text-embedding-3-large,3072
USR-098,2025-11-02,1510.9,0.0218,0.053,0.965,2,USR-098_2025-11-02,text-embedding-3-large,3072
USR-098,2025-11-09,1610.5,0.019,0.0512,0.951,2,USR-098_2025-11-09,text-embedding-3-large,3072
USR-098,2025-11-16,1444.8,0.0223,0.0419,0.935,2,USR-098_2025-11-16,text-embedding-3-large,3072
USR-098,2025-11-23,1685.0,0.0253,0.069,0.948,1,USR-098_2025-11-23,text-embedding-3-large,3072
USR-098,2025-11-30,1552.3,0.0244,0.0774,0.99,2,USR-098_2025-11-30,text-embedding-3-large,3072
USR-098,2025-12-07,1720.3,0.0275,0.0492,0.966,0,USR-098_2025-12-07,text-embedding-3-large,3072
USR-098,2025-12-14,1557.4,0.021,0.0519,0.988,1,USR-098_2025-12-14,text-embedding-3-large,3072
USR-098,2025-12-21,1462.1,0.022,0.0584,0.978,0,USR-098_2025-12-21,text-embedding-3-large,3072
USR-098,2025-12-28,1488.9,0.0196,0.0593,0.93,0,USR-098_2025-12-28,text-embedding-3-large,3072
USR-098,2026-01-04,1667.9,0.0187,0.0511,0.908,1,USR-098_2026-01-04,text-embedding-3-large,3072
USR-098,2026-01-11,1648.6,0.0226,0.0587,0.915,2,USR-098_2026-01-11,text-embedding-3-large,3072
USR-098,2026-01-18,1446.1,0.0234,0.0609,0.944,2,USR-098_2026-01-18,text-embedding-3-large,3072
USR-098,2026-01-25,1463.3,0.0296,0.0614,0.93,1,USR-098_2026-01-25,text-embedding-3-large,3072
USR-098,2026-02-01,1528.1,0.0248,0.0449,0.929,0,USR-098_2026-02-01,text-embedding-3-large,3072
USR-098,2026-02-08,1572.7,0.0274,0.0717,0.872,0,USR-098_2026-02-08,text-embedding-3-large,3072
USR-098,2026-02-15,1590.5,0.0269,0.0628,0.893,2,USR-098_2026-02-15,text-embedding-3-large,3072
USR-098,2026-02-22,1574.5,0.0199,0.0553,0.987,2,USR-098_2026-02-22,text-embedding-3-large,3072
USR-098,2026-03-01,1523.6,0.0251,0.0584,0.956,2,USR-098_2026-03-01,text-embedding-3-large,3072
USR-098,2026-03-08,1615.8,0.0215,0.077,0.979,2,USR-098_2026-03-08,text-embedding-3-large,3072
USR-098,2026-03-15,1502.4,0.0227,0.0609,0.916,1,USR-098_2026-03-15,text-embedding-3-large,3072
USR-098,2026-03-22,1426.1,0.0279,0.0758,0.926,1,USR-098_2026-03-22,text-embedding-3-large,3072
USR-098,2026-03-29,1503.6,0.0178,0.0681,0.99,3,USR-098_2026-03-29,text-embedding-3-large,3072
USR-098,2026-04-05,1560.1,0.0247,0.0537,0.967,1,USR-098_2026-04-05,text-embedding-3-large,3072
USR-098,2026-04-12,1505.9,0.0266,0.0583,0.902,1,USR-098_2026-04-12,text-embedding-3-large,3072
USR-098,2026-04-19,1484.1,0.0235,0.074,0.91,0,USR-098_2026-04-19,text-embedding-3-large,3072
USR-098,2026-04-26,1551.8,0.0214,0.0724,0.967,4,USR-098_2026-04-26,text-embedding-3-large,3072
USR-098,2026-05-03,1478.1,0.0242,0.0521,0.949,1,USR-098_2026-05-03,text-embedding-3-large,3072
USR-098,2026-05-10,1651.1,0.0231,0.0581,0.968,0,USR-098_2026-05-10,text-embedding-3-large,3072
USR-098,2026-05-17,1695.2,0.0249,0.0597,0.947,4,USR-098_2026-05-17,text-embedding-3-large,3072
USR-098,2026-05-24,1428.8,0.0286,0.0621,0.942,1,USR-098_2026-05-24,text-embedding-3-large,3072
USR-098,2026-05-31,1602.5,0.0239,0.0493,0.913,1,USR-098_2026-05-31,text-embedding-3-large,3072
USR-098,2026-06-07,1543.3,0.0256,0.0707,0.929,0,USR-098_2026-06-07,text-embedding-3-large,3072
USR-098,2026-06-14,1350.5,0.0301,0.0685,0.925,0,USR-098_2026-06-14,text-embedding-3-large,3072
USR-098,2026-06-21,1492.3,0.0283,0.0714,0.875,1,USR-098_2026-06-21,text-embedding-3-large,3072
USR-099,2025-06-29,1013.7,0.0166,0.0335,0.97,2,USR-099_2025-06-29,text-embedding-3-large,3072
USR-099,2025-07-06,884.9,0.0172,0.0352,0.981,2,USR-099_2025-07-06,text-embedding-3-large,3072
USR-099,2025-07-13,980.5,0.0199,0.037,0.959,3,USR-099_2025-07-13,text-embedding-3-large,3072
USR-099,2025-07-20,912.4,0.0195,0.0303,0.93,6,USR-099_2025-07-20,text-embedding-3-large,3072
USR-099,2025-07-27,956.0,0.0185,0.0383,0.895,0,USR-099_2025-07-27,text-embedding-3-large,3072
USR-099,2025-08-03,975.3,0.0202,0.0388,0.898,5,USR-099_2025-08-03,text-embedding-3-large,3072
USR-099,2025-08-10,968.7,0.0124,0.0443,0.952,4,USR-099_2025-08-10,text-embedding-3-large,3072
USR-099,2025-08-17,893.0,0.0174,0.0373,0.887,1,USR-099_2025-08-17,text-embedding-3-large,3072
USR-099,2025-08-24,917.0,0.0186,0.0401,0.906,4,USR-099_2025-08-24,text-embedding-3-large,3072
USR-099,2025-08-31,916.8,0.023,0.0429,0.871,4,USR-099_2025-08-31,text-embedding-3-large,3072
USR-099,2025-09-07,995.8,0.0175,0.0374,0.975,2,USR-099_2025-09-07,text-embedding-3-large,3072
USR-099,2025-09-14,868.5,0.0167,0.0485,0.863,3,USR-099_2025-09-14,text-embedding-3-large,3072
USR-099,2025-09-21,882.0,0.0191,0.0409,0.956,10,USR-099_2025-09-21,text-embedding-3-large,3072
USR-099,2025-09-28,902.7,0.0193,0.0353,0.938,5,USR-099_2025-09-28,text-embedding-3-large,3072
USR-099,2025-10-05,854.9,0.019,0.045,0.921,6,USR-099_2025-10-05,text-embedding-3-large,3072
USR-099,2025-10-12,938.0,0.018,0.0437,0.948,6,USR-099_2025-10-12,text-embedding-3-large,3072
USR-099,2025-10-19,925.8,0.0191,0.0374,0.933,4,USR-099_2025-10-19,text-embedding-3-large,3072
USR-099,2025-10-26,971.2,0.0199,0.0322,0.938,3,USR-099_2025-10-26,text-embedding-3-large,3072
USR-099,2025-11-02,987.5,0.0147,0.0496,0.941,4,USR-099_2025-11-02,text-embedding-3-large,3072
USR-099,2025-11-09,951.2,0.0186,0.0327,0.911,2,USR-099_2025-11-09,text-embedding-3-large,3072
USR-099,2025-11-16,1022.2,0.0198,0.0377,0.99,4,USR-099_2025-11-16,text-embedding-3-large,3072
USR-099,2025-11-23,931.0,0.0171,0.0349,0.944,4,USR-099_2025-11-23,text-embedding-3-large,3072
USR-099,2025-11-30,887.8,0.0186,0.0426,0.95,2,USR-099_2025-11-30,text-embedding-3-large,3072
USR-099,2025-12-07,987.2,0.0174,0.0334,0.937,3,USR-099_2025-12-07,text-embedding-3-large,3072
USR-099,2025-12-14,914.3,0.0176,0.0387,0.908,2,USR-099_2025-12-14,text-embedding-3-large,3072
USR-099,2025-12-21,957.0,0.0164,0.0384,0.93,1,USR-099_2025-12-21,text-embedding-3-large,3072
USR-099,2025-12-28,984.1,0.0172,0.0414,0.984,5,USR-099_2025-12-28,text-embedding-3-large,3072
USR-099,2026-01-04,892.7,0.018,0.0434,0.94,6,USR-099_2026-01-04,text-embedding-3-large,3072
USR-099,2026-01-11,936.4,0.0143,0.0394,0.917,3,USR-099_2026-01-11,text-embedding-3-large,3072
USR-099,2026-01-18,918.1,0.0135,0.0437,0.935,3,USR-099_2026-01-18,text-embedding-3-large,3072
USR-099,2026-01-25,942.4,0.019,0.0494,0.955,1,USR-099_2026-01-25,text-embedding-3-large,3072
USR-099,2026-02-01,945.5,0.0175,0.047,0.941,2,USR-099_2026-02-01,text-embedding-3-large,3072
USR-099,2026-02-08,913.3,0.0181,0.0452,0.956,3,USR-099_2026-02-08,text-embedding-3-large,3072
USR-099,2026-02-15,855.9,0.0171,0.0387,0.947,2,USR-099_2026-02-15,text-embedding-3-large,3072
USR-099,2026-02-22,1034.5,0.0196,0.0425,0.917,2,USR-099_2026-02-22,text-embedding-3-large,3072
USR-099,2026-03-01,904.6,0.0162,0.042,0.935,3,USR-099_2026-03-01,text-embedding-3-large,3072
USR-099,2026-03-08,864.8,0.0189,0.0405,0.93,3,USR-099_2026-03-08,text-embedding-3-large,3072
USR-099,2026-03-15,860.7,0.0196,0.0387,0.947,3,USR-099_2026-03-15,text-embedding-3-large,3072
USR-099,2026-03-22,859.5,0.0178,0.0443,0.984,2,USR-099_2026-03-22,text-embedding-3-large,3072
USR-099,2026-03-29,916.6,0.0177,0.0397,0.952,3,USR-099_2026-03-29,text-embedding-3-large,3072
USR-099,2026-04-05,923.1,0.0173,0.0363,0.91,5,USR-099_2026-04-05,text-embedding-3-large,3072
USR-099,2026-04-12,844.0,0.0185,0.0382,0.93,6,USR-099_2026-04-12,text-embedding-3-large,3072
USR-099,2026-04-19,920.2,0.0182,0.0512,0.976,7,USR-099_2026-04-19,text-embedding-3-large,3072
USR-099,2026-04-26,881.9,0.0197,0.0447,0.919,4,USR-099_2026-04-26,text-embedding-3-large,3072
USR-099,2026-05-03,815.7,0.0186,0.0499,0.941,1,USR-099_2026-05-03,text-embedding-3-large,3072
USR-099,2026-05-10,835.3,0.0198,0.034,0.905,3,USR-099_2026-05-10,text-embedding-3-large,3072
USR-099,2026-05-17,870.1,0.0206,0.0453,0.93,3,USR-099_2026-05-17,text-embedding-3-large,3072
USR-099,2026-05-24,1047.7,0.0175,0.0286,0.976,3,USR-099_2026-05-24,text-embedding-3-large,3072
USR-099,2026-05-31,988.7,0.0127,0.05,0.928,1,USR-099_2026-05-31,text-embedding-3-large,3072
USR-099,2026-06-07,879.2,0.017,0.0468,0.872,2,USR-099_2026-06-07,text-embedding-3-large,3072
USR-099,2026-06-14,983.2,0.0181,0.0363,0.928,5,USR-099_2026-06-14,text-embedding-3-large,3072
USR-099,2026-06-21,940.7,0.0199,0.0483,0.986,5,USR-099_2026-06-21,text-embedding-3-large,3072
USR-100,2025-06-29,1505.7,0.0161,0.0409,0.899,2,USR-100_2025-06-29,text-embedding-3-large,3072
USR-100,2025-07-06,1467.8,0.0202,0.0412,0.933,4,USR-100_2025-07-06,text-embedding-3-large,3072
USR-100,2025-07-13,1385.1,0.0172,0.0406,0.929,2,USR-100_2025-07-13,text-embedding-3-large,3072
USR-100,2025-07-20,1622.8,0.0221,0.0427,0.94,4,USR-100_2025-07-20,text-embedding-3-large,3072
USR-100,2025-07-27,1685.3,0.0174,0.0411,0.939,4,USR-100_2025-07-27,text-embedding-3-large,3072
USR-100,2025-08-03,1482.0,0.0202,0.0316,0.96,4,USR-100_2025-08-03,text-embedding-3-large,3072
USR-100,2025-08-10,1557.1,0.0201,0.0379,0.933,3,USR-100_2025-08-10,text-embedding-3-large,3072
USR-100,2025-08-17,1597.3,0.017,0.0385,0.923,4,USR-100_2025-08-17,text-embedding-3-large,3072
USR-100,2025-08-24,1418.5,0.0173,0.0347,0.954,3,USR-100_2025-08-24,text-embedding-3-large,3072
USR-100,2025-08-31,1536.6,0.0209,0.0371,0.862,3,USR-100_2025-08-31,text-embedding-3-large,3072
USR-100,2025-09-07,1488.3,0.0187,0.0514,0.927,2,USR-100_2025-09-07,text-embedding-3-large,3072
USR-100,2025-09-14,1567.5,0.016,0.0471,0.932,2,USR-100_2025-09-14,text-embedding-3-large,3072
USR-100,2025-09-21,1306.3,0.019,0.0433,0.939,4,USR-100_2025-09-21,text-embedding-3-large,3072
USR-100,2025-09-28,1556.0,0.0188,0.0332,0.931,5,USR-100_2025-09-28,text-embedding-3-large,3072
USR-100,2025-10-05,1694.9,0.0153,0.0355,0.947,2,USR-100_2025-10-05,text-embedding-3-large,3072
USR-100,2025-10-12,1596.5,0.02,0.0315,0.969,2,USR-100_2025-10-12,text-embedding-3-large,3072
USR-100,2025-10-19,1557.7,0.0168,0.0245,0.854,2,USR-100_2025-10-19,text-embedding-3-large,3072
USR-100,2025-10-26,1401.0,0.0207,0.0411,0.926,3,USR-100_2025-10-26,text-embedding-3-large,3072
USR-100,2025-11-02,1625.2,0.0173,0.0477,0.971,0,USR-100_2025-11-02,text-embedding-3-large,3072
USR-100,2025-11-09,1460.4,0.0184,0.0385,0.99,2,USR-100_2025-11-09,text-embedding-3-large,3072
USR-100,2025-11-16,1541.9,0.0173,0.0313,0.941,1,USR-100_2025-11-16,text-embedding-3-large,3072
USR-100,2025-11-23,1374.2,0.0111,0.0395,0.99,3,USR-100_2025-11-23,text-embedding-3-large,3072
USR-100,2025-11-30,1326.4,0.0205,0.0452,0.97,4,USR-100_2025-11-30,text-embedding-3-large,3072
USR-100,2025-12-07,1479.5,0.0168,0.0336,0.957,5,USR-100_2025-12-07,text-embedding-3-large,3072
USR-100,2025-12-14,1628.5,0.0146,0.0384,0.9,4,USR-100_2025-12-14,text-embedding-3-large,3072
USR-100,2025-12-21,1550.5,0.0148,0.0418,0.93,1,USR-100_2025-12-21,text-embedding-3-large,3072
USR-100,2025-12-28,1604.3,0.0171,0.0406,0.887,2,USR-100_2025-12-28,text-embedding-3-large,3072
USR-100,2026-01-04,1428.3,0.014,0.039,0.95,4,USR-100_2026-01-04,text-embedding-3-large,3072
USR-100,2026-01-11,1466.5,0.0201,0.0373,0.949,1,USR-100_2026-01-11,text-embedding-3-large,3072
USR-100,2026-01-18,1497.5,0.0196,0.0369,0.893,1,USR-100_2026-01-18,text-embedding-3-large,3072
USR-100,2026-01-25,1529.1,0.0162,0.0405,0.922,2,USR-100_2026-01-25,text-embedding-3-large,3072
USR-100,2026-02-01,1452.5,0.0178,0.0478,0.944,3,USR-100_2026-02-01,text-embedding-3-large,3072
USR-100,2026-02-08,1394.1,0.0201,0.0429,0.877,2,USR-100_2026-02-08,text-embedding-3-large,3072
USR-100,2026-02-15,1477.5,0.0214,0.0341,0.929,7,USR-100_2026-02-15,text-embedding-3-large,3072
USR-100,2026-02-22,1486.8,0.0182,0.0318,0.945,1,USR-100_2026-02-22,text-embedding-3-large,3072
USR-100,2026-03-01,1461.7,0.0181,0.0386,0.99,5,USR-100_2026-03-01,text-embedding-3-large,3072
USR-100,2026-03-08,1461.5,0.02,0.0482,0.969,2,USR-100_2026-03-08,text-embedding-3-large,3072
USR-100,2026-03-15,1518.2,0.0158,0.036,0.925,5,USR-100_2026-03-15,text-embedding-3-large,3072
USR-100,2026-03-22,1569.2,0.0137,0.0473,0.927,6,USR-100_2026-03-22,text-embedding-3-large,3072
USR-100,2026-03-29,1617.2,0.0153,0.0352,0.954,2,USR-100_2026-03-29,text-embedding-3-large,3072
USR-100,2026-04-05,1672.9,0.0176,0.0336,0.926,7,USR-100_2026-04-05,text-embedding-3-large,3072
USR-100,2026-04-12,1467.6,0.0136,0.0482,0.922,2,USR-100_2026-04-12,text-embedding-3-large,3072
USR-100,2026-04-19,1377.9,0.0193,0.0329,0.963,3,USR-100_2026-04-19,text-embedding-3-large,3072
USR-100,2026-04-26,1440.6,0.0166,0.0344,0.931,2,USR-100_2026-04-26,text-embedding-3-large,3072
USR-100,2026-05-03,1527.1,0.0169,0.038,0.931,2,USR-100_2026-05-03,text-embedding-3-large,3072
USR-100,2026-05-10,1700.4,0.0156,0.0412,0.908,1,USR-100_2026-05-10,text-embedding-3-large,3072
USR-100,2026-05-17,1493.2,0.0188,0.0323,0.946,2,USR-100_2026-05-17,text-embedding-3-large,3072
USR-100,2026-05-24,1586.4,0.0157,0.0307,0.961,6,USR-100_2026-05-24,text-embedding-3-large,3072
USR-100,2026-05-31,1623.2,0.0156,0.0416,0.938,2,USR-100_2026-05-31,text-embedding-3-large,3072
USR-100,2026-06-07,1541.3,0.02,0.0303,0.99,3,USR-100_2026-06-07,text-embedding-3-large,3072
USR-100,2026-06-14,1546.2,0.0168,0.0278,0.91,0,USR-100_2026-06-14,text-embedding-3-large,3072
USR-100,2026-06-21,1274.0,0.0188,0.0431,0.967,3,USR-100_2026-06-21,text-embedding-3-large,3072
