news_id,store_id,city,state,published_date,headline,summary,event_type,demand_impact,source
NEWS-00001,USR-001,New York,NY,2026-04-29,"Walmart is changing its NY stores. Vestal, JC remodels start soon - Press & Sun-Bulletin","Walmart is changing its NY stores. Vestal, JC remodels start soon Press & Sun-Bulletin",local_news,neutral,Press & Sun-Bulletin
NEWS-00002,USR-001,New York,NY,2026-05-11,Retailers Are Making Expensive Bets That Shoppers Still Want to Go to Stores - The New York Times,Retailers Are Making Expensive Bets That Shoppers Still Want to Go to Stores The New York Times,local_news,neutral,The New York Times
NEWS-00003,USR-001,New York,NY,2026-04-24,"Walmart to remodel 23 stores in New York, including 2 in Finger Lakes - Star-Gazette","Walmart to remodel 23 stores in New York, including 2 in Finger Lakes Star-Gazette",local_news,neutral,Star-Gazette
NEWS-00004,USR-001,New York,NY,2026-04-16,"Walmart Deepens Commitment to New York, Fueling Long-Term Impact and Future Statewide Investments - Business Wire","Walmart Deepens Commitment to New York, Fueling Long-Term Impact and Future Statewide Investments Business Wire",local_news,neutral,Business Wire
NEWS-00005,USR-001,New York,NY,2026-04-16,"Walmart is remodeling 24 New York stores in 2026. Here’s what’s changing, and where - Syracuse.com","Walmart is remodeling 24 New York stores in 2026. Here’s what’s changing, and where Syracuse.com",local_news,neutral,Syracuse.com
NEWS-00006,USR-001,New York,NY,2026-04-24,Walmart to remodel 24 NY stores. Which one is in Westchester? - Lohud,Walmart to remodel 24 NY stores. Which one is in Westchester? Lohud,local_news,neutral,Lohud
NEWS-00007,USR-001,New York,NY,2026-06-22,Fat Joe launches monthly program to distribute free groceries at NYC stores - Spectrum News NY1,Fat Joe launches monthly program to distribute free groceries at NYC stores Spectrum News NY1,local_news,neutral,Spectrum News NY1
NEWS-00008,USR-001,New York,NY,2026-06-23,Montreal cop killed after rampaging incel gunman ambushed officers in heavily Jewish neighborhood - New York Post,Montreal cop killed after rampaging incel gunman ambushed officers in heavily Jewish neighborhood New York Post,local_news,neutral,New York Post
NEWS-00009,USR-001,New York,NY,2026-06-20,The Mayor Who Loves Bodegas Is Building Taxpayer-Funded Competitors - Reason Magazine,The Mayor Who Loves Bodegas Is Building Taxpayer-Funded Competitors Reason Magazine,new_competitor,neutral,Reason Magazine
NEWS-00010,USR-001,New York,NY,2026-06-17,"The Bronx will get first city-owned grocery store, Mamdani says - Gothamist","The Bronx will get first city-owned grocery store, Mamdani says Gothamist",local_news,neutral,Gothamist
NEWS-00011,USR-001,New York,NY,2026-06-21,Blake Lively grocery shops while former BFF Taylor Swift throws bachelorette party with closest pals - Page Six,Blake Lively grocery shops while former BFF Taylor Swift throws bachelorette party with closest pals Page Six,local_news,neutral,Page Six
NEWS-00012,USR-001,New York,NY,2026-06-21,NYC Mayor’s city-owned grocery store plans moving forward - PIX11,NYC Mayor’s city-owned grocery store plans moving forward PIX11,local_news,neutral,PIX11
NEWS-00013,USR-001,New York,NY,2026-06-09,The Joy of Shopping in Los Angeles - The New York Times,The Joy of Shopping in Los Angeles The New York Times,local_news,neutral,The New York Times
NEWS-00014,USR-001,New York,NY,2026-06-18,"Disney Store Times Square: New Arrivals, Exclusives, and Events - Disney Parks Blog","Disney Store Times Square: New Arrivals, Exclusives, and Events Disney Parks Blog",local_news,neutral,Disney Parks Blog
NEWS-00015,USR-001,New York,NY,2025-12-09,Reporter’s notebook: New York City’s last department stores - Retail Dive,Reporter’s notebook: New York City’s last department stores Retail Dive,local_news,neutral,Retail Dive
NEWS-00016,USR-001,New York,NY,2026-06-03,Ulta Beauty inks $400M Times Square lease at Jeff Sutton’s 1551 Broadway - The Real Deal,Ulta Beauty inks $400M Times Square lease at Jeff Sutton’s 1551 Broadway The Real Deal,construction,negative,The Real Deal
NEWS-00017,USR-001,New York,NY,2026-05-24,"Here’s which retailers, grocery stores and pharmacies are open and closed on Memorial Day - New York Post","Here’s which retailers, grocery stores and pharmacies are open and closed on Memorial Day New York Post",local_news,neutral,New York Post
NEWS-00018,USR-001,New York,NY,2026-04-14,Major Convenience Store Shakeup Could Affect NYC - Patch,Major Convenience Store Shakeup Could Affect NYC Patch,local_news,neutral,Patch
NEWS-00019,USR-001,New York,NY,2026-04-15,"Walmart Deepens Commitment to New York, Fueling Long-Term Impact and Future Statewide Investments",The above button links to Coinbase. Yahoo Finance is not a broker-dealer or investment adviser and does not offer securities or cryptocurrencies for sale or facilitate trading. Coinbase pays us for ...,local_news,neutral,bing.com
NEWS-00020,USR-001,New York,NY,2026-04-15,"Walmart is remodeling 24 New York stores in 2026. Here’s what’s changing, and where",The above button links to Coinbase. Yahoo Finance is not a broker-dealer or investment adviser and does not offer securities or cryptocurrencies for sale or facilitate trading. Coinbase pays us for ...,local_news,neutral,bing.com
NEWS-00021,USR-001,New York,NY,2026-04-23,"Walmart to remodel 23 stores in New York, including 2 in Finger Lakes","As part of an effort to modernize in-store and digital shopping experiences, Walmart stores in Watkins Glen and Ithaca are among 23 in New York state that will be remodeled by the end of 2026. Walmart ...",local_news,neutral,bing.com
NEWS-00022,USR-001,New York,NY,2026-04-24,Walmart is remodeling 23 New York stores. What's new?,"Walmart has 98 stores across New York, according to its website, and by the end of this year, nearly two dozen will be remodeled as part of ongoing efforts to modernize in-store and digital shopping ...",local_news,neutral,bing.com
NEWS-00023,USR-002,Los Angeles,CA,2026-05-06,"Target-Anchored Retail Center On Track To Open In Beaumont, California - Bisnow","Target-Anchored Retail Center On Track To Open In Beaumont, California Bisnow",local_news,neutral,Bisnow
NEWS-00024,USR-002,Los Angeles,CA,2026-05-13,10 CA Target Stores To Be Remodeled Ahead Of Holiday Shopping Season - Patch,10 CA Target Stores To Be Remodeled Ahead Of Holiday Shopping Season Patch,local_news,neutral,Patch
NEWS-00025,USR-002,Los Angeles,CA,2026-03-03,"Target reports Q4, full year results - Drug Store News","Target reports Q4, full year results Drug Store News",local_news,neutral,Drug Store News
NEWS-00026,USR-002,Los Angeles,CA,2026-02-12,Faith Leaders Sing and Pray in Goleta Target Store to Urge a Stand over ICE - The Santa Barbara Independent,Faith Leaders Sing and Pray in Goleta Target Store to Urge a Stand over ICE The Santa Barbara Independent,local_news,neutral,The Santa Barbara Independent
NEWS-00027,USR-002,Los Angeles,CA,2025-12-19,"Target left botulism-linked infant formula on store shelves, FDA says - Los Angeles Times","Target left botulism-linked infant formula on store shelves, FDA says Los Angeles Times",local_news,neutral,Los Angeles Times
NEWS-00028,USR-002,Los Angeles,CA,2026-02-03,Target’s new CEO isn’t acknowledging the anti-ICE protests - Fortune,Target’s new CEO isn’t acknowledging the anti-ICE protests Fortune,local_news,neutral,Fortune
NEWS-00029,USR-002,Los Angeles,CA,2026-06-04,Worst grocery store in LA brutally roasted as locals torch high prices - New York Post,Worst grocery store in LA brutally roasted as locals torch high prices New York Post,local_news,neutral,New York Post
NEWS-00030,USR-002,Los Angeles,CA,2026-03-31,The thriving California grocery store that only opens in high-end areas - SFGATE,The thriving California grocery store that only opens in high-end areas SFGATE,local_news,neutral,SFGATE
NEWS-00031,USR-002,Los Angeles,CA,2025-11-10,State Funding Brings Grocery Store to Food Desert Community - Department of Toxic Substances Control (.gov),State Funding Brings Grocery Store to Food Desert Community Department of Toxic Substances Control (.gov),local_news,neutral,Department of Toxic Substances Control (.gov)
NEWS-00032,USR-002,Los Angeles,CA,2026-06-10,Girl Swept To Out Sea | E-Bikers Rampage Grocery Store | 4K Workers To Become Instant Millionaires - Patch,Girl Swept To Out Sea | E-Bikers Rampage Grocery Store | 4K Workers To Become Instant Millionaires Patch,local_news,neutral,Patch
NEWS-00033,USR-002,Los Angeles,CA,2026-02-05,"3 people dead, several others injured after car slams into Westwood grocery store - NBC Los Angeles","3 people dead, several others injured after car slams into Westwood grocery store NBC Los Angeles",local_news,neutral,NBC Los Angeles
NEWS-00034,USR-002,Los Angeles,CA,2026-02-12,America’s hottest grocery store is also its priciest - The Economist,America’s hottest grocery store is also its priciest The Economist,local_news,neutral,The Economist
NEWS-00035,USR-002,Los Angeles,CA,2026-06-22,Bed Bath & Beyond begins reopening in California with a bonus: Old coupons will be honored - Los Angeles Times,Bed Bath & Beyond begins reopening in California with a bonus: Old coupons will be honored Los Angeles Times,new_competitor,neutral,Los Angeles Times
NEWS-00036,USR-002,Los Angeles,CA,2026-04-24,"Bed Bath & Beyond returning to Southern California, combining locations with The Container Store - ABC7 Los Angeles","Bed Bath & Beyond returning to Southern California, combining locations with The Container Store ABC7 Los Angeles",local_news,neutral,ABC7 Los Angeles
NEWS-00037,USR-002,Los Angeles,CA,2026-03-26,"These CA Stores Among More Than 1,400 In U.S. Expected To Close In 2026 - Patch","These CA Stores Among More Than 1,400 In U.S. Expected To Close In 2026 Patch",local_news,neutral,Patch
NEWS-00038,USR-002,Los Angeles,CA,2026-03-10,See which Grocery Outlet stores will close in Southern California - NBC Los Angeles,See which Grocery Outlet stores will close in Southern California NBC Los Angeles,local_news,neutral,NBC Los Angeles
NEWS-00039,USR-002,Los Angeles,CA,2026-01-27,Amazon Fresh stores in California are set to close | Full List - ABC10,Amazon Fresh stores in California are set to close | Full List ABC10,local_news,neutral,ABC10
NEWS-00040,USR-002,Los Angeles,CA,2026-04-14,Macy’s to close 14 stores by end of year — including 2 California locations - New York Post,Macy’s to close 14 stores by end of year — including 2 California locations New York Post,local_news,neutral,New York Post
NEWS-00041,USR-002,Los Angeles,CA,2024-12-31,Man arrested for firing at two security guards outside a Los Angeles Target,"LOS ANGELES: Two security guards at a downtown Los Angeles shopping plaza were wounded in a gunfight with a man as they tried to stop him from making off with more than $1,000 of stolen merchandise, ...",local_news,neutral,bing.com
NEWS-00042,USR-002,Los Angeles,CA,2026-05-06,"Target-Anchored Retail Center On Track To Open In Beaumont, California","Regency Centers is moving forward with construction of Oak Valley Village, a 230K SF open-air retail destination in Beaumont, California, on the Interstate 10 corridor. Oak Valley Village will deliver ...",construction,negative,bing.com
NEWS-00043,USR-002,Los Angeles,CA,2024-02-01,Gov. Newsom says Target worker blamed him for rampant retail theft in CA,SAN FRANCISCO -- A story shared by Governor Gavin Newsom is getting a lot of attention. He said he confronted a Target worker in the Sacramento area who didn't stop a thief from stealing. Newsom told ...,local_news,neutral,bing.com
NEWS-00044,USR-003,Chicago,IL,2025-08-27,"Labor Day 2025 Grocery And Retail Store Hours In IL: What's Open, What's Closed | Across Illinois - Patch","Labor Day 2025 Grocery And Retail Store Hours In IL: What's Open, What's Closed | Across Illinois Patch",local_news,neutral,Patch
NEWS-00045,USR-003,Chicago,IL,2025-11-05,"Salsa sold at Kroger, Mariano's grocery stores in Illinois recalled for listeria - NBC 5 Chicago","Salsa sold at Kroger, Mariano's grocery stores in Illinois recalled for listeria NBC 5 Chicago",local_news,neutral,NBC 5 Chicago
NEWS-00046,USR-003,Chicago,IL,2025-08-29,"Radioactive shrimp recall: FDA expands warning, impacting shrimp at Mariano's, Kroger, Walmart locations in Illinois, Indiana - ABC7 Chicago","Radioactive shrimp recall: FDA expands warning, impacting shrimp at Mariano's, Kroger, Walmart locations in Illinois, Indiana ABC7 Chicago",local_news,neutral,ABC7 Chicago
NEWS-00047,USR-003,Chicago,IL,2025-08-15,Kroger is closing some of its stores in August. See shuttering locations in 4 states. - USA Today,Kroger is closing some of its stores in August. See shuttering locations in 4 states. USA Today,local_news,neutral,USA Today
NEWS-00048,USR-003,Chicago,IL,2025-12-29,These IL Retail Stores Could Shutter In 2026 As Business Closures Continue - Patch,These IL Retail Stores Could Shutter In 2026 As Business Closures Continue Patch,construction,negative,Patch
NEWS-00049,USR-003,Chicago,IL,2025-10-06,"Kroger, Mariano's recall popular deli salad sold at grocery stores due to listeria - NBC 5 Chicago","Kroger, Mariano's recall popular deli salad sold at grocery stores due to listeria NBC 5 Chicago",local_news,neutral,NBC 5 Chicago
NEWS-00050,USR-003,Chicago,IL,2026-06-18,Another Mariano's grocery store in the Chicago suburbs to shutter - NBC 5 Chicago,Another Mariano's grocery store in the Chicago suburbs to shutter NBC 5 Chicago,local_news,neutral,NBC 5 Chicago
NEWS-00051,USR-003,Chicago,IL,2026-05-11,"As Illinoisans lose federal food assistance, independent grocers face debt, store closure - Capitol News Illinois","As Illinoisans lose federal food assistance, independent grocers face debt, store closure Capitol News Illinois",construction,negative,Capitol News Illinois
NEWS-00052,USR-003,Chicago,IL,2026-01-13,Amazon takes on Walmart with new store concept - Grocery Dive,Amazon takes on Walmart with new store concept Grocery Dive,new_competitor,neutral,Grocery Dive
NEWS-00053,USR-003,Chicago,IL,2026-05-12,SNAP changes leave Chicago families and grocery stores reeling - WBEZ Chicago,SNAP changes leave Chicago families and grocery stores reeling WBEZ Chicago,local_news,neutral,WBEZ Chicago
NEWS-00054,USR-003,Chicago,IL,2026-01-27,Amazon doubles down on online grocery delivery and Whole Foods Market expansion to reach more customers - About Amazon,Amazon doubles down on online grocery delivery and Whole Foods Market expansion to reach more customers About Amazon,local_news,neutral,About Amazon
NEWS-00055,USR-003,Chicago,IL,2026-02-27,Hyde Park Produce grocery store abruptly closed by Illinois Department of Revenue - CBS News,Hyde Park Produce grocery store abruptly closed by Illinois Department of Revenue CBS News,local_news,neutral,CBS News
NEWS-00056,USR-003,Chicago,IL,2026-06-03,"Illinois Layoffs Top 8,000 In Recent Months As Major Store Closings, Job Cuts Hit - Patch","Illinois Layoffs Top 8,000 In Recent Months As Major Store Closings, Job Cuts Hit Patch",local_news,neutral,Patch
NEWS-00057,USR-003,Chicago,IL,2026-03-06,News | Saks Global to close 15 more stores across US - CoStar,News | Saks Global to close 15 more stores across US CoStar,local_news,neutral,CoStar
NEWS-00058,USR-003,Chicago,IL,2026-03-10,Illinois' last Saks Fifth Avenue store is closing in Chicago - Peoria Journal Star,Illinois' last Saks Fifth Avenue store is closing in Chicago Peoria Journal Star,local_news,neutral,Peoria Journal Star
NEWS-00059,USR-003,Chicago,IL,2026-04-03,"Target, Aldi And Costco Are Closing In Chicago This Sunday: Full List Of Easter 2026 Store Closures And Hours - Secret Chicago","Target, Aldi And Costco Are Closing In Chicago This Sunday: Full List Of Easter 2026 Store Closures And Hours Secret Chicago",construction,negative,Secret Chicago
NEWS-00060,USR-004,Houston,TX,2026-06-22,Mother arrested after leaving 4-year-old alone in hot vehicle while shopping at Costco - Click2Houston,Mother arrested after leaving 4-year-old alone in hot vehicle while shopping at Costco Click2Houston,local_news,neutral,Click2Houston
NEWS-00061,USR-004,Houston,TX,2026-05-25,"Memorial Day 2026: What's open and closed including banks, post offices and retail stores - ABC13 Houston","Memorial Day 2026: What's open and closed including banks, post offices and retail stores ABC13 Houston",local_news,neutral,ABC13 Houston
NEWS-00062,USR-004,Houston,TX,2026-06-02,Ensueño(R) Laundry Launches New Liquid Detergent Exclusively at Costco Stores - ACCESS Newswire,Ensueño(R) Laundry Launches New Liquid Detergent Exclusively at Costco Stores ACCESS Newswire,local_news,neutral,ACCESS Newswire
NEWS-00063,USR-004,Houston,TX,2025-12-16,"Growing Central Texas suburb has first Costco, Target under construction - Houston Chronicle","Growing Central Texas suburb has first Costco, Target under construction Houston Chronicle",construction,negative,Houston Chronicle
NEWS-00064,USR-004,Houston,TX,2025-09-11,Costco plans new store in Cypress area along Grand Parkway - KHOU,Costco plans new store in Cypress area along Grand Parkway KHOU,new_competitor,neutral,KHOU
NEWS-00065,USR-004,Houston,TX,2025-09-13,Costco Plans Another Katy Area Store on Grand Parkway - Covering Katy News,Costco Plans Another Katy Area Store on Grand Parkway Covering Katy News,local_news,neutral,Covering Katy News
NEWS-00066,USR-004,Houston,TX,2026-06-08,"How grocery stores influence neighborhoods (June 8, 2026) - Houston Public Media","How grocery stores influence neighborhoods (June 8, 2026) Houston Public Media",local_news,neutral,Houston Public Media
NEWS-00067,USR-004,Houston,TX,2026-04-04,Easter 2026: Which Houston stores will be open and which will be closed? - KHOU,Easter 2026: Which Houston stores will be open and which will be closed? KHOU,local_news,neutral,KHOU
NEWS-00068,USR-004,Houston,TX,2026-06-09,H-E-B rival takes on homegrown grocer with 12 new 'food-forward' Texas stores - MySA,H-E-B rival takes on homegrown grocer with 12 new 'food-forward' Texas stores MySA,local_news,neutral,MySA
NEWS-00069,USR-004,Houston,TX,2025-11-27,"Which stores are open and closed on Thanksgiving 2025 in Houston, Texas? - FOX 26 Houston","Which stores are open and closed on Thanksgiving 2025 in Houston, Texas? FOX 26 Houston",local_news,neutral,FOX 26 Houston
NEWS-00070,USR-004,Houston,TX,2026-05-26,"Houston shopper finds credit card skimmer on checkout machine at southwest grocery store, police called - Click2Houston","Houston shopper finds credit card skimmer on checkout machine at southwest grocery store, police called Click2Houston",local_news,neutral,Click2Houston
NEWS-00071,USR-004,Houston,TX,2026-02-03,Texas leads in retail construction - marketplace.org,Texas leads in retail construction marketplace.org,construction,negative,marketplace.org
NEWS-00072,USR-004,Houston,TX,2026-06-17,Panera Bread stores that closed in a franchise dispute are reopening under new ownership: See a list of locations - Fast Company,Panera Bread stores that closed in a franchise dispute are reopening under new ownership: See a list of locations Fast Company,new_competitor,neutral,Fast Company
NEWS-00073,USR-004,Houston,TX,2025-12-29,What’s open and closed on New Year’s Eve and New Year’s Day - CW39 Houston,What’s open and closed on New Year’s Eve and New Year’s Day CW39 Houston,local_news,neutral,CW39 Houston
NEWS-00074,USR-004,Houston,TX,2026-03-07,One of Houston's biggest grocery chains is closing stores. Why? - Chron,One of Houston's biggest grocery chains is closing stores. Why? Chron,local_news,neutral,Chron
NEWS-00075,USR-004,Houston,TX,2026-01-25,"Houston grocery store hours: Winter storm updates for H-E-B, Kroger and Walmart - Click2Houston","Houston grocery store hours: Winter storm updates for H-E-B, Kroger and Walmart Click2Houston",weather,negative,Click2Houston
NEWS-00076,USR-005,Phoenix,AZ,2026-04-02,"Major grocery chain closes more stores, cuts jobs as post-merger fallout deepens - FOX 10 Phoenix","Major grocery chain closes more stores, cuts jobs as post-merger fallout deepens FOX 10 Phoenix",local_news,neutral,FOX 10 Phoenix
NEWS-00077,USR-005,Phoenix,AZ,2025-11-26,"Here are the Thanksgiving store hours for supermarkets that are open in metro-Phoenix, and the list of closed big-box retailers on Thursday - 12News","Here are the Thanksgiving store hours for supermarkets that are open in metro-Phoenix, and the list of closed big-box retailers on Thursday 12News",local_news,neutral,12News
NEWS-00078,USR-005,Phoenix,AZ,2025-12-30,Phoenix grocery stores open on New Year’s Eve and Day - Phoenix New Times,Phoenix grocery stores open on New Year’s Eve and Day Phoenix New Times,local_news,neutral,Phoenix New Times
NEWS-00079,USR-005,Phoenix,AZ,2025-10-16,"Best grocery deals through Oct. 21 at Phoenix area Fry’s, Bashas', Safeway and Food City - azcentral.com and The Arizona Republic","Best grocery deals through Oct. 21 at Phoenix area Fry’s, Bashas', Safeway and Food City azcentral.com and The Arizona Republic",local_news,neutral,azcentral.com and The Arizona Republic
NEWS-00080,USR-005,Phoenix,AZ,2025-12-22,Phoenix grocery stores open on Christmas Eve and Day - Phoenix New Times,Phoenix grocery stores open on Christmas Eve and Day Phoenix New Times,local_news,neutral,Phoenix New Times
NEWS-00081,USR-005,Phoenix,AZ,2025-12-22,"Here’s what stores are open, and which ones are closed, on Christmas - AZ Family","Here’s what stores are open, and which ones are closed, on Christmas AZ Family",local_news,neutral,AZ Family
NEWS-00082,USR-005,Phoenix,AZ,2026-06-05,Trader Joe's plans another store in central Phoenix - The Business Journals,Trader Joe's plans another store in central Phoenix The Business Journals,local_news,neutral,The Business Journals
NEWS-00083,USR-005,Phoenix,AZ,2026-05-28,Metro Phoenix grocery store had moldy tomatoes for sale - azcentral.com and The Arizona Republic,Metro Phoenix grocery store had moldy tomatoes for sale azcentral.com and The Arizona Republic,local_news,neutral,azcentral.com and The Arizona Republic
NEWS-00084,USR-005,Phoenix,AZ,2026-06-09,Trader Joe’s is coming to Arcadia. What to know - Phoenix New Times,Trader Joe’s is coming to Arcadia. What to know Phoenix New Times,local_news,neutral,Phoenix New Times
NEWS-00085,USR-005,Phoenix,AZ,2026-06-05,Trader Joe’s Expanding in Phoenix With Two New Stores - WhatNow,Trader Joe’s Expanding in Phoenix With Two New Stores WhatNow,new_competitor,neutral,WhatNow
NEWS-00086,USR-005,Phoenix,AZ,2025-12-21,What's open and closed on Christmas Day 2025 - FOX 10 Phoenix,What's open and closed on Christmas Day 2025 FOX 10 Phoenix,local_news,neutral,FOX 10 Phoenix
NEWS-00087,USR-005,Phoenix,AZ,2026-04-20,Decades-old Phoenix pizza shop being forced out for convenience store - AZ Family,Decades-old Phoenix pizza shop being forced out for convenience store AZ Family,local_news,neutral,AZ Family
NEWS-00088,USR-005,Phoenix,AZ,2025-10-10,"Iconic 169-year-old retailer to shutter 36 locations, citing tariffs - FOX 10 Phoenix","Iconic 169-year-old retailer to shutter 36 locations, citing tariffs FOX 10 Phoenix",local_news,neutral,FOX 10 Phoenix
NEWS-00089,USR-005,Phoenix,AZ,2026-04-24,Bed Bath & Beyond products return to Phoenix after three-year absence - The Business Journals,Bed Bath & Beyond products return to Phoenix after three-year absence The Business Journals,local_news,neutral,The Business Journals
NEWS-00090,USR-005,Phoenix,AZ,2026-04-05,Payless Closing 7 Stores in Arizona Immediately - Real Estate Daily News,Payless Closing 7 Stores in Arizona Immediately Real Estate Daily News,local_news,neutral,Real Estate Daily News
NEWS-00091,USR-005,Phoenix,AZ,2025-11-22,Last-minute Thanksgiving 2025 shopping? When AZ stores like Basha’s close - azcentral.com and The Arizona Republic,Last-minute Thanksgiving 2025 shopping? When AZ stores like Basha’s close azcentral.com and The Arizona Republic,local_news,neutral,azcentral.com and The Arizona Republic
NEWS-00092,USR-006,Philadelphia,PA,2026-05-25,"Memorial Day 2026: What's open and closed including banks, post offices and retail stores - 6abc Philadelphia","Memorial Day 2026: What's open and closed including banks, post offices and retail stores 6abc Philadelphia",local_news,neutral,6abc Philadelphia
NEWS-00093,USR-006,Philadelphia,PA,2025-09-18,Major grocery store chain opening new locations in 5 states this month - FOX 29 Philadelphia,Major grocery store chain opening new locations in 5 states this month FOX 29 Philadelphia,new_competitor,neutral,FOX 29 Philadelphia
NEWS-00094,USR-006,Philadelphia,PA,2025-11-24,Stores that are open and closed on Thanksgiving this year - LiveNOW from FOX,Stores that are open and closed on Thanksgiving this year LiveNOW from FOX,local_news,neutral,LiveNOW from FOX
NEWS-00095,USR-006,Philadelphia,PA,2026-05-14,"These are the best places to work in Florida, report claims - WKMG","These are the best places to work in Florida, report claims WKMG",local_news,neutral,WKMG
NEWS-00096,USR-006,Philadelphia,PA,2025-08-31,This is what's open and closed on Labor Day 2025 - NBC New York,This is what's open and closed on Labor Day 2025 NBC New York,local_news,neutral,NBC New York
NEWS-00097,USR-006,Philadelphia,PA,2025-12-23,"What's open on Christmas Day 2025? And what's closed? Here's what to know about pharmacies, grocery stores, and more - 6abc Philadelphia","What's open on Christmas Day 2025? And what's closed? Here's what to know about pharmacies, grocery stores, and more 6abc Philadelphia",local_news,neutral,6abc Philadelphia
NEWS-00098,USR-006,Philadelphia,PA,2026-06-11,Man wanted for deadly grocery store shooting in Philadelphia's University City section - 6abc Philadelphia,Man wanted for deadly grocery store shooting in Philadelphia's University City section 6abc Philadelphia,local_news,neutral,6abc Philadelphia
NEWS-00099,USR-006,Philadelphia,PA,2026-06-02,Giant Co. Opens Store in Philadelphia’s Andorra Shopping Center - Progressive Grocer,Giant Co. Opens Store in Philadelphia’s Andorra Shopping Center Progressive Grocer,local_news,neutral,Progressive Grocer
NEWS-00100,USR-006,Philadelphia,PA,2026-06-09,Whole Foods plans store in new Fishtown development - The Business Journals,Whole Foods plans store in new Fishtown development The Business Journals,local_news,neutral,The Business Journals
NEWS-00101,USR-006,Philadelphia,PA,2026-06-02,Giant set to open grocery store in former Acme space at Andorra Shopping Center - PhillyVoice,Giant set to open grocery store in former Acme space at Andorra Shopping Center PhillyVoice,local_news,neutral,PhillyVoice
NEWS-00102,USR-006,Philadelphia,PA,2026-03-27,West Philly sustainable grocery store is already feeding the community before opening - WHYY,West Philly sustainable grocery store is already feeding the community before opening WHYY,new_competitor,neutral,WHYY
NEWS-00103,USR-006,Philadelphia,PA,2026-04-24,Price check: How inspectors make sure grocery store sales ring up correctly - CBS News,Price check: How inspectors make sure grocery store sales ring up correctly CBS News,local_news,neutral,CBS News
NEWS-00104,USR-006,Philadelphia,PA,2026-01-06,The Shops at Liberty Place in Center City Philadelphia are up for sale - WHYY,The Shops at Liberty Place in Center City Philadelphia are up for sale WHYY,local_news,neutral,WHYY
NEWS-00105,USR-006,Philadelphia,PA,2026-01-07,Trump store in suburban Philadelphia 'kind of run its course' and is set to close - 6abc Philadelphia,Trump store in suburban Philadelphia 'kind of run its course' and is set to close 6abc Philadelphia,local_news,neutral,6abc Philadelphia
NEWS-00106,USR-006,Philadelphia,PA,2026-05-04,Major Clothing Retailer In PA Closing 150 U.S. Stores - Patch,Major Clothing Retailer In PA Closing 150 U.S. Stores Patch,local_news,neutral,Patch
NEWS-00107,USR-006,Philadelphia,PA,2026-03-06,"8 Grocery Outlet stores closing in Pa., NJ - NBC10 Philadelphia","8 Grocery Outlet stores closing in Pa., NJ NBC10 Philadelphia",local_news,neutral,NBC10 Philadelphia
NEWS-00108,USR-006,Philadelphia,PA,2026-02-10,Saks Fifth Avenue in Bala Cynwyd is closing - Inquirer.com,Saks Fifth Avenue in Bala Cynwyd is closing Inquirer.com,local_news,neutral,Inquirer.com
NEWS-00109,USR-006,Philadelphia,PA,2026-02-18,Di Bruno Bros. closes 3 stores - Grocery Dive,Di Bruno Bros. closes 3 stores Grocery Dive,local_news,neutral,Grocery Dive
NEWS-00110,USR-007,San Antonio,TX,2026-06-04,Whole Foods Market donates 100th Nourishing Our Neighborhoods refrigerated Van to San Antonio Food Bank - Mass Market Retailers,Whole Foods Market donates 100th Nourishing Our Neighborhoods refrigerated Van to San Antonio Food Bank Mass Market Retailers,local_news,neutral,Mass Market Retailers
NEWS-00111,USR-007,San Antonio,TX,2026-06-08,Canadian warehouse workers have signed the first-ever collective agreement with Walmart - FreshPlaza,Canadian warehouse workers have signed the first-ever collective agreement with Walmart FreshPlaza,local_news,neutral,FreshPlaza
NEWS-00112,USR-007,San Antonio,TX,2026-03-11,Is buying online or in-store cheaper? Comparing grocery prices across the U.S. - NBC New York,Is buying online or in-store cheaper? Comparing grocery prices across the U.S. NBC New York,local_news,neutral,NBC New York
NEWS-00113,USR-007,San Antonio,TX,2026-04-04,"What’s open, closed on Easter in the San Antonio area - KSAT","What’s open, closed on Easter in the San Antonio area KSAT",local_news,neutral,KSAT
NEWS-00114,USR-007,San Antonio,TX,2026-01-28,Amazon to close most Amazon Go and Amazon Fresh stores in days - MySA,Amazon to close most Amazon Go and Amazon Fresh stores in days MySA,local_news,neutral,MySA
NEWS-00115,USR-007,San Antonio,TX,2025-08-27,New Whole Foods officially opens in McKinney - WFAA,New Whole Foods officially opens in McKinney WFAA,local_news,neutral,WFAA
NEWS-00116,USR-007,San Antonio,TX,2026-06-19,Is H-E-B already planning a 2nd store in this North Texas city? - MySA,Is H-E-B already planning a 2nd store in this North Texas city? MySA,local_news,neutral,MySA
NEWS-00117,USR-007,San Antonio,TX,2026-06-01,H-E-B will open another North Texas store this month - Dallas News,H-E-B will open another North Texas store this month Dallas News,local_news,neutral,Dallas News
NEWS-00118,USR-007,San Antonio,TX,2026-06-16,Texas grocery race heats up with H-E-B rival’s new $12M store - MySA,Texas grocery race heats up with H-E-B rival’s new $12M store MySA,weather,negative,MySA
NEWS-00119,USR-007,San Antonio,TX,2026-04-09,Would you shop at a massive international supermarket in San Antonio? - WOAI,Would you shop at a massive international supermarket in San Antonio? WOAI,local_news,neutral,WOAI
NEWS-00120,USR-007,San Antonio,TX,2026-02-26,"BLACK HISTORY MONTH | 3 stores, 1 family. A legacy still echoing on San Antonio's east side - kens5.com","BLACK HISTORY MONTH | 3 stores, 1 family. A legacy still echoing on San Antonio's east side kens5.com",local_news,neutral,kens5.com
NEWS-00121,USR-007,San Antonio,TX,2026-03-13,"Saks Fifth Avenue to lay off 71 workers, closes San Antonio store after bankruptcy - San Antonio Report","Saks Fifth Avenue to lay off 71 workers, closes San Antonio store after bankruptcy San Antonio Report",local_news,neutral,San Antonio Report
NEWS-00122,USR-007,San Antonio,TX,2026-01-23,"H-E-B adjusts store hours, reassures customers of service in extreme winter weather - WOAI","H-E-B adjusts store hours, reassures customers of service in extreme winter weather WOAI",weather,negative,WOAI
NEWS-00123,USR-007,San Antonio,TX,2026-02-10,Longtime store to close at popular San Antonio shopping center - MySA,Longtime store to close at popular San Antonio shopping center MySA,local_news,neutral,MySA
NEWS-00124,USR-007,San Antonio,TX,2026-03-13,Saks laying off 71 employees as it closes San Antonio store - San Antonio Express-News,Saks laying off 71 employees as it closes San Antonio store San Antonio Express-News,local_news,neutral,San Antonio Express-News
NEWS-00125,USR-007,San Antonio,TX,2026-01-24,When is H-E-B open this weekend? Grocery chain adjusts hours for San Antonio-area stores amid winter storm - kens5.com,When is H-E-B open this weekend? Grocery chain adjusts hours for San Antonio-area stores amid winter storm kens5.com,weather,negative,kens5.com
NEWS-00126,USR-007,San Antonio,TX,2026-06-10,Major pizza chain has closed at least 40 locations in 2026: See the list so far - MLive.com,Major pizza chain has closed at least 40 locations in 2026: See the list so far MLive.com,local_news,neutral,MLive.com
NEWS-00127,USR-008,San Diego,CA,2026-04-01,CVS Health opens pharmacy-only locations as it rightsizes store footprint - Fierce Healthcare,CVS Health opens pharmacy-only locations as it rightsizes store footprint Fierce Healthcare,local_news,neutral,Fierce Healthcare
NEWS-00128,USR-008,San Diego,CA,2025-12-23,Store hours: What’s open and closed Christmas Eve and Christmas Day - San Diego Union-Tribune,Store hours: What’s open and closed Christmas Eve and Christmas Day San Diego Union-Tribune,local_news,neutral,San Diego Union-Tribune
NEWS-00129,USR-008,San Diego,CA,2025-11-20,"Thanksgiving, Black Friday, Cyber Monday Boycott: List of Stores Targeted - Newsweek","Thanksgiving, Black Friday, Cyber Monday Boycott: List of Stores Targeted Newsweek",local_news,neutral,Newsweek
NEWS-00130,USR-008,San Diego,CA,2021-11-18,CVS Closing Hundreds Of Stores: Will San Diego Locations Survive? - Patch,CVS Closing Hundreds Of Stores: Will San Diego Locations Survive? Patch,local_news,neutral,Patch
NEWS-00131,USR-008,San Diego,CA,2021-02-25,"CVS Pharmacies Adds Coronavirus Vaccines at 40 California Locations, Including in San Diego County - NBC 7 San Diego","CVS Pharmacies Adds Coronavirus Vaccines at 40 California Locations, Including in San Diego County NBC 7 San Diego",local_news,neutral,NBC 7 San Diego
NEWS-00132,USR-008,San Diego,CA,2025-06-06,CVS Is Closing 270 Stores This Year — Here's What to Know - Good Housekeeping,CVS Is Closing 270 Stores This Year — Here's What to Know Good Housekeeping,local_news,neutral,Good Housekeeping
NEWS-00133,USR-008,San Diego,CA,2026-06-19,"San Diego County sues grocery store sushi franchises, alleging worker exploitation - NBC 7 San Diego","San Diego County sues grocery store sushi franchises, alleging worker exploitation NBC 7 San Diego",local_news,neutral,NBC 7 San Diego
NEWS-00134,USR-008,San Diego,CA,2026-06-19,San Diego County files lawsuit alleging exploitation of grocery store sushi workers - fox5sandiego.com,San Diego County files lawsuit alleging exploitation of grocery store sushi workers fox5sandiego.com,local_news,neutral,fox5sandiego.com
NEWS-00135,USR-008,San Diego,CA,2026-06-11,2 more Trader Joe’s are opening in San Diego County - San Diego Union-Tribune,2 more Trader Joe’s are opening in San Diego County San Diego Union-Tribune,new_competitor,neutral,San Diego Union-Tribune
NEWS-00136,USR-008,San Diego,CA,2026-06-15,Report: Texas-based H-E-B eclipsed by California rival for best grocer in US - MySA,Report: Texas-based H-E-B eclipsed by California rival for best grocer in US MySA,local_news,neutral,MySA
NEWS-00137,USR-008,San Diego,CA,2026-04-28,"Grocery Outlet comes to PB, with grand opening giveaways, including gift cards - Times of San Diego","Grocery Outlet comes to PB, with grand opening giveaways, including gift cards Times of San Diego",new_competitor,neutral,Times of San Diego
NEWS-00138,USR-008,San Diego,CA,2026-01-15,A Rundown and Review of Local Markets for Ocean Beach - OB Rag,A Rundown and Review of Local Markets for Ocean Beach OB Rag,local_news,neutral,OB Rag
NEWS-00139,USR-008,San Diego,CA,2026-06-05,Apple to shutter store this month in struggling California mall in latest blow - New York Post,Apple to shutter store this month in struggling California mall in latest blow New York Post,local_news,neutral,New York Post
NEWS-00140,USR-008,San Diego,CA,2026-03-09,Grocery Outlet closing 9 stores in California - fox5sandiego.com,Grocery Outlet closing 9 stores in California fox5sandiego.com,local_news,neutral,fox5sandiego.com
NEWS-00141,USR-008,San Diego,CA,2026-04-17,Apple To Close San Diego-Area Store - Patch,Apple To Close San Diego-Area Store Patch,local_news,neutral,Patch
NEWS-00142,USR-008,San Diego,CA,2026-04-19,"Apple to close 3 retail stores in June, including 1 in SoCal - KTLA","Apple to close 3 retail stores in June, including 1 in SoCal KTLA",local_news,neutral,KTLA
NEWS-00143,USR-008,San Diego,CA,2026-06-01,"Fake SoCal store concealed the entrance to a massive secret drug tunnel, prosecutors say - Los Angeles Times","Fake SoCal store concealed the entrance to a massive secret drug tunnel, prosecutors say Los Angeles Times",local_news,neutral,Los Angeles Times
NEWS-00144,USR-008,San Diego,CA,2026-04-15,Apple is closing this California store in June - East Bay Times,Apple is closing this California store in June East Bay Times,local_news,neutral,East Bay Times
NEWS-00145,USR-009,Dallas,TX,2025-12-24,"Here's what stores are open, and which ones are closed, on Christmas - NBC 5 Dallas-Fort Worth","Here's what stores are open, and which ones are closed, on Christmas NBC 5 Dallas-Fort Worth",local_news,neutral,NBC 5 Dallas-Fort Worth
NEWS-00146,USR-009,Dallas,TX,2026-04-04,Which stores will be open or closed on Easter Sunday 2026? Here's the full list - WFAA,Which stores will be open or closed on Easter Sunday 2026? Here's the full list WFAA,local_news,neutral,WFAA
NEWS-00147,USR-009,Dallas,TX,2025-11-27,Dallas stores that are open on Thanksgiving day - FOX 4 News Dallas-Fort Worth,Dallas stores that are open on Thanksgiving day FOX 4 News Dallas-Fort Worth,local_news,neutral,FOX 4 News Dallas-Fort Worth
NEWS-00148,USR-009,Dallas,TX,2025-12-22,"What's open on Christmas Day? Starbucks, HEB, Kroger and other store hours - Houston Chronicle","What's open on Christmas Day? Starbucks, HEB, Kroger and other store hours Houston Chronicle",local_news,neutral,Houston Chronicle
NEWS-00149,USR-009,Dallas,TX,2026-02-27,"Hundreds face layoffs as national pharmacy chain downsizes, restructures - MassLive","Hundreds face layoffs as national pharmacy chain downsizes, restructures MassLive",local_news,neutral,MassLive
NEWS-00150,USR-009,Dallas,TX,2025-12-23,"North Texas grocery stores open on Christmas Eve and Christmas Day 2025: Hours for H-E-B, Kroger and more - WFAA","North Texas grocery stores open on Christmas Eve and Christmas Day 2025: Hours for H-E-B, Kroger and more WFAA",local_news,neutral,WFAA
NEWS-00151,USR-009,Dallas,TX,2026-06-17,H-E-B opens its first grocery store in Dallas County - NBC 5 Dallas-Fort Worth,H-E-B opens its first grocery store in Dallas County NBC 5 Dallas-Fort Worth,local_news,neutral,NBC 5 Dallas-Fort Worth
NEWS-00152,USR-009,Dallas,TX,2026-06-12,Southern Dallas loses a grocery store in Oak Cliff area with fewer options - Dallas News,Southern Dallas loses a grocery store in Oak Cliff area with fewer options Dallas News,local_news,neutral,Dallas News
NEWS-00153,USR-009,Dallas,TX,2026-06-17,H-E-B's first Dallas County grocery store makes grand debut in Irving - CultureMap Dallas,H-E-B's first Dallas County grocery store makes grand debut in Irving CultureMap Dallas,local_news,neutral,CultureMap Dallas
NEWS-00154,USR-009,Dallas,TX,2026-06-08,H-E-B rival expands North Texas empire with $5M store - MySA,H-E-B rival expands North Texas empire with $5M store MySA,local_news,neutral,MySA
NEWS-00155,USR-009,Dallas,TX,2026-03-06,Supermarket construction in Texas follows years of population gains - marketplace.org,Supermarket construction in Texas follows years of population gains marketplace.org,construction,negative,marketplace.org
NEWS-00156,USR-009,Dallas,TX,2025-12-22,Dallas grocery stores open on Christmas Eve and Christmas Day in 2025 - FOX 4 News Dallas-Fort Worth,Dallas grocery stores open on Christmas Eve and Christmas Day in 2025 FOX 4 News Dallas-Fort Worth,local_news,neutral,FOX 4 News Dallas-Fort Worth
NEWS-00157,USR-009,Dallas,TX,2026-03-18,The Nordstrom at Galleria Dallas – the first in Texas – set to close in May - KERA News,The Nordstrom at Galleria Dallas – the first in Texas – set to close in May KERA News,local_news,neutral,KERA News
NEWS-00158,USR-009,Dallas,TX,2026-06-03,"Downtown Dallas Neiman Marcus to close for good, after all - Retail Dive","Downtown Dallas Neiman Marcus to close for good, after all Retail Dive",local_news,neutral,Retail Dive
NEWS-00159,USR-009,Dallas,TX,2026-06-04,Luxury chain closes flagship store after 112 years - thestreet.com,Luxury chain closes flagship store after 112 years thestreet.com,local_news,neutral,thestreet.com
NEWS-00160,USR-009,Dallas,TX,2026-06-03,Neiman Marcus to Turn Out the Lights on 110-Year-Old Party - Town & Country Magazine,Neiman Marcus to Turn Out the Lights on 110-Year-Old Party Town & Country Magazine,local_news,neutral,Town & Country Magazine
NEWS-00161,USR-009,Dallas,TX,2026-03-27,"Albertsons to close two North Texas stores, cut 138 jobs, filings show - WFAA","Albertsons to close two North Texas stores, cut 138 jobs, filings show WFAA",local_news,neutral,WFAA
NEWS-00162,USR-010,Austin,TX,2026-04-22,Home Depot adds AI phone agents. How could it affect customer support? - Customer Experience Dive,Home Depot adds AI phone agents. How could it affect customer support? Customer Experience Dive,local_news,neutral,Customer Experience Dive
NEWS-00163,USR-010,Austin,TX,2026-03-05,Artist Robin Frohardt brings a cardboard world inspired by Home Depot to Austin - KUT,Artist Robin Frohardt brings a cardboard world inspired by Home Depot to Austin KUT,local_news,neutral,KUT
NEWS-00164,USR-010,Austin,TX,2026-04-23,"From Leander to San Marcos, here's what The Home Depot has planned for the metro - The Business Journals","From Leander to San Marcos, here's what The Home Depot has planned for the metro The Business Journals",local_news,neutral,The Business Journals
NEWS-00165,USR-010,Austin,TX,2026-04-22,Home Depot is opening its first store in San Marcos next year - San Antonio Express-News,Home Depot is opening its first store in San Marcos next year San Antonio Express-News,new_competitor,neutral,San Antonio Express-News
NEWS-00166,USR-010,Austin,TX,2026-04-01,Home Depot sets sights on AI with CTO appointment - CIO Dive,Home Depot sets sights on AI with CTO appointment CIO Dive,local_news,neutral,CIO Dive
NEWS-00167,USR-010,Austin,TX,2026-04-23,Home improvement giant eyes $13M investment in TX college town - MySA,Home improvement giant eyes $13M investment in TX college town MySA,local_news,neutral,MySA
NEWS-00168,USR-010,Austin,TX,2026-06-15,Report: Texas-based H-E-B eclipsed by California rival for best grocer in US - MySA,Report: Texas-based H-E-B eclipsed by California rival for best grocer in US MySA,local_news,neutral,MySA
NEWS-00169,USR-010,Austin,TX,2026-06-02,Repeat offender charged with breaking into downtown Austin grocery store - KEYE,Repeat offender charged with breaking into downtown Austin grocery store KEYE,local_news,neutral,KEYE
NEWS-00170,USR-010,Austin,TX,2026-06-01,Another repeat offender charged with breaking into downtown Austin grocery store - KXAN Austin,Another repeat offender charged with breaking into downtown Austin grocery store KXAN Austin,local_news,neutral,KXAN Austin
NEWS-00171,USR-010,Austin,TX,2026-05-07,Del Valle co-op pushes to open long-awaited grocery store this fall - Austin Current,Del Valle co-op pushes to open long-awaited grocery store this fall Austin Current,local_news,neutral,Austin Current
NEWS-00172,USR-010,Austin,TX,2026-05-22,H-E-B explains why it's closing one of its Austin grocery stores - Chron,H-E-B explains why it's closing one of its Austin grocery stores Chron,local_news,neutral,Chron
NEWS-00173,USR-010,Austin,TX,2026-05-28,This is how close American households are to the financial edge - NPR,This is how close American households are to the financial edge NPR,local_news,neutral,NPR
NEWS-00174,USR-010,Austin,TX,2026-05-21,H-E-B announces Austin store closure due to lease ending - FOX 7 Austin,H-E-B announces Austin store closure due to lease ending FOX 7 Austin,construction,negative,FOX 7 Austin
NEWS-00175,USR-010,Austin,TX,2026-05-20,H-E-B to close Spicewood Springs store off Research Boulevard as location's lease ends - KVUE,H-E-B to close Spicewood Springs store off Research Boulevard as location's lease ends KVUE,local_news,neutral,KVUE
NEWS-00176,USR-010,Austin,TX,2026-05-21,H-E-B stuns customers with plans to shutter a longtime Texas store - MySA,H-E-B stuns customers with plans to shutter a longtime Texas store MySA,local_news,neutral,MySA
NEWS-00177,USR-010,Austin,TX,2026-05-22,H-E-B to close Austin store in move that spotlights company’s evolution into real estate empire - The Real Deal,H-E-B to close Austin store in move that spotlights company’s evolution into real estate empire The Real Deal,local_news,neutral,The Real Deal
NEWS-00178,USR-010,Austin,TX,2026-05-21,Northwest Austin shoppers will lose a longtime H-E-B this summer. See where - Austin American-Statesman,Northwest Austin shoppers will lose a longtime H-E-B this summer. See where Austin American-Statesman,local_news,neutral,Austin American-Statesman
NEWS-00179,USR-010,Austin,TX,2026-03-29,"Historic train depot south of Austin to be turned into retail incubator, community marketplace","To continue reading this content, please enable JavaScript in your browser settings and refresh this page. Preview this article 1 min Construction is underway with ...",construction,negative,bing.com
NEWS-00180,USR-010,Austin,TX,2026-04-22,"From Leander to San Marcos, here's what The Home Depot has planned for the metro","To continue reading this content, please enable JavaScript in your browser settings and refresh this page. Preview this article 1 min As The Home Depot opens its ...",local_news,neutral,bing.com
NEWS-00181,USR-010,Austin,TX,2007-11-26,"ProLogis subsidiary to build Home Depot retail center in Austin, Texas","DENVER AP - Catellus, a subsidiary of real estate investment trust ProLogis, said Tuesday it will develop a 141,000 square-foot retail center for The HomeDepot Inc. in Austin, Texas.The center will be ...",local_news,neutral,bing.com
NEWS-00182,USR-011,Jacksonville,FL,2026-06-06,"Lowe’s opens new 94,000-square-foot store in Port St. Lucie - cw34.com","Lowe’s opens new 94,000-square-foot store in Port St. Lucie cw34.com",local_news,neutral,cw34.com
NEWS-00183,USR-011,Jacksonville,FL,2025-12-22,"Here's what stores are open, and which ones are closed, on Christmas - News4JAX","Here's what stores are open, and which ones are closed, on Christmas News4JAX",local_news,neutral,News4JAX
NEWS-00184,USR-011,Jacksonville,FL,2025-11-19,Color on Home Depot and Lowe’s - HBS Dealer,Color on Home Depot and Lowe’s HBS Dealer,local_news,neutral,HBS Dealer
NEWS-00185,USR-011,Jacksonville,FL,2025-11-25,Black Friday 2025: What time do stores open? - firstcoastnews.com,Black Friday 2025: What time do stores open? firstcoastnews.com,local_news,neutral,firstcoastnews.com
NEWS-00186,USR-011,Jacksonville,FL,2026-05-13,Large-scale retail theft ring broken up in Hillsborough County - Florida Politics,Large-scale retail theft ring broken up in Hillsborough County Florida Politics,local_news,neutral,Florida Politics
NEWS-00187,USR-011,Jacksonville,FL,2026-02-02,"Lowe's buys land for new store, regional headquarters - The Business Journals","Lowe's buys land for new store, regional headquarters The Business Journals",new_competitor,neutral,The Business Journals
NEWS-00188,USR-011,Jacksonville,FL,2026-06-18,"Aldi opens Downtown, the first of three new stores within weeks - Jacksonville Daily Record","Aldi opens Downtown, the first of three new stores within weeks Jacksonville Daily Record",new_competitor,neutral,Jacksonville Daily Record
NEWS-00189,USR-011,Jacksonville,FL,2026-06-17,Jacksonville is getting 3 new Aldi stores this summer. Where and when - The Florida Times-Union,Jacksonville is getting 3 new Aldi stores this summer. Where and when The Florida Times-Union,local_news,neutral,The Florida Times-Union
NEWS-00190,USR-011,Jacksonville,FL,2026-06-14,ALDI expands in Jacksonville with three new stores opening in June and July 2026 - Action News Jax,ALDI expands in Jacksonville with three new stores opening in June and July 2026 Action News Jax,new_competitor,neutral,Action News Jax
NEWS-00191,USR-011,Jacksonville,FL,2026-03-16,Harris Teeter comes back to Jacksonville: What we know about the plans - firstcoastnews.com,Harris Teeter comes back to Jacksonville: What we know about the plans firstcoastnews.com,local_news,neutral,firstcoastnews.com
NEWS-00192,USR-011,Jacksonville,FL,2026-05-22,"Memorial Day grocery rush in Florida: Most stores stay open, but one giant shuts - WPEC","Memorial Day grocery rush in Florida: Most stores stay open, but one giant shuts WPEC",local_news,neutral,WPEC
NEWS-00193,USR-011,Jacksonville,FL,2026-05-04,Your brain on bargains: Why you’re buying more at the grocery store than you planned - News4JAX,Your brain on bargains: Why you’re buying more at the grocery store than you planned News4JAX,local_news,neutral,News4JAX
NEWS-00194,USR-011,Jacksonville,FL,2026-05-11,Jacksonville City Council to vote on Winn-Dixie incentives that keep Harveys store - firstcoastnews.com,Jacksonville City Council to vote on Winn-Dixie incentives that keep Harveys store firstcoastnews.com,local_news,neutral,firstcoastnews.com
NEWS-00195,USR-011,Jacksonville,FL,2026-02-06,"Retail report: Openings, closings and what’s next in Northeast Florida - The Business Journals","Retail report: Openings, closings and what’s next in Northeast Florida The Business Journals",new_competitor,neutral,The Business Journals
NEWS-00196,USR-011,Jacksonville,FL,2026-04-28,Northwest Jacksonville Harveys Supermarket approved to become Winn-Dixie - News4JAX,Northwest Jacksonville Harveys Supermarket approved to become Winn-Dixie News4JAX,local_news,neutral,News4JAX
NEWS-00197,USR-011,Jacksonville,FL,2026-04-27,Adventure parks make play for closed retail stores - Jacksonville Daily Record,Adventure parks make play for closed retail stores Jacksonville Daily Record,local_news,neutral,Jacksonville Daily Record
NEWS-00198,USR-011,Jacksonville,FL,2026-05-29,Books-A-Million at Orange Park Mall set to be replaced. What we know - The Florida Times-Union,Books-A-Million at Orange Park Mall set to be replaced. What we know The Florida Times-Union,local_news,neutral,The Florida Times-Union
NEWS-00199,USR-011,Jacksonville,FL,2025-11-12,Harris Teeter to build 5 new stores - Grocery Dive,Harris Teeter to build 5 new stores Grocery Dive,new_competitor,neutral,Grocery Dive
NEWS-00200,USR-012,Fort Worth,TX,2026-03-11,Trackdown: Couple caught on camera stealing from Best Buy stores in Tarrant County - FOX 4 News Dallas-Fort Worth,Trackdown: Couple caught on camera stealing from Best Buy stores in Tarrant County FOX 4 News Dallas-Fort Worth,local_news,neutral,FOX 4 News Dallas-Fort Worth
NEWS-00201,USR-012,Fort Worth,TX,2026-02-24,Best Mattress Store in Fort Worth - Eachnight,Best Mattress Store in Fort Worth Eachnight,local_news,neutral,Eachnight
NEWS-00202,USR-012,Fort Worth,TX,2022-06-08,Texas Best Buy stores go big for local blood drive - Best Buy Corporate,Texas Best Buy stores go big for local blood drive Best Buy Corporate,local_news,neutral,Best Buy Corporate
NEWS-00203,USR-012,Fort Worth,TX,2025-11-05,IKEA to Bring Kitchens and Laundry Rooms to Best Buy Stores in Texas and Florida - Fort Worth Magazine,IKEA to Bring Kitchens and Laundry Rooms to Best Buy Stores in Texas and Florida Fort Worth Magazine,local_news,neutral,Fort Worth Magazine
NEWS-00204,USR-012,Fort Worth,TX,2025-07-31,IKEA will pop-up a mini-store inside one Best Buy in Hurst - CultureMap Fort Worth,IKEA will pop-up a mini-store inside one Best Buy in Hurst CultureMap Fort Worth,local_news,neutral,CultureMap Fort Worth
NEWS-00205,USR-012,Fort Worth,TX,2025-08-02,IKEA Expands in North Texas With Two Best Buy Pilots and Two New Stores - Dallas Innovates,IKEA Expands in North Texas With Two Best Buy Pilots and Two New Stores Dallas Innovates,new_competitor,neutral,Dallas Innovates
NEWS-00206,USR-012,Fort Worth,TX,2026-06-19,Is H-E-B already planning a 2nd store in this North Texas city? - MySA,Is H-E-B already planning a 2nd store in this North Texas city? MySA,local_news,neutral,MySA
NEWS-00207,USR-012,Fort Worth,TX,2026-06-17,H-E-B opens its first grocery store in Dallas County - NBC 5 Dallas-Fort Worth,H-E-B opens its first grocery store in Dallas County NBC 5 Dallas-Fort Worth,local_news,neutral,NBC 5 Dallas-Fort Worth
NEWS-00208,USR-012,Fort Worth,TX,2026-06-18,Where are the ‘Mid-Cities’? Texas has an answer: at the H-E-B store | Opinion - Fort Worth Star-Telegram,Where are the ‘Mid-Cities’? Texas has an answer: at the H-E-B store | Opinion Fort Worth Star-Telegram,local_news,neutral,Fort Worth Star-Telegram
NEWS-00209,USR-012,Fort Worth,TX,2026-05-13,Rezoning of H-E-B-owned land for retail store in north Fort Worth gets panel’s approval - Fort Worth Report,Rezoning of H-E-B-owned land for retail store in north Fort Worth gets panel’s approval Fort Worth Report,local_news,neutral,Fort Worth Report
NEWS-00210,USR-012,Fort Worth,TX,2026-03-06,Supermarket construction in Texas follows years of population gains - marketplace.org,Supermarket construction in Texas follows years of population gains marketplace.org,construction,negative,marketplace.org
NEWS-00211,USR-012,Fort Worth,TX,2026-06-01,H-E-B will open another North Texas store this month - Dallas News,H-E-B will open another North Texas store this month Dallas News,local_news,neutral,Dallas News
NEWS-00212,USR-012,Fort Worth,TX,2026-05-18,"Bed, Bath & Beyond stores are back in Fort Worth — with a twist. Here’s where - Fort Worth Star-Telegram","Bed, Bath & Beyond stores are back in Fort Worth — with a twist. Here’s where Fort Worth Star-Telegram",local_news,neutral,Fort Worth Star-Telegram
NEWS-00213,USR-012,Fort Worth,TX,2025-10-15,"Fort Worth’s Apple Store gets a glow-up, first in Texas with new design - Fort Worth Report","Fort Worth’s Apple Store gets a glow-up, first in Texas with new design Fort Worth Report",local_news,neutral,Fort Worth Report
NEWS-00214,USR-012,Fort Worth,TX,2026-03-25,Grocer Albertsons closing two stores in North Texas - Dallas News,Grocer Albertsons closing two stores in North Texas Dallas News,local_news,neutral,Dallas News
NEWS-00215,USR-012,Fort Worth,TX,2025-10-24,University Park Village undergoes major retail refresh - TCU 360,University Park Village undergoes major retail refresh TCU 360,local_news,neutral,TCU 360
NEWS-00216,USR-012,Fort Worth,TX,2026-03-27,"Albertsons to close two North Texas stores, cut 138 jobs, filings show - WFAA","Albertsons to close two North Texas stores, cut 138 jobs, filings show WFAA",local_news,neutral,WFAA
NEWS-00217,USR-012,Fort Worth,TX,2026-05-22,H-E-B to close Austin store in move that spotlights company’s evolution into real estate empire - The Real Deal,H-E-B to close Austin store in move that spotlights company’s evolution into real estate empire The Real Deal,local_news,neutral,The Real Deal
NEWS-00218,USR-012,Fort Worth,TX,2026-04-14,5 Best Buy Deals Worth Buying In April 2026,"We may receive a commission on purchases made from links. Best Buy offers plenty of deals to entice customers, both in-store and online, ranging from flash sales to weekly deals to daily drops. Of ...",local_news,neutral,bing.com
NEWS-00219,USR-013,Columbus,OH,2025-10-27,"Downtown Dollar General store boards up, citing 'looting' fears if SNAP benefits end - The Columbus Dispatch","Downtown Dollar General store boards up, citing 'looting' fears if SNAP benefits end The Columbus Dispatch",local_news,neutral,The Columbus Dispatch
NEWS-00220,USR-013,Columbus,OH,2026-01-23,"Dollar General offers same-day delivery to 17,000 locations - Akron Beacon Journal","Dollar General offers same-day delivery to 17,000 locations Akron Beacon Journal",local_news,neutral,Akron Beacon Journal
NEWS-00221,USR-013,Columbus,OH,2025-08-13,Coffee sold at Dollar General stores in Ohio could contain glass - Spectrum News,Coffee sold at Dollar General stores in Ohio could contain glass Spectrum News,local_news,neutral,Spectrum News
NEWS-00222,USR-013,Columbus,OH,2025-10-29,"Downtown businesses puzzled after local store boards up windows, then takes them down - 614NOW","Downtown businesses puzzled after local store boards up windows, then takes them down 614NOW",local_news,neutral,614NOW
NEWS-00223,USR-013,Columbus,OH,2025-11-01,"California police chief addresses backlash to increased grocery store patrols ahead of potential SNAP lapse - ABC News - Breaking News, Latest News and Videos","California police chief addresses backlash to increased grocery store patrols ahead of potential SNAP lapse ABC News - Breaking News, Latest News and Videos",local_news,neutral,"ABC News - Breaking News, Latest News and Videos"
NEWS-00224,USR-013,Columbus,OH,2023-01-27,Ohio Dollar General stores shut down amid overcharging lawsuit - NBC4 WCMH-TV,Ohio Dollar General stores shut down amid overcharging lawsuit NBC4 WCMH-TV,local_news,neutral,NBC4 WCMH-TV
NEWS-00225,USR-013,Columbus,OH,2026-05-23,Looking back at Big Bear stores in central Ohio - The Columbus Dispatch,Looking back at Big Bear stores in central Ohio The Columbus Dispatch,local_news,neutral,The Columbus Dispatch
NEWS-00226,USR-013,Columbus,OH,2026-06-05,Giant Eagle closing Central Ohio store - The Business Journals,Giant Eagle closing Central Ohio store The Business Journals,local_news,neutral,The Business Journals
NEWS-00227,USR-013,Columbus,OH,2026-01-24,Grocery stores see surge ahead of winter storm - Spectrum News,Grocery stores see surge ahead of winter storm Spectrum News,weather,negative,Spectrum News
NEWS-00228,USR-013,Columbus,OH,2026-05-12,Specialty grocery store to take over former Grandview Heights-area Big Lots - NBC4 WCMH-TV,Specialty grocery store to take over former Grandview Heights-area Big Lots NBC4 WCMH-TV,local_news,neutral,NBC4 WCMH-TV
NEWS-00229,USR-013,Columbus,OH,2026-01-23,Don't make panic purchases: grocery stores warn ahead of winter storm - WSYX,Don't make panic purchases: grocery stores warn ahead of winter storm WSYX,weather,negative,WSYX
NEWS-00230,USR-013,Columbus,OH,2026-03-26,Kroger to spend $112M on store projects in Ohio - Grocery Dive,Kroger to spend $112M on store projects in Ohio Grocery Dive,local_news,neutral,Grocery Dive
NEWS-00231,USR-013,Columbus,OH,2025-10-28,Columbus Dollar General removes boards from windows after worries of loss of SNAP benefits,"COLUMBUS, Ohio (WCMH) — A Dollar General store on South High Street in downtown Columbus has removed boards that it put up as central Ohioans prepare to lose food assistance. With approximately ...",local_news,neutral,bing.com
NEWS-00232,USR-013,Columbus,OH,2025-10-27,"Downtown Dollar General store boards up, citing 'looting' fears if SNAP benefits end","A Dollar General in downtown Columbus boarded its windows ahead of potential theft related to SNAP benefits stopping Nov. 1. A company official claimed a city security group advised the precautions, a ...",local_news,neutral,bing.com
NEWS-00233,USR-013,Columbus,OH,2025-10-29,"Dollar General boarding windows was utter nonsense. Poor moms, kids aren't a threat. | Opinion","A Dollar General in downtown Columbus boarded up its windows over fears of looting if SNAP benefits were to end. The store's actions were based on a tip from an unnamed security group, though no other ...",local_news,neutral,bing.com
NEWS-00234,USR-014,Charlotte,NC,2026-06-18,"What’s closed on Juneteenth in Charlotte? Grocery stores, banks, mail & more - Charlotte Observer","What’s closed on Juneteenth in Charlotte? Grocery stores, banks, mail & more Charlotte Observer",local_news,neutral,Charlotte Observer
NEWS-00235,USR-014,Charlotte,NC,2026-05-20,"Here's what's open, closed for Memorial Day 2026 - WCNC","Here's what's open, closed for Memorial Day 2026 WCNC",local_news,neutral,WCNC
NEWS-00236,USR-014,Charlotte,NC,2025-10-21,This Charlotte warehouse club just changed its opening hours. What to know - Charlotte Observer,This Charlotte warehouse club just changed its opening hours. What to know Charlotte Observer,new_competitor,neutral,Charlotte Observer
NEWS-00237,USR-014,Charlotte,NC,2025-12-30,"What grocery stores are open, closed in NC for New Year's Eve, Day? - The Asheville Citizen Times","What grocery stores are open, closed in NC for New Year's Eve, Day? The Asheville Citizen Times",local_news,neutral,The Asheville Citizen Times
NEWS-00238,USR-014,Charlotte,NC,2025-11-24,"What's open and closed on Thanksgiving? Grocery, retail hours for 2025 - WRAL","What's open and closed on Thanksgiving? Grocery, retail hours for 2025 WRAL",local_news,neutral,WRAL
NEWS-00239,USR-014,Charlotte,NC,2025-11-18,What stores are open and closed on Thanksgiving 2025? Here’s what to know - WAVE News,What stores are open and closed on Thanksgiving 2025? Here’s what to know WAVE News,local_news,neutral,WAVE News
NEWS-00240,USR-014,Charlotte,NC,2026-06-04,Lowes Foods adding two grocery stores to the Charlotte area - Queen City News,Lowes Foods adding two grocery stores to the Charlotte area Queen City News,local_news,neutral,Queen City News
NEWS-00241,USR-014,Charlotte,NC,2026-06-08,Lowes Foods expands with new stores in Charlotte area - WSOC TV,Lowes Foods expands with new stores in Charlotte area WSOC TV,new_competitor,neutral,WSOC TV
NEWS-00242,USR-014,Charlotte,NC,2026-06-18,Aldi launches free Blind Box grocery bundles as shoppers grapple with higher food costs - Fox Business,Aldi launches free Blind Box grocery bundles as shoppers grapple with higher food costs Fox Business,local_news,neutral,Fox Business
NEWS-00243,USR-014,Charlotte,NC,2026-04-08,East Charlotte grocery store set lose major grocery store as council member warns of growing ‘amenities gap’ - WBTV,East Charlotte grocery store set lose major grocery store as council member warns of growing ‘amenities gap’ WBTV,local_news,neutral,WBTV
NEWS-00244,USR-014,Charlotte,NC,2026-06-09,Northwood Ravin readies retail redevelopment at aging South End complex - The Business Journals,Northwood Ravin readies retail redevelopment at aging South End complex The Business Journals,local_news,neutral,The Business Journals
NEWS-00245,USR-014,Charlotte,NC,2025-12-24,These stores and restaurants will be open on Christmas Day 2025 - WCNC,These stores and restaurants will be open on Christmas Day 2025 WCNC,local_news,neutral,WCNC
NEWS-00246,USR-014,Charlotte,NC,2026-04-04,Stores open and closed on Easter Sunday - WCCB Charlotte,Stores open and closed on Easter Sunday WCCB Charlotte,local_news,neutral,WCCB Charlotte
NEWS-00247,USR-014,Charlotte,NC,2025-12-22,"Which Charlotte grocery & retail stores are open, closed Christmas Eve and Day? - Charlotte Observer","Which Charlotte grocery & retail stores are open, closed Christmas Eve and Day? Charlotte Observer",local_news,neutral,Charlotte Observer
NEWS-00248,USR-014,Charlotte,NC,2026-04-06,Harris Teeter to close east Charlotte store - WBTV,Harris Teeter to close east Charlotte store WBTV,local_news,neutral,WBTV
NEWS-00249,USR-014,Charlotte,NC,2026-04-01,Walmart’s Sam’s Club raising membership prices,The above button links to Coinbase. Yahoo Finance is not a broker-dealer or investment adviser and does not offer securities or cryptocurrencies for sale or facilitate trading. Coinbase pays us for ...,local_news,neutral,bing.com
NEWS-00250,USR-014,Charlotte,NC,2026-05-17,Sam's Club transformed retail media with an award-winning immersive experience network,"Sam's Club Member Access Platform (MAP) was built to be fundamentally different from traditional commerce media networks. It is based on a membership model that connects experience, measurement, and ...",local_news,neutral,bing.com
NEWS-00251,USR-014,Charlotte,NC,2026-02-25,Costco vs. Sam's Club: Which Membership Is Worth It in 2026?,"Both Sam's Club and Costco offer two membership levels for individuals, but Sam’s Club’s fees are lower. The stores carry many of the same services and products, but Costco typically stocks more ...",local_news,neutral,bing.com
NEWS-00252,USR-014,Charlotte,NC,2026-05-28,Walmart's warehouse club reveals a secret weapon against Costco,"You're currently following this author! Want to unfollow? Unsubscribe via the link in your email. Focus groups are a mainstay of retail, but Walmart's warehouse club is taking it to another level in ...",local_news,neutral,bing.com
NEWS-00253,USR-014,Charlotte,NC,2026-02-24,Costco vs. Sam’s Club: Which Membership Is Worth It in 2026?,"Attention, discount shoppers: A warehouse club membership can land you some of the lowest prices on everyday goods in exchange for an annual fee. Costco and Sam’s Club are the largest warehouse clubs ...",local_news,neutral,bing.com
NEWS-00254,USR-015,Indianapolis,IN,2026-04-01,Aldi expansion continues with supermarket opening in Franklin - WISH-TV,Aldi expansion continues with supermarket opening in Franklin WISH-TV,new_competitor,neutral,WISH-TV
NEWS-00255,USR-015,Indianapolis,IN,2026-04-02,New Aldi store opens in Central Indiana with freebies and gift cards - IndyStar,New Aldi store opens in Central Indiana with freebies and gift cards IndyStar,local_news,neutral,IndyStar
NEWS-00256,USR-015,Indianapolis,IN,2025-12-24,These stores and restaurants will be open on Christmas Day 2025 - WTHR,These stores and restaurants will be open on Christmas Day 2025 WTHR,local_news,neutral,WTHR
NEWS-00257,USR-015,Indianapolis,IN,2025-12-29,"What's open and closed in Indianapolis on New Year's Day 2026? Details for stores, restaurants, more - IndyStar","What's open and closed in Indianapolis on New Year's Day 2026? Details for stores, restaurants, more IndyStar",local_news,neutral,IndyStar
NEWS-00258,USR-015,Indianapolis,IN,2026-05-08,I Shopped At ALDI For The First Time—Here’s What Surprised Me Most - Southern Living,I Shopped At ALDI For The First Time—Here’s What Surprised Me Most Southern Living,local_news,neutral,Southern Living
NEWS-00259,USR-015,Indianapolis,IN,2024-01-23,Aldi eyes Westfield for its fifth store in Hamilton County - Indianapolis Business Journal,Aldi eyes Westfield for its fifth store in Hamilton County Indianapolis Business Journal,local_news,neutral,Indianapolis Business Journal
NEWS-00260,USR-015,Indianapolis,IN,2026-06-17,Indianapolis Walmart store closing for renovations. What will change? - IndyStar,Indianapolis Walmart store closing for renovations. What will change? IndyStar,local_news,neutral,IndyStar
NEWS-00261,USR-015,Indianapolis,IN,2025-12-11,Find Guatemalan food and baked goods at new Lawrence grocery store - Mirror Indy,Find Guatemalan food and baked goods at new Lawrence grocery store Mirror Indy,local_news,neutral,Mirror Indy
NEWS-00262,USR-015,Indianapolis,IN,2026-03-20,Needler’s Fresh Market Expands Indiana Footprint - Store Brands,Needler’s Fresh Market Expands Indiana Footprint Store Brands,local_news,neutral,Store Brands
NEWS-00263,USR-015,Indianapolis,IN,2026-02-12,Trader Joe’s crowned US’ favorite grocery store - WISH-TV,Trader Joe’s crowned US’ favorite grocery store WISH-TV,local_news,neutral,WISH-TV
NEWS-00264,USR-015,Indianapolis,IN,2026-01-30,"Several items sold at Indianapolis store, other locations recalled, FDA says - WRTV","Several items sold at Indianapolis store, other locations recalled, FDA says WRTV",local_news,neutral,WRTV
NEWS-00265,USR-015,Indianapolis,IN,2026-02-16,"Grocery Store ""Note Scam"" Spreading Across Central Indiana - WIBC 93.1 FM","Grocery Store ""Note Scam"" Spreading Across Central Indiana WIBC 93.1 FM",local_news,neutral,WIBC 93.1 FM
NEWS-00266,USR-015,Indianapolis,IN,2026-04-13,Colts Pro Shop at Lucas Oil Stadium temporarily closed for renovation project - WTHR,Colts Pro Shop at Lucas Oil Stadium temporarily closed for renovation project WTHR,local_news,neutral,WTHR
NEWS-00267,USR-015,Indianapolis,IN,2026-04-21,An Indianapolis Walmart is closing temporarily. Here's why - IndyStar,An Indianapolis Walmart is closing temporarily. Here's why IndyStar,local_news,neutral,IndyStar
NEWS-00268,USR-015,Indianapolis,IN,2026-03-30,"What stores are open on Easter Sunday? Are Target, Walmart and Kroger closed for Easter shopping? - IndyStar","What stores are open on Easter Sunday? Are Target, Walmart and Kroger closed for Easter shopping? IndyStar",local_news,neutral,IndyStar
NEWS-00269,USR-015,Indianapolis,IN,2025-10-15,REI store closures leave local outdoor retailers wondering about the future - WRTV,REI store closures leave local outdoor retailers wondering about the future WRTV,construction,negative,WRTV
NEWS-00270,USR-015,Indianapolis,IN,2026-03-19,Retro Indy: A look back at some Broad Ripple stores that have closed - IndyStar,Retro Indy: A look back at some Broad Ripple stores that have closed IndyStar,construction,negative,IndyStar
NEWS-00271,USR-016,Seattle,WA,2026-06-20,7 San Antonio H-E-B stores poised for upgrades and more popular stories - CultureMap San Antonio,7 San Antonio H-E-B stores poised for upgrades and more popular stories CultureMap San Antonio,local_news,neutral,CultureMap San Antonio
NEWS-00272,USR-016,Seattle,WA,2025-12-29,What’s open and closed on New Year’s Eve and New Year’s Day - CW39 Houston,What’s open and closed on New Year’s Eve and New Year’s Day CW39 Houston,local_news,neutral,CW39 Houston
NEWS-00273,USR-016,Seattle,WA,2026-04-03,"Nationwide recall for eye drops sold at multiple San Antonio stores, including H-E-B - KSAT","Nationwide recall for eye drops sold at multiple San Antonio stores, including H-E-B KSAT",local_news,neutral,KSAT
NEWS-00274,USR-016,Seattle,WA,2025-12-23,List of Grocery Stores Open on Christmas Eve and Christmas Day 2025 - Newsweek,List of Grocery Stores Open on Christmas Eve and Christmas Day 2025 Newsweek,local_news,neutral,Newsweek
NEWS-00275,USR-016,Seattle,WA,2026-01-24,"Retail sites closing, cutting hours amid Texas winter storm - Dallas News","Retail sites closing, cutting hours amid Texas winter storm Dallas News",weather,negative,Dallas News
NEWS-00276,USR-016,Seattle,WA,2026-04-04,"What’s open, closed on Easter in the San Antonio area - KSAT","What’s open, closed on Easter in the San Antonio area KSAT",local_news,neutral,KSAT
NEWS-00277,USR-016,Seattle,WA,2026-03-07,"Sparked by Fred Meyer closures, a push to protect WA grocery stores fizzles - The Seattle Times","Sparked by Fred Meyer closures, a push to protect WA grocery stores fizzles The Seattle Times",construction,negative,The Seattle Times
NEWS-00278,USR-016,Seattle,WA,2026-05-31,Popular Asian snacks to try from Seattle-area grocery stores - Seattle's Child,Popular Asian snacks to try from Seattle-area grocery stores Seattle's Child,local_news,neutral,Seattle's Child
NEWS-00279,USR-016,Seattle,WA,2026-01-08,"Legislation would let WA cities run grocery stores, use eminent domain - The Center Square","Legislation would let WA cities run grocery stores, use eminent domain The Center Square",local_news,neutral,The Center Square
NEWS-00280,USR-016,Seattle,WA,2025-12-04,Hell Is a Grocery Store - thestranger.com,Hell Is a Grocery Store thestranger.com,local_news,neutral,thestranger.com
NEWS-00281,USR-016,Seattle,WA,2026-01-27,Could publicly owned stores help prevent grocery deserts in Seattle? - KUOW,Could publicly owned stores help prevent grocery deserts in Seattle? KUOW,local_news,neutral,KUOW
NEWS-00282,USR-016,Seattle,WA,2025-09-25,North Seattle neighborhood braces for closure of main grocery store - KNKX,North Seattle neighborhood braces for closure of main grocery store KNKX,construction,negative,KNKX
NEWS-00283,USR-016,Seattle,WA,2026-06-17,West Marine closing five Washington stores after filing for bankruptcy - Kitsap Sun,West Marine closing five Washington stores after filing for bankruptcy Kitsap Sun,local_news,neutral,Kitsap Sun
NEWS-00284,USR-016,Seattle,WA,2026-01-27,Amazon closing all Amazon Fresh and Go stores to focus on Whole Foods and grocery delivery - GeekWire,Amazon closing all Amazon Fresh and Go stores to focus on Whole Foods and grocery delivery GeekWire,local_news,neutral,GeekWire
NEWS-00285,USR-016,Seattle,WA,2025-12-27,Here are the retailers that announced store closures in 2025 - KING5.com,Here are the retailers that announced store closures in 2025 KING5.com,construction,negative,KING5.com
NEWS-00286,USR-017,Denver,CO,2026-06-21,"‘Co-branded’ Bed Bath & Beyond stores opening in 22 cities, with more expected - WOODTV.com","‘Co-branded’ Bed Bath & Beyond stores opening in 22 cities, with more expected WOODTV.com",new_competitor,neutral,WOODTV.com
NEWS-00287,USR-017,Denver,CO,2026-05-29,Midwest grocery store chain Meijer buys site in Mount Pleasant - The Business Journals,Midwest grocery store chain Meijer buys site in Mount Pleasant The Business Journals,local_news,neutral,The Business Journals
NEWS-00288,USR-017,Denver,CO,2025-12-11,Photos: Packers players go holiday shopping with local teens at Meijer - Green Bay Packers,Photos: Packers players go holiday shopping with local teens at Meijer Green Bay Packers,local_news,neutral,Green Bay Packers
NEWS-00289,USR-017,Denver,CO,2026-01-07,Fareway to close experimental meat store - Grocery Dive,Fareway to close experimental meat store Grocery Dive,local_news,neutral,Grocery Dive
NEWS-00290,USR-017,Denver,CO,2026-03-27,"These Illinois grocery stores are cheaper than Walmart, study finds - The State Journal-Register","These Illinois grocery stores are cheaper than Walmart, study finds The State Journal-Register",local_news,neutral,The State Journal-Register
NEWS-00291,USR-017,Denver,CO,2025-11-26,Is King Soopers closed on Thanksgiving? Here's what is open and closed - KUSA.com,Is King Soopers closed on Thanksgiving? Here's what is open and closed KUSA.com,local_news,neutral,KUSA.com
NEWS-00292,USR-017,Denver,CO,2026-06-02,"King Soopers closes Denver grocery store, opens another - KUSA.com","King Soopers closes Denver grocery store, opens another KUSA.com",local_news,neutral,KUSA.com
NEWS-00293,USR-017,Denver,CO,2026-06-07,"""Same mediocre store with new parking lot"" - Westword","""Same mediocre store with new parking lot"" Westword",local_news,neutral,Westword
NEWS-00294,USR-017,Denver,CO,2026-02-03,Where are Denver’s grocery store deserts? - Denverite,Where are Denver’s grocery store deserts? Denverite,local_news,neutral,Denverite
NEWS-00295,USR-017,Denver,CO,2026-06-08,"Last Day! King Soopers Celebrates New Denver Store with Grand Opening Specials - Gas Discount, Starbucks Special & $10 Bonus Savings! - Mile High on the Cheap","Last Day! King Soopers Celebrates New Denver Store with Grand Opening Specials - Gas Discount, Starbucks Special & $10 Bonus Savings! Mile High on the Cheap",new_competitor,neutral,Mile High on the Cheap
NEWS-00296,USR-017,Denver,CO,2026-05-27,Popular Colorado-based organic grocery store opening 1st location near Chicago area - NBC 5 Chicago,Popular Colorado-based organic grocery store opening 1st location near Chicago area NBC 5 Chicago,new_competitor,neutral,NBC 5 Chicago
NEWS-00297,USR-017,Denver,CO,2026-02-27,Colorado zero-waste grocery store to be featured on 'Shark Tank' - Denver7,Colorado zero-waste grocery store to be featured on 'Shark Tank' Denver7,local_news,neutral,Denver7
NEWS-00298,USR-017,Denver,CO,2026-01-07,Big 5 Sporting Goods closing multiple Colorado stores - The Denver Post,Big 5 Sporting Goods closing multiple Colorado stores The Denver Post,local_news,neutral,The Denver Post
NEWS-00299,USR-017,Denver,CO,2026-01-27,"Denver liquor store closes after a decade, cites effects of expanding sales into grocery stores - Denver7","Denver liquor store closes after a decade, cites effects of expanding sales into grocery stores Denver7",local_news,neutral,Denver7
NEWS-00300,USR-017,Denver,CO,2026-03-26,Denver’s Wilderness Exchange to Close 26-Year-Old Store - Shop Eat Surf Outdoor,Denver’s Wilderness Exchange to Close 26-Year-Old Store Shop Eat Surf Outdoor,local_news,neutral,Shop Eat Surf Outdoor
NEWS-00301,USR-017,Denver,CO,2026-01-07,Sporting goods chain closing Colorado stores - KUSA.com,Sporting goods chain closing Colorado stores KUSA.com,local_news,neutral,KUSA.com
NEWS-00302,USR-017,Denver,CO,2026-01-11,"When Big 5 Leaves Denver, Consider Me Big Sad - Westword","When Big 5 Leaves Denver, Consider Me Big Sad Westword",local_news,neutral,Westword
NEWS-00303,USR-017,Denver,CO,2026-01-11,Sporting goods chain closing Colorado stores - Denver Gazette,Sporting goods chain closing Colorado stores Denver Gazette,local_news,neutral,Denver Gazette
NEWS-00304,USR-018,Boston,MA,2026-01-22,'We'll be stocked': Grocery stores across region ready for surge in shoppers as snowstorm nears - WBAL-TV,'We'll be stocked': Grocery stores across region ready for surge in shoppers as snowstorm nears WBAL-TV,weather,negative,WBAL-TV
NEWS-00305,USR-018,Boston,MA,2025-11-24,Here's what stores are open and closed on Thanksgiving Day 2025 - Business Insider,Here's what stores are open and closed on Thanksgiving Day 2025 Business Insider,local_news,neutral,Business Insider
NEWS-00306,USR-018,Boston,MA,2025-09-09,"Safeway closing 10 stores in Colorado, including 4 in Denver metro area - CBS News","Safeway closing 10 stores in Colorado, including 4 in Denver metro area CBS News",local_news,neutral,CBS News
NEWS-00307,USR-018,Boston,MA,2025-12-22,"Grocery, Pharmacy Christmas Hours 2025 In MA - Patch","Grocery, Pharmacy Christmas Hours 2025 In MA Patch",local_news,neutral,Patch
NEWS-00308,USR-018,Boston,MA,2026-01-22,Maryland grocery stores stock up as major winter storm approaches: ‘We’re essential’ - Baltimore Sun,Maryland grocery stores stock up as major winter storm approaches: ‘We’re essential’ Baltimore Sun,weather,negative,Baltimore Sun
NEWS-00309,USR-018,Boston,MA,2025-12-19,"""Prolific"" theft crew suspected in at least 26 Bay Area Safeway thefts arrested, police say - CBS News","""Prolific"" theft crew suspected in at least 26 Bay Area Safeway thefts arrested, police say CBS News",local_news,neutral,CBS News
NEWS-00310,USR-018,Boston,MA,2026-06-09,"What’s inside T Market, the new Asian grocery store at Natick Mall - Boston.com","What’s inside T Market, the new Asian grocery store at Natick Mall Boston.com",local_news,neutral,Boston.com
NEWS-00311,USR-018,Boston,MA,2026-04-05,Here's which stores are open and what's closed on Easter Sunday in Massachusetts - CBS News,Here's which stores are open and what's closed on Easter Sunday in Massachusetts CBS News,local_news,neutral,CBS News
NEWS-00312,USR-018,Boston,MA,2026-03-30,"Several MA grocery stores close on Easter. List of who will be open, closed - Worcester Telegram","Several MA grocery stores close on Easter. List of who will be open, closed Worcester Telegram",local_news,neutral,Worcester Telegram
NEWS-00313,USR-018,Boston,MA,2026-05-28,Fast-growing Sprouts grocery chain plans 30 to 40 stores across New England - The Business Journals,Fast-growing Sprouts grocery chain plans 30 to 40 stores across New England The Business Journals,local_news,neutral,The Business Journals
NEWS-00314,USR-018,Boston,MA,2026-05-20,"Memorial Day 2026 Grocery, Hardware Store Hours: What’s Open In MA - Patch","Memorial Day 2026 Grocery, Hardware Store Hours: What’s Open In MA Patch",local_news,neutral,Patch
NEWS-00315,USR-018,Boston,MA,2025-10-21,Publicly owned grocery stores could be Boston’s answer to food insecurity - The Boston Globe,Publicly owned grocery stores could be Boston’s answer to food insecurity The Boston Globe,local_news,neutral,The Boston Globe
NEWS-00316,USR-018,Boston,MA,2026-03-26,"These MA Stores Among More Than 1,400 In US Expected To Close In 2026 - Patch","These MA Stores Among More Than 1,400 In US Expected To Close In 2026 Patch",local_news,neutral,Patch
NEWS-00317,USR-018,Boston,MA,2026-02-17,"Luxury Department Store Chain to Close Boston Store After 42 Years, Lay Off 73 - WhatNow","Luxury Department Store Chain to Close Boston Store After 42 Years, Lay Off 73 WhatNow",local_news,neutral,WhatNow
NEWS-00318,USR-018,Boston,MA,2026-02-16,Boston department store closure to result in 73 layoffs - MassLive,Boston department store closure to result in 73 layoffs MassLive,construction,negative,MassLive
NEWS-00319,USR-018,Boston,MA,2026-02-11,Boston's Neiman Marcus is closing. See what will replace it at Copley Place - The Patriot Ledger,Boston's Neiman Marcus is closing. See what will replace it at Copley Place The Patriot Ledger,local_news,neutral,The Patriot Ledger
NEWS-00320,USR-019,Nashville,TN,2025-12-05,Sprouts Farmers Market Slated to Anchor Tennessee Retail Center - Progressive Grocer,Sprouts Farmers Market Slated to Anchor Tennessee Retail Center Progressive Grocer,local_news,neutral,Progressive Grocer
NEWS-00321,USR-019,Nashville,TN,2025-12-29,Sprouts slated for West Nashville - Nashville Post,Sprouts slated for West Nashville Nashville Post,local_news,neutral,Nashville Post
NEWS-00322,USR-019,Nashville,TN,2026-02-19,‘Grocery demand is unprecedented’: Sprouts market breaks ground in Clarksville - Clarksville Now,‘Grocery demand is unprecedented’: Sprouts market breaks ground in Clarksville Clarksville Now,local_news,neutral,Clarksville Now
NEWS-00323,USR-019,Nashville,TN,2025-10-27,Sprouts Set To Anchor Port Royal Marketplace In Spring Hill. - CITY NOW NEXT,Sprouts Set To Anchor Port Royal Marketplace In Spring Hill. CITY NOW NEXT,local_news,neutral,CITY NOW NEXT
NEWS-00324,USR-019,Nashville,TN,2025-12-05,GBT Realty to Develop Sprouts Farmers Market at Port Royal Marketplace in Metro Nashville - Shopping Center Business,GBT Realty to Develop Sprouts Farmers Market at Port Royal Marketplace in Metro Nashville Shopping Center Business,local_news,neutral,Shopping Center Business
NEWS-00325,USR-019,Nashville,TN,2025-12-24,Sprouts Farmers Market to open West Nashville location - The Business Journals,Sprouts Farmers Market to open West Nashville location The Business Journals,local_news,neutral,The Business Journals
NEWS-00326,USR-019,Nashville,TN,2026-06-12,Can you carry firearms in TN grocery stores? What largest chains say - The Tennessean,Can you carry firearms in TN grocery stores? What largest chains say The Tennessean,local_news,neutral,The Tennessean
NEWS-00327,USR-019,Nashville,TN,2026-01-21,Grocery stores prepare for winter storm as shoppers stock up - WSMV,Grocery stores prepare for winter storm as shoppers stock up WSMV,weather,negative,WSMV
NEWS-00328,USR-019,Nashville,TN,2026-01-21,Grocery store lines are forming across Middle Tennessee before the big storm - WKRN News 2,Grocery store lines are forming across Middle Tennessee before the big storm WKRN News 2,weather,negative,WKRN News 2
NEWS-00329,USR-019,Nashville,TN,2026-01-23,Grocery stores see COVID-level rush as Middle Tennessee prepares for dangerous ice storm - News Channel 5 Nashville,Grocery stores see COVID-level rush as Middle Tennessee prepares for dangerous ice storm News Channel 5 Nashville,weather,negative,News Channel 5 Nashville
NEWS-00330,USR-019,Nashville,TN,2026-01-22,Nashville Grocery Stores Look Post-Apocalyptic As The City Prepares For Winter Storm - Whiskey Riff,Nashville Grocery Stores Look Post-Apocalyptic As The City Prepares For Winter Storm Whiskey Riff,weather,negative,Whiskey Riff
NEWS-00331,USR-019,Nashville,TN,2026-03-05,Turnip Truck & ‘The Store’ Are Rounding Up for Neighbors in Need - StyleBlueprint,Turnip Truck & ‘The Store’ Are Rounding Up for Neighbors in Need StyleBlueprint,local_news,neutral,StyleBlueprint
NEWS-00332,USR-019,Nashville,TN,2025-10-16,American Signature Furniture Announces Strategic Exit from Nashville Market - PR Newswire,American Signature Furniture Announces Strategic Exit from Nashville Market PR Newswire,local_news,neutral,PR Newswire
NEWS-00333,USR-019,Nashville,TN,2025-08-08,"New Bed Bath & Beyond store opens in Nashville, Tennessee, nearly 2 years after company closed all stores - 6abc Philadelphia","New Bed Bath & Beyond store opens in Nashville, Tennessee, nearly 2 years after company closed all stores 6abc Philadelphia",local_news,neutral,6abc Philadelphia
NEWS-00334,USR-019,Nashville,TN,2026-02-13,IKEA to close Memphis store - Nashville Post,IKEA to close Memphis store Nashville Post,local_news,neutral,Nashville Post
NEWS-00335,USR-019,Nashville,TN,2026-01-28,Tennessee's only Amazon Fresh location to close. Here's why - The Tennessean,Tennessee's only Amazon Fresh location to close. Here's why The Tennessean,local_news,neutral,The Tennessean
NEWS-00336,USR-019,Nashville,TN,2026-01-27,Amazon to close all Amazon Go and Amazon Fresh stores: Full list of current locations - WCNC,Amazon to close all Amazon Go and Amazon Fresh stores: Full list of current locations WCNC,local_news,neutral,WCNC
NEWS-00337,USR-019,Nashville,TN,2026-02-11,IKEA Memphis to close. Where to find the next closest store - The Commercial Appeal,IKEA Memphis to close. Where to find the next closest store The Commercial Appeal,local_news,neutral,The Commercial Appeal
NEWS-00338,USR-020,Detroit,MI,2026-05-21,Trader Joe’s Opening New Metro Detroit Location - Patch,Trader Joe’s Opening New Metro Detroit Location Patch,new_competitor,neutral,Patch
NEWS-00339,USR-020,Detroit,MI,2026-05-22,Trader Joe's announces it's opening a store in Farmington Hills - WXYZ Channel 7,Trader Joe's announces it's opening a store in Farmington Hills WXYZ Channel 7,new_competitor,neutral,WXYZ Channel 7
NEWS-00340,USR-020,Detroit,MI,2025-12-22,What's open and closed in Michigan on Christmas Day 2025 - FOX 2 Detroit,What's open and closed in Michigan on Christmas Day 2025 FOX 2 Detroit,local_news,neutral,FOX 2 Detroit
NEWS-00341,USR-020,Detroit,MI,2026-05-25,Need stuff for Memorial Day cookout? Here's which grocers are open - Detroit Free Press,Need stuff for Memorial Day cookout? Here's which grocers are open Detroit Free Press,local_news,neutral,Detroit Free Press
NEWS-00342,USR-020,Detroit,MI,2026-03-20,Trader Joe’s large lavender totes coming soon. See Michigan stores - Yahoo,Trader Joe’s large lavender totes coming soon. See Michigan stores Yahoo,local_news,neutral,Yahoo
NEWS-00343,USR-020,Detroit,MI,2026-01-01,"Here’s a list of stores, restaurants open on New Year’s Day in Michigan - ClickOnDetroit | WDIV Local 4","Here’s a list of stores, restaurants open on New Year’s Day in Michigan ClickOnDetroit | WDIV Local 4",local_news,neutral,ClickOnDetroit | WDIV Local 4
NEWS-00344,USR-020,Detroit,MI,2026-06-08,Meijer plans another midsize grocery store in metro Detroit - Crain's Detroit,Meijer plans another midsize grocery store in metro Detroit Crain's Detroit,local_news,neutral,Crain's Detroit
NEWS-00345,USR-020,Detroit,MI,2026-06-11,"Micah's Market opens on Detroit's west side, offering affordable groceries to Crary/St. Mary's - WXYZ Channel 7","Micah's Market opens on Detroit's west side, offering affordable groceries to Crary/St. Mary's WXYZ Channel 7",local_news,neutral,WXYZ Channel 7
NEWS-00346,USR-020,Detroit,MI,2026-06-15,Detroit grocery store helps bridge gap of food insecurity - CBS News,Detroit grocery store helps bridge gap of food insecurity CBS News,local_news,neutral,CBS News
NEWS-00347,USR-020,Detroit,MI,2026-05-12,Man accused of setting shopping carts on fire at SW Detroit grocery store facing federal charge - ClickOnDetroit | WDIV Local 4,Man accused of setting shopping carts on fire at SW Detroit grocery store facing federal charge ClickOnDetroit | WDIV Local 4,local_news,neutral,ClickOnDetroit | WDIV Local 4
NEWS-00348,USR-020,Detroit,MI,2026-02-18,"Green Grocer Program celebrates first ribbon cutting since 2024 relaunch, bringing walkable grocery access to Dexter-Linwood neighborhood - City of Detroit (.gov)","Green Grocer Program celebrates first ribbon cutting since 2024 relaunch, bringing walkable grocery access to Dexter-Linwood neighborhood City of Detroit (.gov)",local_news,neutral,City of Detroit (.gov)
NEWS-00349,USR-020,Detroit,MI,2026-04-19,"Niemann Harvest Market - Ann Arbor at Briarwood Mall. Here's a look inside the new 57K-square-foot grocery store. 📹 + 📰 by Susan Selasky, Detroit Free Press - facebook.com","Niemann Harvest Market - Ann Arbor at Briarwood Mall. Here's a look inside the new 57K-square-foot grocery store. 📹 + 📰 by Susan Selasky, Detroit Free Press facebook.com",local_news,neutral,facebook.com
NEWS-00350,USR-020,Detroit,MI,2026-05-19,Family Dollar on Eight Mile in Warren is closing - Axios,Family Dollar on Eight Mile in Warren is closing Axios,local_news,neutral,Axios
NEWS-00351,USR-020,Detroit,MI,2026-02-16,"The Bel-Air Centre was once a bustling shopping center with a Target, Farmer Jack, Builders Square and Toys R' Us. See link below ⬇️ - facebook.com","The Bel-Air Centre was once a bustling shopping center with a Target, Farmer Jack, Builders Square and Toys R' Us. See link below ⬇️ facebook.com",local_news,neutral,facebook.com
NEWS-00352,USR-020,Detroit,MI,2025-11-27,"List: Stores in Michigan open, closed on Thanksgiving Day - ClickOnDetroit | WDIV Local 4","List: Stores in Michigan open, closed on Thanksgiving Day ClickOnDetroit | WDIV Local 4",local_news,neutral,ClickOnDetroit | WDIV Local 4
NEWS-00353,USR-020,Detroit,MI,2026-04-14,7-Eleven Plans Mass Closures: Here’s What It Could Mean For MI Stores - Patch,7-Eleven Plans Mass Closures: Here’s What It Could Mean For MI Stores Patch,construction,negative,Patch
NEWS-00354,USR-020,Detroit,MI,2025-12-15,Metro Detroit’s forgotten favorites: 20 stores we all miss - Detroit Free Press,Metro Detroit’s forgotten favorites: 20 stores we all miss Detroit Free Press,local_news,neutral,Detroit Free Press
NEWS-00355,USR-020,Detroit,MI,2026-04-30,Review: Trader Joe's New Frozen Detroit Style Pepperoni Pizza Does The Motor City Proud,"If you are a child of the '80s, it's highly likely that frozen pizza was a cornerstone of your food rotation. It could be a meal, an afternoon snack, or a late-night one when you're a bit older. Every ...",local_news,neutral,bing.com
NEWS-00356,USR-020,Detroit,MI,2026-05-19,Why Trader Joe’s $8 Detroit-Style Pizza is a Must-Try for Easy Dinners,"When it comes to pizza, my tastes fall across a pretty wide spectrum. As much as I crave a hot and ready slice from my local pizzeria, I still have a soft spot in my heart for almost anything of the ...",local_news,neutral,bing.com
NEWS-00357,USR-020,Detroit,MI,2026-05-21,"Trader Joe’s, Carvana among new Farmington Hills businesses","Trader Joe’s is coming to Farmington Hills, but that’s not all. The city has several new businesses that have recently opened or are about to. Trader Joe’s published a “coming soon” message about a ...",local_news,neutral,bing.com
NEWS-00358,USR-020,Detroit,MI,2026-05-05,Trader Joe's Detroit-style pizza draws strong praise and demand,"Trader Joe's new frozen Detroit-style uncured pepperoni pizza is gaining attention for its thick crust, crispy edges, and flavorful toppings. Reviewers highlight its convenience, thanks to a ...",local_news,neutral,bing.com
NEWS-00359,USR-020,Detroit,MI,2026-04-27,Trader Joe’s New May Lineup Includes Korean Corn Dogs & Detroit-Style Pizza,"Meredith Holser is the Shopping Editor at Brit + Co, covering everything from seasonal fashion trends and the best grocery finds from Trader Joe's to shoes actually worth splurging on and ...",local_news,neutral,bing.com
NEWS-00360,USR-020,Detroit,MI,2026-05-09,Trader Joe's New Detroit-Style Frozen Pizza Gets Rave Reviews from Fans,"Add Yahoo as a preferred source to see more of our stories on Google. Trader Joe’s fans know the thrill of the hunt at the popular supermarket chain, with new products popping up on shelves seemingly ...",local_news,neutral,bing.com
NEWS-00361,USR-021,Portland,OR,2026-06-23,"Walmart plans Hampstead store, adding major retail on U.S. 17 - Wilmington Star-News","Walmart plans Hampstead store, adding major retail on U.S. 17 Wilmington Star-News",local_news,neutral,Wilmington Star-News
NEWS-00362,USR-021,Portland,OR,2026-06-22,Walmart Rebrands Sam’s Club MAP as Sam’s Club Connect in Ad Business Overhaul - Progressive Grocer,Walmart Rebrands Sam’s Club MAP as Sam’s Club Connect in Ad Business Overhaul Progressive Grocer,local_news,neutral,Progressive Grocer
NEWS-00363,USR-021,Portland,OR,2026-06-22,Walmart Plans Withdrawn As Minneola Residents Push For Different Vision For Town Center - South Lake Tablet,Walmart Plans Withdrawn As Minneola Residents Push For Different Vision For Town Center South Lake Tablet,local_news,neutral,South Lake Tablet
NEWS-00364,USR-021,Portland,OR,2026-06-22,"Walmart Aligns Global Ad Business, Rebrands Sam’s Club Connect - Retail TouchPoints","Walmart Aligns Global Ad Business, Rebrands Sam’s Club Connect Retail TouchPoints",local_news,neutral,Retail TouchPoints
NEWS-00365,USR-021,Portland,OR,2026-06-22,"Walmart, Dunkin’ Celebrate 150th In-Store Location In Oakwood, GA - The Shelby Report","Walmart, Dunkin’ Celebrate 150th In-Store Location In Oakwood, GA The Shelby Report",local_news,neutral,The Shelby Report
NEWS-00366,USR-021,Portland,OR,2026-06-22,Walmart Rebrands Sam’s Club Ad Program Amid Wider Advertising Shift - PYMNTS.com,Walmart Rebrands Sam’s Club Ad Program Amid Wider Advertising Shift PYMNTS.com,local_news,neutral,PYMNTS.com
NEWS-00367,USR-021,Portland,OR,2026-06-23,"Grocery stores open in Staunton, Waynesboro on July 4 - The News Leader | Staunton, VA","Grocery stores open in Staunton, Waynesboro on July 4 The News Leader | Staunton, VA",local_news,neutral,"The News Leader | Staunton, VA"
NEWS-00368,USR-021,Portland,OR,2026-06-22,Column: Another Lake County grocery store goes under - Chicago Tribune,Column: Another Lake County grocery store goes under Chicago Tribune,local_news,neutral,Chicago Tribune
NEWS-00369,USR-021,Portland,OR,2026-06-22,The Buzziest New Restaurant Is the Grocery Store - Business Insider,The Buzziest New Restaurant Is the Grocery Store Business Insider,local_news,neutral,Business Insider
NEWS-00370,USR-021,Portland,OR,2026-06-22,A must-try Mexican restaurant inside an Alabama grocery store - AL.com,A must-try Mexican restaurant inside an Alabama grocery store AL.com,local_news,neutral,AL.com
NEWS-00371,USR-021,Portland,OR,2026-06-22,California brings in major change to grocery stores that’ll impact the way everyone shops - New York Post,California brings in major change to grocery stores that’ll impact the way everyone shops New York Post,local_news,neutral,New York Post
NEWS-00372,USR-021,Portland,OR,2026-06-23,Why San Francisco Is Targeting ‘Zombie’ Grocery Stores - Newsweek,Why San Francisco Is Targeting ‘Zombie’ Grocery Stores Newsweek,local_news,neutral,Newsweek
NEWS-00373,USR-021,Portland,OR,2026-06-21,Kickstarter campaign aims to help popular Castro Valley toy store The Prize Booth fight October 2026 closure - ABC7 Bay Area,Kickstarter campaign aims to help popular Castro Valley toy store The Prize Booth fight October 2026 closure ABC7 Bay Area,construction,negative,ABC7 Bay Area
NEWS-00374,USR-021,Portland,OR,2026-06-22,Portland Cascade close out season-opening homestand with third straight sellout - KPTV,Portland Cascade close out season-opening homestand with third straight sellout KPTV,new_competitor,neutral,KPTV
NEWS-00375,USR-021,Portland,OR,2026-06-18,Under Armour to close Oregon office - Retail Dive,Under Armour to close Oregon office Retail Dive,local_news,neutral,Retail Dive
NEWS-00376,USR-021,Portland,OR,2026-06-15,"Outdoor retailer to close 59 stores, including in Oregon, amid bankruptcy - OregonLive.com","Outdoor retailer to close 59 stores, including in Oregon, amid bankruptcy OregonLive.com",local_news,neutral,OregonLive.com
NEWS-00377,USR-021,Portland,OR,2026-06-03,"Apple permanently closing three US stores, here’s when [Updated] - 9to5Mac","Apple permanently closing three US stores, here’s when [Updated] 9to5Mac",local_news,neutral,9to5Mac
NEWS-00378,USR-021,Portland,OR,2026-06-12,Apple closing stores for one clear reason - thestreet.com,Apple closing stores for one clear reason thestreet.com,local_news,neutral,thestreet.com
NEWS-00379,USR-022,Memphis,TN,2025-11-25,Black Friday is approaching and one store wants to relive the old memories - Action News 5,Black Friday is approaching and one store wants to relive the old memories Action News 5,local_news,neutral,Action News 5
NEWS-00380,USR-022,Memphis,TN,2026-04-08,"14 new stores coming to Memphis suburbs, from Target to Warby Parker - The Commercial Appeal","14 new stores coming to Memphis suburbs, from Target to Warby Parker The Commercial Appeal",new_competitor,neutral,The Commercial Appeal
NEWS-00381,USR-022,Memphis,TN,2026-01-28,"Grocery stores re-open after winter storm, but with limited hours - WREG.com","Grocery stores re-open after winter storm, but with limited hours WREG.com",weather,negative,WREG.com
NEWS-00382,USR-022,Memphis,TN,2026-02-05,Major retailer moves forward with new local store - The Business Journals,Major retailer moves forward with new local store The Business Journals,local_news,neutral,The Business Journals
NEWS-00383,USR-022,Memphis,TN,2025-11-27,What stores will price match Amazon? - FOX13 Memphis,What stores will price match Amazon? FOX13 Memphis,local_news,neutral,FOX13 Memphis
NEWS-00384,USR-022,Memphis,TN,2025-09-23,Where to find midnight releases of Taylor Swift’s new album at TN Target stores - WSMV,Where to find midnight releases of Taylor Swift’s new album at TN Target stores WSMV,local_news,neutral,WSMV
NEWS-00385,USR-022,Memphis,TN,2026-06-01,Food sales limited after rats found at Memphis convenience store - Action News 5,Food sales limited after rats found at Memphis convenience store Action News 5,local_news,neutral,Action News 5
NEWS-00386,USR-022,Memphis,TN,2026-03-30,Rare blue crawfish found in flowers at Memphis grocery store - WREG.com,Rare blue crawfish found in flowers at Memphis grocery store WREG.com,local_news,neutral,WREG.com
NEWS-00387,USR-022,Memphis,TN,2026-04-07,"Man shot to death at grocery store in Walker Homes, police say - FOX13 Memphis","Man shot to death at grocery store in Walker Homes, police say FOX13 Memphis",local_news,neutral,FOX13 Memphis
NEWS-00388,USR-022,Memphis,TN,2025-12-18,What grocery stores are open on Christmas in the Memphis area? - The Commercial Appeal,What grocery stores are open on Christmas in the Memphis area? The Commercial Appeal,local_news,neutral,The Commercial Appeal
NEWS-00389,USR-022,Memphis,TN,2026-02-08,The Most Legendary Grocery Stores In The South - Southern Living,The Most Legendary Grocery Stores In The South Southern Living,local_news,neutral,Southern Living
NEWS-00390,USR-022,Memphis,TN,2026-04-07,Man dead after shooting at Memphis grocery store - WREG.com,Man dead after shooting at Memphis grocery store WREG.com,local_news,neutral,WREG.com
NEWS-00391,USR-022,Memphis,TN,2026-02-10,Tennessee's only Ikea — near Memphis — will be closing soon - FOX13 Memphis,Tennessee's only Ikea — near Memphis — will be closing soon FOX13 Memphis,local_news,neutral,FOX13 Memphis
NEWS-00392,USR-022,Memphis,TN,2026-02-10,IKEA announces closure of Memphis store - localmemphis.com,IKEA announces closure of Memphis store localmemphis.com,construction,negative,localmemphis.com
NEWS-00393,USR-022,Memphis,TN,2026-02-11,No more meatballs in Memphis: Lone IKEA store in Tennessee set to close - WTVC,No more meatballs in Memphis: Lone IKEA store in Tennessee set to close WTVC,local_news,neutral,WTVC
NEWS-00394,USR-022,Memphis,TN,2026-02-10,IKEA to close its Memphis location in May; pickup and online services remain open - KATV,IKEA to close its Memphis location in May; pickup and online services remain open KATV,local_news,neutral,KATV
NEWS-00395,USR-022,Memphis,TN,2026-01-29,"Mid-South shoppers face limited food options, early closures - WREG.com","Mid-South shoppers face limited food options, early closures WREG.com",construction,negative,WREG.com
NEWS-00396,USR-022,Memphis,TN,2026-02-11,IKEA Memphis to close. Where to find the next closest store - The Commercial Appeal,IKEA Memphis to close. Where to find the next closest store The Commercial Appeal,local_news,neutral,The Commercial Appeal
NEWS-00397,USR-023,Louisville,KY,2025-11-25,Kroger stores in Louisville region closing early for Thanksgiving - WLKY,Kroger stores in Louisville region closing early for Thanksgiving WLKY,local_news,neutral,WLKY
NEWS-00398,USR-023,Louisville,KY,2026-06-05,Kroger agrees to $2.5M DOJ settlement over Clean Air Act emissions allegations - WDRB,Kroger agrees to $2.5M DOJ settlement over Clean Air Act emissions allegations WDRB,local_news,neutral,WDRB
NEWS-00399,USR-023,Louisville,KY,2026-01-26,"Are stores open in Louisville? Details from Kroger, Walmart, Meijer, CVS - The Courier-Journal","Are stores open in Louisville? Details from Kroger, Walmart, Meijer, CVS The Courier-Journal",local_news,neutral,The Courier-Journal
NEWS-00400,USR-023,Louisville,KY,2025-10-07,Pardon the Disruption: Has Kroger found its store of the future? - Grocery Dive,Pardon the Disruption: Has Kroger found its store of the future? Grocery Dive,local_news,neutral,Grocery Dive
NEWS-00401,USR-023,Louisville,KY,2026-04-23,Kroger invests $1M in Middletown liquor store - The Business Journals,Kroger invests $1M in Middletown liquor store The Business Journals,local_news,neutral,The Business Journals
NEWS-00402,USR-023,Louisville,KY,2025-12-02,Several Louisville area Kroger stores participating in holiday food drive - WAVE News,Several Louisville area Kroger stores participating in holiday food drive WAVE News,local_news,neutral,WAVE News
NEWS-00403,USR-023,Louisville,KY,2026-06-20,ValuMarket sets final public shopping days before closing Highlands store - WDRB,ValuMarket sets final public shopping days before closing Highlands store WDRB,local_news,neutral,WDRB
NEWS-00404,USR-023,Louisville,KY,2026-05-14,"Kentuckians turn to thrift stores amid high gas prices, groceries - Spectrum News","Kentuckians turn to thrift stores amid high gas prices, groceries Spectrum News",local_news,neutral,Spectrum News
NEWS-00405,USR-023,Louisville,KY,2026-05-28,Publix expands across Kentucky with new grocery store plans: A look at locations - Lexington Herald Leader,Publix expands across Kentucky with new grocery store plans: A look at locations Lexington Herald Leader,local_news,neutral,Lexington Herald Leader
NEWS-00406,USR-023,Louisville,KY,2026-05-25,Memorial Day grocery shoppers find deals amid higher food costs - WAVE News,Memorial Day grocery shoppers find deals amid higher food costs WAVE News,local_news,neutral,WAVE News
NEWS-00407,USR-023,Louisville,KY,2025-12-26,Are retail and grocery stores open on New Year's Day 2026? What to know - The Courier-Journal,Are retail and grocery stores open on New Year's Day 2026? What to know The Courier-Journal,local_news,neutral,The Courier-Journal
NEWS-00408,USR-023,Louisville,KY,2025-12-24,Last minute shopping? Here are the Christmas Eve hours for Louisville area stores - WLKY,Last minute shopping? Here are the Christmas Eve hours for Louisville area stores WLKY,local_news,neutral,WLKY
NEWS-00409,USR-023,Louisville,KY,2026-06-09,Electric Ladyland announces closure after nearly 50 years on Bardstown Road - WDRB,Electric Ladyland announces closure after nearly 50 years on Bardstown Road WDRB,construction,negative,WDRB
NEWS-00410,USR-023,Louisville,KY,2026-01-01,"Happy New Year! What's open, closed in Louisville? Details for stores, restaurants, more - The Courier-Journal","Happy New Year! What's open, closed in Louisville? Details for stores, restaurants, more The Courier-Journal",local_news,neutral,The Courier-Journal
NEWS-00411,USR-023,Louisville,KY,2026-05-06,Burlington opens third Louisville store in former Joann Fabrics space - The Business Journals,Burlington opens third Louisville store in former Joann Fabrics space The Business Journals,local_news,neutral,The Business Journals
NEWS-00412,USR-023,Louisville,KY,2026-01-19,LIST | These GameStop stores in Kentucky and Indiana are closing in 2026 - WHAS11,LIST | These GameStop stores in Kentucky and Indiana are closing in 2026 WHAS11,local_news,neutral,WHAS11
NEWS-00413,USR-023,Louisville,KY,2025-12-24,"Store closing in west Louisville raises concerns about food access, shopping options | Business - WDRB","Store closing in west Louisville raises concerns about food access, shopping options | Business WDRB",local_news,neutral,WDRB
NEWS-00414,USR-024,Baltimore,MD,2026-04-17,Iconic Store Closings + Costco Recall + Coffee Chain's New Site: MD Business - Patch,Iconic Store Closings + Costco Recall + Coffee Chain's New Site: MD Business Patch,local_news,neutral,Patch
NEWS-00415,USR-024,Baltimore,MD,2026-03-02,MCB Real Estate Secures Costco Wholesale as First Anchor at Viva White Oak - citybiz,MCB Real Estate Secures Costco Wholesale as First Anchor at Viva White Oak citybiz,local_news,neutral,citybiz
NEWS-00416,USR-024,Baltimore,MD,2026-03-17,Check your fridge! Costco recalls contaminated meatloaf sold at DMV stores - WBFF,Check your fridge! Costco recalls contaminated meatloaf sold at DMV stores WBFF,local_news,neutral,WBFF
NEWS-00417,USR-024,Baltimore,MD,2025-09-22,Costco Ahi Tuna Wasabi Poke Recall Includes Maryland Stores - Arundel News Network,Costco Ahi Tuna Wasabi Poke Recall Includes Maryland Stores Arundel News Network,local_news,neutral,Arundel News Network
NEWS-00418,USR-024,Baltimore,MD,2026-03-16,New retail strip to rise in front of Publix-anchored Westpark Shopping Center in Henrico - Richmond BizSense,New retail strip to rise in front of Publix-anchored Westpark Shopping Center in Henrico Richmond BizSense,local_news,neutral,Richmond BizSense
NEWS-00419,USR-024,Baltimore,MD,2026-04-14,National grocery chain to open second Baltimore County store - The Business Journals,National grocery chain to open second Baltimore County store The Business Journals,local_news,neutral,The Business Journals
NEWS-00420,USR-024,Baltimore,MD,2026-06-01,Prince George’s County Opens Free Grocery Store Inside Library - Maryland Association of Counties,Prince George’s County Opens Free Grocery Store Inside Library Maryland Association of Counties,local_news,neutral,Maryland Association of Counties
NEWS-00421,USR-024,Baltimore,MD,2026-02-20,Aisle be damned: Rating Baltimore grocery stores on vibes and produce - thebanner.com,Aisle be damned: Rating Baltimore grocery stores on vibes and produce thebanner.com,local_news,neutral,thebanner.com
NEWS-00422,USR-024,Baltimore,MD,2026-03-18,Lidl will replace Streets Market as the grocery store anchor for Yard 56 in East Baltimore - Baltimore Fishbowl,Lidl will replace Streets Market as the grocery store anchor for Yard 56 in East Baltimore Baltimore Fishbowl,local_news,neutral,Baltimore Fishbowl
NEWS-00423,USR-024,Baltimore,MD,2025-11-04,"'It would be a drastic impact': Northeast Baltimore grocery store to close in early 2026, CEO says - WBAL-TV","'It would be a drastic impact': Northeast Baltimore grocery store to close in early 2026, CEO says WBAL-TV",local_news,neutral,WBAL-TV
NEWS-00424,USR-024,Baltimore,MD,2026-03-04,Beer and wine sales in grocery stores appear stalled for this year - Maryland Matters,Beer and wine sales in grocery stores appear stalled for this year Maryland Matters,local_news,neutral,Maryland Matters
NEWS-00425,USR-024,Baltimore,MD,2026-04-28,Maryland becomes first state to ban dynamic pricing in grocery stores - WYPR,Maryland becomes first state to ban dynamic pricing in grocery stores WYPR,local_news,neutral,WYPR
NEWS-00426,USR-024,Baltimore,MD,2026-06-18,"Decades-old Maryland mall closing ""all of a sudden"" store owners say - CBS News","Decades-old Maryland mall closing ""all of a sudden"" store owners say CBS News",local_news,neutral,CBS News
NEWS-00427,USR-024,Baltimore,MD,2026-06-18,West Marine Closing Four Maryland Stores Amid Nationwide Restructuring - The BayNet,West Marine Closing Four Maryland Stores Amid Nationwide Restructuring The BayNet,local_news,neutral,The BayNet
NEWS-00428,USR-024,Baltimore,MD,2026-06-18,Boating store West Marine to close 4 Maryland locations - Baltimore Sun,Boating store West Marine to close 4 Maryland locations Baltimore Sun,local_news,neutral,Baltimore Sun
NEWS-00429,USR-024,Baltimore,MD,2026-04-09,Towson Town Center Apple Store closing due to 'declining conditions' - WMAR 2 News Baltimore,Towson Town Center Apple Store closing due to 'declining conditions' WMAR 2 News Baltimore,local_news,neutral,WMAR 2 News Baltimore
NEWS-00430,USR-024,Baltimore,MD,2026-04-10,Towson Town Center faces uncertainty as Apple Store prepares to leave - WBFF,Towson Town Center faces uncertainty as Apple Store prepares to leave WBFF,local_news,neutral,WBFF
NEWS-00431,USR-024,Baltimore,MD,2026-05-28,Apple cuts bait on Baltimore County and workers pay the price - AFRO American Newspapers,Apple cuts bait on Baltimore County and workers pay the price AFRO American Newspapers,local_news,neutral,AFRO American Newspapers
NEWS-00432,USR-025,Milwaukee,WI,2025-12-22,Christmas Eve grocery store hours around Milwaukee - WISN,Christmas Eve grocery store hours around Milwaukee WISN,local_news,neutral,WISN
NEWS-00433,USR-025,Milwaukee,WI,2026-06-03,Grocery Poll: Is self-checkout good for Wisconsin shoppers? Let us know - Milwaukee Journal Sentinel,Grocery Poll: Is self-checkout good for Wisconsin shoppers? Let us know Milwaukee Journal Sentinel,local_news,neutral,Milwaukee Journal Sentinel
NEWS-00434,USR-025,Milwaukee,WI,2026-04-20,'It's bad out here': Milwaukee residents lean on food pantries as grocery stores close - Spectrum News,'It's bad out here': Milwaukee residents lean on food pantries as grocery stores close Spectrum News,local_news,neutral,Spectrum News
NEWS-00435,USR-025,Milwaukee,WI,2026-03-30,Easter 2026 Grocery And Retail Hours: What’s Open And Closed In WI - Patch,Easter 2026 Grocery And Retail Hours: What’s Open And Closed In WI Patch,local_news,neutral,Patch
NEWS-00436,USR-025,Milwaukee,WI,2026-06-04,How rising costs sank a Wauwatosa housing project — and led to a grocery store - The Business Journals,How rising costs sank a Wauwatosa housing project — and led to a grocery store The Business Journals,local_news,neutral,The Business Journals
NEWS-00437,USR-025,Milwaukee,WI,2026-01-20,"Milwaukee grocery store closures impact vulnerable, nonprofit says - FOX6 News Milwaukee","Milwaukee grocery store closures impact vulnerable, nonprofit says FOX6 News Milwaukee",construction,negative,FOX6 News Milwaukee
NEWS-00438,USR-025,Milwaukee,WI,2026-02-23,Grocery stores are leaving Milwaukee at an alarming rate. Here's what we know - Milwaukee Journal Sentinel,Grocery stores are leaving Milwaukee at an alarming rate. Here's what we know Milwaukee Journal Sentinel,local_news,neutral,Milwaukee Journal Sentinel
NEWS-00439,USR-025,Milwaukee,WI,2026-03-11,"As Milwaukee grocery stores close, community steps in to fill void - Milwaukee Neighborhood News Service","As Milwaukee grocery stores close, community steps in to fill void Milwaukee Neighborhood News Service",local_news,neutral,Milwaukee Neighborhood News Service
NEWS-00440,USR-025,Milwaukee,WI,2026-05-05,Walgreens is shutting down this Milwaukee store due to 'safety challenges' - WISN,Walgreens is shutting down this Milwaukee store due to 'safety challenges' WISN,local_news,neutral,WISN
NEWS-00441,USR-025,Milwaukee,WI,2026-02-06,"Milwaukee aldermen want city to take action to attract and retain grocery stores, pharmacies - BizTimes - Milwaukee Business News","Milwaukee aldermen want city to take action to attract and retain grocery stores, pharmacies BizTimes - Milwaukee Business News",local_news,neutral,BizTimes - Milwaukee Business News
NEWS-00442,USR-026,Albuquerque,NM,2026-02-10,"Holiday grocery store hours, what retailers are open on New Year's Eve, Day - ABC News - Breaking News, Latest News and Videos","Holiday grocery store hours, what retailers are open on New Year's Eve, Day ABC News - Breaking News, Latest News and Videos",local_news,neutral,"ABC News - Breaking News, Latest News and Videos"
NEWS-00443,USR-026,Albuquerque,NM,2026-04-08,JLL Negotiates $115 Million Sale of Grocery-Anchored Retail Portfolio Across Four States - Shopping Center Business,JLL Negotiates $115 Million Sale of Grocery-Anchored Retail Portfolio Across Four States Shopping Center Business,local_news,neutral,Shopping Center Business
NEWS-00444,USR-026,Albuquerque,NM,2025-11-24,Here's what stores are open and closed on Thanksgiving Day 2025 - Business Insider,Here's what stores are open and closed on Thanksgiving Day 2025 Business Insider,local_news,neutral,Business Insider
NEWS-00445,USR-026,Albuquerque,NM,2025-12-25,"Which grocery stores are open Christmas Day? Details on Aldi, Lidl, more - USA Today","Which grocery stores are open Christmas Day? Details on Aldi, Lidl, more USA Today",local_news,neutral,USA Today
NEWS-00446,USR-026,Albuquerque,NM,2025-08-27,The Busiest Grocery Chains in Every State - Cheapism,The Busiest Grocery Chains in Every State Cheapism,local_news,neutral,Cheapism
NEWS-00447,USR-026,Albuquerque,NM,2025-04-25,United Family Opens 100th Store in New Mexico - Progressive Grocer,United Family Opens 100th Store in New Mexico Progressive Grocer,local_news,neutral,Progressive Grocer
NEWS-00448,USR-026,Albuquerque,NM,2026-06-02,Person stabbed outside of Smith's store In Albuquerque - KOAT,Person stabbed outside of Smith's store In Albuquerque KOAT,local_news,neutral,KOAT
NEWS-00449,USR-026,Albuquerque,NM,2026-05-26,Silver Street Market for sale after 10 years in Albuquerque - The Business Journals,Silver Street Market for sale after 10 years in Albuquerque The Business Journals,local_news,neutral,The Business Journals
NEWS-00450,USR-026,Albuquerque,NM,2026-05-07,Downtown Albuquerque grocery store up for sale - 96.3 KKOB,Downtown Albuquerque grocery store up for sale 96.3 KKOB,local_news,neutral,96.3 KKOB
NEWS-00451,USR-026,Albuquerque,NM,2026-03-15,Body found behind grocery store in North Valley - KOB.com,Body found behind grocery store in North Valley KOB.com,local_news,neutral,KOB.com
NEWS-00452,USR-026,Albuquerque,NM,2026-03-14,"Person Found Dead in Grocery Store Parking Lot, Homicide Detectives Called Out - ABQ RAW","Person Found Dead in Grocery Store Parking Lot, Homicide Detectives Called Out ABQ RAW",local_news,neutral,ABQ RAW
NEWS-00453,USR-026,Albuquerque,NM,2026-05-08,Downtown Albuquerque grocery store sale raises food access concerns - KOAT,Downtown Albuquerque grocery store sale raises food access concerns KOAT,local_news,neutral,KOAT
NEWS-00454,USR-026,Albuquerque,NM,2026-05-07,American Home Furniture closing Comanche store in Albuquerque - Albuquerque Journal,American Home Furniture closing Comanche store in Albuquerque Albuquerque Journal,local_news,neutral,Albuquerque Journal
NEWS-00455,USR-026,Albuquerque,NM,2026-02-13,97-Year-Old New Mexico Jewelry Store To Close - nationaljeweler.com,97-Year-Old New Mexico Jewelry Store To Close nationaljeweler.com,local_news,neutral,nationaljeweler.com
NEWS-00456,USR-026,Albuquerque,NM,2026-04-16,Ollie’s Bargain Outlet plots New Mexico debut after opening dozens of stores recently - The Business Journals,Ollie’s Bargain Outlet plots New Mexico debut after opening dozens of stores recently The Business Journals,new_competitor,neutral,The Business Journals
NEWS-00457,USR-026,Albuquerque,NM,2026-02-05,Four arrested in alleged $50K Ulta thefts across Albuquerque - Albuquerque Journal,Four arrested in alleged $50K Ulta thefts across Albuquerque Albuquerque Journal,local_news,neutral,Albuquerque Journal
NEWS-00458,USR-026,Albuquerque,NM,2025-11-27,Stores open on Thanksgiving for last-minute shopping in Albuquerque - KOAT,Stores open on Thanksgiving for last-minute shopping in Albuquerque KOAT,local_news,neutral,KOAT
NEWS-00459,USR-026,Albuquerque,NM,2025-09-05,"By the #s: More than half of NM groceries, convenience stores at ‘high risk’ due to SNAP cuts - Source New Mexico","By the #s: More than half of NM groceries, convenience stores at ‘high risk’ due to SNAP cuts Source New Mexico",local_news,neutral,Source New Mexico
NEWS-00460,USR-027,Tucson,AZ,2026-06-04,Amazon has launched grocery delivery and pickup at four Bashas' Arizona locations - FreshPlaza,Amazon has launched grocery delivery and pickup at four Bashas' Arizona locations FreshPlaza,local_news,neutral,FreshPlaza
NEWS-00461,USR-027,Tucson,AZ,2026-06-03,Amazon and Bashas’ Launch Grocery Delivery and Pickup in Arizona - Perishable News,Amazon and Bashas’ Launch Grocery Delivery and Pickup in Arizona Perishable News,local_news,neutral,Perishable News
NEWS-00462,USR-027,Tucson,AZ,2026-01-27,Amazon doubles down on online grocery delivery and Whole Foods Market expansion to reach more customers - About Amazon,Amazon doubles down on online grocery delivery and Whole Foods Market expansion to reach more customers About Amazon,local_news,neutral,About Amazon
NEWS-00463,USR-027,Tucson,AZ,2026-02-10,"Holiday grocery store hours, what retailers are open on New Year's Eve, Day - ABC News - Breaking News, Latest News and Videos","Holiday grocery store hours, what retailers are open on New Year's Eve, Day ABC News - Breaking News, Latest News and Videos",local_news,neutral,"ABC News - Breaking News, Latest News and Videos"
NEWS-00464,USR-027,Tucson,AZ,2026-02-20,Most and Least Expensive Supermarkets - Consumer Reports,Most and Least Expensive Supermarkets Consumer Reports,local_news,neutral,Consumer Reports
NEWS-00465,USR-027,Tucson,AZ,2026-04-04,Which stores will be open or closed on Easter Sunday 2026? Here's the full list - KUSA.com,Which stores will be open or closed on Easter Sunday 2026? Here's the full list KUSA.com,local_news,neutral,KUSA.com
NEWS-00466,USR-027,Tucson,AZ,2026-03-24,Tucson grocery stores brace for higher prices as diesel costs surge - KOLD,Tucson grocery stores brace for higher prices as diesel costs surge KOLD,local_news,neutral,KOLD
NEWS-00467,USR-027,Tucson,AZ,2026-02-19,Trader Joe’s announces new Tucson store as “Coming Soon” to 2150 E. Broadway Blvd. - Real Estate Daily News,Trader Joe’s announces new Tucson store as “Coming Soon” to 2150 E. Broadway Blvd. Real Estate Daily News,construction,negative,Real Estate Daily News
NEWS-00468,USR-027,Tucson,AZ,2026-04-20,Food Conspiracy Co-op turns 53 — and expands its footprint 🍎 - Arizona Daily Star,Food Conspiracy Co-op turns 53 — and expands its footprint 🍎 Arizona Daily Star,local_news,neutral,Arizona Daily Star
NEWS-00469,USR-027,Tucson,AZ,2025-10-03,Food City closure leaves South Tucson without major grocery store - KGUN 9,Food City closure leaves South Tucson without major grocery store KGUN 9,construction,negative,KGUN 9
NEWS-00470,USR-027,Tucson,AZ,2026-03-31,Trader Joe’s unveils plans for 8 more stores - Grocery Dive,Trader Joe’s unveils plans for 8 more stores Grocery Dive,local_news,neutral,Grocery Dive
NEWS-00471,USR-027,Tucson,AZ,2025-10-04,"South Tucson's sole grocery store, Food City, shuts doors for good - KVOA","South Tucson's sole grocery store, Food City, shuts doors for good KVOA",local_news,neutral,KVOA
NEWS-00472,USR-027,Tucson,AZ,2026-06-05,"Macy's at Park Place is closing, liquidating inventory - Arizona Daily Star","Macy's at Park Place is closing, liquidating inventory Arizona Daily Star",local_news,neutral,Arizona Daily Star
NEWS-00473,USR-027,Tucson,AZ,2025-09-30,Union finds new urgency as Starbucks shutters 7 Tucson stores & 100s of others across U.S. - Tucson Sentinel,Union finds new urgency as Starbucks shutters 7 Tucson stores & 100s of others across U.S. Tucson Sentinel,local_news,neutral,Tucson Sentinel
NEWS-00474,USR-027,Tucson,AZ,2026-04-05,Payless Closing 7 Stores in Arizona Immediately - Real Estate Daily News,Payless Closing 7 Stores in Arizona Immediately Real Estate Daily News,local_news,neutral,Real Estate Daily News
NEWS-00475,USR-027,Tucson,AZ,2025-09-25,At least seven Starbucks in Tucson to close Sunday - KOLD,At least seven Starbucks in Tucson to close Sunday KOLD,local_news,neutral,KOLD
NEWS-00476,USR-027,Tucson,AZ,2025-10-08,85-year-old grocery store chain closure causes major problem - thestreet.com,85-year-old grocery store chain closure causes major problem thestreet.com,construction,negative,thestreet.com
NEWS-00477,USR-027,Tucson,AZ,2026-04-21,RHINESTONE EXPANDS ARIZONA RETAIL FOOTPRINT WITH WHOLE FOODS MARKET PARTNERSHIP,"Arizona-born non-alcoholic beer brand brings its Western-inspired brews to more shelves statewide, serving the region's growing sober-curious community The expansion marks a significant milestone for ...",local_news,neutral,bing.com
NEWS-00478,USR-028,Fresno,CA,2026-04-03,Is Costco open in Fresno on Easter? Save Mart? See when stores will be closed - Fresno Bee,Is Costco open in Fresno on Easter? Save Mart? See when stores will be closed Fresno Bee,local_news,neutral,Fresno Bee
NEWS-00479,USR-028,Fresno,CA,2025-12-23,"What's open on Christmas Day 2025? And what's closed? Here's what to know about pharmacies, grocery stores, and more - ABC30 Fresno","What's open on Christmas Day 2025? And what's closed? Here's what to know about pharmacies, grocery stores, and more ABC30 Fresno",local_news,neutral,ABC30 Fresno
NEWS-00480,USR-028,Fresno,CA,2026-03-12,Fresno Police Arrest Suspects in String of Retail Thefts Across City - GV Wire,Fresno Police Arrest Suspects in String of Retail Thefts Across City GV Wire,local_news,neutral,GV Wire
NEWS-00481,USR-028,Fresno,CA,2026-05-21,Is Save Mart open in Fresno on Memorial Day? Vons? See hours for local stores - Fresno Bee,Is Save Mart open in Fresno on Memorial Day? Vons? See hours for local stores Fresno Bee,local_news,neutral,Fresno Bee
NEWS-00482,USR-028,Fresno,CA,2025-07-17,Retail plans pivot as health clinic buys former CVS in West Fresno - thebusinessjournal.com,Retail plans pivot as health clinic buys former CVS in West Fresno thebusinessjournal.com,local_news,neutral,thebusinessjournal.com
NEWS-00483,USR-028,Fresno,CA,2025-09-12,Target to open seven new stores this fall - Mass Market Retailers,Target to open seven new stores this fall Mass Market Retailers,new_competitor,neutral,Mass Market Retailers
NEWS-00484,USR-028,Fresno,CA,2025-10-28,Sprouts at Fresno’s Fancher Creek will be opening soon - yourcentralvalley.com,Sprouts at Fresno’s Fancher Creek will be opening soon yourcentralvalley.com,new_competitor,neutral,yourcentralvalley.com
NEWS-00485,USR-028,Fresno,CA,2026-03-09,Grocery Outlet to close stores across US. Which ones are shutting in California? - Sacramento Bee,Grocery Outlet to close stores across US. Which ones are shutting in California? Sacramento Bee,local_news,neutral,Sacramento Bee
NEWS-00486,USR-028,Fresno,CA,2025-11-26,"What stores are open, closed on Thanksgiving 2025? Grocery, drugstores and more; stores opening for Black Friday - ABC30 Fresno","What stores are open, closed on Thanksgiving 2025? Grocery, drugstores and more; stores opening for Black Friday ABC30 Fresno",new_competitor,neutral,ABC30 Fresno
NEWS-00487,USR-028,Fresno,CA,2026-04-22,Popular Latino grocery chain to open location in Merced. Here’s when and where - Merced Sun-Star,Popular Latino grocery chain to open location in Merced. Here’s when and where Merced Sun-Star,local_news,neutral,Merced Sun-Star
NEWS-00488,USR-028,Fresno,CA,2026-01-22,8 major chains announced plans to close Fresno stores in 2025. Which ones? - Fresno Bee,8 major chains announced plans to close Fresno stores in 2025. Which ones? Fresno Bee,local_news,neutral,Fresno Bee
NEWS-00489,USR-028,Fresno,CA,2026-03-30,Fresno furniture store closing after 40+ years - ABC30 Fresno,Fresno furniture store closing after 40+ years ABC30 Fresno,local_news,neutral,ABC30 Fresno
NEWS-00490,USR-028,Fresno,CA,2026-02-23,Eddie Bauer’s Fresno store faces closure by April 30 amid Chapter 11 - thebusinessjournal.com,Eddie Bauer’s Fresno store faces closure by April 30 amid Chapter 11 thebusinessjournal.com,construction,negative,thebusinessjournal.com
NEWS-00491,USR-028,Fresno,CA,2026-02-25,GW School Supply is closing a store in Fresno - yourcentralvalley.com,GW School Supply is closing a store in Fresno yourcentralvalley.com,local_news,neutral,yourcentralvalley.com
NEWS-00492,USR-028,Fresno,CA,2026-02-12,FoodsCo to close Fresno store at Shaw and Brawley in mid-March - KMPH,FoodsCo to close Fresno store at Shaw and Brawley in mid-March KMPH,local_news,neutral,KMPH
NEWS-00493,USR-029,Sacramento,CA,2025-12-23,"Open, Closed in California | Store holiday hours on Christmas - ABC10","Open, Closed in California | Store holiday hours on Christmas ABC10",local_news,neutral,ABC10
NEWS-00494,USR-029,Sacramento,CA,2026-01-02,These CA Retail Stores Could Shutter In 2026 As Business Closures Continue - Patch,These CA Retail Stores Could Shutter In 2026 As Business Closures Continue Patch,construction,negative,Patch
NEWS-00495,USR-029,Sacramento,CA,2025-05-14,Another Sacramento Walgreens is set to close. What will happen to prescriptions? - Sacramento Bee,Another Sacramento Walgreens is set to close. What will happen to prescriptions? Sacramento Bee,local_news,neutral,Sacramento Bee
NEWS-00496,USR-029,Sacramento,CA,2023-11-10,"Sacramento Sheriff, Walgreens go back and forth over retail theft issues - KCRA","Sacramento Sheriff, Walgreens go back and forth over retail theft issues KCRA",local_news,neutral,KCRA
NEWS-00497,USR-029,Sacramento,CA,2025-05-14,Walgreens to close Oak Park store as part of ongoing 'footprint optimization program' - The Business Journals,Walgreens to close Oak Park store as part of ongoing 'footprint optimization program' The Business Journals,local_news,neutral,The Business Journals
NEWS-00498,USR-029,Sacramento,CA,2021-07-02,"Target, Walgreens make drastic changes due to increase in San Francisco thefts - ABC7 Bay Area","Target, Walgreens make drastic changes due to increase in San Francisco thefts ABC7 Bay Area",local_news,neutral,ABC7 Bay Area
NEWS-00499,USR-029,Sacramento,CA,2026-02-09,"Celebrating Black History: Sacramento store owners bring fresh food, opportunity to Arden-Arcade - KCRA","Celebrating Black History: Sacramento store owners bring fresh food, opportunity to Arden-Arcade KCRA",local_news,neutral,KCRA
NEWS-00500,USR-029,Sacramento,CA,2026-03-19,What are California’s cheapest grocery stores? What to know as prices rise - Sacramento Bee,What are California’s cheapest grocery stores? What to know as prices rise Sacramento Bee,local_news,neutral,Sacramento Bee
NEWS-00501,USR-029,Sacramento,CA,2025-12-23,Which Sacramento stores are open and closed on Christmas Day? - FOX40,Which Sacramento stores are open and closed on Christmas Day? FOX40,local_news,neutral,FOX40
NEWS-00502,USR-029,Sacramento,CA,2025-12-30,Ban on Plastic Bags being Provided at Grocery Store Checkouts Takes Effect on Thursday - California State Portal | CA.gov,Ban on Plastic Bags being Provided at Grocery Store Checkouts Takes Effect on Thursday California State Portal | CA.gov,local_news,neutral,California State Portal | CA.gov
NEWS-00503,USR-029,Sacramento,CA,2025-09-02,Grocery Outlet Fresh Start - Carmichael Times,Grocery Outlet Fresh Start Carmichael Times,local_news,neutral,Carmichael Times
NEWS-00504,USR-029,Sacramento,CA,2026-06-18,National retailer to shut 59 stores. Which California locations are closing? - Sacramento Bee,National retailer to shut 59 stores. Which California locations are closing? Sacramento Bee,local_news,neutral,Sacramento Bee
NEWS-00505,USR-029,Sacramento,CA,2026-02-06,Retail theft operation at a Dollar Tree store leads to 21 arrests in Sacramento County - KCRA,Retail theft operation at a Dollar Tree store leads to 21 arrests in Sacramento County KCRA,local_news,neutral,KCRA
NEWS-00506,USR-029,Sacramento,CA,2026-06-16,National boating retailer announces store closings. Where are stores shutting? - Sacramento Bee,National boating retailer announces store closings. Where are stores shutting? Sacramento Bee,local_news,neutral,Sacramento Bee
NEWS-00507,USR-029,Sacramento,CA,2026-01-22,Raley’s to shutter 2 California stores - Grocery Dive,Raley’s to shutter 2 California stores Grocery Dive,local_news,neutral,Grocery Dive
NEWS-00508,USR-030,Kansas City,MO,2025-12-11,"Massive Home Depot theft ring busted in Queens, largest retail crew ever prosecuted - ABC7 New York","Massive Home Depot theft ring busted in Queens, largest retail crew ever prosecuted ABC7 New York",local_news,neutral,ABC7 New York
NEWS-00509,USR-030,Kansas City,MO,2025-12-13,13 indicted for allegedly stealing millions of dollars in goods from Home Depot stores in 9 states - KCTV,13 indicted for allegedly stealing millions of dollars in goods from Home Depot stores in 9 states KCTV,local_news,neutral,KCTV
NEWS-00510,USR-030,Kansas City,MO,2025-08-31,Which stores and restaurants will be open for Labor Day 2025? - FOX4KC.com,Which stores and restaurants will be open for Labor Day 2025? FOX4KC.com,local_news,neutral,FOX4KC.com
NEWS-00511,USR-030,Kansas City,MO,2026-05-13,The best Memorial Day military discounts and freebies this year - USA Today,The best Memorial Day military discounts and freebies this year USA Today,local_news,neutral,USA Today
NEWS-00512,USR-030,Kansas City,MO,2025-11-18,What stores are open and closed on Thanksgiving 2025? Here’s what to know - KCTV,What stores are open and closed on Thanksgiving 2025? Here’s what to know KCTV,local_news,neutral,KCTV
NEWS-00513,USR-030,Kansas City,MO,2025-12-06,Casual Mexican restaurant chain closes more locations - thestreet.com,Casual Mexican restaurant chain closes more locations thestreet.com,local_news,neutral,thestreet.com
NEWS-00514,USR-030,Kansas City,MO,2026-06-17,Murder charges filed for double homicide in Kansas City grocery store parking lot - KCTV,Murder charges filed for double homicide in Kansas City grocery store parking lot KCTV,local_news,neutral,KCTV
NEWS-00515,USR-030,Kansas City,MO,2026-05-27,Popular grocery store will open new location in the Northland. What to expect - Kansas City Star,Popular grocery store will open new location in the Northland. What to expect Kansas City Star,local_news,neutral,Kansas City Star
NEWS-00516,USR-030,Kansas City,MO,2026-05-20,"United Market opens in Kansas City's Linwood Shopping Center, bringing fresh food back to Prospect - KSHB 41 Kansas City","United Market opens in Kansas City's Linwood Shopping Center, bringing fresh food back to Prospect KSHB 41 Kansas City",local_news,neutral,KSHB 41 Kansas City
NEWS-00517,USR-030,Kansas City,MO,2026-05-14,United Market KC grocery store set to open on May 20th at 31st and Prospect - Spectrum News,United Market KC grocery store set to open on May 20th at 31st and Prospect Spectrum News,local_news,neutral,Spectrum News
NEWS-00518,USR-030,Kansas City,MO,2026-03-06,Nonprofit developer sues Kansas City over the closing of troubled Sun Fresh grocery store - KCUR,Nonprofit developer sues Kansas City over the closing of troubled Sun Fresh grocery store KCUR,local_news,neutral,KCUR
NEWS-00519,USR-030,Kansas City,MO,2026-05-19,United Market grocery store to open on Prospect Avenue - FOX4KC.com,United Market grocery store to open on Prospect Avenue FOX4KC.com,local_news,neutral,FOX4KC.com
NEWS-00520,USR-030,Kansas City,MO,2026-04-14,"Painted Tree closing dozens of locations, including Overland Park and Kansas City stores - KCTV","Painted Tree closing dozens of locations, including Overland Park and Kansas City stores KCTV",local_news,neutral,KCTV
NEWS-00521,USR-030,Kansas City,MO,2026-01-22,Retail Rebel closing the majority of its Kansas City-area stores - FOX4KC.com,Retail Rebel closing the majority of its Kansas City-area stores FOX4KC.com,local_news,neutral,FOX4KC.com
NEWS-00522,USR-030,Kansas City,MO,2026-03-05,"Kansas City grocery operators sue city, alleging crime and neglect forced store to close - KMBC","Kansas City grocery operators sue city, alleging crime and neglect forced store to close KMBC",local_news,neutral,KMBC
NEWS-00523,USR-030,Kansas City,MO,2026-04-04,These 4 Kansas City-area grocery store chains will close for Easter 2026 - Kansas City Star,These 4 Kansas City-area grocery store chains will close for Easter 2026 Kansas City Star,local_news,neutral,Kansas City Star
NEWS-00524,USR-031,Atlanta,GA,2026-01-09,"Shoplifting, other store theft suspects face Ga. racketeering charges - WRDW","Shoplifting, other store theft suspects face Ga. racketeering charges WRDW",local_news,neutral,WRDW
NEWS-00525,USR-031,Atlanta,GA,2025-11-18,What stores are open and closed on Thanksgiving 2025? Here’s what to know - Atlanta News First,What stores are open and closed on Thanksgiving 2025? Here’s what to know Atlanta News First,local_news,neutral,Atlanta News First
NEWS-00526,USR-031,Atlanta,GA,2026-02-19,Lowe's mass layoffs to impact dozens of Georgia employees - The Business Journals,Lowe's mass layoffs to impact dozens of Georgia employees The Business Journals,local_news,neutral,The Business Journals
NEWS-00527,USR-031,Atlanta,GA,2025-11-25,Black Friday 2025: What time do stores open? - 11Alive.com,Black Friday 2025: What time do stores open? 11Alive.com,local_news,neutral,11Alive.com
NEWS-00528,USR-031,Atlanta,GA,2025-11-24,"When do stores open in GA for Black Friday? Hours for Walmart, Macy's - Savannah Morning News","When do stores open in GA for Black Friday? Hours for Walmart, Macy's Savannah Morning News",local_news,neutral,Savannah Morning News
NEWS-00529,USR-031,Atlanta,GA,2026-01-09,"8 charged with RICO for thefts at major retailers in Georgia, Tennessee - WSB-TV","8 charged with RICO for thefts at major retailers in Georgia, Tennessee WSB-TV",local_news,neutral,WSB-TV
NEWS-00530,USR-031,Atlanta,GA,2026-06-17,"Georgia grocery store worker gets 300-year sentence for having 266,000 child porn files - WSB-TV","Georgia grocery store worker gets 300-year sentence for having 266,000 child porn files WSB-TV",local_news,neutral,WSB-TV
NEWS-00531,USR-031,Atlanta,GA,2026-06-09,"New Trader Joe's location coming to GA. Here's where, when it opens - Savannah Morning News","New Trader Joe's location coming to GA. Here's where, when it opens Savannah Morning News",local_news,neutral,Savannah Morning News
NEWS-00532,USR-031,Atlanta,GA,2026-04-01,Easter 2026 Grocery And Retail Hours: What’s Open And Closed In GA - Patch,Easter 2026 Grocery And Retail Hours: What’s Open And Closed In GA Patch,local_news,neutral,Patch
NEWS-00533,USR-031,Atlanta,GA,2025-12-18,"2025 holiday grocery store hours, travel and weather in metro Atlanta - WABE","2025 holiday grocery store hours, travel and weather in metro Atlanta WABE",weather,negative,WABE
NEWS-00534,USR-031,Atlanta,GA,2026-01-23,Grocers say don’t ‘panic-buy’ as Georgians hit stores before winter storm - AJC.com,Grocers say don’t ‘panic-buy’ as Georgians hit stores before winter storm AJC.com,weather,negative,AJC.com
NEWS-00535,USR-031,Atlanta,GA,2026-01-29,Study: Trader Joe’s replaces Publix as No. 1 grocery store for customer satisfaction - Atlanta News First,Study: Trader Joe’s replaces Publix as No. 1 grocery store for customer satisfaction Atlanta News First,local_news,neutral,Atlanta News First
NEWS-00536,USR-031,Atlanta,GA,2026-03-26,"These GA Stores Among More Than 1,400 In US Expected To Close In 2026 - Patch","These GA Stores Among More Than 1,400 In US Expected To Close In 2026 Patch",local_news,neutral,Patch
NEWS-00537,USR-031,Atlanta,GA,2026-06-03,Barnes & Noble store closing after 30 years; gas station chain purchased building - WSB-TV,Barnes & Noble store closing after 30 years; gas station chain purchased building WSB-TV,local_news,neutral,WSB-TV
NEWS-00538,USR-031,Atlanta,GA,2026-06-02,Metro Atlanta's beloved 2-story Barnes & Noble is closing this summer — Big Book Closing Sale offers 30-50% off in-stock merchandise - Secret Atlanta,Metro Atlanta's beloved 2-story Barnes & Noble is closing this summer — Big Book Closing Sale offers 30-50% off in-stock merchandise Secret Atlanta,local_news,neutral,Secret Atlanta
NEWS-00539,USR-031,Atlanta,GA,2026-04-20,Atlanta: [EXCLUSIVE] Gap Closing Suburban Store as Chain Continues to Shrink in Size - tonetoatl.com,Atlanta: [EXCLUSIVE] Gap Closing Suburban Store as Chain Continues to Shrink in Size tonetoatl.com,local_news,neutral,tonetoatl.com
NEWS-00540,USR-031,Atlanta,GA,2026-04-09,News | Why do these landlords object to Burlington replacing Saks Off 5th? It’s all about retail curation. - CoStar,News | Why do these landlords object to Burlington replacing Saks Off 5th? It’s all about retail curation. CoStar,local_news,neutral,CoStar
NEWS-00541,USR-031,Atlanta,GA,2025-12-11,Another business to close at Atlantic Station; residents say their community is ‘crumbling’ - Atlanta News First,Another business to close at Atlantic Station; residents say their community is ‘crumbling’ Atlanta News First,local_news,neutral,Atlanta News First
NEWS-00542,USR-032,Miami,FL,2025-11-05,IKEA at Best Buy experiences now open at select Best Buy stores - Best Buy Corporate,IKEA at Best Buy experiences now open at select Best Buy stores Best Buy Corporate,local_news,neutral,Best Buy Corporate
NEWS-00543,USR-032,Miami,FL,2026-05-28,Best Buy’s incoming CEO sees customer experience as core to its evolution - Customer Experience Dive,Best Buy’s incoming CEO sees customer experience as core to its evolution Customer Experience Dive,local_news,neutral,Customer Experience Dive
NEWS-00544,USR-032,Miami,FL,2026-04-04,"Which Stores Are Open And Closed On Easter In Miami 2026: Walmart, Whole Foods, Aldi Hours - Secret Miami","Which Stores Are Open And Closed On Easter In Miami 2026: Walmart, Whole Foods, Aldi Hours Secret Miami",local_news,neutral,Secret Miami
NEWS-00545,USR-032,Miami,FL,2025-11-22,Ready for a Black Friday sales frenzy in South Florida? It’s already happening - Miami Herald,Ready for a Black Friday sales frenzy in South Florida? It’s already happening Miami Herald,local_news,neutral,Miami Herald
NEWS-00546,USR-032,Miami,FL,2025-09-28,South Florida’s only Best Buy Outlet to close after a year and a half - Sun Sentinel,South Florida’s only Best Buy Outlet to close after a year and a half Sun Sentinel,local_news,neutral,Sun Sentinel
NEWS-00547,USR-032,Miami,FL,2025-12-24,Christmas Eve shoppers take advantage of long hours in Miami-Dade - WPLG Local 10,Christmas Eve shoppers take advantage of long hours in Miami-Dade WPLG Local 10,local_news,neutral,WPLG Local 10
NEWS-00548,USR-032,Miami,FL,2026-05-28,A $20 smoothie and $67 steak? Prices at Miami store hit the wallet — and a nerve - Miami Herald,A $20 smoothie and $67 steak? Prices at Miami store hit the wallet — and a nerve Miami Herald,local_news,neutral,Miami Herald
NEWS-00549,USR-032,Miami,FL,2026-05-22,"Memorial Day grocery rush in Florida: Most stores stay open, but one giant shuts - WPEC","Memorial Day grocery rush in Florida: Most stores stay open, but one giant shuts WPEC",local_news,neutral,WPEC
NEWS-00550,USR-032,Miami,FL,2026-05-12,An Erewhon-style gourmet grocer called Nude Miami is coming soon - Time Out Worldwide,An Erewhon-style gourmet grocer called Nude Miami is coming soon Time Out Worldwide,local_news,neutral,Time Out Worldwide
NEWS-00551,USR-032,Miami,FL,2026-04-23,Your Palm Beach County ALDI could look different soon. Here’s why. - The Palm Beach Post,Your Palm Beach County ALDI could look different soon. Here’s why. The Palm Beach Post,local_news,neutral,The Palm Beach Post
NEWS-00552,USR-032,Miami,FL,2026-05-06,How to save money at the grocery store as prices continue to rise - CBS News,How to save money at the grocery store as prices continue to rise CBS News,local_news,neutral,CBS News
NEWS-00553,USR-032,Miami,FL,2026-05-11,"Lease roundup: SPOT Market grocery/cafe launches in Fort Lauderdale, Davie - The Real Deal","Lease roundup: SPOT Market grocery/cafe launches in Fort Lauderdale, Davie The Real Deal",local_news,neutral,The Real Deal
NEWS-00554,USR-032,Miami,FL,2026-05-25,What's open and closed in South Florida during Memorial Day 2026 - NBC 6 South Florida,What's open and closed in South Florida during Memorial Day 2026 NBC 6 South Florida,local_news,neutral,NBC 6 South Florida
NEWS-00555,USR-032,Miami,FL,2026-05-20,Publix open on Memorial Day? Costco? Mall hours? Check changes in South Florida - Miami Herald,Publix open on Memorial Day? Costco? Mall hours? Check changes in South Florida Miami Herald,local_news,neutral,Miami Herald
NEWS-00556,USR-032,Miami,FL,2026-05-04,Major Clothing Retailer In FL Closing 150 U.S. Stores - Patch,Major Clothing Retailer In FL Closing 150 U.S. Stores Patch,local_news,neutral,Patch
NEWS-00557,USR-032,Miami,FL,2026-03-24,"Is Publix open on Easter Sunday? See open, closed retails stores in Florida - Daytona Beach News-Journal","Is Publix open on Easter Sunday? See open, closed retails stores in Florida Daytona Beach News-Journal",local_news,neutral,Daytona Beach News-Journal
NEWS-00558,USR-032,Miami,FL,2025-12-29,"What time do Florida stores open, close on New Year's Eve and New Year's Day? - Florida Today","What time do Florida stores open, close on New Year's Eve and New Year's Day? Florida Today",local_news,neutral,Florida Today
NEWS-00559,USR-032,Miami,FL,2026-04-26,"Best Buy’s retail media vision blends stores, data and AI at scale","At The Drum’s Commerce Media Global Leaders Forum in Miami, Lisa Valentino outlines a strategy built on full-funnel campaigns, measurement reform and AI-driven transformation as the retailer looks to ...",local_news,neutral,bing.com
NEWS-00560,USR-032,Miami,FL,2026-01-13,Why Best Buy thinks the future of retail media still lives in the store,"For years, retail media has been discussed as a digital land grab, with screens, clicks, sponsored listings and attribution models stacked ever higher. But when we caught up with Lisa Valentino, ...",local_news,neutral,bing.com
NEWS-00561,USR-033,Tampa,FL,2026-02-17,Over 100 Popeyes at Risk for Closure After Franchisee Files for Bankruptcy (Is Yours One?) - AOL.com,Over 100 Popeyes at Risk for Closure After Franchisee Files for Bankruptcy (Is Yours One?) AOL.com,construction,negative,AOL.com
NEWS-00562,USR-033,Tampa,FL,2026-01-01,These FL Retailers Permanently Closed In 2025 - Patch,These FL Retailers Permanently Closed In 2025 Patch,local_news,neutral,Patch
NEWS-00563,USR-033,Tampa,FL,2025-12-27,Here are the retailers that announced store closures in 2025 - wtsp.com,Here are the retailers that announced store closures in 2025 wtsp.com,construction,negative,wtsp.com
NEWS-00564,USR-033,Tampa,FL,2025-12-06,Dollar General announces 450 new US stores opening in 2026 as part of ongoing expansion - FOX 13 Tampa Bay,Dollar General announces 450 new US stores opening in 2026 as part of ongoing expansion FOX 13 Tampa Bay,new_competitor,neutral,FOX 13 Tampa Bay
NEWS-00565,USR-033,Tampa,FL,2023-07-13,"Department of Labor finds Dollar General continues to endanger workers as inspectors cite 8 violations at Tampa stores, propose $342K in penalties - U.S. Department of Labor (.gov)","Department of Labor finds Dollar General continues to endanger workers as inspectors cite 8 violations at Tampa stores, propose $342K in penalties U.S. Department of Labor (.gov)",local_news,neutral,U.S. Department of Labor (.gov)
NEWS-00566,USR-033,Tampa,FL,2025-11-24,Stores that are open and closed on Thanksgiving this year - LiveNOW from FOX,Stores that are open and closed on Thanksgiving this year LiveNOW from FOX,local_news,neutral,LiveNOW from FOX
NEWS-00567,USR-033,Tampa,FL,2026-06-10,Sprouts adding Buddy Brew Coffee cafes to 10 Florida stores - Sarasota Herald-Tribune,Sprouts adding Buddy Brew Coffee cafes to 10 Florida stores Sarasota Herald-Tribune,local_news,neutral,Sarasota Herald-Tribune
NEWS-00568,USR-033,Tampa,FL,2026-04-04,What grocery stores are open on Easter across Tampa Bay? - wtsp.com,What grocery stores are open on Easter across Tampa Bay? wtsp.com,local_news,neutral,wtsp.com
NEWS-00569,USR-033,Tampa,FL,2026-04-14,"Proposed grocery store in Sulphur Springs marks major step, but no deal yet - Bay News 9","Proposed grocery store in Sulphur Springs marks major step, but no deal yet Bay News 9",local_news,neutral,Bay News 9
NEWS-00570,USR-033,Tampa,FL,2026-05-13,"ODDMART world tour launches in Tampa; a pop-up, retro grocery store made of socks - That's So Tampa","ODDMART world tour launches in Tampa; a pop-up, retro grocery store made of socks That's So Tampa",local_news,neutral,That's So Tampa
NEWS-00571,USR-033,Tampa,FL,2025-12-24,"Christmas Eve hours: what's open, what's closed and how shoppers are spending - FOX 13 Tampa Bay","Christmas Eve hours: what's open, what's closed and how shoppers are spending FOX 13 Tampa Bay",local_news,neutral,FOX 13 Tampa Bay
NEWS-00572,USR-033,Tampa,FL,2026-04-01,Easter 2026 Grocery And Retail Hours: What’s Open And Closed In FL - Patch,Easter 2026 Grocery And Retail Hours: What’s Open And Closed In FL Patch,local_news,neutral,Patch
NEWS-00573,USR-033,Tampa,FL,2026-06-17,West Marine closing dozens of stores — including 2 in the Tampa Bay area - wtsp.com,West Marine closing dozens of stores — including 2 in the Tampa Bay area wtsp.com,local_news,neutral,wtsp.com
NEWS-00574,USR-033,Tampa,FL,2026-03-26,"These FL Stores Among More Than 1,400 In US Expected To Close In 2026 - Patch","These FL Stores Among More Than 1,400 In US Expected To Close In 2026 Patch",local_news,neutral,Patch
NEWS-00575,USR-033,Tampa,FL,2026-06-08,Popular Florida paper company expanding to Tampa closes warehouse. 74 jobs lost - Tampa Bay Times,Popular Florida paper company expanding to Tampa closes warehouse. 74 jobs lost Tampa Bay Times,local_news,neutral,Tampa Bay Times
NEWS-00576,USR-033,Tampa,FL,2026-02-10,"Retail landscape in Florida takes another loss, as operator of Eddie Bauer stores shutters locations - Business Observer","Retail landscape in Florida takes another loss, as operator of Eddie Bauer stores shutters locations Business Observer",local_news,neutral,Business Observer
NEWS-00577,USR-033,Tampa,FL,2026-05-28,Apparel Brand That Celebrates Tampa Culture To Open First Retail Store - Patch,Apparel Brand That Celebrates Tampa Culture To Open First Retail Store Patch,local_news,neutral,Patch
NEWS-00578,USR-034,Orlando,FL,2026-04-06,Sam's Club raises membership fees. What Brevard shoppers need to know. - Florida Today,Sam's Club raises membership fees. What Brevard shoppers need to know. Florida Today,local_news,neutral,Florida Today
NEWS-00579,USR-034,Orlando,FL,2026-05-25,Memorial Day: What stores are open in Central Florida? - WESH,Memorial Day: What stores are open in Central Florida? WESH,local_news,neutral,WESH
NEWS-00580,USR-034,Orlando,FL,2026-01-24,Big-box store controversy plagues new Lake County master-planned community - Orlando Sentinel,Big-box store controversy plagues new Lake County master-planned community Orlando Sentinel,local_news,neutral,Orlando Sentinel
NEWS-00581,USR-034,Orlando,FL,2025-12-24,Christmas Day shopping in Central Florida: Which stores are open? - FOX 35 Orlando,Christmas Day shopping in Central Florida: Which stores are open? FOX 35 Orlando,local_news,neutral,FOX 35 Orlando
NEWS-00582,USR-034,Orlando,FL,2026-03-24,"Is Publix open on Easter Sunday? See open, closed retails stores in Florida - Daytona Beach News-Journal","Is Publix open on Easter Sunday? See open, closed retails stores in Florida Daytona Beach News-Journal",local_news,neutral,Daytona Beach News-Journal
NEWS-00583,USR-034,Orlando,FL,2025-12-29,"What time do Florida stores open, close on New Year's Eve and New Year's Day? - Florida Today","What time do Florida stores open, close on New Year's Eve and New Year's Day? Florida Today",local_news,neutral,Florida Today
NEWS-00584,USR-034,Orlando,FL,2026-06-12,Publix eyes new Horizon West store less than a mile from existing location - The Business Journals,Publix eyes new Horizon West store less than a mile from existing location The Business Journals,local_news,neutral,The Business Journals
NEWS-00585,USR-034,Orlando,FL,2026-05-22,"Memorial Day grocery rush in Florida: Most stores stay open, but one giant shuts - WPEC","Memorial Day grocery rush in Florida: Most stores stay open, but one giant shuts WPEC",local_news,neutral,WPEC
NEWS-00586,USR-034,Orlando,FL,2025-11-05,These grocery stores are open on Thanksgiving in Central Florida - WKMG,These grocery stores are open on Thanksgiving in Central Florida WKMG,local_news,neutral,WKMG
NEWS-00587,USR-034,Orlando,FL,2026-02-23,5 Florida Grocery Stores Visitors Actually Plan Trips Around - Southern Living,5 Florida Grocery Stores Visitors Actually Plan Trips Around Southern Living,local_news,neutral,Southern Living
NEWS-00588,USR-034,Orlando,FL,2026-06-09,Wisconsin shoe brand to close lone Central Florida location - The Business Journals,Wisconsin shoe brand to close lone Central Florida location The Business Journals,local_news,neutral,The Business Journals
NEWS-00589,USR-034,Orlando,FL,2026-06-05,"Winter Park-based Rifle Paper closing Seminole warehouse, laying off 74 - Orlando Sentinel","Winter Park-based Rifle Paper closing Seminole warehouse, laying off 74 Orlando Sentinel",local_news,neutral,Orlando Sentinel
NEWS-00590,USR-034,Orlando,FL,2025-12-31,New Year's grocery store hours: What's open and closed? - FOX 35 Orlando,New Year's grocery store hours: What's open and closed? FOX 35 Orlando,local_news,neutral,FOX 35 Orlando
NEWS-00591,USR-034,Orlando,FL,2026-05-17,‘Royal Pop’ frenzy forces shutdown of Swatch store at Mall at Millenia - WKMG,‘Royal Pop’ frenzy forces shutdown of Swatch store at Mall at Millenia WKMG,local_news,neutral,WKMG
NEWS-00592,USR-034,Orlando,FL,2026-03-26,"These FL Stores Among More Than 1,400 In US Expected To Close In 2026 - Patch","These FL Stores Among More Than 1,400 In US Expected To Close In 2026 Patch",local_news,neutral,Patch
NEWS-00593,USR-034,Orlando,FL,2026-04-01,Walmart’s Sam’s Club raising membership prices,The above button links to Coinbase. Yahoo Finance is not a broker-dealer or investment adviser and does not offer securities or cryptocurrencies for sale or facilitate trading. Coinbase pays us for ...,local_news,neutral,bing.com
NEWS-00594,USR-034,Orlando,FL,2026-02-08,Sam’s Club makes key move to win where Costco dominates,"Kirkland Signature generates $86 billion annually, comprising 33% of Costco’s revenue as of 2025. Kirkland’s trust, quality, and value make it pivotal to Costco’s success and member loyalty. Sam’s ...",local_news,neutral,bing.com
NEWS-00595,USR-034,Orlando,FL,2026-05-17,Sam's Club transformed retail media with an award-winning immersive experience network,"Sam's Club Member Access Platform (MAP) was built to be fundamentally different from traditional commerce media networks. It is based on a membership model that connects experience, measurement, and ...",local_news,neutral,bing.com
NEWS-00596,USR-034,Orlando,FL,2026-05-28,Walmart's warehouse club reveals a secret weapon against Costco,"You're currently following this author! Want to unfollow? Unsubscribe via the link in your email. Focus groups are a mainstay of retail, but Walmart's warehouse club is taking it to another level in ...",local_news,neutral,bing.com
NEWS-00597,USR-034,Orlando,FL,2026-02-25,Costco vs. Sam's Club: Which Membership Is Worth It in 2026?,"Both Sam's Club and Costco offer two membership levels for individuals, but Sam’s Club’s fees are lower. The stores carry many of the same services and products, but Costco typically stocks more ...",local_news,neutral,bing.com
NEWS-00598,USR-034,Orlando,FL,2026-05-09,Costco vs. Sam's Club: Which store wins on 5 everyday staples?,"Costco and Sam's Club are the most frequented stores for savings on everyday items. While both retailers promise lower per-unit prices on many items, which one actually delivers more savings on items ...",local_news,neutral,bing.com
NEWS-00599,USR-035,Cleveland,OH,2026-04-04,What’s open and closed on Easter 2026 - Cleveland.com,What’s open and closed on Easter 2026 Cleveland.com,local_news,neutral,Cleveland.com
NEWS-00600,USR-035,Cleveland,OH,2025-11-18,What stores are open and closed on Thanksgiving 2025? Here’s what to know - Cleveland 19 News,What stores are open and closed on Thanksgiving 2025? Here’s what to know Cleveland 19 News,local_news,neutral,Cleveland 19 News
NEWS-00601,USR-035,Cleveland,OH,2025-09-29,Trader Joe's announced for John Carroll's Gateway North - Crain's Cleveland,Trader Joe's announced for John Carroll's Gateway North Crain's Cleveland,local_news,neutral,Crain's Cleveland
NEWS-00602,USR-035,Cleveland,OH,2026-02-23,"Trader Joe’s, Sam’s Club, Aldi rank high in favorite supermarket list - Cleveland.com","Trader Joe’s, Sam’s Club, Aldi rank high in favorite supermarket list Cleveland.com",local_news,neutral,Cleveland.com
NEWS-00603,USR-035,Cleveland,OH,2023-01-11,New ALDI store to open in Oberlin - WKYC,New ALDI store to open in Oberlin WKYC,local_news,neutral,WKYC
NEWS-00604,USR-035,Cleveland,OH,2025-09-01,Labor Day 2025: What’s open and closed - FOX 8 News,Labor Day 2025: What’s open and closed FOX 8 News,local_news,neutral,FOX 8 News
NEWS-00605,USR-035,Cleveland,OH,2026-04-23,A new grocery store is planned for the Central neighborhood. Could this one stick? - Signal Cleveland,A new grocery store is planned for the Central neighborhood. Could this one stick? Signal Cleveland,local_news,neutral,Signal Cleveland
NEWS-00606,USR-035,Cleveland,OH,2026-03-03,Cleveland city council backs bill to fund grocery stores in food deserts - Cleveland 19 News,Cleveland city council backs bill to fund grocery stores in food deserts Cleveland 19 News,local_news,neutral,Cleveland 19 News
NEWS-00607,USR-035,Cleveland,OH,2026-03-10,Cleveland Heights’ Grocery Outlet not among stores closing - Cleveland Jewish News,Cleveland Heights’ Grocery Outlet not among stores closing Cleveland Jewish News,local_news,neutral,Cleveland Jewish News
NEWS-00608,USR-035,Cleveland,OH,2025-11-26,These grocery stores are staying open to save your Thanksgiving meal - News 5 Cleveland WEWS,These grocery stores are staying open to save your Thanksgiving meal News 5 Cleveland WEWS,local_news,neutral,News 5 Cleveland WEWS
NEWS-00609,USR-035,Cleveland,OH,2026-04-02,Goodwill plans $35 million resource center and grocery store for former St. Vincent site - Crain's Cleveland,Goodwill plans $35 million resource center and grocery store for former St. Vincent site Crain's Cleveland,local_news,neutral,Crain's Cleveland
NEWS-00610,USR-035,Cleveland,OH,2026-06-17,"One World Shop, Northeast Ohio’s oldest fair trade store, to close at end of June - Cleveland.com","One World Shop, Northeast Ohio’s oldest fair trade store, to close at end of June Cleveland.com",local_news,neutral,Cleveland.com
NEWS-00611,USR-035,Cleveland,OH,2025-12-16,Northeast Ohio loses more Family Dollar stores - News 5 Cleveland WEWS,Northeast Ohio loses more Family Dollar stores News 5 Cleveland WEWS,local_news,neutral,News 5 Cleveland WEWS
NEWS-00612,USR-035,Cleveland,OH,2026-05-27,Ohio sees 28 Family Dollar store closures since summer 2025 - The Columbus Dispatch,Ohio sees 28 Family Dollar store closures since summer 2025 The Columbus Dispatch,construction,negative,The Columbus Dispatch
NEWS-00613,USR-035,Cleveland,OH,2026-03-07,Grocery Outlet to close 4 'underperforming' stores in Northeast Ohio - WKYC,Grocery Outlet to close 4 'underperforming' stores in Northeast Ohio WKYC,local_news,neutral,WKYC
NEWS-00614,USR-035,Cleveland,OH,2026-03-06,Grocery Outlet closing several NEO stores after growing too quickly - Crain's Cleveland,Grocery Outlet closing several NEO stores after growing too quickly Crain's Cleveland,local_news,neutral,Crain's Cleveland
NEWS-00615,USR-035,Cleveland,OH,2026-04-21,Grocery Outlet to open 2 NE Ohio stores while closing 5 underperforming locations - The Business Journals,Grocery Outlet to open 2 NE Ohio stores while closing 5 underperforming locations The Business Journals,local_news,neutral,The Business Journals
NEWS-00616,USR-036,Pittsburgh,PA,2026-06-16,Big Mozz Expands Into H-E-B Stores Across Texas - Nosh.com,Big Mozz Expands Into H-E-B Stores Across Texas Nosh.com,local_news,neutral,Nosh.com
NEWS-00617,USR-036,Pittsburgh,PA,2026-02-25,Where Pittsburgh area grocery stores rank in latest customer satisfaction survey - CBS News,Where Pittsburgh area grocery stores rank in latest customer satisfaction survey CBS News,local_news,neutral,CBS News
NEWS-00618,USR-036,Pittsburgh,PA,2025-12-22,8 new grocery stores that are now open or coming to Pittsburgh soon - NEXTpittsburgh,8 new grocery stores that are now open or coming to Pittsburgh soon NEXTpittsburgh,local_news,neutral,NEXTpittsburgh
NEWS-00619,USR-036,Pittsburgh,PA,2025-10-22,Progressive Grocer's 2025 Super Regionals - Progressive Grocer,Progressive Grocer's 2025 Super Regionals Progressive Grocer,local_news,neutral,Progressive Grocer
NEWS-00620,USR-036,Pittsburgh,PA,2026-04-01,What's open and closed on Easter 2026: Full list - WNEP,What's open and closed on Easter 2026: Full list WNEP,local_news,neutral,WNEP
NEWS-00621,USR-036,Pittsburgh,PA,2025-12-31,A Full List of Stores Open on New Year's Day 2026 and Holiday Hours - TODAY.com,A Full List of Stores Open on New Year's Day 2026 and Holiday Hours TODAY.com,local_news,neutral,TODAY.com
NEWS-00622,USR-036,Pittsburgh,PA,2026-06-19,Schwebel Baking Company shutting down after 120 years - CBS News,Schwebel Baking Company shutting down after 120 years CBS News,local_news,neutral,CBS News
NEWS-00623,USR-036,Pittsburgh,PA,2026-04-27,New grocery stores coming to the Pittsburgh area. What will the competition do for prices? - WPXI,New grocery stores coming to the Pittsburgh area. What will the competition do for prices? WPXI,local_news,neutral,WPXI
NEWS-00624,USR-036,Pittsburgh,PA,2026-04-12,Grocery battles: Pittsburgh’s already crowded marketplace is about to get more congested - Pittsburgh Post-Gazette,Grocery battles: Pittsburgh’s already crowded marketplace is about to get more congested Pittsburgh Post-Gazette,local_news,neutral,Pittsburgh Post-Gazette
NEWS-00625,USR-036,Pittsburgh,PA,2026-03-20,Consumer Alert Issued For Pittsburgh Grocery Store - Patch,Consumer Alert Issued For Pittsburgh Grocery Store Patch,local_news,neutral,Patch
NEWS-00626,USR-036,Pittsburgh,PA,2026-02-21,"Shop local, eat global: Specialty grocery stores are keeping traditions alive and palates refreshed - TribLIVE.com","Shop local, eat global: Specialty grocery stores are keeping traditions alive and palates refreshed TribLIVE.com",local_news,neutral,TribLIVE.com
NEWS-00627,USR-036,Pittsburgh,PA,2026-04-15,2nd National Retailer This Week Announces Pittsburgh Store Closure - Patch,2nd National Retailer This Week Announces Pittsburgh Store Closure Patch,construction,negative,Patch
NEWS-00628,USR-036,Pittsburgh,PA,2026-05-22,Disney opening limited-time Pennsylvania retail store - ABC27,Disney opening limited-time Pennsylvania retail store ABC27,new_competitor,neutral,ABC27
NEWS-00629,USR-036,Pittsburgh,PA,2026-04-13,Macy's announces closing date for store at Pittsburgh Mills mall - WTAE,Macy's announces closing date for store at Pittsburgh Mills mall WTAE,local_news,neutral,WTAE
NEWS-00630,USR-036,Pittsburgh,PA,2026-05-28,JCPenney to close Ross Park Mall store - Pittsburgh Post-Gazette,JCPenney to close Ross Park Mall store Pittsburgh Post-Gazette,local_news,neutral,Pittsburgh Post-Gazette
NEWS-00631,USR-036,Pittsburgh,PA,2026-02-03,Carrick Shop 'n Save closing its doors after decades of service - CBS News,Carrick Shop 'n Save closing its doors after decades of service CBS News,local_news,neutral,CBS News
NEWS-00632,USR-036,Pittsburgh,PA,2026-04-14,Macys to close this PA store by end of April; 13 more Macys to shutter - PhillyBurbs,Macys to close this PA store by end of April; 13 more Macys to shutter PhillyBurbs,local_news,neutral,PhillyBurbs
NEWS-00633,USR-037,St. Louis,MO,2026-05-08,What's that going to be at Orchard Town Center in Glen Carbon? - The Edwardsville Intelligencer,What's that going to be at Orchard Town Center in Glen Carbon? The Edwardsville Intelligencer,local_news,neutral,The Edwardsville Intelligencer
NEWS-00634,USR-037,St. Louis,MO,2025-07-28,"Here's where Meijer stands, years after announcing St. Louis-area launch - KSDK","Here's where Meijer stands, years after announcing St. Louis-area launch KSDK",local_news,neutral,KSDK
NEWS-00635,USR-037,St. Louis,MO,2025-10-21,"Delays continue for planned Metro East Meijer stores, the first in St. Louis area - STLtoday.com","Delays continue for planned Metro East Meijer stores, the first in St. Louis area STLtoday.com",local_news,neutral,STLtoday.com
NEWS-00636,USR-037,St. Louis,MO,2025-10-20,"Construction still in works anticipated Meijer in O’Fallon, Ill. - FOX 2","Construction still in works anticipated Meijer in O’Fallon, Ill. FOX 2",construction,negative,FOX 2
NEWS-00637,USR-037,St. Louis,MO,2023-05-05,"Meijer proposes 2nd St. Louis-area store, before the 1st opens in Metro East - The Business Journals","Meijer proposes 2nd St. Louis-area store, before the 1st opens in Metro East The Business Journals",local_news,neutral,The Business Journals
NEWS-00638,USR-037,St. Louis,MO,2023-05-07,"Meijer proposes 2nd St. Louis-area store, before the 1st opens in Metro East - KSDK","Meijer proposes 2nd St. Louis-area store, before the 1st opens in Metro East KSDK",local_news,neutral,KSDK
NEWS-00639,USR-037,St. Louis,MO,2026-06-17,Straub family puts CWE site on the market - Spectrum News,Straub family puts CWE site on the market Spectrum News,local_news,neutral,Spectrum News
NEWS-00640,USR-037,St. Louis,MO,2026-05-05,"One year after tornado, north St. Louis grocery store still rebuilding - First Alert 4","One year after tornado, north St. Louis grocery store still rebuilding First Alert 4",local_news,neutral,First Alert 4
NEWS-00641,USR-037,St. Louis,MO,2026-06-03,Security guard wounds armed suspect in grocery store shooting - FOX 2,Security guard wounds armed suspect in grocery store shooting FOX 2,local_news,neutral,FOX 2
NEWS-00642,USR-037,St. Louis,MO,2026-06-03,"Save A Lot Launches Campaign Highlighting Fresh Meat, Cut by Butchers In-Store - Business Wire","Save A Lot Launches Campaign Highlighting Fresh Meat, Cut by Butchers In-Store Business Wire",local_news,neutral,Business Wire
NEWS-00643,USR-037,St. Louis,MO,2026-04-15,Schnucks Debuts 10 New Local Brands in St. Louis-Area Stores - Progressive Grocer,Schnucks Debuts 10 New Local Brands in St. Louis-Area Stores Progressive Grocer,local_news,neutral,Progressive Grocer
NEWS-00644,USR-037,St. Louis,MO,2026-05-15,"Here are the 5 highest-rated grocery stores in the Belleville area, Yelp says - Belleville News-Democrat","Here are the 5 highest-rated grocery stores in the Belleville area, Yelp says Belleville News-Democrat",local_news,neutral,Belleville News-Democrat
NEWS-00645,USR-037,St. Louis,MO,2026-06-12,Retail pharmacy to close St. Louis County store - KSDK,Retail pharmacy to close St. Louis County store KSDK,local_news,neutral,KSDK
NEWS-00646,USR-037,St. Louis,MO,2026-01-24,"St. Louis grocery stores closed, closing early due to weather - First Alert 4","St. Louis grocery stores closed, closing early due to weather First Alert 4",weather,negative,First Alert 4
NEWS-00647,USR-037,St. Louis,MO,2026-04-01,"What’s open, closed on Easter Sunday in the St. Louis area - FOX 2","What’s open, closed on Easter Sunday in the St. Louis area FOX 2",local_news,neutral,FOX 2
NEWS-00648,USR-037,St. Louis,MO,2026-06-03,Downtown vape shop blamed for crime increase closes permanently - First Alert 4,Downtown vape shop blamed for crime increase closes permanently First Alert 4,local_news,neutral,First Alert 4
NEWS-00649,USR-037,St. Louis,MO,2026-02-04,National retailer closing 2 St. Louis-area stores - KSDK,National retailer closing 2 St. Louis-area stores KSDK,local_news,neutral,KSDK
NEWS-00650,USR-037,St. Louis,MO,2025-07-17,St. Louis metro's 13 largest retail property management firms,Information on The List was supplied by individual companies and company representatives through questionnaires and could not be independently verified by the St. Louis Business Journal. Local is ...,local_news,neutral,bing.com
NEWS-00651,USR-037,St. Louis,MO,2026-01-28,St. Louis' largest 14 retail property management firms,Information on The List was supplied by individual companies and company representatives through questionnaires and could not be independently verified by the St. Louis Business Journal. Local is ...,local_news,neutral,bing.com
NEWS-00652,USR-038,Cincinnati,OH,2025-12-24,"What's open on Christmas Eve, Day in Washington? - MyNorthwest.com","What's open on Christmas Eve, Day in Washington? MyNorthwest.com",local_news,neutral,MyNorthwest.com
NEWS-00653,USR-038,Cincinnati,OH,2026-01-01,I Took the Same Grocery List to 8 Stores—This One Was the Cheapest - Allrecipes,I Took the Same Grocery List to 8 Stores—This One Was the Cheapest Allrecipes,local_news,neutral,Allrecipes
NEWS-00654,USR-038,Cincinnati,OH,2024-02-13,Safeway rolling out receipt-scanning gates at more stores - Grocery Dive,Safeway rolling out receipt-scanning gates at more stores Grocery Dive,local_news,neutral,Grocery Dive
NEWS-00655,USR-038,Cincinnati,OH,2022-10-14,"78 Harris Teeter, Safeway MD Stores Part Of $25B Merger - Patch","78 Harris Teeter, Safeway MD Stores Part Of $25B Merger Patch",local_news,neutral,Patch
NEWS-00656,USR-038,Cincinnati,OH,2024-07-11,Are changes coming to your grocery store? What latest Kroger-Albertsons news could mean - Tacoma News Tribune,Are changes coming to your grocery store? What latest Kroger-Albertsons news could mean Tacoma News Tribune,local_news,neutral,Tacoma News Tribune
NEWS-00657,USR-038,Cincinnati,OH,2024-02-27,Why Does the Government Think a Merger Between Owners of Jewel and Mariano’s Would Be Bad for Grocery Shoppers? - WTTW,Why Does the Government Think a Merger Between Owners of Jewel and Mariano’s Would Be Bad for Grocery Shoppers? WTTW,local_news,neutral,WTTW
NEWS-00658,USR-038,Cincinnati,OH,2026-06-15,"Publix to open second store in NKY, and it's closer to Cincinnati - Cincinnati Enquirer","Publix to open second store in NKY, and it's closer to Cincinnati Cincinnati Enquirer",local_news,neutral,Cincinnati Enquirer
NEWS-00659,USR-038,Cincinnati,OH,2026-03-09,This Grocery Store in the Midwest Is Like a Must-Visit Theme Park - Food & Wine,This Grocery Store in the Midwest Is Like a Must-Visit Theme Park Food & Wine,local_news,neutral,Food & Wine
NEWS-00660,USR-038,Cincinnati,OH,2026-05-05,"Publix sets opening date for Cold Spring store, its second in Greater Cincinnati - The Business Journals","Publix sets opening date for Cold Spring store, its second in Greater Cincinnati The Business Journals",new_competitor,neutral,The Business Journals
NEWS-00661,USR-038,Cincinnati,OH,2026-02-23,What’s The Cheapest Grocery Store in 2026? - Propel,What’s The Cheapest Grocery Store in 2026? Propel,local_news,neutral,Propel
NEWS-00662,USR-038,Cincinnati,OH,2026-02-24,A popular grocery chain is quietly closing many stores. Find out why - Cleveland.com,A popular grocery chain is quietly closing many stores. Find out why Cleveland.com,local_news,neutral,Cleveland.com
NEWS-00663,USR-038,Cincinnati,OH,2025-10-18,The Ohio-Based Grocery Store That Is Now Popping Up Everywhere - Mashed,The Ohio-Based Grocery Store That Is Now Popping Up Everywhere Mashed,local_news,neutral,Mashed
NEWS-00664,USR-038,Cincinnati,OH,2026-01-25,Kroger to close stores early Sunday evening throughout the Greater Cincinnati area - WLWT,Kroger to close stores early Sunday evening throughout the Greater Cincinnati area WLWT,local_news,neutral,WLWT
NEWS-00665,USR-038,Cincinnati,OH,2025-12-22,What grocery and retail stores are open and closed on Christmas? - Cincinnati Enquirer,What grocery and retail stores are open and closed on Christmas? Cincinnati Enquirer,local_news,neutral,Cincinnati Enquirer
NEWS-00666,USR-038,Cincinnati,OH,2025-12-01,"National furniture retailer closing dozens of stores, see the full list - MLive.com","National furniture retailer closing dozens of stores, see the full list MLive.com",local_news,neutral,MLive.com
NEWS-00667,USR-038,Cincinnati,OH,2025-07-21,News | Robert Redford-founded Sundance Living to shutter its stores - CoStar,News | Robert Redford-founded Sundance Living to shutter its stores CoStar,local_news,neutral,CoStar
NEWS-00668,USR-038,Cincinnati,OH,2026-01-14,Macy's to close 'underproductive' stores. Are any in Ohio? Full list - Cincinnati Enquirer,Macy's to close 'underproductive' stores. Are any in Ohio? Full list Cincinnati Enquirer,local_news,neutral,Cincinnati Enquirer
NEWS-00669,USR-038,Cincinnati,OH,2022-06-22,Saks Fifth Avenue will close its downtown Cincinnati doors at end of 2022 - WCPO 9 Cincinnati,Saks Fifth Avenue will close its downtown Cincinnati doors at end of 2022 WCPO 9 Cincinnati,local_news,neutral,WCPO 9 Cincinnati
NEWS-00670,USR-039,Raleigh,NC,2026-05-22,Which Triangle grocery stores are open on Memorial Day? Here are holiday hours - Raleigh News & Observer,Which Triangle grocery stores are open on Memorial Day? Here are holiday hours Raleigh News & Observer,local_news,neutral,Raleigh News & Observer
NEWS-00671,USR-039,Raleigh,NC,2025-07-11,A new Sprouts Farmers Market store is opening in Raleigh. Here’s when - Yahoo,A new Sprouts Farmers Market store is opening in Raleigh. Here’s when Yahoo,new_competitor,neutral,Yahoo
NEWS-00672,USR-039,Raleigh,NC,2026-04-03,5 major Triangle grocery stores will close for Easter. 2026 holiday hours - Raleigh News & Observer,5 major Triangle grocery stores will close for Easter. 2026 holiday hours Raleigh News & Observer,local_news,neutral,Raleigh News & Observer
NEWS-00673,USR-039,Raleigh,NC,2025-07-11,Popular grocer plots second Raleigh store - The Business Journals,Popular grocer plots second Raleigh store The Business Journals,local_news,neutral,The Business Journals
NEWS-00674,USR-039,Raleigh,NC,2025-08-24,Westside Bottling: New mixed-use development breaks ground at former Durham Coca-Cola site - ABC11 News,Westside Bottling: New mixed-use development breaks ground at former Durham Coca-Cola site ABC11 News,local_news,neutral,ABC11 News
NEWS-00675,USR-039,Raleigh,NC,2026-04-03,Major grocery stores are opening in the Triangle soon. Here are 2026 dates - Raleigh News & Observer,Major grocery stores are opening in the Triangle soon. Here are 2026 dates Raleigh News & Observer,new_competitor,neutral,Raleigh News & Observer
NEWS-00676,USR-039,Raleigh,NC,2026-06-18,"What’s closed on Juneteenth in the Triangle? Mail, grocery stores, banks & more - Raleigh News & Observer","What’s closed on Juneteenth in the Triangle? Mail, grocery stores, banks & more Raleigh News & Observer",local_news,neutral,Raleigh News & Observer
NEWS-00677,USR-039,Raleigh,NC,2026-01-22,Winter storm prompts grocery shopping frenzy in North Carolina - ABC11 News,Winter storm prompts grocery shopping frenzy in North Carolina ABC11 News,weather,negative,ABC11 News
NEWS-00678,USR-039,Raleigh,NC,2026-01-23,Shoppers flock to grocery stores across the Triangle for last-second supplies ahead of storm - CBS17.com,Shoppers flock to grocery stores across the Triangle for last-second supplies ahead of storm CBS17.com,weather,negative,CBS17.com
NEWS-00679,USR-039,Raleigh,NC,2026-05-20,Grocery store to anchor new 100K SF retail center in eastern Wake County - The Business Journals,Grocery store to anchor new 100K SF retail center in eastern Wake County The Business Journals,local_news,neutral,The Business Journals
NEWS-00680,USR-039,Raleigh,NC,2025-11-24,"What's open and closed on Thanksgiving? Grocery, retail hours for 2025 - WRAL","What's open and closed on Thanksgiving? Grocery, retail hours for 2025 WRAL",local_news,neutral,WRAL
NEWS-00681,USR-039,Raleigh,NC,2026-05-19,Proposed bill would allow NC grocery stores to sell canned cocktails - WSOC TV,Proposed bill would allow NC grocery stores to sell canned cocktails WSOC TV,local_news,neutral,WSOC TV
NEWS-00682,USR-039,Raleigh,NC,2026-06-16,Good Friday and Easter Sunday 2026: What's open and closed - ABC11 News,Good Friday and Easter Sunday 2026: What's open and closed ABC11 News,local_news,neutral,ABC11 News
NEWS-00683,USR-039,Raleigh,NC,2026-03-10,"List of major retailers closing at Triangle Town Center in Raleigh grows, sparking mixed feelings with shoppers - CBS17.com","List of major retailers closing at Triangle Town Center in Raleigh grows, sparking mixed feelings with shoppers CBS17.com",local_news,neutral,CBS17.com
NEWS-00684,USR-039,Raleigh,NC,2026-03-10,Saks Fifth Avenue closing Raleigh store in May - Business North Carolina,Saks Fifth Avenue closing Raleigh store in May Business North Carolina,local_news,neutral,Business North Carolina
NEWS-00685,USR-039,Raleigh,NC,2026-06-16,"National chain is closing 2 NC stores, including one in Triangle. What we know - Raleigh News & Observer","National chain is closing 2 NC stores, including one in Triangle. What we know Raleigh News & Observer",local_news,neutral,Raleigh News & Observer
NEWS-00686,USR-040,New Orleans,LA,2026-06-17,Trader Joe’s Just Opened 4 New Stores—and More Locations Are on the Way - marthastewart.com,Trader Joe’s Just Opened 4 New Stores—and More Locations Are on the Way marthastewart.com,new_competitor,neutral,marthastewart.com
NEWS-00687,USR-040,New Orleans,LA,2026-04-14,Louisiana has three Trader Joe’s locations. Will more open soon? - New Orleans CityBusiness,Louisiana has three Trader Joe’s locations. Will more open soon? New Orleans CityBusiness,local_news,neutral,New Orleans CityBusiness
NEWS-00688,USR-040,New Orleans,LA,2025-12-16,New Trader Joe's location opens in Louisiana. Another store opening soon - Shreveport Times,New Trader Joe's location opens in Louisiana. Another store opening soon Shreveport Times,new_competitor,neutral,Shreveport Times
NEWS-00689,USR-040,New Orleans,LA,2026-05-21,"Trader Joe's Plans Over 20 New Stores Across 14 States, Including New Spots In Wasington - NewsRadio 560 KPQ","Trader Joe's Plans Over 20 New Stores Across 14 States, Including New Spots In Wasington NewsRadio 560 KPQ",new_competitor,neutral,NewsRadio 560 KPQ
NEWS-00690,USR-040,New Orleans,LA,2026-05-25,Trader Joe's is opening 9 new stores across several states - WWLTV.com,Trader Joe's is opening 9 new stores across several states WWLTV.com,new_competitor,neutral,WWLTV.com
NEWS-00691,USR-040,New Orleans,LA,2026-05-27,Trader Joe's opening new locations - Mass Market Retailers,Trader Joe's opening new locations Mass Market Retailers,new_competitor,neutral,Mass Market Retailers
NEWS-00692,USR-040,New Orleans,LA,2026-06-12,Trader Joe’s opens Uptown New Orleans store - New Orleans CityBusiness,Trader Joe’s opens Uptown New Orleans store New Orleans CityBusiness,local_news,neutral,New Orleans CityBusiness
NEWS-00693,USR-040,New Orleans,LA,2026-06-16,Trader Joe’s Continues Louisiana Expansion with 4th Store - Biz New Orleans,Trader Joe’s Continues Louisiana Expansion with 4th Store Biz New Orleans,local_news,neutral,Biz New Orleans
NEWS-00694,USR-040,New Orleans,LA,2025-12-19,Which stores are open and closed in the New Orleans area on Christmas Eve and Christmas Day - WWLTV.com,Which stores are open and closed in the New Orleans area on Christmas Eve and Christmas Day WWLTV.com,local_news,neutral,WWLTV.com
NEWS-00695,USR-040,New Orleans,LA,2025-11-21,New grocery store sparks hope for more New Orleans East investments - fox8live.com,New grocery store sparks hope for more New Orleans East investments fox8live.com,local_news,neutral,fox8live.com
NEWS-00696,USR-040,New Orleans,LA,2025-11-27,Here are the stores open on Thanksgiving in New Orleans - WDSU,Here are the stores open on Thanksgiving in New Orleans WDSU,local_news,neutral,WDSU
NEWS-00697,USR-040,New Orleans,LA,2026-05-26,"Popular grocery store chain expands even further, opening 25 new locations - PennLive.com","Popular grocery store chain expands even further, opening 25 new locations PennLive.com",new_competitor,neutral,PennLive.com
NEWS-00698,USR-040,New Orleans,LA,2026-01-27,"National retail chain closing its clothing stores across LA, including at the Riverwalk outlets - NOLA.com","National retail chain closing its clothing stores across LA, including at the Riverwalk outlets NOLA.com",local_news,neutral,NOLA.com
NEWS-00699,USR-040,New Orleans,LA,2026-02-03,Rouses takes over 10 former Winn-Dixie stores across Louisiana and Mississippi - fox8live.com,Rouses takes over 10 former Winn-Dixie stores across Louisiana and Mississippi fox8live.com,local_news,neutral,fox8live.com
NEWS-00700,USR-040,New Orleans,LA,2026-05-14,"The Full List of Stores Closing in Louisiana in 2026, From Saks Off 5th to Five Guys - KPEL 96.5","The Full List of Stores Closing in Louisiana in 2026, From Saks Off 5th to Five Guys KPEL 96.5",local_news,neutral,KPEL 96.5
NEWS-00701,USR-040,New Orleans,LA,2025-11-13,127-Year-Old New Orleans Jeweler to Close - nationaljeweler.com,127-Year-Old New Orleans Jeweler to Close nationaljeweler.com,local_news,neutral,nationaljeweler.com
NEWS-00702,USR-040,New Orleans,LA,2026-06-17,Trader Joe’s just opened 4 new stores—and more locations are on the way,The popular grocer continues to expand across the country.,new_competitor,neutral,bing.com
NEWS-00703,USR-040,New Orleans,LA,2026-05-20,Trader Joe’s expands with 25 new stores across 14 states in massive growth push,"Trader Joe’s is expanding its footprint with 25 new locations across 14 states, adding to its previously announced growth pipeline, the company said. The popular California-based grocery chain ...",new_competitor,neutral,bing.com
NEWS-00704,USR-040,New Orleans,LA,2026-05-21,Trader Joe's opening 9 stores in these 8 states. See new locations,"Trader Joe’s is expanding even further by opening an additional nine stores across the United States in the coming months. The California‑based grocer, which operates in 42 states, will add locations ...",new_competitor,neutral,bing.com
NEWS-00705,USR-040,New Orleans,LA,2026-06-18,Trader Joe's announced 9 new locations across 8 states — find out where,The chain confirmed to PEOPLE that it plans to open 21 locations over the next six months ...,local_news,neutral,bing.com
NEWS-00706,USR-040,New Orleans,LA,2026-05-21,Trader Joe’s expands with 25 new stores across 14 states — including 2 in NY,"Trader Joe’s is expanding its footprint with 25 new locations across 14 states, adding to its previously announced growth pipeline, the company said. The popular California-based grocery chain ...",new_competitor,neutral,bing.com
NEWS-00707,USR-041,Salt Lake City,UT,2026-06-09,Walmart plans drone delivery for Salt Lake - Axios,Walmart plans drone delivery for Salt Lake Axios,local_news,neutral,Axios
NEWS-00708,USR-041,Salt Lake City,UT,2026-04-16,"Walmart Deepens Commitment to Utah, Fueling Long-Term Impact and Future Statewide Investments - Business Wire","Walmart Deepens Commitment to Utah, Fueling Long-Term Impact and Future Statewide Investments Business Wire",local_news,neutral,Business Wire
NEWS-00709,USR-041,Salt Lake City,UT,2026-06-04,Walmart adds Subway meals to its 30-minute delivery offering as e-commerce race heats up - KSL News,Walmart adds Subway meals to its 30-minute delivery offering as e-commerce race heats up KSL News,weather,negative,KSL News
NEWS-00710,USR-041,Salt Lake City,UT,2026-04-16,Walmart bets on Utah with 7 remodels and a 1-hour delivery push - Stock Titan,Walmart bets on Utah with 7 remodels and a 1-hour delivery push Stock Titan,local_news,neutral,Stock Titan
NEWS-00711,USR-041,Salt Lake City,UT,2025-07-24,"Retail, Rewired - Walmart","Retail, Rewired Walmart",local_news,neutral,Walmart
NEWS-00712,USR-041,Salt Lake City,UT,2025-11-27,Last minute shopping? Here’s what stores are open on Thanksgiving Day in Utah - ABC4 Utah,Last minute shopping? Here’s what stores are open on Thanksgiving Day in Utah ABC4 Utah,local_news,neutral,ABC4 Utah
NEWS-00713,USR-041,Salt Lake City,UT,2026-06-13,The Life and Labor of American Grocery Stores - The Nation,The Life and Labor of American Grocery Stores The Nation,local_news,neutral,The Nation
NEWS-00714,USR-041,Salt Lake City,UT,2026-05-20,Salt Lake City’s long-awaited food co-op is finally open - KUER,Salt Lake City’s long-awaited food co-op is finally open KUER,local_news,neutral,KUER
NEWS-00715,USR-041,Salt Lake City,UT,2026-05-18,'A monumental feat': Wasatch Food Co-Op opening SLC grocery store after nearly 2 decades - KSL News,'A monumental feat': Wasatch Food Co-Op opening SLC grocery store after nearly 2 decades KSL News,new_competitor,neutral,KSL News
NEWS-00716,USR-041,Salt Lake City,UT,2026-05-07,"Trader Joe’s is planning stores in two more Salt Lake County cities, company confirms - The Salt Lake Tribune","Trader Joe’s is planning stores in two more Salt Lake County cities, company confirms The Salt Lake Tribune",local_news,neutral,The Salt Lake Tribune
NEWS-00717,USR-041,Salt Lake City,UT,2026-03-10,"Cookies, coffee and Thai food: New retail, restaurants coming to SLC - Building Salt Lake","Cookies, coffee and Thai food: New retail, restaurants coming to SLC Building Salt Lake",local_news,neutral,Building Salt Lake
NEWS-00718,USR-041,Salt Lake City,UT,2026-04-02,From grocery stores to campus: Measles continues to spread in Utah - KSL TV 5,From grocery stores to campus: Measles continues to spread in Utah KSL TV 5,local_news,neutral,KSL TV 5
NEWS-00719,USR-041,Salt Lake City,UT,2026-01-29,Several Utah businesses set to close Friday amid Anti-ICE ‘National Shutdown’ protest - ABC4 Utah,Several Utah businesses set to close Friday amid Anti-ICE ‘National Shutdown’ protest ABC4 Utah,local_news,neutral,ABC4 Utah
NEWS-00720,USR-041,Salt Lake City,UT,2025-12-24,"Here's what stores are open, and which ones are closed, on Christmas - KSL News","Here's what stores are open, and which ones are closed, on Christmas KSL News",local_news,neutral,KSL News
NEWS-00721,USR-041,Salt Lake City,UT,2025-08-06,"TJ Maxx opening 6 new stores in August, including these 2 in Utah. Here's when - thespectrum.com","TJ Maxx opening 6 new stores in August, including these 2 in Utah. Here's when thespectrum.com",new_competitor,neutral,thespectrum.com
NEWS-00722,USR-041,Salt Lake City,UT,2026-03-04,Sportsman’s Warehouse may close underperforming locations - Fast Company,Sportsman’s Warehouse may close underperforming locations Fast Company,local_news,neutral,Fast Company
NEWS-00723,USR-041,Salt Lake City,UT,2025-07-21,News | Robert Redford-founded Sundance Living to shutter its stores - CoStar,News | Robert Redford-founded Sundance Living to shutter its stores CoStar,local_news,neutral,CoStar
NEWS-00724,USR-042,Birmingham,AL,2025-11-29,Target eyes store for Birmingham suburb - The Business Journals,Target eyes store for Birmingham suburb The Business Journals,local_news,neutral,The Business Journals
NEWS-00725,USR-042,Birmingham,AL,2026-04-02,Target expands next-day delivery in Birmingham - Alabama Political Reporter,Target expands next-day delivery in Birmingham Alabama Political Reporter,local_news,neutral,Alabama Political Reporter
NEWS-00726,USR-042,Birmingham,AL,2026-05-17,National retailer spending $5 billion to remodel 130 stores - AL.com,National retailer spending $5 billion to remodel 130 stores AL.com,local_news,neutral,AL.com
NEWS-00727,USR-042,Birmingham,AL,2025-11-28,Residents divided as Chelsea debates incentives for new Target store and retail space - WBMA,Residents divided as Chelsea debates incentives for new Target store and retail space WBMA,local_news,neutral,WBMA
NEWS-00728,USR-042,Birmingham,AL,2025-12-02,"City of Chelsea approves proposal for new shopping center, including Target - WBRC","City of Chelsea approves proposal for new shopping center, including Target WBRC",local_news,neutral,WBRC
NEWS-00729,USR-042,Birmingham,AL,2025-12-04,Popular retailer coming to new development in Chelsea - Bham Now,Popular retailer coming to new development in Chelsea Bham Now,local_news,neutral,Bham Now
NEWS-00730,USR-042,Birmingham,AL,2026-05-15,"New grocery store opening in Fairfield, June 2 - Bham Now","New grocery store opening in Fairfield, June 2 Bham Now",new_competitor,neutral,Bham Now
NEWS-00731,USR-042,Birmingham,AL,2026-02-19,Gone but not forgotten: The Alabama grocery stores we still miss - AL.com,Gone but not forgotten: The Alabama grocery stores we still miss AL.com,local_news,neutral,AL.com
NEWS-00732,USR-042,Birmingham,AL,2026-04-01,10 New Shops in Birmingham (+1 Coming Soon!) - StyleBlueprint,10 New Shops in Birmingham (+1 Coming Soon!) StyleBlueprint,local_news,neutral,StyleBlueprint
NEWS-00733,USR-042,Birmingham,AL,2026-02-10,What's the most popular grocery store in the US? Alabama has 3 locations - Montgomery Advertiser,What's the most popular grocery store in the US? Alabama has 3 locations Montgomery Advertiser,local_news,neutral,Montgomery Advertiser
NEWS-00734,USR-042,Birmingham,AL,2026-03-02,Popular grocery store announces closures in Alabama amid restructuring - The Independent,Popular grocery store announces closures in Alabama amid restructuring The Independent,construction,negative,The Independent
NEWS-00735,USR-042,Birmingham,AL,2026-02-25,ALDI to open Leeds store by year-end as discount grocer continues Alabama expansion - The Business Journals,ALDI to open Leeds store by year-end as discount grocer continues Alabama expansion The Business Journals,local_news,neutral,The Business Journals
NEWS-00736,USR-042,Birmingham,AL,2026-04-20,7 new businesses + 2 closures in Birmingham this week - Bham Now,7 new businesses + 2 closures in Birmingham this week Bham Now,construction,negative,Bham Now
NEWS-00737,USR-042,Birmingham,AL,2026-05-04,Once iconic retail store demolished as Birmingham area mall begins redevelopment - AL.com,Once iconic retail store demolished as Birmingham area mall begins redevelopment AL.com,local_news,neutral,AL.com
NEWS-00738,USR-042,Birmingham,AL,2026-02-26,Last 2 Winn-Dixie stores in Birmingham set to close - Bham Now,Last 2 Winn-Dixie stores in Birmingham set to close Bham Now,local_news,neutral,Bham Now
NEWS-00739,USR-042,Birmingham,AL,2026-04-07,Only 15 Saks Fifth Avenue locations will remain after the latest wave of store closures - Business Insider,Only 15 Saks Fifth Avenue locations will remain after the latest wave of store closures Business Insider,construction,negative,Business Insider
NEWS-00740,USR-042,Birmingham,AL,2026-03-02,Once popular grocery chain shutting down last Birmingham stores within days - AL.com,Once popular grocery chain shutting down last Birmingham stores within days AL.com,local_news,neutral,AL.com
NEWS-00741,USR-042,Birmingham,AL,2026-03-02,5 new businesses + 3 closures in the Birmingham area - Bham Now,5 new businesses + 3 closures in the Birmingham area Bham Now,construction,negative,Bham Now
NEWS-00742,USR-043,Richmond,VA,2026-04-08,Flashfood and Kroger Expand Partnership Across Kroger’s Entire Mid-Atlantic Division - Business Wire,Flashfood and Kroger Expand Partnership Across Kroger’s Entire Mid-Atlantic Division Business Wire,local_news,neutral,Business Wire
NEWS-00743,USR-043,Richmond,VA,2026-04-08,Kroger brings its near-expired food to Flashfood app in 100-plus stores - Modern Retail,Kroger brings its near-expired food to Flashfood app in 100-plus stores Modern Retail,local_news,neutral,Modern Retail
NEWS-00744,USR-043,Richmond,VA,2026-04-08,Kroger Expands Partnership With Food Surplus Platform Flashfood to Over 100 Stores - Progressive Grocer,Kroger Expands Partnership With Food Surplus Platform Flashfood to Over 100 Stores Progressive Grocer,local_news,neutral,Progressive Grocer
NEWS-00745,USR-043,Richmond,VA,2026-04-08,Kroger Expands Food Waste Diversion Program to 100+ Mid-Atlantic Stores - Retail TouchPoints,Kroger Expands Food Waste Diversion Program to 100+ Mid-Atlantic Stores Retail TouchPoints,local_news,neutral,Retail TouchPoints
NEWS-00746,USR-043,Richmond,VA,2025-07-31,Kroger trials food waste reduction tech in Mid-Atlantic stores - Grocery Dive,Kroger trials food waste reduction tech in Mid-Atlantic stores Grocery Dive,local_news,neutral,Grocery Dive
NEWS-00747,USR-043,Richmond,VA,2025-07-31,Flashfood and Kroger Pilot to Expand Affordable Grocery Access - The Packer,Flashfood and Kroger Pilot to Expand Affordable Grocery Access The Packer,local_news,neutral,The Packer
NEWS-00748,USR-043,Richmond,VA,2026-03-06,"Richmond grocery prices rival New York, Boston, investigation finds - WWBT","Richmond grocery prices rival New York, Boston, investigation finds WWBT",local_news,neutral,WWBT
NEWS-00749,USR-043,Richmond,VA,2026-04-30,Forrest Spaits opens East End Fish Co. inside Richmond grocery store - WTVR.com,Forrest Spaits opens East End Fish Co. inside Richmond grocery store WTVR.com,local_news,neutral,WTVR.com
NEWS-00750,USR-043,Richmond,VA,2026-05-08,"Business openings and closings: Restaurants, grocery stores and furniture showrooms - Richmond Times-Dispatch","Business openings and closings: Restaurants, grocery stores and furniture showrooms Richmond Times-Dispatch",new_competitor,neutral,Richmond Times-Dispatch
NEWS-00751,USR-043,Richmond,VA,2026-06-16,Tiffany & Co. closing its only Richmond store at Stony Point Fashion Park - WTVR.com,Tiffany & Co. closing its only Richmond store at Stony Point Fashion Park WTVR.com,local_news,neutral,WTVR.com
NEWS-00752,USR-043,Richmond,VA,2026-03-10,‘We are not all criminals’: Richmond vape store owners push back against city shutdown operation - WWBT,‘We are not all criminals’: Richmond vape store owners push back against city shutdown operation WWBT,local_news,neutral,WWBT
NEWS-00753,USR-043,Richmond,VA,2026-02-12,"Saks to close Richmond store, laying off 40 workers - Virginia Business","Saks to close Richmond store, laying off 40 workers Virginia Business",local_news,neutral,Virginia Business
NEWS-00754,USR-043,Richmond,VA,2026-05-04,Major Clothing Retailer In Virginia Closing 150 U.S. Stores - Patch,Major Clothing Retailer In Virginia Closing 150 U.S. Stores Patch,local_news,neutral,Patch
NEWS-00755,USR-043,Richmond,VA,2026-02-10,Saks Fifth Avenue to close Stony Point store this spring as part of bankruptcy case - Richmond BizSense,Saks Fifth Avenue to close Stony Point store this spring as part of bankruptcy case Richmond BizSense,local_news,neutral,Richmond BizSense
NEWS-00756,USR-044,Boise,ID,2026-01-07,"It’s official: Costco seeks approval for new store along Idaho 55, with roundabouts - BoiseDev","It’s official: Costco seeks approval for new store along Idaho 55, with roundabouts BoiseDev",new_competitor,neutral,BoiseDev
NEWS-00757,USR-044,Boise,ID,2025-12-05,‘Thousands of daily trips’: Costco unveils early plans for first Eagle store - Idaho Statesman,‘Thousands of daily trips’: Costco unveils early plans for first Eagle store Idaho Statesman,local_news,neutral,Idaho Statesman
NEWS-00758,USR-044,Boise,ID,2025-09-04,"The trip down the hill to Costco might get easier, with possible Idaho 55 location - Valley Lookout","The trip down the hill to Costco might get easier, with possible Idaho 55 location Valley Lookout",local_news,neutral,Valley Lookout
NEWS-00759,USR-044,Boise,ID,2025-12-03,"Introducing, Costco: Retailer wants to meet its possible new neighbors in Eagle - Yahoo","Introducing, Costco: Retailer wants to meet its possible new neighbors in Eagle Yahoo",local_news,neutral,Yahoo
NEWS-00760,USR-044,Boise,ID,2026-02-11,This Idaho Costco Just Ranked Top Nine - 107.9 LITE FM,This Idaho Costco Just Ranked Top Nine 107.9 LITE FM,local_news,neutral,107.9 LITE FM
NEWS-00761,USR-044,Boise,ID,2026-04-01,Is Costco closed in Boise on Easter? Albertsons? See holiday hours - Idaho Statesman,Is Costco closed in Boise on Easter? Albertsons? See holiday hours Idaho Statesman,local_news,neutral,Idaho Statesman
NEWS-00762,USR-044,Boise,ID,2025-12-24,How late are Boise grocery stores open on Christmas Eve? See holiday hours - Idaho Statesman,How late are Boise grocery stores open on Christmas Eve? See holiday hours Idaho Statesman,local_news,neutral,Idaho Statesman
NEWS-00763,USR-044,Boise,ID,2026-05-06,"A grocery, or two? Fast-growing Idaho 55 in Caldwell could see two new stores - BoiseDev","A grocery, or two? Fast-growing Idaho 55 in Caldwell could see two new stores BoiseDev",new_competitor,neutral,BoiseDev
NEWS-00764,USR-044,Boise,ID,2026-03-11,Grocery Outlet to close two stores in Idaho by end of March 2026 - Idaho Business Review,Grocery Outlet to close two stores in Idaho by end of March 2026 Idaho Business Review,local_news,neutral,Idaho Business Review
NEWS-00765,USR-044,Boise,ID,2025-11-24,Boise Thanksgiving Store Hours You Need to Know - 107.9 LITE FM,Boise Thanksgiving Store Hours You Need to Know 107.9 LITE FM,local_news,neutral,107.9 LITE FM
NEWS-00766,USR-044,Boise,ID,2025-11-25,‘This one is special’: D9 grocery store in Cascade sold to Boise grocer - Valley Lookout,‘This one is special’: D9 grocery store in Cascade sold to Boise grocer Valley Lookout,local_news,neutral,Valley Lookout
NEWS-00767,USR-044,Boise,ID,2025-12-10,"Amazon’s Same-Day perishable grocery delivery expands to 2,300+ cities and towns as fresh foods become bestsellers - About Amazon","Amazon’s Same-Day perishable grocery delivery expands to 2,300+ cities and towns as fresh foods become bestsellers About Amazon",local_news,neutral,About Amazon
NEWS-00768,USR-044,Boise,ID,2026-05-01,"The North Face plans new location, with Downtown Boise store listed for lease - BoiseDev","The North Face plans new location, with Downtown Boise store listed for lease BoiseDev",local_news,neutral,BoiseDev
NEWS-00769,USR-044,Boise,ID,2026-02-18,An iconic Boise mall store faces its final days. What shoppers should know now - Idaho Statesman,An iconic Boise mall store faces its final days. What shoppers should know now Idaho Statesman,local_news,neutral,Idaho Statesman
NEWS-00770,USR-044,Boise,ID,2026-01-05,These Stores Could Disappear From Idaho in 2026 - 107.9 LITE FM,These Stores Could Disappear From Idaho in 2026 107.9 LITE FM,local_news,neutral,107.9 LITE FM
NEWS-00771,USR-044,Boise,ID,2026-03-20,"Original mall store closes, as vacancy at Boise Towne Square remains high - BoiseDev","Original mall store closes, as vacancy at Boise Towne Square remains high BoiseDev",local_news,neutral,BoiseDev
NEWS-00772,USR-044,Boise,ID,2025-12-30,What stores will be open in Boise on New Year’s Day? Here is your guide - Idaho Statesman,What stores will be open in Boise on New Year’s Day? Here is your guide Idaho Statesman,local_news,neutral,Idaho Statesman
NEWS-00773,USR-044,Boise,ID,2026-02-12,Two More Stores at Boise Towne Square Mall Are Closing for Good in 2026 - 107.9 LITE FM,Two More Stores at Boise Towne Square Mall Are Closing for Good in 2026 107.9 LITE FM,local_news,neutral,107.9 LITE FM
NEWS-00774,USR-045,Omaha,NE,2025-12-31,"Here’s what is open, and what is closed, on New Year’s Day - KTRE","Here’s what is open, and what is closed, on New Year’s Day KTRE",local_news,neutral,KTRE
NEWS-00775,USR-045,Omaha,NE,2025-12-24,A Full List of Stores Open on Christmas Day 2025 - TODAY.com,A Full List of Stores Open on Christmas Day 2025 TODAY.com,local_news,neutral,TODAY.com
NEWS-00776,USR-045,Omaha,NE,2025-11-26,Here's Where You Can Pick up Last-Minute Groceries on Thanksgiving Day - Good Housekeeping,Here's Where You Can Pick up Last-Minute Groceries on Thanksgiving Day Good Housekeeping,local_news,neutral,Good Housekeeping
NEWS-00777,USR-045,Omaha,NE,2025-09-10,Major grocery store closing a dozen locations in 3 states - Fox Business,Major grocery store closing a dozen locations in 3 states Fox Business,local_news,neutral,Fox Business
NEWS-00778,USR-045,Omaha,NE,2025-12-22,"Here’s what stores are open, and which ones are closed, on Christmas - KTRE","Here’s what stores are open, and which ones are closed, on Christmas KTRE",local_news,neutral,KTRE
NEWS-00779,USR-045,Omaha,NE,2025-12-25,A Full List of Grocery Stores Open on Christmas Day 2025 - TODAY.com,A Full List of Grocery Stores Open on Christmas Day 2025 TODAY.com,local_news,neutral,TODAY.com
NEWS-00780,USR-045,Omaha,NE,2026-06-19,Planned grocery store aims to not just feed but uplift historical heart of Omaha’s Black community - Nebraska Examiner,Planned grocery store aims to not just feed but uplift historical heart of Omaha’s Black community Nebraska Examiner,local_news,neutral,Nebraska Examiner
NEWS-00781,USR-045,Omaha,NE,2026-06-18,'It's not just a grocery store': North Omaha weighs in on nonprofit's plan to address food desert - KETV,'It's not just a grocery store': North Omaha weighs in on nonprofit's plan to address food desert KETV,local_news,neutral,KETV
NEWS-00782,USR-045,Omaha,NE,2026-04-01,North Omaha grocery store moves closer to reality with zoning change - WOWT,North Omaha grocery store moves closer to reality with zoning change WOWT,local_news,neutral,WOWT
NEWS-00783,USR-045,Omaha,NE,2026-04-23,A new grocery store planned for North Omaha will bring fresh food and new jobs to a known food desert - KMTV 3 News Now Omaha,A new grocery store planned for North Omaha will bring fresh food and new jobs to a known food desert KMTV 3 News Now Omaha,local_news,neutral,KMTV 3 News Now Omaha
NEWS-00784,USR-045,Omaha,NE,2026-06-05,Hy-Vee selling 21 Fast & Fresh stores to Nebraska-based chain - The Des Moines Register,Hy-Vee selling 21 Fast & Fresh stores to Nebraska-based chain The Des Moines Register,local_news,neutral,The Des Moines Register
NEWS-00785,USR-045,Omaha,NE,2026-01-09,SpartanNash opens first small-format Supermercado Nuestra Familia - Grocery Dive,SpartanNash opens first small-format Supermercado Nuestra Familia Grocery Dive,local_news,neutral,Grocery Dive
NEWS-00786,USR-045,Omaha,NE,2026-05-29,Developer plans $100M redevelopment of Omaha shopping center - WOWT,Developer plans $100M redevelopment of Omaha shopping center WOWT,local_news,neutral,WOWT
NEWS-00787,USR-045,Omaha,NE,2026-06-01,Old Market staple Iron Decor And More closing after 24 years - KETV,Old Market staple Iron Decor And More closing after 24 years KETV,local_news,neutral,KETV
NEWS-00788,USR-045,Omaha,NE,2026-04-30,"After 8 years in the metro, Prairie in Bloom's west Omaha location is closing - KMTV 3 News Now Omaha","After 8 years in the metro, Prairie in Bloom's west Omaha location is closing KMTV 3 News Now Omaha",local_news,neutral,KMTV 3 News Now Omaha
NEWS-00789,USR-045,Omaha,NE,2026-01-29,Several Omaha small businesses to close Friday for national strike - Nebraska Public Media,Several Omaha small businesses to close Friday for national strike Nebraska Public Media,local_news,neutral,Nebraska Public Media
NEWS-00790,USR-045,Omaha,NE,2025-11-21,Here's what's open and what's closed on Thanksgiving in Omaha area - KETV,Here's what's open and what's closed on Thanksgiving in Omaha area KETV,local_news,neutral,KETV
NEWS-00791,USR-045,Omaha,NE,2025-10-10,North Omaha neighborhood loses grocery store as food desert concerns grow - WOWT,North Omaha neighborhood loses grocery store as food desert concerns grow WOWT,local_news,neutral,WOWT
NEWS-00792,USR-046,Oklahoma City,OK,2025-12-24,"Here’s what stores are open, and which ones are closed, on Christmas - KFOR.com","Here’s what stores are open, and which ones are closed, on Christmas KFOR.com",local_news,neutral,KFOR.com
NEWS-00793,USR-046,Oklahoma City,OK,2026-02-10,"Holiday grocery store hours, what retailers are open on New Year's Eve, Day - ABC News - Breaking News, Latest News and Videos","Holiday grocery store hours, what retailers are open on New Year's Eve, Day ABC News - Breaking News, Latest News and Videos",local_news,neutral,"ABC News - Breaking News, Latest News and Videos"
NEWS-00794,USR-046,Oklahoma City,OK,2026-02-13,Publix to anchor Powdersville Plaza redevelopment - SCBiz,Publix to anchor Powdersville Plaza redevelopment SCBiz,local_news,neutral,SCBiz
NEWS-00795,USR-046,Oklahoma City,OK,2026-02-28,"Study ranks nation's best, worst grocery stores. Do you agree? - The Oklahoman","Study ranks nation's best, worst grocery stores. Do you agree? The Oklahoman",local_news,neutral,The Oklahoman
NEWS-00796,USR-046,Oklahoma City,OK,2025-12-22,"Here’s what stores are open, and which ones are closed, on Christmas - Live 5 News","Here’s what stores are open, and which ones are closed, on Christmas Live 5 News",local_news,neutral,Live 5 News
NEWS-00797,USR-046,Oklahoma City,OK,2025-11-07,2025 Veterans Day deals and discounts - The American Legion,2025 Veterans Day deals and discounts The American Legion,local_news,neutral,The American Legion
NEWS-00798,USR-046,Oklahoma City,OK,2026-03-02,"Remember these grocery store chains in OKC? Historical images of Kroger, Piggly Wiggly, more - The Oklahoman","Remember these grocery store chains in OKC? Historical images of Kroger, Piggly Wiggly, more The Oklahoman",local_news,neutral,The Oklahoman
NEWS-00799,USR-046,Oklahoma City,OK,2026-04-01,"Homeland Stores to close, consolidate locations - bluebookservices.com","Homeland Stores to close, consolidate locations bluebookservices.com",local_news,neutral,bluebookservices.com
NEWS-00800,USR-046,Oklahoma City,OK,2026-03-31,Community advocates to keep grocery store open in former NE OKC food desert - News 9,Community advocates to keep grocery store open in former NE OKC food desert News 9,local_news,neutral,News 9
NEWS-00801,USR-046,Oklahoma City,OK,2026-03-30,"Homeland to close 4 stores, consolidate others - Grocery Dive","Homeland to close 4 stores, consolidate others Grocery Dive",local_news,neutral,Grocery Dive
NEWS-00802,USR-046,Oklahoma City,OK,2026-03-27,Multiple Homeland stores in OKC metro closing; others statewide consolidating or up for sale - KOCO,Multiple Homeland stores in OKC metro closing; others statewide consolidating or up for sale KOCO,local_news,neutral,KOCO
NEWS-00803,USR-046,Oklahoma City,OK,2026-03-26,"Homeland Stores Announces Changes Impacting Elk City, Clinton Locations - KECO 96.5FM","Homeland Stores Announces Changes Impacting Elk City, Clinton Locations KECO 96.5FM",local_news,neutral,KECO 96.5FM
NEWS-00804,USR-046,Oklahoma City,OK,2026-03-27,Homeland closing multiple Oklahoma locations: Full list of affected stores - News 9,Homeland closing multiple Oklahoma locations: Full list of affected stores News 9,local_news,neutral,News 9
NEWS-00805,USR-046,Oklahoma City,OK,2026-03-26,"Two Homeland stores closing in Norman, one in Edmond - KOKH","Two Homeland stores closing in Norman, one in Edmond KOKH",local_news,neutral,KOKH
NEWS-00806,USR-047,Minneapolis,MN,2025-11-24,"Thanksgiving Grocery, Black Friday Retail Hours: What’s Open, Closed In MN - Patch","Thanksgiving Grocery, Black Friday Retail Hours: What’s Open, Closed In MN Patch",local_news,neutral,Patch
NEWS-00807,USR-047,Minneapolis,MN,2026-02-23,"Maazah raises $2M as Afghan-American sauce brand lands Costco, Whole Foods - The Business Journals","Maazah raises $2M as Afghan-American sauce brand lands Costco, Whole Foods The Business Journals",local_news,neutral,The Business Journals
NEWS-00808,USR-047,Minneapolis,MN,2026-04-19,Target revamps grocery strategy as more customers opt for budget or premium chains - Star Tribune,Target revamps grocery strategy as more customers opt for budget or premium chains Star Tribune,local_news,neutral,Star Tribune
NEWS-00809,USR-047,Minneapolis,MN,2025-12-20,When do Twin Cities grocery stores close on Christmas Eve 2025? - Bring Me The News,When do Twin Cities grocery stores close on Christmas Eve 2025? Bring Me The News,local_news,neutral,Bring Me The News
NEWS-00810,USR-047,Minneapolis,MN,2025-12-23,How late are grocery stores open on Christmas Eve in the Twin Cities? - kare11.com,How late are grocery stores open on Christmas Eve in the Twin Cities? kare11.com,local_news,neutral,kare11.com
NEWS-00811,USR-047,Minneapolis,MN,2025-11-24,Stores that are open and closed on Thanksgiving this year - LiveNOW from FOX,Stores that are open and closed on Thanksgiving this year LiveNOW from FOX,local_news,neutral,LiveNOW from FOX
NEWS-00812,USR-047,Minneapolis,MN,2026-06-16,Minnesota’s first H Mart could be coming to St. Paul’s Midway - Star Tribune,Minnesota’s first H Mart could be coming to St. Paul’s Midway Star Tribune,local_news,neutral,Star Tribune
NEWS-00813,USR-047,Minneapolis,MN,2026-06-15,H Mart could be headed to St. Paul after Midway Marketplace sale - The Business Journals,H Mart could be headed to St. Paul after Midway Marketplace sale The Business Journals,local_news,neutral,The Business Journals
NEWS-00814,USR-047,Minneapolis,MN,2026-05-12,Minneapolis grocery store owner charged in $1 million food assistance fraud - 5 EYEWITNESS NEWS,Minneapolis grocery store owner charged in $1 million food assistance fraud 5 EYEWITNESS NEWS,local_news,neutral,5 EYEWITNESS NEWS
NEWS-00815,USR-047,Minneapolis,MN,2026-05-13,Minneapolis grocery store owner charged in $1.14M EBT fraud scheme - CBS News,Minneapolis grocery store owner charged in $1.14M EBT fraud scheme CBS News,local_news,neutral,CBS News
NEWS-00816,USR-047,Minneapolis,MN,2026-04-25,Hungry in the City: How Minneapolis Became Its Own Worst Food Desert - Minneapolis Times,Hungry in the City: How Minneapolis Became Its Own Worst Food Desert Minneapolis Times,local_news,neutral,Minneapolis Times
NEWS-00817,USR-047,Minneapolis,MN,2026-03-20,How a Minneapolis corner store served immigrants hiding from ICE - Sahan Journal,How a Minneapolis corner store served immigrants hiding from ICE Sahan Journal,local_news,neutral,Sahan Journal
NEWS-00818,USR-047,Minneapolis,MN,2026-06-01,Restaurant openings and closings in the Twin Cities - Star Tribune,Restaurant openings and closings in the Twin Cities Star Tribune,new_competitor,neutral,Star Tribune
NEWS-00819,USR-047,Minneapolis,MN,2026-04-17,Minneapolis nonalcoholic bottle shop at risk of closing as alcohol-free drinks become more widely available - CBS News,Minneapolis nonalcoholic bottle shop at risk of closing as alcohol-free drinks become more widely available CBS News,local_news,neutral,CBS News
NEWS-00820,USR-047,Minneapolis,MN,2026-03-30,Easter 2026 Grocery And Retail Hours: What’s Open And Closed In MN - Patch,Easter 2026 Grocery And Retail Hours: What’s Open And Closed In MN Patch,local_news,neutral,Patch
NEWS-00821,USR-047,Minneapolis,MN,2026-04-16,"Marigold, Twin Cities' first and last NA bottle shop, is on the brink of closure - Axios","Marigold, Twin Cities' first and last NA bottle shop, is on the brink of closure Axios",construction,negative,Axios
NEWS-00822,USR-047,Minneapolis,MN,2026-03-05,Minneapolis Craft Market will close its MSP Airport store this month - Bring Me The News,Minneapolis Craft Market will close its MSP Airport store this month Bring Me The News,local_news,neutral,Bring Me The News
NEWS-00823,USR-047,Minneapolis,MN,2026-02-04,The Minnesota Target Workers Who Walked Out Against ICE - The American Prospect,The Minnesota Target Workers Who Walked Out Against ICE The American Prospect,local_news,neutral,The American Prospect
NEWS-00824,USR-048,Buffalo,NY,2025-12-24,"Here’s what stores are open, and which ones are closed, on Christmas - WIVB News 4","Here’s what stores are open, and which ones are closed, on Christmas WIVB News 4",local_news,neutral,WIVB News 4
NEWS-00825,USR-048,Buffalo,NY,2025-12-25,"What’s open on Christmas Day: Holiday hours for fast-food chains, grocery stores, CVS, and more - Fast Company","What’s open on Christmas Day: Holiday hours for fast-food chains, grocery stores, CVS, and more Fast Company",local_news,neutral,Fast Company
NEWS-00826,USR-048,Buffalo,NY,2025-12-23,Will Wegmans be open on Christmas? Here’s what stores will be open and closed - Democrat and Chronicle,Will Wegmans be open on Christmas? Here’s what stores will be open and closed Democrat and Chronicle,local_news,neutral,Democrat and Chronicle
NEWS-00827,USR-048,Buffalo,NY,2025-06-06,Independent pharmacists speak out against pharmacy benefit managers as Rite Aid stores close in WNY - WKBW,Independent pharmacists speak out against pharmacy benefit managers as Rite Aid stores close in WNY WKBW,local_news,neutral,WKBW
NEWS-00828,USR-048,Buffalo,NY,2025-06-02,CVS Pharmacy is closing hundreds of stores nationwide — including one in WNY - The Business Journals,CVS Pharmacy is closing hundreds of stores nationwide — including one in WNY The Business Journals,local_news,neutral,The Business Journals
NEWS-00829,USR-048,Buffalo,NY,2024-07-11,CVS to close another location - WGRZ,CVS to close another location WGRZ,local_news,neutral,WGRZ
NEWS-00830,USR-048,Buffalo,NY,2026-05-03,"New grocery store opens, aims to boost food access on Buffalo's East Side - WGRZ","New grocery store opens, aims to boost food access on Buffalo's East Side WGRZ",local_news,neutral,WGRZ
NEWS-00831,USR-048,Buffalo,NY,2026-03-18,CCE promotes Buffalo’s well-being with healthy community stores - Cornell Chronicle,CCE promotes Buffalo’s well-being with healthy community stores Cornell Chronicle,local_news,neutral,Cornell Chronicle
NEWS-00832,USR-048,Buffalo,NY,2025-12-02,NY grocery inspections reveal violations. How did Trader Joe's do in Ithaca? - The Ithaca Journal,NY grocery inspections reveal violations. How did Trader Joe's do in Ithaca? The Ithaca Journal,local_news,neutral,The Ithaca Journal
NEWS-00833,USR-048,Buffalo,NY,2026-02-16,Liquor now added as part of continued push for sale of wine at grocery stores across New York - Audacy,Liquor now added as part of continued push for sale of wine at grocery stores across New York Audacy,local_news,neutral,Audacy
NEWS-00834,USR-048,Buffalo,NY,2026-04-06,"Two grocers dominate market as Costco prepares arrival, Trader Joe's expands - The Business Journals","Two grocers dominate market as Costco prepares arrival, Trader Joe's expands The Business Journals",local_news,neutral,The Business Journals
NEWS-00835,USR-048,Buffalo,NY,2025-09-29,'We do need a drug store': Buffalo residents struggle as 16 former Rite Aid stores remain vacant - WKBW,'We do need a drug store': Buffalo residents struggle as 16 former Rite Aid stores remain vacant WKBW,local_news,neutral,WKBW
NEWS-00836,USR-048,Buffalo,NY,2026-05-14,'A sad sight': Save A Lot in Buffalo closes for good - WKBW,'A sad sight': Save A Lot in Buffalo closes for good WKBW,local_news,neutral,WKBW
NEWS-00837,USR-048,Buffalo,NY,2025-11-25,Iconic Buffalo area retailer George and Company closing up shop - WGRZ,Iconic Buffalo area retailer George and Company closing up shop WGRZ,local_news,neutral,WGRZ
NEWS-00838,USR-048,Buffalo,NY,2026-01-27,Major retailer closes location at prominent Upstate NY mall - Syracuse.com,Major retailer closes location at prominent Upstate NY mall Syracuse.com,local_news,neutral,Syracuse.com
NEWS-00839,USR-048,Buffalo,NY,2025-12-09,124-year-old novelty and gift shop to close - Buffalo Business First - The Business Journals,124-year-old novelty and gift shop to close - Buffalo Business First The Business Journals,local_news,neutral,The Business Journals
NEWS-00840,USR-048,Buffalo,NY,2025-09-25,"Why struggling Starbucks is closing stores, laying off hundreds of workers - San Antonio Express-News","Why struggling Starbucks is closing stores, laying off hundreds of workers San Antonio Express-News",local_news,neutral,San Antonio Express-News
NEWS-00841,USR-048,Buffalo,NY,2026-02-04,"Eddie Bauer to declare bankruptcy, close two stores in Western New York - Buffalo News","Eddie Bauer to declare bankruptcy, close two stores in Western New York Buffalo News",local_news,neutral,Buffalo News
NEWS-00842,USR-049,Rochester,NY,2026-04-06,"Some eye drops sold at Walgreens, CVS, and other stores recalled - WHEC.com","Some eye drops sold at Walgreens, CVS, and other stores recalled WHEC.com",local_news,neutral,WHEC.com
NEWS-00843,USR-049,Rochester,NY,2026-01-27,"As Walgreens Mulls Its Real Estate Options, Could It Downsize And Convert Its Drugstores Into Mini-Strip Malls? - Substack","As Walgreens Mulls Its Real Estate Options, Could It Downsize And Convert Its Drugstores Into Mini-Strip Malls? Substack",local_news,neutral,Substack
NEWS-00844,USR-049,Rochester,NY,2024-10-09,5 Walgreens stores set to close in Rochester area - 13wham.com,5 Walgreens stores set to close in Rochester area 13wham.com,local_news,neutral,13wham.com
NEWS-00845,USR-049,Rochester,NY,2024-10-08,Five Rochester Walgreens now slated to close in November as three added to the list - Democrat and Chronicle,Five Rochester Walgreens now slated to close in November as three added to the list Democrat and Chronicle,local_news,neutral,Democrat and Chronicle
NEWS-00846,USR-049,Rochester,NY,2024-10-07,Five Rochester area Walgreens set to close doors - RochesterFirst,Five Rochester area Walgreens set to close doors RochesterFirst,local_news,neutral,RochesterFirst
NEWS-00847,USR-049,Rochester,NY,2025-05-17,More Walgreens stores closing in NY: See the list - Yahoo Finance,More Walgreens stores closing in NY: See the list Yahoo Finance,local_news,neutral,Yahoo Finance
NEWS-00848,USR-049,Rochester,NY,2026-04-22,New grocery store planned for downtown Rochester - WHEC.com,New grocery store planned for downtown Rochester WHEC.com,local_news,neutral,WHEC.com
NEWS-00849,USR-049,Rochester,NY,2026-04-24,Planned downtown Rochester grocery store aims to fill longstanding food gap - 13wham.com,Planned downtown Rochester grocery store aims to fill longstanding food gap 13wham.com,local_news,neutral,13wham.com
NEWS-00850,USR-049,Rochester,NY,2026-04-22,New grocery store coming to downtown Rochester - Democrat and Chronicle,New grocery store coming to downtown Rochester Democrat and Chronicle,local_news,neutral,Democrat and Chronicle
NEWS-00851,USR-049,Rochester,NY,2026-04-21,Small grocery planned for downtown Rochester - Rochester Business Journal,Small grocery planned for downtown Rochester Rochester Business Journal,local_news,neutral,Rochester Business Journal
NEWS-00852,USR-049,Rochester,NY,2026-05-21,Wegmans reveals new Charlotte grocery store’s opening date. See first look inside - Charlotte Observer,Wegmans reveals new Charlotte grocery store’s opening date. See first look inside Charlotte Observer,new_competitor,neutral,Charlotte Observer
NEWS-00853,USR-049,Rochester,NY,2026-03-26,Lawmakers look to attract grocers to food deserts across New York - WXXI News,Lawmakers look to attract grocers to food deserts across New York WXXI News,local_news,neutral,WXXI News
NEWS-00854,USR-049,Rochester,NY,2026-06-16,"Outdoor retail chain files for bankruptcy, will close 2 stores in Upstate NY - Syracuse.com","Outdoor retail chain files for bankruptcy, will close 2 stores in Upstate NY Syracuse.com",local_news,neutral,Syracuse.com
NEWS-00855,USR-049,Rochester,NY,2026-02-23,Eastview Mall’s Eddie Bauer store to shut down in April - RochesterFirst,Eastview Mall’s Eddie Bauer store to shut down in April RochesterFirst,local_news,neutral,RochesterFirst
NEWS-00856,USR-049,Rochester,NY,2025-12-30,17 Rochester businesses that shut down in 2025. See list - Democrat and Chronicle,17 Rochester businesses that shut down in 2025. See list Democrat and Chronicle,local_news,neutral,Democrat and Chronicle
NEWS-00857,USR-049,Rochester,NY,2025-11-26,Thanksgiving shopping: Hours for the Rochester Public Market and grocery stores - WHEC.com,Thanksgiving shopping: Hours for the Rochester Public Market and grocery stores WHEC.com,local_news,neutral,WHEC.com
NEWS-00858,USR-049,Rochester,NY,2025-10-13,Metro Mattress is closing stores and winding down operations: See the list of locations that will shutter - Fast Company,Metro Mattress is closing stores and winding down operations: See the list of locations that will shutter Fast Company,local_news,neutral,Fast Company
NEWS-00859,USR-049,Rochester,NY,2026-01-20,GameStop closing about 30 New York stores as nationwide purge mounts due to falling sales - New York Post,GameStop closing about 30 New York stores as nationwide purge mounts due to falling sales New York Post,local_news,neutral,New York Post
NEWS-00860,USR-050,Spokane,WA,2026-04-01,What's open and closed on Easter 2026: Full list - krem.com,What's open and closed on Easter 2026: Full list krem.com,local_news,neutral,krem.com
NEWS-00861,USR-050,Spokane,WA,2026-01-15,New grocery store envisioned on South Hill - Spokane Journal of Business,New grocery store envisioned on South Hill Spokane Journal of Business,local_news,neutral,Spokane Journal of Business
NEWS-00862,USR-050,Spokane,WA,2025-12-24,"What's open on Christmas Eve, Day in Washington? - MyNorthwest.com","What's open on Christmas Eve, Day in Washington? MyNorthwest.com",local_news,neutral,MyNorthwest.com
NEWS-00863,USR-050,Spokane,WA,2025-05-31,Spokane's Upper South Hill prepares for incoming Home Depot - NonStop Local KHQ,Spokane's Upper South Hill prepares for incoming Home Depot NonStop Local KHQ,local_news,neutral,NonStop Local KHQ
NEWS-00864,USR-050,Spokane,WA,2025-06-12,Home Depot celebrates grand opening on Spokane's South Hill - KXLY.com,Home Depot celebrates grand opening on Spokane's South Hill KXLY.com,new_competitor,neutral,KXLY.com
NEWS-00865,USR-050,Spokane,WA,2022-06-01,"Home Depot Fire Arrest - City of Spokane, Washington","Home Depot Fire Arrest City of Spokane, Washington",local_news,neutral,"City of Spokane, Washington"
NEWS-00866,USR-050,Spokane,WA,2026-02-19,New food bank offers a grocery shopping experience for Spokane families - KXLY.com,New food bank offers a grocery shopping experience for Spokane families KXLY.com,local_news,neutral,KXLY.com
NEWS-00867,USR-050,Spokane,WA,2026-01-19,City records show new grocery store planned for Spokane's South Hill - krem.com,City records show new grocery store planned for Spokane's South Hill krem.com,local_news,neutral,krem.com
NEWS-00868,USR-050,Spokane,WA,2025-11-13,Permit records indicate new Trader Joe's store coming to Spokane Valley - NonStop Local KHQ,Permit records indicate new Trader Joe's store coming to Spokane Valley NonStop Local KHQ,local_news,neutral,NonStop Local KHQ
NEWS-00869,USR-050,Spokane,WA,2026-01-08,"Legislation would let WA cities run grocery stores, use eminent domain - The Center Square","Legislation would let WA cities run grocery stores, use eminent domain The Center Square",local_news,neutral,The Center Square
NEWS-00870,USR-050,Spokane,WA,2026-03-25,Powerball ticket sold at Eastern Washington grocery store wins big. Here’s where - Tri-City Herald,Powerball ticket sold at Eastern Washington grocery store wins big. Here’s where Tri-City Herald,local_news,neutral,Tri-City Herald
NEWS-00871,USR-050,Spokane,WA,2026-06-17,West Marine closing five Washington stores after filing for bankruptcy - Kitsap Sun,West Marine closing five Washington stores after filing for bankruptcy Kitsap Sun,local_news,neutral,Kitsap Sun
NEWS-00872,USR-050,Spokane,WA,2026-04-06,Spokane-area bike shop peddles off into the sunset - The Spokesman-Review,Spokane-area bike shop peddles off into the sunset The Spokesman-Review,local_news,neutral,The Spokesman-Review
NEWS-00873,USR-050,Spokane,WA,2025-10-15,Popular outdoor retailer closing 3 stores in 2026 - krem.com,Popular outdoor retailer closing 3 stores in 2026 krem.com,local_news,neutral,krem.com
NEWS-00874,USR-050,Spokane,WA,2025-09-02,Major Retail Chains Closing Stores in Washington State This September - NEWStalk 870,Major Retail Chains Closing Stores in Washington State This September NEWStalk 870,local_news,neutral,NEWStalk 870
NEWS-00875,USR-050,Spokane,WA,2025-11-19,Richland furniture gallery closing down - Tri-Cities Area Journal of Business,Richland furniture gallery closing down Tri-Cities Area Journal of Business,local_news,neutral,Tri-Cities Area Journal of Business
NEWS-00876,USR-050,Spokane,WA,2026-03-10,Grocery Outlet is announcing store closures. How many are in WA? - Kitsap Sun,Grocery Outlet is announcing store closures. How many are in WA? Kitsap Sun,construction,negative,Kitsap Sun
NEWS-00877,USR-050,Spokane,WA,2025-02-10,"Spokane man accused of $22K Home Depot & Lowe’s theft scheme, police say","SPOKANE, Wash. — A Spokane man has been accused of orchestrating a series of retail thefts and fraudulent transactions at multiple Home Depot and Lowe’s locations across Spokane County, police said.",local_news,neutral,bing.com
NEWS-00878,USR-050,Spokane,WA,2025-05-27,Spokane's newest Home Depot just weeks from opening,"SPOKANE, Wash. - Spokane's newest Home Depot is getting close to opening its doors. The new store on South Regal will officially open June 12. The store is at 4515 South Regal. The site has been ...",new_competitor,neutral,bing.com
NEWS-00879,USR-050,Spokane,WA,2024-06-25,Home Depot to replace Shopko on South Hill,"SOUTH HILL, Wash — Demolition has started at the Shopko on Regal St. on South Hill, and a handy replacement will be Home Depot. Tom Kearney said he's been accustomed to change in the close to five ...",local_news,neutral,bing.com
NEWS-00880,USR-051,Tulsa,OK,2026-04-10,"City shares progress update on new shopping centers in north, south Broken Arrow - fox23.com","City shares progress update on new shopping centers in north, south Broken Arrow fox23.com",local_news,neutral,fox23.com
NEWS-00881,USR-051,Tulsa,OK,2025-11-20,Early Black Friday deals and store hours: What shoppers need to know - News On 6,Early Black Friday deals and store hours: What shoppers need to know News On 6,local_news,neutral,News On 6
NEWS-00882,USR-051,Tulsa,OK,2025-11-11,When do Black Friday sales start and end in Oklahoma? Here's when to go - The Oklahoman,When do Black Friday sales start and end in Oklahoma? Here's when to go The Oklahoman,local_news,neutral,The Oklahoman
NEWS-00883,USR-051,Tulsa,OK,2026-05-24,What is — and isn’t — open for Memorial Day 2026? - KFOR.com,What is — and isn’t — open for Memorial Day 2026? KFOR.com,local_news,neutral,KFOR.com
NEWS-00884,USR-051,Tulsa,OK,2025-11-26,Check out what's opened and closed in Oklahoma on Thanksgiving Day - KOCO,Check out what's opened and closed in Oklahoma on Thanksgiving Day KOCO,local_news,neutral,KOCO
NEWS-00885,USR-051,Tulsa,OK,2026-01-31,Shop the best Presidents Day sales 2026 happening right now - USA Today,Shop the best Presidents Day sales 2026 happening right now USA Today,local_news,neutral,USA Today
NEWS-00886,USR-051,Tulsa,OK,2026-04-12,New nonprofit grocery store brings fresh food to a Tulsa neighborhood - News On 6,New nonprofit grocery store brings fresh food to a Tulsa neighborhood News On 6,local_news,neutral,News On 6
NEWS-00887,USR-051,Tulsa,OK,2026-04-07,Nonprofit grocery store to open in northeast Tulsa food desert - The Journal Record,Nonprofit grocery store to open in northeast Tulsa food desert The Journal Record,local_news,neutral,The Journal Record
NEWS-00888,USR-051,Tulsa,OK,2026-04-14,“Bazaar” micro-grocery opens in northeast Tulsa’s Dawson neighborhood - KTUL,“Bazaar” micro-grocery opens in northeast Tulsa’s Dawson neighborhood KTUL,local_news,neutral,KTUL
NEWS-00889,USR-051,Tulsa,OK,2026-03-02,Oasis to open Tulsa’s first downtown grocery store in a decade - Tulsa Flyer,Oasis to open Tulsa’s first downtown grocery store in a decade Tulsa Flyer,local_news,neutral,Tulsa Flyer
NEWS-00890,USR-051,Tulsa,OK,2026-04-11,'BAZAAR' grocery officially opens in North Tulsa - 2 News Oklahoma KJRH Tulsa,'BAZAAR' grocery officially opens in North Tulsa 2 News Oklahoma KJRH Tulsa,local_news,neutral,2 News Oklahoma KJRH Tulsa
NEWS-00891,USR-051,Tulsa,OK,2026-05-09,Tulsa grocery store to participate in Double Up Oklahoma program - fox23.com,Tulsa grocery store to participate in Double Up Oklahoma program fox23.com,local_news,neutral,fox23.com
NEWS-00892,USR-051,Tulsa,OK,2026-04-25,"Tuesday Morning closing all stores, sale signs up in Tulsa - fox23.com","Tuesday Morning closing all stores, sale signs up in Tulsa fox23.com",local_news,neutral,fox23.com
NEWS-00893,USR-051,Tulsa,OK,2026-02-10,Saks Global to shutter 9 full-line stores - Retail Dive,Saks Global to shutter 9 full-line stores Retail Dive,local_news,neutral,Retail Dive
NEWS-00894,USR-051,Tulsa,OK,2026-01-14,"GameStop closing hundreds of stores across US, Oklahoma in January 2026. See list. - The Oklahoman","GameStop closing hundreds of stores across US, Oklahoma in January 2026. See list. The Oklahoman",local_news,neutral,The Oklahoman
NEWS-00895,USR-051,Tulsa,OK,2026-01-27,Amazon is closing all Amazon Fresh and Amazon Go stores - CSP Daily News,Amazon is closing all Amazon Fresh and Amazon Go stores CSP Daily News,local_news,neutral,CSP Daily News
NEWS-00896,USR-051,Tulsa,OK,2026-02-12,These 8 Saks Fifth Avenue Stores Are Closing - nationaljeweler.com,These 8 Saks Fifth Avenue Stores Are Closing nationaljeweler.com,local_news,neutral,nationaljeweler.com
NEWS-00897,USR-051,Tulsa,OK,2026-02-11,Saks to close Utica Square Tulsa store in nationwide reorganization - News On 6,Saks to close Utica Square Tulsa store in nationwide reorganization News On 6,local_news,neutral,News On 6
NEWS-00898,USR-052,Honolulu,HI,2025-11-27,Black Friday: What time do stores open? - Hawaii News Now,Black Friday: What time do stores open? Hawaii News Now,local_news,neutral,Hawaii News Now
NEWS-00899,USR-052,Honolulu,HI,2026-05-18,Bank of Hawaii buys Chinatown parking garage for $16.5M for employee parking - The Business Journals,Bank of Hawaii buys Chinatown parking garage for $16.5M for employee parking The Business Journals,local_news,neutral,The Business Journals
NEWS-00900,USR-052,Honolulu,HI,2026-03-01,Hawaii: Oahu Dairy-Free Restaurant Guide (Recommendations by City) - Go Dairy Free,Hawaii: Oahu Dairy-Free Restaurant Guide (Recommendations by City) Go Dairy Free,local_news,neutral,Go Dairy Free
NEWS-00901,USR-052,Honolulu,HI,2026-05-07,"After years of testing women's workwear, these are the brands our editors keep wearing on repeat - Business Insider","After years of testing women's workwear, these are the brands our editors keep wearing on repeat Business Insider",local_news,neutral,Business Insider
NEWS-00902,USR-052,Honolulu,HI,2025-12-22,"Here’s what stores are open, and which ones are closed, on Christmas - Hawaii News Now","Here’s what stores are open, and which ones are closed, on Christmas Hawaii News Now",local_news,neutral,Hawaii News Now
NEWS-00903,USR-052,Honolulu,HI,2025-08-04,6 Old-Timey General Stores In Hawaii - WorldAtlas,6 Old-Timey General Stores In Hawaii WorldAtlas,local_news,neutral,WorldAtlas
NEWS-00904,USR-052,Honolulu,HI,2026-02-21,New Korean grocery store open in Honolulu - Aloha State Daily,New Korean grocery store open in Honolulu Aloha State Daily,local_news,neutral,Aloha State Daily
NEWS-00905,USR-052,Honolulu,HI,2025-10-20,"Farm Link Hawaii to open first physical grocery store and deli, expanding beyond online marketplace - The Business Journals","Farm Link Hawaii to open first physical grocery store and deli, expanding beyond online marketplace The Business Journals",local_news,neutral,The Business Journals
NEWS-00906,USR-052,Honolulu,HI,2025-11-06,PHOTOS: Take a look inside Honolulu’s new Korean CU store - KHON2,PHOTOS: Take a look inside Honolulu’s new Korean CU store KHON2,local_news,neutral,KHON2
NEWS-00907,USR-052,Honolulu,HI,2025-12-08,10 U.S. States With the Highest Grocery Bills - WorldAtlas,10 U.S. States With the Highest Grocery Bills WorldAtlas,local_news,neutral,WorldAtlas
NEWS-00908,USR-052,Honolulu,HI,2025-08-19,Hawaii Food Prices Leave Visitors Wondering How Anyone Affords It - Beat of Hawaii,Hawaii Food Prices Leave Visitors Wondering How Anyone Affords It Beat of Hawaii,local_news,neutral,Beat of Hawaii
NEWS-00909,USR-052,Honolulu,HI,2026-04-03,Easter Sunday store closures in Hawai’i impact shoppers - KHON2,Easter Sunday store closures in Hawai’i impact shoppers KHON2,construction,negative,KHON2
NEWS-00910,USR-052,Honolulu,HI,2026-03-06,Neiman Marcus store at Ala Moana Center to close - Honolulu Star-Advertiser,Neiman Marcus store at Ala Moana Center to close Honolulu Star-Advertiser,local_news,neutral,Honolulu Star-Advertiser
NEWS-00911,USR-052,Honolulu,HI,2026-01-29,Honolulu store among dozens to close by luxury retailer - Hawaii News Now,Honolulu store among dozens to close by luxury retailer Hawaii News Now,local_news,neutral,Hawaii News Now
NEWS-00912,USR-052,Honolulu,HI,2026-03-06,"Saks closing Neiman Marcus anchor at Ala Moana Center, exiting Hawaii market - The Business Journals","Saks closing Neiman Marcus anchor at Ala Moana Center, exiting Hawaii market The Business Journals",local_news,neutral,The Business Journals
NEWS-00913,USR-052,Honolulu,HI,2026-02-11,New York duty-free store to replace DFS at Hawaii airports - KITV,New York duty-free store to replace DFS at Hawaii airports KITV,local_news,neutral,KITV
NEWS-00914,USR-052,Honolulu,HI,2026-01-09,183 employees to be laid off as duty-free store exits Hawaii - SFGATE,183 employees to be laid off as duty-free store exits Hawaii SFGATE,local_news,neutral,SFGATE
NEWS-00915,USR-053,New York,NY,2026-05-11,Retailers Are Making Expensive Bets That Shoppers Still Want to Go to Stores - The New York Times,Retailers Are Making Expensive Bets That Shoppers Still Want to Go to Stores The New York Times,local_news,neutral,The New York Times
NEWS-00916,USR-053,New York,NY,2026-03-26,Dollar General store count by state U.S. 2026 - Statista,Dollar General store count by state U.S. 2026 Statista,local_news,neutral,Statista
NEWS-00917,USR-053,New York,NY,2026-05-25,Dollar General roll outs Costco-like layout at all locations to enhance shopping experience - New York Post,Dollar General roll outs Costco-like layout at all locations to enhance shopping experience New York Post,local_news,neutral,New York Post
NEWS-00918,USR-053,New York,NY,2026-02-02,Here are the retailers with the most store openings and closures planned for 2026 - CNBC,Here are the retailers with the most store openings and closures planned for 2026 CNBC,construction,negative,CNBC
NEWS-00919,USR-053,New York,NY,2026-03-10,Getting your money’s worth at dollar discount stores - www.advertisernewssouth.com,Getting your money’s worth at dollar discount stores www.advertisernewssouth.com,local_news,neutral,www.advertisernewssouth.com
NEWS-00920,USR-053,New York,NY,2025-11-24,Here's what stores are open and closed on Thanksgiving Day 2025 - Business Insider,Here's what stores are open and closed on Thanksgiving Day 2025 Business Insider,local_news,neutral,Business Insider
NEWS-00921,USR-053,New York,NY,2026-06-23,Montreal cop killed after rampaging incel gunman ambushed officers in heavily Jewish neighborhood - New York Post,Montreal cop killed after rampaging incel gunman ambushed officers in heavily Jewish neighborhood New York Post,local_news,neutral,New York Post
NEWS-00922,USR-053,New York,NY,2026-06-20,The Mayor Who Loves Bodegas Is Building Taxpayer-Funded Competitors - Reason Magazine,The Mayor Who Loves Bodegas Is Building Taxpayer-Funded Competitors Reason Magazine,new_competitor,neutral,Reason Magazine
NEWS-00923,USR-053,New York,NY,2026-06-17,"The Bronx will get first city-owned grocery store, Mamdani says - Gothamist","The Bronx will get first city-owned grocery store, Mamdani says Gothamist",local_news,neutral,Gothamist
NEWS-00924,USR-053,New York,NY,2026-06-21,Blake Lively grocery shops while former BFF Taylor Swift throws bachelorette party with closest pals - Page Six,Blake Lively grocery shops while former BFF Taylor Swift throws bachelorette party with closest pals Page Six,local_news,neutral,Page Six
NEWS-00925,USR-053,New York,NY,2026-06-21,NYC Mayor’s city-owned grocery store plans moving forward - PIX11,NYC Mayor’s city-owned grocery store plans moving forward PIX11,local_news,neutral,PIX11
NEWS-00926,USR-053,New York,NY,2026-06-14,New York’s independent grocery stores face steep price disparities. A recent bill seeks to change that. - Columbia Daily Spectator,New York’s independent grocery stores face steep price disparities. A recent bill seeks to change that. Columbia Daily Spectator,local_news,neutral,Columbia Daily Spectator
NEWS-00927,USR-053,New York,NY,2026-06-09,The Joy of Shopping in Los Angeles - The New York Times,The Joy of Shopping in Los Angeles The New York Times,local_news,neutral,The New York Times
NEWS-00928,USR-053,New York,NY,2026-06-18,"Disney Store Times Square: New Arrivals, Exclusives, and Events - Disney Parks Blog","Disney Store Times Square: New Arrivals, Exclusives, and Events Disney Parks Blog",local_news,neutral,Disney Parks Blog
NEWS-00929,USR-053,New York,NY,2025-12-09,Reporter’s notebook: New York City’s last department stores - Retail Dive,Reporter’s notebook: New York City’s last department stores Retail Dive,local_news,neutral,Retail Dive
NEWS-00930,USR-053,New York,NY,2026-06-03,Ulta Beauty inks $400M Times Square lease at Jeff Sutton’s 1551 Broadway - The Real Deal,Ulta Beauty inks $400M Times Square lease at Jeff Sutton’s 1551 Broadway The Real Deal,construction,negative,The Real Deal
NEWS-00931,USR-053,New York,NY,2026-05-24,"Here’s which retailers, grocery stores and pharmacies are open and closed on Memorial Day - New York Post","Here’s which retailers, grocery stores and pharmacies are open and closed on Memorial Day New York Post",local_news,neutral,New York Post
NEWS-00932,USR-053,New York,NY,2026-04-14,Major Convenience Store Shakeup Could Affect NYC - Patch,Major Convenience Store Shakeup Could Affect NYC Patch,local_news,neutral,Patch
NEWS-00933,USR-053,New York,NY,2026-06-17,"Dollar General answers customer inflation woes by pricing down over 2,000 items to just $1 or less","Customers now have a plethora of cheap gets at $1 or less including food, as Dollar General grows its frozen aisle.",local_news,neutral,bing.com
NEWS-00934,USR-053,New York,NY,2026-04-29,"Kevel, Dollar General and The Trade Desk Introduce First-of-its-Kind Retail Media Solution","Durham, North Carolina, April 30, 2026 (GLOBE NEWSWIRE)-- New solution delivers full-funnel media activation and unified measurement across the entire path to purchase Kevel, the leading provider of ...",local_news,neutral,bing.com
NEWS-00935,USR-054,Los Angeles,CA,2026-05-01,The Cheapest Grocery Store to Buy Great Flowers (Roses for Less Than $1 Each!) - The Kitchn,The Cheapest Grocery Store to Buy Great Flowers (Roses for Less Than $1 Each!) The Kitchn,local_news,neutral,The Kitchn
NEWS-00936,USR-054,Los Angeles,CA,2025-11-27,What's open and closed on Thanksgiving this year - LiveNOW from FOX,What's open and closed on Thanksgiving this year LiveNOW from FOX,local_news,neutral,LiveNOW from FOX
NEWS-00937,USR-054,Los Angeles,CA,2026-04-04,Easter 2026 Grocery And Retail Hours: What’s Open And Closed In CA - Patch,Easter 2026 Grocery And Retail Hours: What’s Open And Closed In CA Patch,local_news,neutral,Patch
NEWS-00938,USR-054,Los Angeles,CA,2026-04-02,What stores are open and closed on Easter Sunday in California? - The Desert Sun,What stores are open and closed on Easter Sunday in California? The Desert Sun,local_news,neutral,The Desert Sun
NEWS-00939,USR-054,Los Angeles,CA,2026-01-21,Major retailer announces store closures in California - KTLA,Major retailer announces store closures in California KTLA,construction,negative,KTLA
NEWS-00940,USR-054,Los Angeles,CA,2025-11-28,Sam's Club shopper sparks uproar buying all the store's rotisserie chickens — until her surprising reason is revealed - New York Post,Sam's Club shopper sparks uproar buying all the store's rotisserie chickens — until her surprising reason is revealed New York Post,local_news,neutral,New York Post
NEWS-00941,USR-054,Los Angeles,CA,2026-06-04,Worst grocery store in LA brutally roasted as locals torch high prices - New York Post,Worst grocery store in LA brutally roasted as locals torch high prices New York Post,local_news,neutral,New York Post
NEWS-00942,USR-054,Los Angeles,CA,2026-03-31,The thriving California grocery store that only opens in high-end areas - SFGATE,The thriving California grocery store that only opens in high-end areas SFGATE,local_news,neutral,SFGATE
NEWS-00943,USR-054,Los Angeles,CA,2025-11-10,State Funding Brings Grocery Store to Food Desert Community - Department of Toxic Substances Control (.gov),State Funding Brings Grocery Store to Food Desert Community Department of Toxic Substances Control (.gov),local_news,neutral,Department of Toxic Substances Control (.gov)
NEWS-00944,USR-054,Los Angeles,CA,2026-06-10,Girl Swept To Out Sea | E-Bikers Rampage Grocery Store | 4K Workers To Become Instant Millionaires - Patch,Girl Swept To Out Sea | E-Bikers Rampage Grocery Store | 4K Workers To Become Instant Millionaires Patch,local_news,neutral,Patch
NEWS-00945,USR-054,Los Angeles,CA,2026-02-05,"3 people dead, several others injured after car slams into Westwood grocery store - NBC Los Angeles","3 people dead, several others injured after car slams into Westwood grocery store NBC Los Angeles",local_news,neutral,NBC Los Angeles
NEWS-00946,USR-054,Los Angeles,CA,2026-02-12,America’s hottest grocery store is also its priciest - The Economist,America’s hottest grocery store is also its priciest The Economist,local_news,neutral,The Economist
NEWS-00947,USR-054,Los Angeles,CA,2026-06-22,Bed Bath & Beyond begins reopening in California with a bonus: Old coupons will be honored - Los Angeles Times,Bed Bath & Beyond begins reopening in California with a bonus: Old coupons will be honored Los Angeles Times,new_competitor,neutral,Los Angeles Times
NEWS-00948,USR-054,Los Angeles,CA,2026-04-24,"Bed Bath & Beyond returning to Southern California, combining locations with The Container Store - ABC7 Los Angeles","Bed Bath & Beyond returning to Southern California, combining locations with The Container Store ABC7 Los Angeles",local_news,neutral,ABC7 Los Angeles
NEWS-00949,USR-054,Los Angeles,CA,2026-03-26,"These CA Stores Among More Than 1,400 In U.S. Expected To Close In 2026 - Patch","These CA Stores Among More Than 1,400 In U.S. Expected To Close In 2026 Patch",local_news,neutral,Patch
NEWS-00950,USR-054,Los Angeles,CA,2026-03-10,See which Grocery Outlet stores will close in Southern California - NBC Los Angeles,See which Grocery Outlet stores will close in Southern California NBC Los Angeles,local_news,neutral,NBC Los Angeles
NEWS-00951,USR-054,Los Angeles,CA,2026-01-27,Amazon Fresh stores in California are set to close | Full List - ABC10,Amazon Fresh stores in California are set to close | Full List ABC10,local_news,neutral,ABC10
NEWS-00952,USR-054,Los Angeles,CA,2026-04-14,Macy’s to close 14 stores by end of year — including 2 California locations - New York Post,Macy’s to close 14 stores by end of year — including 2 California locations New York Post,local_news,neutral,New York Post
NEWS-00953,USR-054,Los Angeles,CA,2026-04-01,Sam's Club is raising its membership prices next month,"Sam’s Club is raising its annual membership fees for the first time since 2022, with new pricing set to take effect May 1, 2026. In a notice sent to members, the Walmart Inc.-owned warehouse retailer ...",local_news,neutral,bing.com
NEWS-00954,USR-054,Los Angeles,CA,2026-05-01,Sam's Club membership prices will rise May 1 across California,"Starting Friday, May 1, be prepared to pay more to become a member at bulk retailer Sam's Club. The warehouse retail chain will raise prices for its Club and Club Plus memberships by $10 each, ...",local_news,neutral,bing.com
NEWS-00955,USR-055,Chicago,IL,2026-04-01,10 Top Retail Companies in Chicago - Built In Chicago,10 Top Retail Companies in Chicago Built In Chicago,local_news,neutral,Built In Chicago
NEWS-00956,USR-055,Chicago,IL,2025-12-23,"What's open on Christmas Day 2025? And what's closed? Here's what to know about pharmacies, grocery stores, and more - ABC7 Chicago","What's open on Christmas Day 2025? And what's closed? Here's what to know about pharmacies, grocery stores, and more ABC7 Chicago",local_news,neutral,ABC7 Chicago
NEWS-00957,USR-055,Chicago,IL,2025-11-10,ALDI opening first location in bustling Chicago neighborhood this week - NBC 5 Chicago,ALDI opening first location in bustling Chicago neighborhood this week NBC 5 Chicago,new_competitor,neutral,NBC 5 Chicago
NEWS-00958,USR-055,Chicago,IL,2025-11-20,Aldi expands presence in Chicago with new store openings - Chicago Star Media,Aldi expands presence in Chicago with new store openings Chicago Star Media,new_competitor,neutral,Chicago Star Media
NEWS-00959,USR-055,Chicago,IL,2026-04-03,"Target, Aldi And Costco Are Closing In Chicago This Sunday: Full List Of Easter 2026 Store Closures And Hours - Secret Chicago","Target, Aldi And Costco Are Closing In Chicago This Sunday: Full List Of Easter 2026 Store Closures And Hours Secret Chicago",construction,negative,Secret Chicago
NEWS-00960,USR-055,Chicago,IL,2026-05-20,"Memorial Day 2026 Grocery, Hardware Store Hours: What’s Open In IL - Patch","Memorial Day 2026 Grocery, Hardware Store Hours: What’s Open In IL Patch",local_news,neutral,Patch
NEWS-00961,USR-055,Chicago,IL,2026-06-18,Another Mariano's grocery store in the Chicago suburbs to shutter - NBC 5 Chicago,Another Mariano's grocery store in the Chicago suburbs to shutter NBC 5 Chicago,local_news,neutral,NBC 5 Chicago
NEWS-00962,USR-055,Chicago,IL,2026-05-11,"As Illinoisans lose federal food assistance, independent grocers face debt, store closure - Capitol News Illinois","As Illinoisans lose federal food assistance, independent grocers face debt, store closure Capitol News Illinois",construction,negative,Capitol News Illinois
NEWS-00963,USR-055,Chicago,IL,2026-01-13,Amazon takes on Walmart with new store concept - Grocery Dive,Amazon takes on Walmart with new store concept Grocery Dive,new_competitor,neutral,Grocery Dive
NEWS-00964,USR-055,Chicago,IL,2026-05-12,SNAP changes leave Chicago families and grocery stores reeling - WBEZ Chicago,SNAP changes leave Chicago families and grocery stores reeling WBEZ Chicago,local_news,neutral,WBEZ Chicago
NEWS-00965,USR-055,Chicago,IL,2026-01-27,Amazon doubles down on online grocery delivery and Whole Foods Market expansion to reach more customers - About Amazon,Amazon doubles down on online grocery delivery and Whole Foods Market expansion to reach more customers About Amazon,local_news,neutral,About Amazon
NEWS-00966,USR-055,Chicago,IL,2026-02-27,Hyde Park Produce grocery store abruptly closed by Illinois Department of Revenue - CBS News,Hyde Park Produce grocery store abruptly closed by Illinois Department of Revenue CBS News,local_news,neutral,CBS News
NEWS-00967,USR-055,Chicago,IL,2026-06-03,"Illinois Layoffs Top 8,000 In Recent Months As Major Store Closings, Job Cuts Hit - Patch","Illinois Layoffs Top 8,000 In Recent Months As Major Store Closings, Job Cuts Hit Patch",local_news,neutral,Patch
NEWS-00968,USR-055,Chicago,IL,2026-03-06,News | Saks Global to close 15 more stores across US - CoStar,News | Saks Global to close 15 more stores across US CoStar,local_news,neutral,CoStar
NEWS-00969,USR-055,Chicago,IL,2026-03-10,Illinois' last Saks Fifth Avenue store is closing in Chicago - Peoria Journal Star,Illinois' last Saks Fifth Avenue store is closing in Chicago Peoria Journal Star,local_news,neutral,Peoria Journal Star
NEWS-00970,USR-055,Chicago,IL,2026-03-31,10 Top Retail Companies in Chicago,"Chicago is considered a primary retail and commercial hub of the U.S. Midwest, with a number of global and national retail companies establishing roots and recruiting talent in the city. This ...",local_news,neutral,bing.com
NEWS-00971,USR-056,Houston,TX,2026-06-09,H-E-B rival takes on homegrown grocer with 12 new 'food-forward' Texas stores - MySA,H-E-B rival takes on homegrown grocer with 12 new 'food-forward' Texas stores MySA,local_news,neutral,MySA
NEWS-00972,USR-056,Houston,TX,2026-01-22,Here’s what H-E-B and other stores are saying about panic buying ahead of winter weather - Houston Public Media,Here’s what H-E-B and other stores are saying about panic buying ahead of winter weather Houston Public Media,weather,negative,Houston Public Media
NEWS-00973,USR-056,Houston,TX,2026-02-24,H-E-B unveils plans for two projects in Garland - H-E-B Newsroom,H-E-B unveils plans for two projects in Garland H-E-B Newsroom,local_news,neutral,H-E-B Newsroom
NEWS-00974,USR-056,Houston,TX,2026-05-27,H-E-B Plans New Mi Tienda Store In Southwest Houston - Bisnow,H-E-B Plans New Mi Tienda Store In Southwest Houston Bisnow,local_news,neutral,Bisnow
NEWS-00975,USR-056,Houston,TX,2026-05-21,"Mi Tienda, H-E-B's Hispanic store spinoff, to open third location - Chron","Mi Tienda, H-E-B's Hispanic store spinoff, to open third location Chron",local_news,neutral,Chron
NEWS-00976,USR-056,Houston,TX,2026-01-23,H-E-B adjusts store hours ahead of Texas winter storm - FOX 7 Austin,H-E-B adjusts store hours ahead of Texas winter storm FOX 7 Austin,weather,negative,FOX 7 Austin
NEWS-00977,USR-056,Houston,TX,2026-06-08,"How grocery stores influence neighborhoods (June 8, 2026) - Houston Public Media","How grocery stores influence neighborhoods (June 8, 2026) Houston Public Media",local_news,neutral,Houston Public Media
NEWS-00978,USR-056,Houston,TX,2026-04-04,Easter 2026: Which Houston stores will be open and which will be closed? - KHOU,Easter 2026: Which Houston stores will be open and which will be closed? KHOU,local_news,neutral,KHOU
NEWS-00979,USR-056,Houston,TX,2025-11-27,"Which stores are open and closed on Thanksgiving 2025 in Houston, Texas? - FOX 26 Houston","Which stores are open and closed on Thanksgiving 2025 in Houston, Texas? FOX 26 Houston",local_news,neutral,FOX 26 Houston
NEWS-00980,USR-056,Houston,TX,2026-05-26,"Houston shopper finds credit card skimmer on checkout machine at southwest grocery store, police called - Click2Houston","Houston shopper finds credit card skimmer on checkout machine at southwest grocery store, police called Click2Houston",local_news,neutral,Click2Houston
NEWS-00981,USR-056,Houston,TX,2026-02-03,Texas leads in retail construction - marketplace.org,Texas leads in retail construction marketplace.org,construction,negative,marketplace.org
NEWS-00982,USR-056,Houston,TX,2026-06-17,Panera Bread stores that closed in a franchise dispute are reopening under new ownership: See a list of locations - Fast Company,Panera Bread stores that closed in a franchise dispute are reopening under new ownership: See a list of locations Fast Company,new_competitor,neutral,Fast Company
NEWS-00983,USR-056,Houston,TX,2025-12-29,What’s open and closed on New Year’s Eve and New Year’s Day - CW39 Houston,What’s open and closed on New Year’s Eve and New Year’s Day CW39 Houston,local_news,neutral,CW39 Houston
NEWS-00984,USR-056,Houston,TX,2026-03-07,One of Houston's biggest grocery chains is closing stores. Why? - Chron,One of Houston's biggest grocery chains is closing stores. Why? Chron,local_news,neutral,Chron
NEWS-00985,USR-056,Houston,TX,2026-01-25,"Houston grocery store hours: Winter storm updates for H-E-B, Kroger and Walmart - Click2Houston","Houston grocery store hours: Winter storm updates for H-E-B, Kroger and Walmart Click2Houston",weather,negative,Click2Houston
NEWS-00986,USR-056,Houston,TX,2026-05-27,H-E-B Plans New Mi Tienda Store In Southwest Houston,"The filing proposes a 99K SF Mi Tienda store at 7140 Southwest Freeway to open around March 2028, according to Realty News Report, though such filings are often preliminary and subject to change. Mi ...",local_news,neutral,bing.com
NEWS-00987,USR-056,Houston,TX,2026-06-08,New H-E-B continues to lead bustling Texas Hill Country town's retail boom,New details just dropped about one of H-E-B's highly anticipated stores.,local_news,neutral,bing.com
NEWS-00988,USR-056,Houston,TX,2026-05-21,"H-E-B under contract for 6-acre East End site, fueling hopes for grocery store",Add Yahoo as a preferred source to see more of our stories on Google. H-E-B is eyeing a site in Houston's East End. Pictured is a store in Austin. (H-E-B ) H-E-B is expected to buy a roughly 6-acre ...,local_news,neutral,bing.com
NEWS-00989,USR-056,Houston,TX,2026-05-20,"H-E-B's Mi Tienda opening new Houston store, permits say","In 2023, Juan Alonso, regional vice president of H-E-B and Mi Tienda's south division told the Houston Chronicle that another Mi Tienda was being developed but the whereabouts were not ready to be ...",new_competitor,neutral,bing.com
NEWS-00990,USR-056,Houston,TX,2026-04-14,New H-E-B leads Texas town's retail boom along bustling Hill Country corridor,"San Marcos is rapidly evolving into one of the most active commercial corridors in Central Texas, as national chains, Texas-born institutions and fast-growing local brands converge along the I-35 ...",local_news,neutral,bing.com
NEWS-00991,USR-056,Houston,TX,2026-03-30,"What's open and closed on Easter Sunday in Houston? See holiday hours H-E-B, Kroger and more","Many Houston businesses are preparing to close this Sunday in honor of Easter. While Easter is not a federally recognized holiday, many services, grocery stores and other businesses in Houston will be ...",local_news,neutral,bing.com
NEWS-00992,USR-057,Phoenix,AZ,2026-05-29,Midwest grocery store chain Meijer buys site in Mount Pleasant - The Business Journals,Midwest grocery store chain Meijer buys site in Mount Pleasant The Business Journals,local_news,neutral,The Business Journals
NEWS-00993,USR-057,Phoenix,AZ,2026-03-03,Is Meijer heading to Great Northern Mall? - Cleveland.com,Is Meijer heading to Great Northern Mall? Cleveland.com,local_news,neutral,Cleveland.com
NEWS-00994,USR-057,Phoenix,AZ,2026-03-12,"'It's a new era.' Great Northern Mall Sears OUT, New Grocery Supercenter could be moving IN - News 5 Cleveland WEWS","'It's a new era.' Great Northern Mall Sears OUT, New Grocery Supercenter could be moving IN News 5 Cleveland WEWS",local_news,neutral,News 5 Cleveland WEWS
NEWS-00995,USR-057,Phoenix,AZ,2025-12-25,"Which grocery stores are open Christmas Day? Details on Aldi, Lidl, more - USA Today","Which grocery stores are open Christmas Day? Details on Aldi, Lidl, more USA Today",local_news,neutral,USA Today
NEWS-00996,USR-057,Phoenix,AZ,2024-04-11,"THE FRIDAY 5: Meijer, Target Growing; Hitting the Road With Whole Foods Market - Progressive Grocer","THE FRIDAY 5: Meijer, Target Growing; Hitting the Road With Whole Foods Market Progressive Grocer",construction,negative,Progressive Grocer
NEWS-00997,USR-057,Phoenix,AZ,2025-10-01,Meijer's cryptic announcement of expansion into Pittsburgh sparks intrigue in competitive grocery market - The Business Journals,Meijer's cryptic announcement of expansion into Pittsburgh sparks intrigue in competitive grocery market The Business Journals,local_news,neutral,The Business Journals
NEWS-00998,USR-057,Phoenix,AZ,2026-06-05,Trader Joe's plans another store in central Phoenix - The Business Journals,Trader Joe's plans another store in central Phoenix The Business Journals,local_news,neutral,The Business Journals
NEWS-00999,USR-057,Phoenix,AZ,2026-05-28,Metro Phoenix grocery store had moldy tomatoes for sale - azcentral.com and The Arizona Republic,Metro Phoenix grocery store had moldy tomatoes for sale azcentral.com and The Arizona Republic,local_news,neutral,azcentral.com and The Arizona Republic
NEWS-01000,USR-057,Phoenix,AZ,2026-06-09,Trader Joe’s is coming to Arcadia. What to know - Phoenix New Times,Trader Joe’s is coming to Arcadia. What to know Phoenix New Times,local_news,neutral,Phoenix New Times
NEWS-01001,USR-057,Phoenix,AZ,2026-06-05,Trader Joe’s Expanding in Phoenix With Two New Stores - WhatNow,Trader Joe’s Expanding in Phoenix With Two New Stores WhatNow,new_competitor,neutral,WhatNow
NEWS-01002,USR-057,Phoenix,AZ,2025-11-26,"Here are the Thanksgiving store hours for supermarkets that are open in metro-Phoenix, and the list of closed big-box retailers on Thursday - 12News","Here are the Thanksgiving store hours for supermarkets that are open in metro-Phoenix, and the list of closed big-box retailers on Thursday 12News",local_news,neutral,12News
NEWS-01003,USR-057,Phoenix,AZ,2025-12-21,What's open and closed on Christmas Day 2025 - FOX 10 Phoenix,What's open and closed on Christmas Day 2025 FOX 10 Phoenix,local_news,neutral,FOX 10 Phoenix
NEWS-01004,USR-057,Phoenix,AZ,2026-04-20,Decades-old Phoenix pizza shop being forced out for convenience store - AZ Family,Decades-old Phoenix pizza shop being forced out for convenience store AZ Family,local_news,neutral,AZ Family
NEWS-01005,USR-057,Phoenix,AZ,2025-10-10,"Iconic 169-year-old retailer to shutter 36 locations, citing tariffs - FOX 10 Phoenix","Iconic 169-year-old retailer to shutter 36 locations, citing tariffs FOX 10 Phoenix",local_news,neutral,FOX 10 Phoenix
NEWS-01006,USR-057,Phoenix,AZ,2026-04-24,Bed Bath & Beyond products return to Phoenix after three-year absence - The Business Journals,Bed Bath & Beyond products return to Phoenix after three-year absence The Business Journals,local_news,neutral,The Business Journals
NEWS-01007,USR-057,Phoenix,AZ,2026-04-05,Payless Closing 7 Stores in Arizona Immediately - Real Estate Daily News,Payless Closing 7 Stores in Arizona Immediately Real Estate Daily News,local_news,neutral,Real Estate Daily News
NEWS-01008,USR-057,Phoenix,AZ,2025-11-22,Last-minute Thanksgiving 2025 shopping? When AZ stores like Basha’s close - azcentral.com and The Arizona Republic,Last-minute Thanksgiving 2025 shopping? When AZ stores like Basha’s close azcentral.com and The Arizona Republic,local_news,neutral,azcentral.com and The Arizona Republic
NEWS-01009,USR-058,Philadelphia,PA,2025-12-25,Here's what's open and closed on Christmas this year - FOX 29 Philadelphia,Here's what's open and closed on Christmas this year FOX 29 Philadelphia,local_news,neutral,FOX 29 Philadelphia
NEWS-01010,USR-058,Philadelphia,PA,2025-12-23,"What's open on Christmas Day 2025? And what's closed? Here's what to know about pharmacies, grocery stores, and more - 6abc Philadelphia","What's open on Christmas Day 2025? And what's closed? Here's what to know about pharmacies, grocery stores, and more 6abc Philadelphia",local_news,neutral,6abc Philadelphia
NEWS-01011,USR-058,Philadelphia,PA,2025-12-30,What's open and closed on New Year's Eve and New Year's Day 2026 - 6abc Philadelphia,What's open and closed on New Year's Eve and New Year's Day 2026 6abc Philadelphia,local_news,neutral,6abc Philadelphia
NEWS-01012,USR-058,Philadelphia,PA,2023-05-26,What Is Safeway and Who Really Owns It? - Sporked,What Is Safeway and Who Really Owns It? Sporked,local_news,neutral,Sporked
NEWS-01013,USR-058,Philadelphia,PA,2025-02-05,1﻿3 Food Stores That Give Discounts to Seniors - AARP,1﻿3 Food Stores That Give Discounts to Seniors AARP,local_news,neutral,AARP
NEWS-01014,USR-058,Philadelphia,PA,2014-03-07,Acme Parent Company Buys Safeway in $9B Deal - NBC10 Philadelphia,Acme Parent Company Buys Safeway in $9B Deal NBC10 Philadelphia,local_news,neutral,NBC10 Philadelphia
NEWS-01015,USR-058,Philadelphia,PA,2026-06-11,Man wanted for deadly grocery store shooting in Philadelphia's University City section - 6abc Philadelphia,Man wanted for deadly grocery store shooting in Philadelphia's University City section 6abc Philadelphia,local_news,neutral,6abc Philadelphia
NEWS-01016,USR-058,Philadelphia,PA,2026-06-02,Giant Co. Opens Store in Philadelphia’s Andorra Shopping Center - Progressive Grocer,Giant Co. Opens Store in Philadelphia’s Andorra Shopping Center Progressive Grocer,local_news,neutral,Progressive Grocer
NEWS-01017,USR-058,Philadelphia,PA,2026-06-09,Whole Foods plans store in new Fishtown development - The Business Journals,Whole Foods plans store in new Fishtown development The Business Journals,local_news,neutral,The Business Journals
NEWS-01018,USR-058,Philadelphia,PA,2026-06-02,Giant set to open grocery store in former Acme space at Andorra Shopping Center - PhillyVoice,Giant set to open grocery store in former Acme space at Andorra Shopping Center PhillyVoice,local_news,neutral,PhillyVoice
NEWS-01019,USR-058,Philadelphia,PA,2026-03-27,West Philly sustainable grocery store is already feeding the community before opening - WHYY,West Philly sustainable grocery store is already feeding the community before opening WHYY,new_competitor,neutral,WHYY
NEWS-01020,USR-058,Philadelphia,PA,2026-04-24,Price check: How inspectors make sure grocery store sales ring up correctly - CBS News,Price check: How inspectors make sure grocery store sales ring up correctly CBS News,local_news,neutral,CBS News
NEWS-01021,USR-058,Philadelphia,PA,2026-01-06,The Shops at Liberty Place in Center City Philadelphia are up for sale - WHYY,The Shops at Liberty Place in Center City Philadelphia are up for sale WHYY,local_news,neutral,WHYY
NEWS-01022,USR-058,Philadelphia,PA,2026-01-07,Trump store in suburban Philadelphia 'kind of run its course' and is set to close - 6abc Philadelphia,Trump store in suburban Philadelphia 'kind of run its course' and is set to close 6abc Philadelphia,local_news,neutral,6abc Philadelphia
NEWS-01023,USR-058,Philadelphia,PA,2026-05-04,Major Clothing Retailer In PA Closing 150 U.S. Stores - Patch,Major Clothing Retailer In PA Closing 150 U.S. Stores Patch,local_news,neutral,Patch
NEWS-01024,USR-058,Philadelphia,PA,2026-03-06,"8 Grocery Outlet stores closing in Pa., NJ - NBC10 Philadelphia","8 Grocery Outlet stores closing in Pa., NJ NBC10 Philadelphia",local_news,neutral,NBC10 Philadelphia
NEWS-01025,USR-058,Philadelphia,PA,2026-02-10,Saks Fifth Avenue in Bala Cynwyd is closing - Inquirer.com,Saks Fifth Avenue in Bala Cynwyd is closing Inquirer.com,local_news,neutral,Inquirer.com
NEWS-01026,USR-058,Philadelphia,PA,2026-02-18,Di Bruno Bros. closes 3 stores - Grocery Dive,Di Bruno Bros. closes 3 stores Grocery Dive,local_news,neutral,Grocery Dive
NEWS-01027,USR-059,San Antonio,TX,2026-06-08,H-E-B rival expands North Texas empire with $5M store - MySA,H-E-B rival expands North Texas empire with $5M store MySA,local_news,neutral,MySA
NEWS-01028,USR-059,San Antonio,TX,2026-05-20,Sprouts Farmers Market plans first store in nearby Cibolo - The Business Journals,Sprouts Farmers Market plans first store in nearby Cibolo The Business Journals,local_news,neutral,The Business Journals
NEWS-01029,USR-059,San Antonio,TX,2026-06-02,H-E-B's fast-growing grocery rival plants $4.8M store in buzzy Austin suburb - MySA,H-E-B's fast-growing grocery rival plants $4.8M store in buzzy Austin suburb MySA,local_news,neutral,MySA
NEWS-01030,USR-059,San Antonio,TX,2026-01-30,Sprouts Open First Store in New York - Retail & Leisure International,Sprouts Open First Store in New York Retail & Leisure International,local_news,neutral,Retail & Leisure International
NEWS-01031,USR-059,San Antonio,TX,2025-08-04,Sprouts Planning Store on Far NW San Antonio - San Antonio Magazine,Sprouts Planning Store on Far NW San Antonio San Antonio Magazine,local_news,neutral,San Antonio Magazine
NEWS-01032,USR-059,San Antonio,TX,2025-08-08,Premier Sprouts-anchored shopping center trades hands in San Antonio - JLL,Premier Sprouts-anchored shopping center trades hands in San Antonio JLL,local_news,neutral,JLL
NEWS-01033,USR-059,San Antonio,TX,2026-06-19,Is H-E-B already planning a 2nd store in this North Texas city? - MySA,Is H-E-B already planning a 2nd store in this North Texas city? MySA,local_news,neutral,MySA
NEWS-01034,USR-059,San Antonio,TX,2026-06-01,H-E-B will open another North Texas store this month - Dallas News,H-E-B will open another North Texas store this month Dallas News,local_news,neutral,Dallas News
NEWS-01035,USR-059,San Antonio,TX,2026-06-04,Whole Foods Market donates 100th Nourishing Our Neighborhoods refrigerated Van to San Antonio Food Bank - Mass Market Retailers,Whole Foods Market donates 100th Nourishing Our Neighborhoods refrigerated Van to San Antonio Food Bank Mass Market Retailers,local_news,neutral,Mass Market Retailers
NEWS-01036,USR-059,San Antonio,TX,2026-06-16,Texas grocery race heats up with H-E-B rival’s new $12M store - MySA,Texas grocery race heats up with H-E-B rival’s new $12M store MySA,weather,negative,MySA
NEWS-01037,USR-059,San Antonio,TX,2026-04-09,Would you shop at a massive international supermarket in San Antonio? - WOAI,Would you shop at a massive international supermarket in San Antonio? WOAI,local_news,neutral,WOAI
NEWS-01038,USR-059,San Antonio,TX,2026-02-26,"BLACK HISTORY MONTH | 3 stores, 1 family. A legacy still echoing on San Antonio's east side - kens5.com","BLACK HISTORY MONTH | 3 stores, 1 family. A legacy still echoing on San Antonio's east side kens5.com",local_news,neutral,kens5.com
NEWS-01039,USR-059,San Antonio,TX,2026-03-13,"Saks Fifth Avenue to lay off 71 workers, closes San Antonio store after bankruptcy - San Antonio Report","Saks Fifth Avenue to lay off 71 workers, closes San Antonio store after bankruptcy San Antonio Report",local_news,neutral,San Antonio Report
NEWS-01040,USR-059,San Antonio,TX,2026-01-23,"H-E-B adjusts store hours, reassures customers of service in extreme winter weather - WOAI","H-E-B adjusts store hours, reassures customers of service in extreme winter weather WOAI",weather,negative,WOAI
NEWS-01041,USR-059,San Antonio,TX,2026-02-10,Longtime store to close at popular San Antonio shopping center - MySA,Longtime store to close at popular San Antonio shopping center MySA,local_news,neutral,MySA
NEWS-01042,USR-059,San Antonio,TX,2026-03-13,Saks laying off 71 employees as it closes San Antonio store - San Antonio Express-News,Saks laying off 71 employees as it closes San Antonio store San Antonio Express-News,local_news,neutral,San Antonio Express-News
NEWS-01043,USR-059,San Antonio,TX,2026-01-24,When is H-E-B open this weekend? Grocery chain adjusts hours for San Antonio-area stores amid winter storm - kens5.com,When is H-E-B open this weekend? Grocery chain adjusts hours for San Antonio-area stores amid winter storm kens5.com,weather,negative,kens5.com
NEWS-01044,USR-059,San Antonio,TX,2026-06-10,Major pizza chain has closed at least 40 locations in 2026: See the list so far - MLive.com,Major pizza chain has closed at least 40 locations in 2026: See the list so far MLive.com,local_news,neutral,MLive.com
NEWS-01045,USR-059,San Antonio,TX,2026-05-20,Sprouts Farmers Market plans first store in nearby Cibolo,"To continue reading this content, please enable JavaScript in your browser settings and refresh this page. Preview this article 1 min The project is part of a ...",local_news,neutral,bing.com
NEWS-01046,USR-059,San Antonio,TX,2026-01-18,"Retail construction in San Antonio surges to highest level since pandemic, as occupancy remains high","San Antonio's retail market is bouncing back after the pandemic slowed down investments in new commercial construction. In 2025, San Antonio saw the highest level of retail construction of the ...",construction,negative,bing.com
NEWS-01047,USR-059,San Antonio,TX,2025-12-31,"Restaurants, bars and coffee shops opening in San Antonio in 2026","A new year is on the horizon, and with it comes a brand new slate of restaurants, bars and coffee shops expected to shake things up in San Antonio. In 2026, expect to see some larger projects with ...",new_competitor,neutral,bing.com
NEWS-01048,USR-060,San Diego,CA,2026-06-10,Trader Joe’s Proposed for Clairemont Town Square - WhatNow,Trader Joe’s Proposed for Clairemont Town Square WhatNow,local_news,neutral,WhatNow
NEWS-01049,USR-060,San Diego,CA,2026-02-15,The State With The Most Trader Joe's Has Over 200 Locations - Chowhound,The State With The Most Trader Joe's Has Over 200 Locations Chowhound,local_news,neutral,Chowhound
NEWS-01050,USR-060,San Diego,CA,2026-03-26,"One shopping list, 12 San Diego grocery stores. This store was the cheapest. - San Diego Union-Tribune","One shopping list, 12 San Diego grocery stores. This store was the cheapest. San Diego Union-Tribune",local_news,neutral,San Diego Union-Tribune
NEWS-01051,USR-060,San Diego,CA,2025-11-02,California-based supermarket to open new store in San Antonio - MySA,California-based supermarket to open new store in San Antonio MySA,new_competitor,neutral,MySA
NEWS-01052,USR-060,San Diego,CA,2025-10-31,Third Trader Joe’s grocery store to open on NW Side next week - KSAT,Third Trader Joe’s grocery store to open on NW Side next week KSAT,local_news,neutral,KSAT
NEWS-01053,USR-060,San Diego,CA,2025-12-23,List of Grocery Stores Open on Christmas Eve and Christmas Day 2025 - Newsweek,List of Grocery Stores Open on Christmas Eve and Christmas Day 2025 Newsweek,local_news,neutral,Newsweek
NEWS-01054,USR-060,San Diego,CA,2026-06-19,"San Diego County sues grocery store sushi franchises, alleging worker exploitation - NBC 7 San Diego","San Diego County sues grocery store sushi franchises, alleging worker exploitation NBC 7 San Diego",local_news,neutral,NBC 7 San Diego
NEWS-01055,USR-060,San Diego,CA,2026-06-19,San Diego County files lawsuit alleging exploitation of grocery store sushi workers - fox5sandiego.com,San Diego County files lawsuit alleging exploitation of grocery store sushi workers fox5sandiego.com,local_news,neutral,fox5sandiego.com
NEWS-01056,USR-060,San Diego,CA,2026-06-11,2 more Trader Joe’s are opening in San Diego County - San Diego Union-Tribune,2 more Trader Joe’s are opening in San Diego County San Diego Union-Tribune,new_competitor,neutral,San Diego Union-Tribune
NEWS-01057,USR-060,San Diego,CA,2026-06-15,Report: Texas-based H-E-B eclipsed by California rival for best grocer in US - MySA,Report: Texas-based H-E-B eclipsed by California rival for best grocer in US MySA,local_news,neutral,MySA
NEWS-01058,USR-060,San Diego,CA,2026-04-28,"Grocery Outlet comes to PB, with grand opening giveaways, including gift cards - Times of San Diego","Grocery Outlet comes to PB, with grand opening giveaways, including gift cards Times of San Diego",new_competitor,neutral,Times of San Diego
NEWS-01059,USR-060,San Diego,CA,2026-01-15,A Rundown and Review of Local Markets for Ocean Beach - OB Rag,A Rundown and Review of Local Markets for Ocean Beach OB Rag,local_news,neutral,OB Rag
NEWS-01060,USR-060,San Diego,CA,2026-06-05,Apple to shutter store this month in struggling California mall in latest blow - New York Post,Apple to shutter store this month in struggling California mall in latest blow New York Post,local_news,neutral,New York Post
NEWS-01061,USR-060,San Diego,CA,2026-03-09,Grocery Outlet closing 9 stores in California - fox5sandiego.com,Grocery Outlet closing 9 stores in California fox5sandiego.com,local_news,neutral,fox5sandiego.com
NEWS-01062,USR-060,San Diego,CA,2026-04-17,Apple To Close San Diego-Area Store - Patch,Apple To Close San Diego-Area Store Patch,local_news,neutral,Patch
NEWS-01063,USR-060,San Diego,CA,2026-04-19,"Apple to close 3 retail stores in June, including 1 in SoCal - KTLA","Apple to close 3 retail stores in June, including 1 in SoCal KTLA",local_news,neutral,KTLA
NEWS-01064,USR-060,San Diego,CA,2026-06-01,"Fake SoCal store concealed the entrance to a massive secret drug tunnel, prosecutors say - Los Angeles Times","Fake SoCal store concealed the entrance to a massive secret drug tunnel, prosecutors say Los Angeles Times",local_news,neutral,Los Angeles Times
NEWS-01065,USR-060,San Diego,CA,2026-04-15,Apple is closing this California store in June - East Bay Times,Apple is closing this California store in June East Bay Times,local_news,neutral,East Bay Times
NEWS-01066,USR-061,Dallas,TX,2026-04-16,9 Walmart stores across Dallas-Fort Worth to get complete makeovers - CultureMap Dallas,9 Walmart stores across Dallas-Fort Worth to get complete makeovers CultureMap Dallas,local_news,neutral,CultureMap Dallas
NEWS-01067,USR-061,Dallas,TX,2026-04-16,Walmart is remodeling 72 stores in Texas. See if yours is set for a makeover - Yahoo Finance,Walmart is remodeling 72 stores in Texas. See if yours is set for a makeover Yahoo Finance,local_news,neutral,Yahoo Finance
NEWS-01068,USR-061,Dallas,TX,2026-04-29,'Strong market for us': Walmart opens doors to latest version of store in North Texas - Dallas News,'Strong market for us': Walmart opens doors to latest version of store in North Texas Dallas News,local_news,neutral,Dallas News
NEWS-01069,USR-061,Dallas,TX,2026-04-16,"Walmart To Remodel 72 Texas Stores, Will Launch Store-Based App Experiences - Dallas Innovates","Walmart To Remodel 72 Texas Stores, Will Launch Store-Based App Experiences Dallas Innovates",local_news,neutral,Dallas Innovates
NEWS-01070,USR-061,Dallas,TX,2026-04-17,"Walmart to renovate 72 Texas stores, many in DFW - WFAA","Walmart to renovate 72 Texas stores, many in DFW WFAA",local_news,neutral,WFAA
NEWS-01071,USR-061,Dallas,TX,2026-05-12,Is your North Texas Walmart getting a major upgrade? See the list. - MySA,Is your North Texas Walmart getting a major upgrade? See the list. MySA,local_news,neutral,MySA
NEWS-01072,USR-061,Dallas,TX,2026-06-17,H-E-B opens its first grocery store in Dallas County - NBC 5 Dallas-Fort Worth,H-E-B opens its first grocery store in Dallas County NBC 5 Dallas-Fort Worth,local_news,neutral,NBC 5 Dallas-Fort Worth
NEWS-01073,USR-061,Dallas,TX,2026-06-12,Southern Dallas loses a grocery store in Oak Cliff area with fewer options - Dallas News,Southern Dallas loses a grocery store in Oak Cliff area with fewer options Dallas News,local_news,neutral,Dallas News
NEWS-01074,USR-061,Dallas,TX,2026-06-17,H-E-B's first Dallas County grocery store makes grand debut in Irving - CultureMap Dallas,H-E-B's first Dallas County grocery store makes grand debut in Irving CultureMap Dallas,local_news,neutral,CultureMap Dallas
NEWS-01075,USR-061,Dallas,TX,2026-06-08,H-E-B rival expands North Texas empire with $5M store - MySA,H-E-B rival expands North Texas empire with $5M store MySA,local_news,neutral,MySA
NEWS-01076,USR-061,Dallas,TX,2026-03-06,Supermarket construction in Texas follows years of population gains - marketplace.org,Supermarket construction in Texas follows years of population gains marketplace.org,construction,negative,marketplace.org
NEWS-01077,USR-061,Dallas,TX,2025-12-22,Dallas grocery stores open on Christmas Eve and Christmas Day in 2025 - FOX 4 News Dallas-Fort Worth,Dallas grocery stores open on Christmas Eve and Christmas Day in 2025 FOX 4 News Dallas-Fort Worth,local_news,neutral,FOX 4 News Dallas-Fort Worth
NEWS-01078,USR-061,Dallas,TX,2026-03-18,The Nordstrom at Galleria Dallas – the first in Texas – set to close in May - KERA News,The Nordstrom at Galleria Dallas – the first in Texas – set to close in May KERA News,local_news,neutral,KERA News
NEWS-01079,USR-061,Dallas,TX,2026-06-03,"Downtown Dallas Neiman Marcus to close for good, after all - Retail Dive","Downtown Dallas Neiman Marcus to close for good, after all Retail Dive",local_news,neutral,Retail Dive
NEWS-01080,USR-061,Dallas,TX,2026-06-04,Luxury chain closes flagship store after 112 years - thestreet.com,Luxury chain closes flagship store after 112 years thestreet.com,local_news,neutral,thestreet.com
NEWS-01081,USR-061,Dallas,TX,2026-06-03,Neiman Marcus to Turn Out the Lights on 110-Year-Old Party - Town & Country Magazine,Neiman Marcus to Turn Out the Lights on 110-Year-Old Party Town & Country Magazine,local_news,neutral,Town & Country Magazine
NEWS-01082,USR-061,Dallas,TX,2026-03-27,"Albertsons to close two North Texas stores, cut 138 jobs, filings show - WFAA","Albertsons to close two North Texas stores, cut 138 jobs, filings show WFAA",local_news,neutral,WFAA
NEWS-01083,USR-061,Dallas,TX,2026-03-11,Walmart picks Dallas to test new disaster response capabilities,Walmart is stepping up its efforts with disaster responses - and it's using North Texas to test its capabilities. The Arkansas-based retail giant set up in Dallas this week to see how the upgraded ...,local_news,neutral,bing.com
NEWS-01084,USR-061,Dallas,TX,2026-03-15,Walmart taps ex-Dallas prosecutor as new chief legal officer,"Walmart Inc., the largest corporate employer in the U.S., named former Dallas prosecutor Erin Nealy Cox as its new chief legal officer. Cox, who has been a partner at Kirkland & Ellis in Dallas since ...",local_news,neutral,bing.com
NEWS-01085,USR-061,Dallas,TX,2026-05-06,Walmart’s tech push and Costco’s expansion shape 2026 retail race,"Walmart and Costco are taking divergent but equally impactful paths in 2026, with Walmart leveraging technology and high-margin services while Costco doubles down on store expansion and membership ...",local_news,neutral,bing.com
NEWS-01086,USR-062,Austin,TX,2026-06-09,H-E-B rival takes on homegrown grocer with 12 new 'food-forward' Texas stores - MySA,H-E-B rival takes on homegrown grocer with 12 new 'food-forward' Texas stores MySA,local_news,neutral,MySA
NEWS-01087,USR-062,Austin,TX,2026-05-27,Burglars target cashless ice cream shops in Austin - FOX 7 Austin,Burglars target cashless ice cream shops in Austin FOX 7 Austin,local_news,neutral,FOX 7 Austin
NEWS-01088,USR-062,Austin,TX,2026-05-19,"Target opens 6 new stores, eyes dozens more — including Dripping Springs - KXAN Austin","Target opens 6 new stores, eyes dozens more — including Dripping Springs KXAN Austin",new_competitor,neutral,KXAN Austin
NEWS-01089,USR-062,Austin,TX,2026-01-27,"Target buys property in Hill Country, has plans to build new store - San Antonio Express-News","Target buys property in Hill Country, has plans to build new store San Antonio Express-News",new_competitor,neutral,San Antonio Express-News
NEWS-01090,USR-062,Austin,TX,2026-03-27,A Target is coming to Dripping Springs. Here’s what we know - Austin American-Statesman,A Target is coming to Dripping Springs. Here’s what we know Austin American-Statesman,local_news,neutral,Austin American-Statesman
NEWS-01091,USR-062,Austin,TX,2026-05-19,"Can Target’s small upgrades to carts, bathrooms lead to big wins? - Customer Experience Dive","Can Target’s small upgrades to carts, bathrooms lead to big wins? Customer Experience Dive",local_news,neutral,Customer Experience Dive
NEWS-01092,USR-062,Austin,TX,2026-06-15,Report: Texas-based H-E-B eclipsed by California rival for best grocer in US - MySA,Report: Texas-based H-E-B eclipsed by California rival for best grocer in US MySA,local_news,neutral,MySA
NEWS-01093,USR-062,Austin,TX,2026-06-02,Repeat offender charged with breaking into downtown Austin grocery store - KEYE,Repeat offender charged with breaking into downtown Austin grocery store KEYE,local_news,neutral,KEYE
NEWS-01094,USR-062,Austin,TX,2026-06-01,Another repeat offender charged with breaking into downtown Austin grocery store - KXAN Austin,Another repeat offender charged with breaking into downtown Austin grocery store KXAN Austin,local_news,neutral,KXAN Austin
NEWS-01095,USR-062,Austin,TX,2026-05-07,Del Valle co-op pushes to open long-awaited grocery store this fall - Austin Current,Del Valle co-op pushes to open long-awaited grocery store this fall Austin Current,local_news,neutral,Austin Current
NEWS-01096,USR-062,Austin,TX,2026-05-22,H-E-B explains why it's closing one of its Austin grocery stores - Chron,H-E-B explains why it's closing one of its Austin grocery stores Chron,local_news,neutral,Chron
NEWS-01097,USR-062,Austin,TX,2026-05-28,This is how close American households are to the financial edge - NPR,This is how close American households are to the financial edge NPR,local_news,neutral,NPR
NEWS-01098,USR-062,Austin,TX,2026-05-21,H-E-B announces Austin store closure due to lease ending - FOX 7 Austin,H-E-B announces Austin store closure due to lease ending FOX 7 Austin,construction,negative,FOX 7 Austin
NEWS-01099,USR-062,Austin,TX,2026-05-20,H-E-B to close Spicewood Springs store off Research Boulevard as location's lease ends - KVUE,H-E-B to close Spicewood Springs store off Research Boulevard as location's lease ends KVUE,local_news,neutral,KVUE
NEWS-01100,USR-062,Austin,TX,2026-05-21,H-E-B stuns customers with plans to shutter a longtime Texas store - MySA,H-E-B stuns customers with plans to shutter a longtime Texas store MySA,local_news,neutral,MySA
NEWS-01101,USR-062,Austin,TX,2026-05-22,H-E-B to close Austin store in move that spotlights company’s evolution into real estate empire - The Real Deal,H-E-B to close Austin store in move that spotlights company’s evolution into real estate empire The Real Deal,local_news,neutral,The Real Deal
NEWS-01102,USR-062,Austin,TX,2026-05-21,Northwest Austin shoppers will lose a longtime H-E-B this summer. See where - Austin American-Statesman,Northwest Austin shoppers will lose a longtime H-E-B this summer. See where Austin American-Statesman,local_news,neutral,Austin American-Statesman
NEWS-01103,USR-062,Austin,TX,2026-01-29,Target confirms plans for first massive store in booming Texas town,A nationwide retail giant is expanding in Central Texas. Target has recently set plans for its first store in a fast-growing Austin-area suburb. A Target spokesperson confirmed to MySA that the ...,local_news,neutral,bing.com
NEWS-01104,USR-062,Austin,TX,2026-05-07,Dripping Springs eyes 2028 opening for massive $19.3M Target store,Central Texas fans of the national big-box retailer chain have plenty to celebrate as Target officials outline new details for the company's latest Hill Country store. Target is in the process of ...,new_competitor,neutral,bing.com
NEWS-01105,USR-063,Jacksonville,FL,2025-11-12,Harris Teeter to build 5 new stores - Grocery Dive,Harris Teeter to build 5 new stores Grocery Dive,new_competitor,neutral,Grocery Dive
NEWS-01106,USR-063,Jacksonville,FL,2025-12-04,News | Kroger to accelerate store openings as it moves fulfillment to retail locations - CoStar,News | Kroger to accelerate store openings as it moves fulfillment to retail locations CoStar,new_competitor,neutral,CoStar
NEWS-01107,USR-063,Jacksonville,FL,2026-03-16,Harris Teeter comes back to Jacksonville: What we know about the plans - firstcoastnews.com,Harris Teeter comes back to Jacksonville: What we know about the plans firstcoastnews.com,local_news,neutral,firstcoastnews.com
NEWS-01108,USR-063,Jacksonville,FL,2025-11-18,Customers report Kroger ending delivery service in Jacksonville area as automated fulfillment centers close - News4JAX,Customers report Kroger ending delivery service in Jacksonville area as automated fulfillment centers close News4JAX,local_news,neutral,News4JAX
NEWS-01109,USR-063,Jacksonville,FL,2025-12-05,Kroger becomes keener on brick-and-mortar - Food Business News,Kroger becomes keener on brick-and-mortar Food Business News,local_news,neutral,Food Business News
NEWS-01110,USR-063,Jacksonville,FL,2025-11-10,"Harris Teeter confirms first Jacksonville store with plans for 61,000-square-foot location at Atlantic and Kernan - The Business Journals","Harris Teeter confirms first Jacksonville store with plans for 61,000-square-foot location at Atlantic and Kernan The Business Journals",local_news,neutral,The Business Journals
NEWS-01111,USR-063,Jacksonville,FL,2026-06-18,"Aldi opens Downtown, the first of three new stores within weeks - Jacksonville Daily Record","Aldi opens Downtown, the first of three new stores within weeks Jacksonville Daily Record",new_competitor,neutral,Jacksonville Daily Record
NEWS-01112,USR-063,Jacksonville,FL,2026-06-17,Jacksonville is getting 3 new Aldi stores this summer. Where and when - The Florida Times-Union,Jacksonville is getting 3 new Aldi stores this summer. Where and when The Florida Times-Union,local_news,neutral,The Florida Times-Union
NEWS-01113,USR-063,Jacksonville,FL,2026-06-14,ALDI expands in Jacksonville with three new stores opening in June and July 2026 - Action News Jax,ALDI expands in Jacksonville with three new stores opening in June and July 2026 Action News Jax,new_competitor,neutral,Action News Jax
NEWS-01114,USR-063,Jacksonville,FL,2026-05-22,"Memorial Day grocery rush in Florida: Most stores stay open, but one giant shuts - WPEC","Memorial Day grocery rush in Florida: Most stores stay open, but one giant shuts WPEC",local_news,neutral,WPEC
NEWS-01115,USR-063,Jacksonville,FL,2026-05-04,Your brain on bargains: Why you’re buying more at the grocery store than you planned - News4JAX,Your brain on bargains: Why you’re buying more at the grocery store than you planned News4JAX,local_news,neutral,News4JAX
NEWS-01116,USR-063,Jacksonville,FL,2026-05-11,Jacksonville City Council to vote on Winn-Dixie incentives that keep Harveys store - firstcoastnews.com,Jacksonville City Council to vote on Winn-Dixie incentives that keep Harveys store firstcoastnews.com,local_news,neutral,firstcoastnews.com
NEWS-01117,USR-063,Jacksonville,FL,2026-02-06,"Retail report: Openings, closings and what’s next in Northeast Florida - The Business Journals","Retail report: Openings, closings and what’s next in Northeast Florida The Business Journals",new_competitor,neutral,The Business Journals
NEWS-01118,USR-063,Jacksonville,FL,2026-04-28,Northwest Jacksonville Harveys Supermarket approved to become Winn-Dixie - News4JAX,Northwest Jacksonville Harveys Supermarket approved to become Winn-Dixie News4JAX,local_news,neutral,News4JAX
NEWS-01119,USR-063,Jacksonville,FL,2026-04-27,Adventure parks make play for closed retail stores - Jacksonville Daily Record,Adventure parks make play for closed retail stores Jacksonville Daily Record,local_news,neutral,Jacksonville Daily Record
NEWS-01120,USR-063,Jacksonville,FL,2026-05-29,Books-A-Million at Orange Park Mall set to be replaced. What we know - The Florida Times-Union,Books-A-Million at Orange Park Mall set to be replaced. What we know The Florida Times-Union,local_news,neutral,The Florida Times-Union
NEWS-01121,USR-063,Jacksonville,FL,2025-11-20,Kroger laying off 180 employees as Jacksonville delivery hub shuts down. What we know,"Kroger is permanently closing its Jacksonville-area operations, resulting in the layoff of all 181 employees at the facility. The layoffs, which include 167 delivery drivers, are scheduled to take ...",local_news,neutral,bing.com
NEWS-01122,USR-064,Fort Worth,TX,2026-04-16,Costco to bring different kind of store to west side of Metroplex - WFAA,Costco to bring different kind of store to west side of Metroplex WFAA,local_news,neutral,WFAA
NEWS-01123,USR-064,Fort Worth,TX,2026-06-08,Sam's Club cashes in on $3M remodel of this Texas store - MySA,Sam's Club cashes in on $3M remodel of this Texas store MySA,local_news,neutral,MySA
NEWS-01124,USR-064,Fort Worth,TX,2026-04-15,Costco to bring different kind of store to west side of Metroplex - The Business Journals,Costco to bring different kind of store to west side of Metroplex The Business Journals,local_news,neutral,The Business Journals
NEWS-01125,USR-064,Fort Worth,TX,2026-04-24,Costco Competitor Enters Texas Market - Realty News Report,Costco Competitor Enters Texas Market Realty News Report,new_competitor,neutral,Realty News Report
NEWS-01126,USR-064,Fort Worth,TX,2026-02-27,Costco to open 3 new Texas locations in 2026. Here's where - El Paso Times,Costco to open 3 new Texas locations in 2026. Here's where El Paso Times,local_news,neutral,El Paso Times
NEWS-01127,USR-064,Fort Worth,TX,2026-05-07,"What’s the difference between BJ’s, Costco and Sam’s Club? - Dallas News","What’s the difference between BJ’s, Costco and Sam’s Club? Dallas News",local_news,neutral,Dallas News
NEWS-01128,USR-064,Fort Worth,TX,2026-06-19,Is H-E-B already planning a 2nd store in this North Texas city? - MySA,Is H-E-B already planning a 2nd store in this North Texas city? MySA,local_news,neutral,MySA
NEWS-01129,USR-064,Fort Worth,TX,2026-06-17,H-E-B opens its first grocery store in Dallas County - NBC 5 Dallas-Fort Worth,H-E-B opens its first grocery store in Dallas County NBC 5 Dallas-Fort Worth,local_news,neutral,NBC 5 Dallas-Fort Worth
NEWS-01130,USR-064,Fort Worth,TX,2026-06-18,Where are the ‘Mid-Cities’? Texas has an answer: at the H-E-B store | Opinion - Fort Worth Star-Telegram,Where are the ‘Mid-Cities’? Texas has an answer: at the H-E-B store | Opinion Fort Worth Star-Telegram,local_news,neutral,Fort Worth Star-Telegram
NEWS-01131,USR-064,Fort Worth,TX,2026-05-13,Rezoning of H-E-B-owned land for retail store in north Fort Worth gets panel’s approval - Fort Worth Report,Rezoning of H-E-B-owned land for retail store in north Fort Worth gets panel’s approval Fort Worth Report,local_news,neutral,Fort Worth Report
NEWS-01132,USR-064,Fort Worth,TX,2026-03-06,Supermarket construction in Texas follows years of population gains - marketplace.org,Supermarket construction in Texas follows years of population gains marketplace.org,construction,negative,marketplace.org
NEWS-01133,USR-064,Fort Worth,TX,2026-06-01,H-E-B will open another North Texas store this month - Dallas News,H-E-B will open another North Texas store this month Dallas News,local_news,neutral,Dallas News
NEWS-01134,USR-064,Fort Worth,TX,2026-05-18,"Bed, Bath & Beyond stores are back in Fort Worth — with a twist. Here’s where - Fort Worth Star-Telegram","Bed, Bath & Beyond stores are back in Fort Worth — with a twist. Here’s where Fort Worth Star-Telegram",local_news,neutral,Fort Worth Star-Telegram
NEWS-01135,USR-064,Fort Worth,TX,2025-10-15,"Fort Worth’s Apple Store gets a glow-up, first in Texas with new design - Fort Worth Report","Fort Worth’s Apple Store gets a glow-up, first in Texas with new design Fort Worth Report",local_news,neutral,Fort Worth Report
NEWS-01136,USR-064,Fort Worth,TX,2026-03-25,Grocer Albertsons closing two stores in North Texas - Dallas News,Grocer Albertsons closing two stores in North Texas Dallas News,local_news,neutral,Dallas News
NEWS-01137,USR-064,Fort Worth,TX,2025-10-24,University Park Village undergoes major retail refresh - TCU 360,University Park Village undergoes major retail refresh TCU 360,local_news,neutral,TCU 360
NEWS-01138,USR-064,Fort Worth,TX,2026-03-27,"Albertsons to close two North Texas stores, cut 138 jobs, filings show - WFAA","Albertsons to close two North Texas stores, cut 138 jobs, filings show WFAA",local_news,neutral,WFAA
NEWS-01139,USR-064,Fort Worth,TX,2026-05-22,H-E-B to close Austin store in move that spotlights company’s evolution into real estate empire - The Real Deal,H-E-B to close Austin store in move that spotlights company’s evolution into real estate empire The Real Deal,local_news,neutral,The Real Deal
NEWS-01140,USR-064,Fort Worth,TX,2026-04-15,Costco to bring different kind of store to west side of Metroplex,"To continue reading this content, please enable JavaScript in your browser settings and refresh this page. Preview this article 1 min Officials approved incentives to ...",local_news,neutral,bing.com
NEWS-01141,USR-064,Fort Worth,TX,2026-03-05,"New club stores BJ's, Costco near openings in Dallas-Fort Worth",Club store shoppers are about to get more options in North Texas. BJ's Wholesale Club is looking to open its first store in April in the Dallas-Fort Worth area after announcing several new stores for ...,new_competitor,neutral,bing.com
NEWS-01142,USR-065,Columbus,OH,2026-01-01,I Took the Same Grocery List to 8 Stores—This One Was the Cheapest - Allrecipes,I Took the Same Grocery List to 8 Stores—This One Was the Cheapest Allrecipes,local_news,neutral,Allrecipes
NEWS-01143,USR-065,Columbus,OH,2026-02-16,"190,000 pounds of baby formula from Australia lands in US - ABC News - Breaking News, Latest News and Videos","190,000 pounds of baby formula from Australia lands in US ABC News - Breaking News, Latest News and Videos",local_news,neutral,"ABC News - Breaking News, Latest News and Videos"
NEWS-01144,USR-065,Columbus,OH,2025-09-25,"Huge supermarket chain survives failed rebranding, reopens stores - thestreet.com","Huge supermarket chain survives failed rebranding, reopens stores thestreet.com",local_news,neutral,thestreet.com
NEWS-01145,USR-065,Columbus,OH,2024-07-11,Kroger IDs nearly 600 stores it will sell as part of Albertsons acquisition: Report - WSYX,Kroger IDs nearly 600 stores it will sell as part of Albertsons acquisition: Report WSYX,local_news,neutral,WSYX
NEWS-01146,USR-065,Columbus,OH,2022-10-14,"Kroger, Albertsons grocery stores announce $24.6 billion merger - Spectrum News","Kroger, Albertsons grocery stores announce $24.6 billion merger Spectrum News",local_news,neutral,Spectrum News
NEWS-01147,USR-065,Columbus,OH,2024-08-14,Yost Asks Court to Scrap FTC Holdup of Kroger-Albertsons Merger - Ohio Attorney General (.gov),Yost Asks Court to Scrap FTC Holdup of Kroger-Albertsons Merger Ohio Attorney General (.gov),local_news,neutral,Ohio Attorney General (.gov)
NEWS-01148,USR-065,Columbus,OH,2026-05-23,Looking back at Big Bear stores in central Ohio - The Columbus Dispatch,Looking back at Big Bear stores in central Ohio The Columbus Dispatch,local_news,neutral,The Columbus Dispatch
NEWS-01149,USR-065,Columbus,OH,2026-06-05,Giant Eagle closing Central Ohio store - The Business Journals,Giant Eagle closing Central Ohio store The Business Journals,local_news,neutral,The Business Journals
NEWS-01150,USR-065,Columbus,OH,2026-01-24,Grocery stores see surge ahead of winter storm - Spectrum News,Grocery stores see surge ahead of winter storm Spectrum News,weather,negative,Spectrum News
NEWS-01151,USR-065,Columbus,OH,2026-05-12,Specialty grocery store to take over former Grandview Heights-area Big Lots - NBC4 WCMH-TV,Specialty grocery store to take over former Grandview Heights-area Big Lots NBC4 WCMH-TV,local_news,neutral,NBC4 WCMH-TV
NEWS-01152,USR-065,Columbus,OH,2026-01-23,Don't make panic purchases: grocery stores warn ahead of winter storm - WSYX,Don't make panic purchases: grocery stores warn ahead of winter storm WSYX,weather,negative,WSYX
NEWS-01153,USR-065,Columbus,OH,2026-03-26,Kroger to spend $112M on store projects in Ohio - Grocery Dive,Kroger to spend $112M on store projects in Ohio Grocery Dive,local_news,neutral,Grocery Dive
NEWS-01154,USR-065,Columbus,OH,2025-12-24,2025 holiday shopping hours: What’s open Christmas Day? - NBC4 WCMH-TV,2025 holiday shopping hours: What’s open Christmas Day? NBC4 WCMH-TV,local_news,neutral,NBC4 WCMH-TV
NEWS-01155,USR-065,Columbus,OH,2026-02-10,Saks Global to close 8 Saks Fifth Avenue stores and 1 Neiman Marcus store in re­struc­turing - Spectrum News,Saks Global to close 8 Saks Fifth Avenue stores and 1 Neiman Marcus store in re­struc­turing Spectrum News,local_news,neutral,Spectrum News
NEWS-01156,USR-065,Columbus,OH,2026-02-10,"News | Saks Global to close eight Saks Fifth Avenue locations, one Neiman Marcus - CoStar","News | Saks Global to close eight Saks Fifth Avenue locations, one Neiman Marcus CoStar",local_news,neutral,CoStar
NEWS-01157,USR-065,Columbus,OH,2026-04-07,Only 15 Saks Fifth Avenue locations will remain after the latest wave of store closures - Business Insider,Only 15 Saks Fifth Avenue locations will remain after the latest wave of store closures Business Insider,construction,negative,Business Insider
NEWS-01158,USR-065,Columbus,OH,2026-01-12,Value City and American Signature Furniture are closing all stores in 2026. See the full list of doomed locations - Fast Company,Value City and American Signature Furniture are closing all stores in 2026. See the full list of doomed locations Fast Company,local_news,neutral,Fast Company
NEWS-01159,USR-066,Charlotte,NC,2026-04-08,North Carolina Quick Pass hits Publix stores across the Carolinas - WBTV,North Carolina Quick Pass hits Publix stores across the Carolinas WBTV,local_news,neutral,WBTV
NEWS-01160,USR-066,Charlotte,NC,2026-04-03,Warning signs for Harris Teeter in new Charlotte grocery market share report - Charlotte Observer,Warning signs for Harris Teeter in new Charlotte grocery market share report Charlotte Observer,local_news,neutral,Charlotte Observer
NEWS-01161,USR-066,Charlotte,NC,2026-04-02,"Walmart remains Charlotte's grocery market share leader. How do Harris Teeter, Publix stack up? - The Business Journals","Walmart remains Charlotte's grocery market share leader. How do Harris Teeter, Publix stack up? The Business Journals",local_news,neutral,The Business Journals
NEWS-01162,USR-066,Charlotte,NC,2025-09-15,"Publix opening 9 new stores in September, including 3 in Florida. Here's where - The News-Press","Publix opening 9 new stores in September, including 3 in Florida. Here's where The News-Press",new_competitor,neutral,The News-Press
NEWS-01163,USR-066,Charlotte,NC,2025-07-28,"Publix Plans 50,000 Square Foot Store in Matthews Mixed-Use Development - Country 103.7","Publix Plans 50,000 Square Foot Store in Matthews Mixed-Use Development Country 103.7",local_news,neutral,Country 103.7
NEWS-01164,USR-066,Charlotte,NC,2025-09-12,Publix opening 6 new stores by end of September: See locations - USA Today,Publix opening 6 new stores by end of September: See locations USA Today,new_competitor,neutral,USA Today
NEWS-01165,USR-066,Charlotte,NC,2026-06-18,"What’s closed on Juneteenth in Charlotte? Grocery stores, banks, mail & more - Charlotte Observer","What’s closed on Juneteenth in Charlotte? Grocery stores, banks, mail & more Charlotte Observer",local_news,neutral,Charlotte Observer
NEWS-01166,USR-066,Charlotte,NC,2026-06-04,Lowes Foods adding two grocery stores to the Charlotte area - Queen City News,Lowes Foods adding two grocery stores to the Charlotte area Queen City News,local_news,neutral,Queen City News
NEWS-01167,USR-066,Charlotte,NC,2026-06-08,Lowes Foods expands with new stores in Charlotte area - WSOC TV,Lowes Foods expands with new stores in Charlotte area WSOC TV,new_competitor,neutral,WSOC TV
NEWS-01168,USR-066,Charlotte,NC,2026-06-18,Aldi launches free Blind Box grocery bundles as shoppers grapple with higher food costs - Fox Business,Aldi launches free Blind Box grocery bundles as shoppers grapple with higher food costs Fox Business,local_news,neutral,Fox Business
NEWS-01169,USR-066,Charlotte,NC,2026-04-08,East Charlotte grocery store set lose major grocery store as council member warns of growing ‘amenities gap’ - WBTV,East Charlotte grocery store set lose major grocery store as council member warns of growing ‘amenities gap’ WBTV,local_news,neutral,WBTV
NEWS-01170,USR-066,Charlotte,NC,2026-06-09,Northwood Ravin readies retail redevelopment at aging South End complex - The Business Journals,Northwood Ravin readies retail redevelopment at aging South End complex The Business Journals,local_news,neutral,The Business Journals
NEWS-01171,USR-066,Charlotte,NC,2025-11-21,‘We should have been busy ... now we’re dealing with our shutdown.’ Charlotte shop reopens - Charlotte Observer,‘We should have been busy ... now we’re dealing with our shutdown.’ Charlotte shop reopens Charlotte Observer,local_news,neutral,Charlotte Observer
NEWS-01172,USR-066,Charlotte,NC,2019-05-21,Latest retail casualty means local store closures - WSOC TV,Latest retail casualty means local store closures WSOC TV,construction,negative,WSOC TV
NEWS-01173,USR-066,Charlotte,NC,2023-02-23,"Tuesday Morning which stores are closing? North Carolina, South Carolina - WXII","Tuesday Morning which stores are closing? North Carolina, South Carolina WXII",local_news,neutral,WXII
NEWS-01174,USR-066,Charlotte,NC,2024-07-24,"Lowes Foods to close stores in Raleigh, Wilmington - The Business Journals","Lowes Foods to close stores in Raleigh, Wilmington The Business Journals",local_news,neutral,The Business Journals
NEWS-01175,USR-066,Charlotte,NC,2020-05-08,"More Raleigh and Durham stores open this week. The latest on Belk, Kohl’s and others. - Raleigh News & Observer","More Raleigh and Durham stores open this week. The latest on Belk, Kohl’s and others. Raleigh News & Observer",local_news,neutral,Raleigh News & Observer
NEWS-01176,USR-066,Charlotte,NC,2019-02-22,2 Charlotte-area Bi-Lo stores are closing - WCNC,2 Charlotte-area Bi-Lo stores are closing WCNC,local_news,neutral,WCNC
NEWS-01177,USR-066,Charlotte,NC,2025-09-02,Publix sets opening date for another long-awaited store in south Charlotte,"To continue reading this content, please enable JavaScript in your browser settings and refresh this page. Preview this article 1 min Publix already opened another ...",new_competitor,neutral,bing.com
NEWS-01178,USR-066,Charlotte,NC,2026-03-18,"Charlotte, Raleigh Named No. 1 And No. 2 Retail Markets In U.S.","The report weighs a mixture of forward-looking economic indicators and supply-and-demand variables over a 12-month period. Nationwide, the retail sector exhibited resiliency in 2025, with a rise in ...",local_news,neutral,bing.com
NEWS-01179,USR-067,Indianapolis,IN,2026-01-27,Amazon doubles down on online grocery delivery and Whole Foods Market expansion to reach more customers - About Amazon,Amazon doubles down on online grocery delivery and Whole Foods Market expansion to reach more customers About Amazon,local_news,neutral,About Amazon
NEWS-01180,USR-067,Indianapolis,IN,2026-01-27,Amazon to close all Amazon Go and Amazon Fresh stores: Full list of current locations - WTHR,Amazon to close all Amazon Go and Amazon Fresh stores: Full list of current locations WTHR,local_news,neutral,WTHR
NEWS-01181,USR-067,Indianapolis,IN,2026-01-28,"Amazon to close Fresh and Go tech-focused stores, focus on Whole Foods - IndyStar","Amazon to close Fresh and Go tech-focused stores, focus on Whole Foods IndyStar",local_news,neutral,IndyStar
NEWS-01182,USR-067,Indianapolis,IN,2025-12-31,"Holiday grocery store hours, what retailers are open on New Year's Eve, Day - Good Morning America","Holiday grocery store hours, what retailers are open on New Year's Eve, Day Good Morning America",local_news,neutral,Good Morning America
NEWS-01183,USR-067,Indianapolis,IN,2025-11-19,"New development bringing more retail to Northwest Indiana, including more upscale stores - nwitimes.com","New development bringing more retail to Northwest Indiana, including more upscale stores nwitimes.com",local_news,neutral,nwitimes.com
NEWS-01184,USR-067,Indianapolis,IN,2026-02-24,Construction progresses on Whole Foods Market in Valrico - The Business Journals,Construction progresses on Whole Foods Market in Valrico The Business Journals,construction,negative,The Business Journals
NEWS-01185,USR-067,Indianapolis,IN,2026-06-17,Indianapolis Walmart store closing for renovations. What will change? - IndyStar,Indianapolis Walmart store closing for renovations. What will change? IndyStar,local_news,neutral,IndyStar
NEWS-01186,USR-067,Indianapolis,IN,2025-12-11,Find Guatemalan food and baked goods at new Lawrence grocery store - Mirror Indy,Find Guatemalan food and baked goods at new Lawrence grocery store Mirror Indy,local_news,neutral,Mirror Indy
NEWS-01187,USR-067,Indianapolis,IN,2026-03-20,Needler’s Fresh Market Expands Indiana Footprint - Store Brands,Needler’s Fresh Market Expands Indiana Footprint Store Brands,local_news,neutral,Store Brands
NEWS-01188,USR-067,Indianapolis,IN,2026-02-12,Trader Joe’s crowned US’ favorite grocery store - WISH-TV,Trader Joe’s crowned US’ favorite grocery store WISH-TV,local_news,neutral,WISH-TV
NEWS-01189,USR-067,Indianapolis,IN,2026-01-30,"Several items sold at Indianapolis store, other locations recalled, FDA says - WRTV","Several items sold at Indianapolis store, other locations recalled, FDA says WRTV",local_news,neutral,WRTV
NEWS-01190,USR-067,Indianapolis,IN,2026-02-16,"Grocery Store ""Note Scam"" Spreading Across Central Indiana - WIBC 93.1 FM","Grocery Store ""Note Scam"" Spreading Across Central Indiana WIBC 93.1 FM",local_news,neutral,WIBC 93.1 FM
NEWS-01191,USR-067,Indianapolis,IN,2026-04-13,Colts Pro Shop at Lucas Oil Stadium temporarily closed for renovation project - WTHR,Colts Pro Shop at Lucas Oil Stadium temporarily closed for renovation project WTHR,local_news,neutral,WTHR
NEWS-01192,USR-067,Indianapolis,IN,2026-04-21,An Indianapolis Walmart is closing temporarily. Here's why - IndyStar,An Indianapolis Walmart is closing temporarily. Here's why IndyStar,local_news,neutral,IndyStar
NEWS-01193,USR-067,Indianapolis,IN,2026-03-30,"What stores are open on Easter Sunday? Are Target, Walmart and Kroger closed for Easter shopping? - IndyStar","What stores are open on Easter Sunday? Are Target, Walmart and Kroger closed for Easter shopping? IndyStar",local_news,neutral,IndyStar
NEWS-01194,USR-067,Indianapolis,IN,2025-10-15,REI store closures leave local outdoor retailers wondering about the future - WRTV,REI store closures leave local outdoor retailers wondering about the future WRTV,construction,negative,WRTV
NEWS-01195,USR-067,Indianapolis,IN,2026-03-19,Retro Indy: A look back at some Broad Ripple stores that have closed - IndyStar,Retro Indy: A look back at some Broad Ripple stores that have closed IndyStar,construction,negative,IndyStar
NEWS-01196,USR-067,Indianapolis,IN,2026-05-22,Whole Foods minestrone soup recalled in 17 states over possible life-threatening allergic reaction,"Cups of minestrone soup sold at Whole Foods in 17 states and Washington, D.C. have been recalled over possible ""undeclared shrimp"" that could cause a life-threatening allergic reaction in certain ...",local_news,neutral,bing.com
NEWS-01197,USR-067,Indianapolis,IN,2026-05-22,"Soup sold nationwide at Whole Foods, online recalled",Add Yahoo as a preferred source to see more of our stories on Google. (WHTM) — The U.S. Food & Drug Administration (FDA) announced the nationwide recall for a soup product that was sold in Whole Foods ...,local_news,neutral,bing.com
NEWS-01198,USR-067,Indianapolis,IN,2026-05-24,Whole Foods minestrone soup recalled over undeclared shrimp,"A ready-to-eat favorite is being pulled from shelves due to a potentially dangerous labeling issue. Kettle Cuisine of Lynn, Massachusetts, is recalling 24-ounce cups of Whole Foods Market Kitchen ...",local_news,neutral,bing.com
NEWS-01199,USR-067,Indianapolis,IN,2026-05-21,Whole Foods soup recalled because of undeclared shrimp,"Kettle Cuisine of Lynn, MA, is recalling 24-ounce cups of Whole Foods Market Kitchen Minestrone Soup which may contain undeclared shrimp. People who have allergies to crustacean shellfish, including ...",local_news,neutral,bing.com
NEWS-01200,USR-068,Seattle,WA,2025-12-31,"What's open, closed in Seattle on New Year's Day - FOX 13 Seattle","What's open, closed in Seattle on New Year's Day FOX 13 Seattle",local_news,neutral,FOX 13 Seattle
NEWS-01201,USR-068,Seattle,WA,2025-10-14,Seattle-area brokers say 'a vacant Rite Aid isn't a liability' — so where are the new tenants? - The Business Journals,Seattle-area brokers say 'a vacant Rite Aid isn't a liability' — so where are the new tenants? The Business Journals,local_news,neutral,The Business Journals
NEWS-01202,USR-068,Seattle,WA,2025-09-10,Your meds will cost what?! Pharmacy pain spreads as takeover creates confusion for some - The Seattle Times,Your meds will cost what?! Pharmacy pain spreads as takeover creates confusion for some The Seattle Times,local_news,neutral,The Seattle Times
NEWS-01203,USR-068,Seattle,WA,2025-11-26,What’s open and closed on Thanksgiving Day in WA? - MyNorthwest.com,What’s open and closed on Thanksgiving Day in WA? MyNorthwest.com,local_news,neutral,MyNorthwest.com
NEWS-01204,USR-068,Seattle,WA,2025-12-24,"Are Any Stores Open on Christmas Day in Seattle? Check Hours for Grocery Stores, Walgreens, Starbucks, McDonald’s & More - Secret Seattle","Are Any Stores Open on Christmas Day in Seattle? Check Hours for Grocery Stores, Walgreens, Starbucks, McDonald’s & More Secret Seattle",local_news,neutral,Secret Seattle
NEWS-01205,USR-068,Seattle,WA,2025-07-21,"CVS rebranding Rite Aid, Bartell stores in Pacific Northwest - Chain Drug Review","CVS rebranding Rite Aid, Bartell stores in Pacific Northwest Chain Drug Review",local_news,neutral,Chain Drug Review
NEWS-01206,USR-068,Seattle,WA,2026-03-07,"Sparked by Fred Meyer closures, a push to protect WA grocery stores fizzles - The Seattle Times","Sparked by Fred Meyer closures, a push to protect WA grocery stores fizzles The Seattle Times",construction,negative,The Seattle Times
NEWS-01207,USR-068,Seattle,WA,2026-05-31,Popular Asian snacks to try from Seattle-area grocery stores - Seattle's Child,Popular Asian snacks to try from Seattle-area grocery stores Seattle's Child,local_news,neutral,Seattle's Child
NEWS-01208,USR-068,Seattle,WA,2026-01-08,"Legislation would let WA cities run grocery stores, use eminent domain - The Center Square","Legislation would let WA cities run grocery stores, use eminent domain The Center Square",local_news,neutral,The Center Square
NEWS-01209,USR-068,Seattle,WA,2025-12-04,Hell Is a Grocery Store - thestranger.com,Hell Is a Grocery Store thestranger.com,local_news,neutral,thestranger.com
NEWS-01210,USR-068,Seattle,WA,2026-01-27,Could publicly owned stores help prevent grocery deserts in Seattle? - KUOW,Could publicly owned stores help prevent grocery deserts in Seattle? KUOW,local_news,neutral,KUOW
NEWS-01211,USR-068,Seattle,WA,2025-09-25,North Seattle neighborhood braces for closure of main grocery store - KNKX,North Seattle neighborhood braces for closure of main grocery store KNKX,construction,negative,KNKX
NEWS-01212,USR-068,Seattle,WA,2026-06-17,West Marine closing five Washington stores after filing for bankruptcy - Kitsap Sun,West Marine closing five Washington stores after filing for bankruptcy Kitsap Sun,local_news,neutral,Kitsap Sun
NEWS-01213,USR-068,Seattle,WA,2026-01-27,Amazon closing all Amazon Fresh and Go stores to focus on Whole Foods and grocery delivery - GeekWire,Amazon closing all Amazon Fresh and Go stores to focus on Whole Foods and grocery delivery GeekWire,local_news,neutral,GeekWire
NEWS-01214,USR-068,Seattle,WA,2025-12-27,Here are the retailers that announced store closures in 2025 - KING5.com,Here are the retailers that announced store closures in 2025 KING5.com,construction,negative,KING5.com
NEWS-01215,USR-069,Denver,CO,2025-08-06,Two more Denver Walgreens locations will close in September - The Denver Post,Two more Denver Walgreens locations will close in September The Denver Post,local_news,neutral,The Denver Post
NEWS-01216,USR-069,Denver,CO,2025-08-11,Walgreens to close two Denver stores next month - KUSA.com,Walgreens to close two Denver stores next month KUSA.com,local_news,neutral,KUSA.com
NEWS-01217,USR-069,Denver,CO,2025-11-26,Here's what’s open in the Denver area on Thanksgiving - Denver7,Here's what’s open in the Denver area on Thanksgiving Denver7,local_news,neutral,Denver7
NEWS-01218,USR-069,Denver,CO,2025-08-08,Two more Walgreens closing in Denver next month - Denverite,Two more Walgreens closing in Denver next month Denverite,local_news,neutral,Denverite
NEWS-01219,USR-069,Denver,CO,2025-08-11,Two more Denver Walgreens stores to close next month - KDVR,Two more Denver Walgreens stores to close next month KDVR,local_news,neutral,KDVR
NEWS-01220,USR-069,Denver,CO,2025-08-07,Walgreens Closing Two More Denver Metro Area Stores in September - Mile High on the Cheap,Walgreens Closing Two More Denver Metro Area Stores in September Mile High on the Cheap,local_news,neutral,Mile High on the Cheap
NEWS-01221,USR-069,Denver,CO,2026-06-02,"King Soopers closes Denver grocery store, opens another - KUSA.com","King Soopers closes Denver grocery store, opens another KUSA.com",local_news,neutral,KUSA.com
NEWS-01222,USR-069,Denver,CO,2026-06-07,"""Same mediocre store with new parking lot"" - Westword","""Same mediocre store with new parking lot"" Westword",local_news,neutral,Westword
NEWS-01223,USR-069,Denver,CO,2026-02-03,Where are Denver’s grocery store deserts? - Denverite,Where are Denver’s grocery store deserts? Denverite,local_news,neutral,Denverite
NEWS-01224,USR-069,Denver,CO,2026-06-08,"Last Day! King Soopers Celebrates New Denver Store with Grand Opening Specials - Gas Discount, Starbucks Special & $10 Bonus Savings! - Mile High on the Cheap","Last Day! King Soopers Celebrates New Denver Store with Grand Opening Specials - Gas Discount, Starbucks Special & $10 Bonus Savings! Mile High on the Cheap",new_competitor,neutral,Mile High on the Cheap
NEWS-01225,USR-069,Denver,CO,2026-05-27,Popular Colorado-based organic grocery store opening 1st location near Chicago area - NBC 5 Chicago,Popular Colorado-based organic grocery store opening 1st location near Chicago area NBC 5 Chicago,new_competitor,neutral,NBC 5 Chicago
NEWS-01226,USR-069,Denver,CO,2026-02-27,Colorado zero-waste grocery store to be featured on 'Shark Tank' - Denver7,Colorado zero-waste grocery store to be featured on 'Shark Tank' Denver7,local_news,neutral,Denver7
NEWS-01227,USR-069,Denver,CO,2026-01-07,Big 5 Sporting Goods closing multiple Colorado stores - The Denver Post,Big 5 Sporting Goods closing multiple Colorado stores The Denver Post,local_news,neutral,The Denver Post
NEWS-01228,USR-069,Denver,CO,2026-01-27,"Denver liquor store closes after a decade, cites effects of expanding sales into grocery stores - Denver7","Denver liquor store closes after a decade, cites effects of expanding sales into grocery stores Denver7",local_news,neutral,Denver7
NEWS-01229,USR-069,Denver,CO,2026-03-26,Denver’s Wilderness Exchange to Close 26-Year-Old Store - Shop Eat Surf Outdoor,Denver’s Wilderness Exchange to Close 26-Year-Old Store Shop Eat Surf Outdoor,local_news,neutral,Shop Eat Surf Outdoor
NEWS-01230,USR-069,Denver,CO,2026-01-07,Sporting goods chain closing Colorado stores - KUSA.com,Sporting goods chain closing Colorado stores KUSA.com,local_news,neutral,KUSA.com
NEWS-01231,USR-069,Denver,CO,2026-01-11,"When Big 5 Leaves Denver, Consider Me Big Sad - Westword","When Big 5 Leaves Denver, Consider Me Big Sad Westword",local_news,neutral,Westword
NEWS-01232,USR-069,Denver,CO,2026-01-11,Sporting goods chain closing Colorado stores - Denver Gazette,Sporting goods chain closing Colorado stores Denver Gazette,local_news,neutral,Denver Gazette
NEWS-01233,USR-070,Boston,MA,2026-06-19,The Home Depot Is Expanding Across the Dallas Area With Two New Stores - WhatNow,The Home Depot Is Expanding Across the Dallas Area With Two New Stores WhatNow,new_competitor,neutral,WhatNow
NEWS-01234,USR-070,Boston,MA,2026-02-24,"Home Depot tops expectations in the fourth quarter, but customers pull back on spending - Boston Herald","Home Depot tops expectations in the fourth quarter, but customers pull back on spending Boston Herald",local_news,neutral,Boston Herald
NEWS-01235,USR-070,Boston,MA,2025-10-21,Person stabbed outside Home Depot at South Bay Center in Dorchester - NBC Boston,Person stabbed outside Home Depot at South Bay Center in Dorchester NBC Boston,local_news,neutral,NBC Boston
NEWS-01236,USR-070,Boston,MA,2026-02-06,"The Home Depot, Bass Pro Shops now home for Wahlburgers locations - Retail Customer Experience","The Home Depot, Bass Pro Shops now home for Wahlburgers locations Retail Customer Experience",local_news,neutral,Retail Customer Experience
NEWS-01237,USR-070,Boston,MA,2025-09-09,"Home Depot stores, long a hub for day laborers, now draw immigration agents out on raids - The Boston Globe","Home Depot stores, long a hub for day laborers, now draw immigration agents out on raids The Boston Globe",local_news,neutral,The Boston Globe
NEWS-01238,USR-070,Boston,MA,2026-03-31,Easter 2026 Grocery And Retail Hours: What's Open And Closed In MA? - Patch,Easter 2026 Grocery And Retail Hours: What's Open And Closed In MA? Patch,local_news,neutral,Patch
NEWS-01239,USR-070,Boston,MA,2026-06-09,"What’s inside T Market, the new Asian grocery store at Natick Mall - Boston.com","What’s inside T Market, the new Asian grocery store at Natick Mall Boston.com",local_news,neutral,Boston.com
NEWS-01240,USR-070,Boston,MA,2026-04-05,Here's which stores are open and what's closed on Easter Sunday in Massachusetts - CBS News,Here's which stores are open and what's closed on Easter Sunday in Massachusetts CBS News,local_news,neutral,CBS News
NEWS-01241,USR-070,Boston,MA,2026-03-30,"Several MA grocery stores close on Easter. List of who will be open, closed - Worcester Telegram","Several MA grocery stores close on Easter. List of who will be open, closed Worcester Telegram",local_news,neutral,Worcester Telegram
NEWS-01242,USR-070,Boston,MA,2026-05-28,Fast-growing Sprouts grocery chain plans 30 to 40 stores across New England - The Business Journals,Fast-growing Sprouts grocery chain plans 30 to 40 stores across New England The Business Journals,local_news,neutral,The Business Journals
NEWS-01243,USR-070,Boston,MA,2026-05-20,"Memorial Day 2026 Grocery, Hardware Store Hours: What’s Open In MA - Patch","Memorial Day 2026 Grocery, Hardware Store Hours: What’s Open In MA Patch",local_news,neutral,Patch
NEWS-01244,USR-070,Boston,MA,2025-10-21,Publicly owned grocery stores could be Boston’s answer to food insecurity - The Boston Globe,Publicly owned grocery stores could be Boston’s answer to food insecurity The Boston Globe,local_news,neutral,The Boston Globe
NEWS-01245,USR-070,Boston,MA,2026-03-26,"These MA Stores Among More Than 1,400 In US Expected To Close In 2026 - Patch","These MA Stores Among More Than 1,400 In US Expected To Close In 2026 Patch",local_news,neutral,Patch
NEWS-01246,USR-070,Boston,MA,2026-02-17,"Luxury Department Store Chain to Close Boston Store After 42 Years, Lay Off 73 - WhatNow","Luxury Department Store Chain to Close Boston Store After 42 Years, Lay Off 73 WhatNow",local_news,neutral,WhatNow
NEWS-01247,USR-070,Boston,MA,2026-02-16,Boston department store closure to result in 73 layoffs - MassLive,Boston department store closure to result in 73 layoffs MassLive,construction,negative,MassLive
NEWS-01248,USR-070,Boston,MA,2026-02-11,Boston's Neiman Marcus is closing. See what will replace it at Copley Place - The Patriot Ledger,Boston's Neiman Marcus is closing. See what will replace it at Copley Place The Patriot Ledger,local_news,neutral,The Patriot Ledger
NEWS-01249,USR-070,Boston,MA,2025-04-21,This Week's Boston Deal Sheet: Home Depot Acquires Portion Of Watertown Site For $72M,"The home improvement store acquired a chunk of 615 Arsenal St. in Watertown for $72M, the Boston Business Journal reported. The site is part of Boylston Properties' Arsenal Yards mixed-use development ...",local_news,neutral,bing.com
NEWS-01250,USR-070,Boston,MA,2025-03-13,"Men sentenced to prison for large-scale retail theft from Home Depot stores in R.I., Mass., Conn.","Two of the four men charged, all of them Guatemalan immigrants, were sentenced on Thursday and ordered to be removed from the US, prosecutors said PROVIDENCE — Two men who were part of a large-scale ...",local_news,neutral,bing.com
NEWS-01251,USR-070,Boston,MA,2025-09-10,How Home Depot uncovered the biggest alleged retail theft in its history,"Last month, felony charges were filed against members of a California group who allegedly stole more than $7 million of electrical merchandise. The Home Depot uncovered the biggest alleged retail ...",local_news,neutral,bing.com
NEWS-01252,USR-071,Nashville,TN,2025-09-15,Tune It Tuesday 2025 - TN.gov,Tune It Tuesday 2025 TN.gov,local_news,neutral,TN.gov
NEWS-01253,USR-071,Nashville,TN,2026-03-25,From Lululemon to Lowes: Suspect charged with 12 counts of theft throughout Nashville - WZTV,From Lululemon to Lowes: Suspect charged with 12 counts of theft throughout Nashville WZTV,local_news,neutral,WZTV
NEWS-01254,USR-071,Nashville,TN,2025-12-22,"Here’s what stores are open, and which ones are closed, on Christmas - WSMV","Here’s what stores are open, and which ones are closed, on Christmas WSMV",local_news,neutral,WSMV
NEWS-01255,USR-071,Nashville,TN,2025-12-29,Here’s How Lowe’s Made 2025 Unforgettable (It’s More Than Just Shopping) - WhatNow,Here’s How Lowe’s Made 2025 Unforgettable (It’s More Than Just Shopping) WhatNow,local_news,neutral,WhatNow
NEWS-01256,USR-071,Nashville,TN,2025-11-12,Lowe’s Is Opening at Least 10 Stores in 2026 (Are You Getting One?) - AOL.com,Lowe’s Is Opening at Least 10 Stores in 2026 (Are You Getting One?) AOL.com,new_competitor,neutral,AOL.com
NEWS-01257,USR-071,Nashville,TN,2026-04-03,"Easter Sunday Hours: Which Stores Are Open, Which Are Closed - Williamson Source","Easter Sunday Hours: Which Stores Are Open, Which Are Closed Williamson Source",local_news,neutral,Williamson Source
NEWS-01258,USR-071,Nashville,TN,2026-06-12,Can you carry firearms in TN grocery stores? What largest chains say - The Tennessean,Can you carry firearms in TN grocery stores? What largest chains say The Tennessean,local_news,neutral,The Tennessean
NEWS-01259,USR-071,Nashville,TN,2026-01-21,Grocery stores prepare for winter storm as shoppers stock up - WSMV,Grocery stores prepare for winter storm as shoppers stock up WSMV,weather,negative,WSMV
NEWS-01260,USR-071,Nashville,TN,2026-01-21,Grocery store lines are forming across Middle Tennessee before the big storm - WKRN News 2,Grocery store lines are forming across Middle Tennessee before the big storm WKRN News 2,weather,negative,WKRN News 2
NEWS-01261,USR-071,Nashville,TN,2026-01-23,Grocery stores see COVID-level rush as Middle Tennessee prepares for dangerous ice storm - News Channel 5 Nashville,Grocery stores see COVID-level rush as Middle Tennessee prepares for dangerous ice storm News Channel 5 Nashville,weather,negative,News Channel 5 Nashville
NEWS-01262,USR-071,Nashville,TN,2026-01-22,Nashville Grocery Stores Look Post-Apocalyptic As The City Prepares For Winter Storm - Whiskey Riff,Nashville Grocery Stores Look Post-Apocalyptic As The City Prepares For Winter Storm Whiskey Riff,weather,negative,Whiskey Riff
NEWS-01263,USR-071,Nashville,TN,2026-03-05,Turnip Truck & ‘The Store’ Are Rounding Up for Neighbors in Need - StyleBlueprint,Turnip Truck & ‘The Store’ Are Rounding Up for Neighbors in Need StyleBlueprint,local_news,neutral,StyleBlueprint
NEWS-01264,USR-071,Nashville,TN,2025-10-16,American Signature Furniture Announces Strategic Exit from Nashville Market - PR Newswire,American Signature Furniture Announces Strategic Exit from Nashville Market PR Newswire,local_news,neutral,PR Newswire
NEWS-01265,USR-071,Nashville,TN,2025-08-08,"New Bed Bath & Beyond store opens in Nashville, Tennessee, nearly 2 years after company closed all stores - 6abc Philadelphia","New Bed Bath & Beyond store opens in Nashville, Tennessee, nearly 2 years after company closed all stores 6abc Philadelphia",local_news,neutral,6abc Philadelphia
NEWS-01266,USR-071,Nashville,TN,2026-02-13,IKEA to close Memphis store - Nashville Post,IKEA to close Memphis store Nashville Post,local_news,neutral,Nashville Post
NEWS-01267,USR-071,Nashville,TN,2026-01-28,Tennessee's only Amazon Fresh location to close. Here's why - The Tennessean,Tennessee's only Amazon Fresh location to close. Here's why The Tennessean,local_news,neutral,The Tennessean
NEWS-01268,USR-071,Nashville,TN,2026-01-27,Amazon to close all Amazon Go and Amazon Fresh stores: Full list of current locations - WCNC,Amazon to close all Amazon Go and Amazon Fresh stores: Full list of current locations WCNC,local_news,neutral,WCNC
NEWS-01269,USR-071,Nashville,TN,2026-02-11,IKEA Memphis to close. Where to find the next closest store - The Commercial Appeal,IKEA Memphis to close. Where to find the next closest store The Commercial Appeal,local_news,neutral,The Commercial Appeal
NEWS-01270,USR-072,Detroit,MI,2025-11-27,"List: Stores in Michigan open, closed on Thanksgiving Day - ClickOnDetroit | WDIV Local 4","List: Stores in Michigan open, closed on Thanksgiving Day ClickOnDetroit | WDIV Local 4",local_news,neutral,ClickOnDetroit | WDIV Local 4
NEWS-01271,USR-072,Detroit,MI,2025-11-27,Here's what's open and what's closed on Thanksgiving in Michigan - CBS News,Here's what's open and what's closed on Thanksgiving in Michigan CBS News,local_news,neutral,CBS News
NEWS-01272,USR-072,Detroit,MI,2026-05-20,"Memorial Day 2026 Grocery, Hardware Store Hours: What’s Open In MI - Patch","Memorial Day 2026 Grocery, Hardware Store Hours: What’s Open In MI Patch",local_news,neutral,Patch
NEWS-01273,USR-072,Detroit,MI,2025-12-01,"Black Friday shopping in metro Detroit, before online deals changed everything - Detroit Free Press","Black Friday shopping in metro Detroit, before online deals changed everything Detroit Free Press",local_news,neutral,Detroit Free Press
NEWS-01274,USR-072,Detroit,MI,2025-11-28,"Detroiters say the chaos, and spirit, of Black Friday shopping is gone - The Detroit News","Detroiters say the chaos, and spirit, of Black Friday shopping is gone The Detroit News",local_news,neutral,The Detroit News
NEWS-01275,USR-072,Detroit,MI,2025-11-24,Stores that are open and closed on Thanksgiving this year - LiveNOW from FOX,Stores that are open and closed on Thanksgiving this year LiveNOW from FOX,local_news,neutral,LiveNOW from FOX
NEWS-01276,USR-072,Detroit,MI,2026-06-08,Meijer plans another midsize grocery store in metro Detroit - Crain's Detroit,Meijer plans another midsize grocery store in metro Detroit Crain's Detroit,local_news,neutral,Crain's Detroit
NEWS-01277,USR-072,Detroit,MI,2026-06-11,"Micah's Market opens on Detroit's west side, offering affordable groceries to Crary/St. Mary's - WXYZ Channel 7","Micah's Market opens on Detroit's west side, offering affordable groceries to Crary/St. Mary's WXYZ Channel 7",local_news,neutral,WXYZ Channel 7
NEWS-01278,USR-072,Detroit,MI,2026-06-15,Detroit grocery store helps bridge gap of food insecurity - CBS News,Detroit grocery store helps bridge gap of food insecurity CBS News,local_news,neutral,CBS News
NEWS-01279,USR-072,Detroit,MI,2026-05-12,Man accused of setting shopping carts on fire at SW Detroit grocery store facing federal charge - ClickOnDetroit | WDIV Local 4,Man accused of setting shopping carts on fire at SW Detroit grocery store facing federal charge ClickOnDetroit | WDIV Local 4,local_news,neutral,ClickOnDetroit | WDIV Local 4
NEWS-01280,USR-072,Detroit,MI,2026-02-18,"Green Grocer Program celebrates first ribbon cutting since 2024 relaunch, bringing walkable grocery access to Dexter-Linwood neighborhood - City of Detroit (.gov)","Green Grocer Program celebrates first ribbon cutting since 2024 relaunch, bringing walkable grocery access to Dexter-Linwood neighborhood City of Detroit (.gov)",local_news,neutral,City of Detroit (.gov)
NEWS-01281,USR-072,Detroit,MI,2026-04-19,"Niemann Harvest Market - Ann Arbor at Briarwood Mall. Here's a look inside the new 57K-square-foot grocery store. 📹 + 📰 by Susan Selasky, Detroit Free Press - facebook.com","Niemann Harvest Market - Ann Arbor at Briarwood Mall. Here's a look inside the new 57K-square-foot grocery store. 📹 + 📰 by Susan Selasky, Detroit Free Press facebook.com",local_news,neutral,facebook.com
NEWS-01282,USR-072,Detroit,MI,2026-05-19,Family Dollar on Eight Mile in Warren is closing - Axios,Family Dollar on Eight Mile in Warren is closing Axios,local_news,neutral,Axios
NEWS-01283,USR-072,Detroit,MI,2026-02-16,"The Bel-Air Centre was once a bustling shopping center with a Target, Farmer Jack, Builders Square and Toys R' Us. See link below ⬇️ - facebook.com","The Bel-Air Centre was once a bustling shopping center with a Target, Farmer Jack, Builders Square and Toys R' Us. See link below ⬇️ facebook.com",local_news,neutral,facebook.com
NEWS-01284,USR-072,Detroit,MI,2025-12-22,What's open and closed in Michigan on Christmas Day 2025 - FOX 2 Detroit,What's open and closed in Michigan on Christmas Day 2025 FOX 2 Detroit,local_news,neutral,FOX 2 Detroit
NEWS-01285,USR-072,Detroit,MI,2026-04-14,7-Eleven Plans Mass Closures: Here’s What It Could Mean For MI Stores - Patch,7-Eleven Plans Mass Closures: Here’s What It Could Mean For MI Stores Patch,construction,negative,Patch
NEWS-01286,USR-072,Detroit,MI,2025-12-15,Metro Detroit’s forgotten favorites: 20 stores we all miss - Detroit Free Press,Metro Detroit’s forgotten favorites: 20 stores we all miss Detroit Free Press,local_news,neutral,Detroit Free Press
NEWS-01287,USR-073,Portland,OR,2026-06-22,Southern Professionals: Dollar General's Continued Expansion Crea - The National Law Review,Southern Professionals: Dollar General's Continued Expansion Crea The National Law Review,local_news,neutral,The National Law Review
NEWS-01288,USR-073,Portland,OR,2026-06-20,Dollar General Expansion Thrives With 450 New Stores - Cheapism,Dollar General Expansion Thrives With 450 New Stores Cheapism,new_competitor,neutral,Cheapism
NEWS-01289,USR-073,Portland,OR,2026-06-20,Dollar General makes major pricing move - SILive.com,Dollar General makes major pricing move SILive.com,local_news,neutral,SILive.com
NEWS-01290,USR-073,Portland,OR,2026-06-17,Dollar General (DG) Stock Could Be 17.5% Undervalued After Retail Rally And Earnings - Yahoo Finance,Dollar General (DG) Stock Could Be 17.5% Undervalued After Retail Rally And Earnings Yahoo Finance,local_news,neutral,Yahoo Finance
NEWS-01291,USR-073,Portland,OR,2026-06-18,Dollar General thinks retail media’s future is hiding in plain sight - The Drum,Dollar General thinks retail media’s future is hiding in plain sight The Drum,local_news,neutral,The Drum
NEWS-01292,USR-073,Portland,OR,2026-03-12,"Dollar General to introduce new store format, pilot subscription program - Retail Dive","Dollar General to introduce new store format, pilot subscription program Retail Dive",new_competitor,neutral,Retail Dive
NEWS-01293,USR-073,Portland,OR,2026-06-23,"Grocery stores open in Staunton, Waynesboro on July 4 - The News Leader | Staunton, VA","Grocery stores open in Staunton, Waynesboro on July 4 The News Leader | Staunton, VA",local_news,neutral,"The News Leader | Staunton, VA"
NEWS-01294,USR-073,Portland,OR,2026-06-22,Column: Another Lake County grocery store goes under - Chicago Tribune,Column: Another Lake County grocery store goes under Chicago Tribune,local_news,neutral,Chicago Tribune
NEWS-01295,USR-073,Portland,OR,2026-06-22,The Buzziest New Restaurant Is the Grocery Store - Business Insider,The Buzziest New Restaurant Is the Grocery Store Business Insider,local_news,neutral,Business Insider
NEWS-01296,USR-073,Portland,OR,2026-06-22,A must-try Mexican restaurant inside an Alabama grocery store - AL.com,A must-try Mexican restaurant inside an Alabama grocery store AL.com,local_news,neutral,AL.com
NEWS-01297,USR-073,Portland,OR,2026-06-22,California brings in major change to grocery stores that’ll impact the way everyone shops - New York Post,California brings in major change to grocery stores that’ll impact the way everyone shops New York Post,local_news,neutral,New York Post
NEWS-01298,USR-073,Portland,OR,2026-06-23,Why San Francisco Is Targeting ‘Zombie’ Grocery Stores - Newsweek,Why San Francisco Is Targeting ‘Zombie’ Grocery Stores Newsweek,local_news,neutral,Newsweek
NEWS-01299,USR-073,Portland,OR,2026-06-21,Kickstarter campaign aims to help popular Castro Valley toy store The Prize Booth fight October 2026 closure - ABC7 Bay Area,Kickstarter campaign aims to help popular Castro Valley toy store The Prize Booth fight October 2026 closure ABC7 Bay Area,construction,negative,ABC7 Bay Area
NEWS-01300,USR-073,Portland,OR,2026-06-22,Portland Cascade close out season-opening homestand with third straight sellout - KPTV,Portland Cascade close out season-opening homestand with third straight sellout KPTV,new_competitor,neutral,KPTV
NEWS-01301,USR-073,Portland,OR,2026-06-18,Under Armour to close Oregon office - Retail Dive,Under Armour to close Oregon office Retail Dive,local_news,neutral,Retail Dive
NEWS-01302,USR-073,Portland,OR,2026-06-15,"Outdoor retailer to close 59 stores, including in Oregon, amid bankruptcy - OregonLive.com","Outdoor retailer to close 59 stores, including in Oregon, amid bankruptcy OregonLive.com",local_news,neutral,OregonLive.com
NEWS-01303,USR-073,Portland,OR,2026-06-03,"Apple permanently closing three US stores, here’s when [Updated] - 9to5Mac","Apple permanently closing three US stores, here’s when [Updated] 9to5Mac",local_news,neutral,9to5Mac
NEWS-01304,USR-073,Portland,OR,2026-06-12,Apple closing stores for one clear reason - thestreet.com,Apple closing stores for one clear reason thestreet.com,local_news,neutral,thestreet.com
NEWS-01305,USR-074,Memphis,TN,2026-04-13,Sam's Club increasing membership prices. Here's what to know - The Commercial Appeal,Sam's Club increasing membership prices. Here's what to know The Commercial Appeal,local_news,neutral,The Commercial Appeal
NEWS-01306,USR-074,Memphis,TN,2025-11-18,What stores are open and closed on Thanksgiving 2025? Here’s what to know - Action News 5,What stores are open and closed on Thanksgiving 2025? Here’s what to know Action News 5,local_news,neutral,Action News 5
NEWS-01307,USR-074,Memphis,TN,2025-12-23,Which grocery stores are open on Christmas Day in the Memphis area? - The Commercial Appeal,Which grocery stores are open on Christmas Day in the Memphis area? The Commercial Appeal,local_news,neutral,The Commercial Appeal
NEWS-01308,USR-074,Memphis,TN,2018-01-12,Walmart closed 63 Sam's Club stores — here's where they were shut down - Business Insider,Walmart closed 63 Sam's Club stores — here's where they were shut down Business Insider,local_news,neutral,Business Insider
NEWS-01309,USR-074,Memphis,TN,2026-01-26,Hundreds of Walmart stores closed from storm. See which ones - AOL.com,Hundreds of Walmart stores closed from storm. See which ones AOL.com,weather,negative,AOL.com
NEWS-01310,USR-074,Memphis,TN,2019-10-24,Sam’s Club tests retail space at e-commerce fulfillment center - Grocery Dive,Sam’s Club tests retail space at e-commerce fulfillment center Grocery Dive,local_news,neutral,Grocery Dive
NEWS-01311,USR-074,Memphis,TN,2026-06-01,Food sales limited after rats found at Memphis convenience store - Action News 5,Food sales limited after rats found at Memphis convenience store Action News 5,local_news,neutral,Action News 5
NEWS-01312,USR-074,Memphis,TN,2026-03-30,Rare blue crawfish found in flowers at Memphis grocery store - WREG.com,Rare blue crawfish found in flowers at Memphis grocery store WREG.com,local_news,neutral,WREG.com
NEWS-01313,USR-074,Memphis,TN,2026-04-07,"Man shot to death at grocery store in Walker Homes, police say - FOX13 Memphis","Man shot to death at grocery store in Walker Homes, police say FOX13 Memphis",local_news,neutral,FOX13 Memphis
NEWS-01314,USR-074,Memphis,TN,2025-12-18,What grocery stores are open on Christmas in the Memphis area? - The Commercial Appeal,What grocery stores are open on Christmas in the Memphis area? The Commercial Appeal,local_news,neutral,The Commercial Appeal
NEWS-01315,USR-074,Memphis,TN,2026-02-08,The Most Legendary Grocery Stores In The South - Southern Living,The Most Legendary Grocery Stores In The South Southern Living,local_news,neutral,Southern Living
NEWS-01316,USR-074,Memphis,TN,2026-04-07,Man dead after shooting at Memphis grocery store - WREG.com,Man dead after shooting at Memphis grocery store WREG.com,local_news,neutral,WREG.com
NEWS-01317,USR-074,Memphis,TN,2026-02-10,Tennessee's only Ikea — near Memphis — will be closing soon - FOX13 Memphis,Tennessee's only Ikea — near Memphis — will be closing soon FOX13 Memphis,local_news,neutral,FOX13 Memphis
NEWS-01318,USR-074,Memphis,TN,2026-02-10,IKEA announces closure of Memphis store - localmemphis.com,IKEA announces closure of Memphis store localmemphis.com,construction,negative,localmemphis.com
NEWS-01319,USR-074,Memphis,TN,2026-02-11,No more meatballs in Memphis: Lone IKEA store in Tennessee set to close - WTVC,No more meatballs in Memphis: Lone IKEA store in Tennessee set to close WTVC,local_news,neutral,WTVC
NEWS-01320,USR-074,Memphis,TN,2026-02-10,IKEA to close its Memphis location in May; pickup and online services remain open - KATV,IKEA to close its Memphis location in May; pickup and online services remain open KATV,local_news,neutral,KATV
NEWS-01321,USR-074,Memphis,TN,2026-01-29,"Mid-South shoppers face limited food options, early closures - WREG.com","Mid-South shoppers face limited food options, early closures WREG.com",construction,negative,WREG.com
NEWS-01322,USR-074,Memphis,TN,2026-02-11,IKEA Memphis to close. Where to find the next closest store - The Commercial Appeal,IKEA Memphis to close. Where to find the next closest store The Commercial Appeal,local_news,neutral,The Commercial Appeal
NEWS-01323,USR-074,Memphis,TN,2026-04-01,Walmart’s Sam’s Club raising membership prices,The above button links to Coinbase. Yahoo Finance is not a broker-dealer or investment adviser and does not offer securities or cryptocurrencies for sale or facilitate trading. Coinbase pays us for ...,local_news,neutral,bing.com
NEWS-01324,USR-074,Memphis,TN,2026-04-13,Sam's Club increasing membership prices. Here's what to know,"Sam's Club is increasing its membership prices starting on Friday, May 1. The Club membership will increase by $10 to $60 a year, and the Plus membership will rise to $120 a year. Ahead of the price ...",local_news,neutral,bing.com
NEWS-01325,USR-074,Memphis,TN,2026-05-17,Sam's Club transformed retail media with an award-winning immersive experience network,"Sam's Club Member Access Platform (MAP) was built to be fundamentally different from traditional commerce media networks. It is based on a membership model that connects experience, measurement, and ...",local_news,neutral,bing.com
NEWS-01326,USR-074,Memphis,TN,2026-05-28,Walmart's warehouse club reveals a secret weapon against Costco,"You're currently following this author! Want to unfollow? Unsubscribe via the link in your email. Focus groups are a mainstay of retail, but Walmart's warehouse club is taking it to another level in ...",local_news,neutral,bing.com
NEWS-01327,USR-074,Memphis,TN,2026-02-24,Costco vs. Sam’s Club: Which Membership Is Worth It in 2026?,"Attention, discount shoppers: A warehouse club membership can land you some of the lowest prices on everyday goods in exchange for an annual fee. Costco and Sam’s Club are the largest warehouse clubs ...",local_news,neutral,bing.com
NEWS-01328,USR-075,Louisville,KY,2026-06-01,Grocery and specialty stores to open this summer across Central Kentucky. See list - Lexington Herald Leader,Grocery and specialty stores to open this summer across Central Kentucky. See list Lexington Herald Leader,local_news,neutral,Lexington Herald Leader
NEWS-01329,USR-075,Louisville,KY,2025-12-24,Last minute shopping? Here are the Christmas Eve hours for Louisville area stores - WLKY,Last minute shopping? Here are the Christmas Eve hours for Louisville area stores WLKY,local_news,neutral,WLKY
NEWS-01330,USR-075,Louisville,KY,2026-04-01,What's open and closed on Easter 2026: Full list - WHAS11,What's open and closed on Easter 2026: Full list WHAS11,local_news,neutral,WHAS11
NEWS-01331,USR-075,Louisville,KY,2025-12-25,It's Christmas! Are grocery stores open in Louisville? Details from major retailers - The Courier-Journal,It's Christmas! Are grocery stores open in Louisville? Details from major retailers The Courier-Journal,local_news,neutral,The Courier-Journal
NEWS-01332,USR-075,Louisville,KY,2025-08-26,New Aldi location approved for New Albany - The Business Journals,New Aldi location approved for New Albany The Business Journals,local_news,neutral,The Business Journals
NEWS-01333,USR-075,Louisville,KY,2025-09-11,Don't Waste Your Money | Grocery stores swapping paper for digital shelf tags - WDRB,Don't Waste Your Money | Grocery stores swapping paper for digital shelf tags WDRB,local_news,neutral,WDRB
NEWS-01334,USR-075,Louisville,KY,2026-06-20,ValuMarket sets final public shopping days before closing Highlands store - WDRB,ValuMarket sets final public shopping days before closing Highlands store WDRB,local_news,neutral,WDRB
NEWS-01335,USR-075,Louisville,KY,2026-05-14,"Kentuckians turn to thrift stores amid high gas prices, groceries - Spectrum News","Kentuckians turn to thrift stores amid high gas prices, groceries Spectrum News",local_news,neutral,Spectrum News
NEWS-01336,USR-075,Louisville,KY,2026-05-28,Publix expands across Kentucky with new grocery store plans: A look at locations - Lexington Herald Leader,Publix expands across Kentucky with new grocery store plans: A look at locations Lexington Herald Leader,local_news,neutral,Lexington Herald Leader
NEWS-01337,USR-075,Louisville,KY,2026-05-25,Memorial Day grocery shoppers find deals amid higher food costs - WAVE News,Memorial Day grocery shoppers find deals amid higher food costs WAVE News,local_news,neutral,WAVE News
NEWS-01338,USR-075,Louisville,KY,2025-12-26,Are retail and grocery stores open on New Year's Day 2026? What to know - The Courier-Journal,Are retail and grocery stores open on New Year's Day 2026? What to know The Courier-Journal,local_news,neutral,The Courier-Journal
NEWS-01339,USR-075,Louisville,KY,2026-06-09,Electric Ladyland announces closure after nearly 50 years on Bardstown Road - WDRB,Electric Ladyland announces closure after nearly 50 years on Bardstown Road WDRB,construction,negative,WDRB
NEWS-01340,USR-075,Louisville,KY,2025-11-25,Kroger stores in Louisville region closing early for Thanksgiving - WLKY,Kroger stores in Louisville region closing early for Thanksgiving WLKY,local_news,neutral,WLKY
NEWS-01341,USR-075,Louisville,KY,2026-01-01,"Happy New Year! What's open, closed in Louisville? Details for stores, restaurants, more - The Courier-Journal","Happy New Year! What's open, closed in Louisville? Details for stores, restaurants, more The Courier-Journal",local_news,neutral,The Courier-Journal
NEWS-01342,USR-075,Louisville,KY,2026-05-06,Burlington opens third Louisville store in former Joann Fabrics space - The Business Journals,Burlington opens third Louisville store in former Joann Fabrics space The Business Journals,local_news,neutral,The Business Journals
NEWS-01343,USR-075,Louisville,KY,2026-01-19,LIST | These GameStop stores in Kentucky and Indiana are closing in 2026 - WHAS11,LIST | These GameStop stores in Kentucky and Indiana are closing in 2026 WHAS11,local_news,neutral,WHAS11
NEWS-01344,USR-075,Louisville,KY,2025-12-24,"Store closing in west Louisville raises concerns about food access, shopping options | Business - WDRB","Store closing in west Louisville raises concerns about food access, shopping options | Business WDRB",local_news,neutral,WDRB
NEWS-01345,USR-076,Baltimore,MD,2025-10-14,H-E-B-anchored center is Alamo City’s largest retail sale in years - The Real Deal,H-E-B-anchored center is Alamo City’s largest retail sale in years The Real Deal,local_news,neutral,The Real Deal
NEWS-01346,USR-076,Baltimore,MD,2026-01-08,H-E-B ranked No. 1 among national grocery chains in latest report - The Business Journals,H-E-B ranked No. 1 among national grocery chains in latest report The Business Journals,local_news,neutral,The Business Journals
NEWS-01347,USR-076,Baltimore,MD,2025-08-14,H-E-B hype grows as North Texas welcomes more stores - CBS News,H-E-B hype grows as North Texas welcomes more stores CBS News,local_news,neutral,CBS News
NEWS-01348,USR-076,Baltimore,MD,2025-09-15,What fight over Dallas' first H-E-B says about real estate development on north side - The Business Journals,What fight over Dallas' first H-E-B says about real estate development on north side The Business Journals,local_news,neutral,The Business Journals
NEWS-01349,USR-076,Baltimore,MD,2024-07-26,Boar’s Head Provisions Co. recalls ready-to-eat Liverwurst and other deli meat - H-E-B Newsroom,Boar’s Head Provisions Co. recalls ready-to-eat Liverwurst and other deli meat H-E-B Newsroom,local_news,neutral,H-E-B Newsroom
NEWS-01350,USR-076,Baltimore,MD,2025-11-13,New H-E-B fulfillment center planned in Denton County - The Business Journals,New H-E-B fulfillment center planned in Denton County The Business Journals,local_news,neutral,The Business Journals
NEWS-01351,USR-076,Baltimore,MD,2026-06-01,Prince George’s County Opens Free Grocery Store Inside Library - Maryland Association of Counties,Prince George’s County Opens Free Grocery Store Inside Library Maryland Association of Counties,local_news,neutral,Maryland Association of Counties
NEWS-01352,USR-076,Baltimore,MD,2026-02-20,Aisle be damned: Rating Baltimore grocery stores on vibes and produce - thebanner.com,Aisle be damned: Rating Baltimore grocery stores on vibes and produce thebanner.com,local_news,neutral,thebanner.com
NEWS-01353,USR-076,Baltimore,MD,2026-03-18,Lidl will replace Streets Market as the grocery store anchor for Yard 56 in East Baltimore - Baltimore Fishbowl,Lidl will replace Streets Market as the grocery store anchor for Yard 56 in East Baltimore Baltimore Fishbowl,local_news,neutral,Baltimore Fishbowl
NEWS-01354,USR-076,Baltimore,MD,2025-11-04,"'It would be a drastic impact': Northeast Baltimore grocery store to close in early 2026, CEO says - WBAL-TV","'It would be a drastic impact': Northeast Baltimore grocery store to close in early 2026, CEO says WBAL-TV",local_news,neutral,WBAL-TV
NEWS-01355,USR-076,Baltimore,MD,2026-03-04,Beer and wine sales in grocery stores appear stalled for this year - Maryland Matters,Beer and wine sales in grocery stores appear stalled for this year Maryland Matters,local_news,neutral,Maryland Matters
NEWS-01356,USR-076,Baltimore,MD,2025-12-08,Baltimore delegate renews effort to bring beer and wine sales to grocery stores - WYPR,Baltimore delegate renews effort to bring beer and wine sales to grocery stores WYPR,local_news,neutral,WYPR
NEWS-01357,USR-076,Baltimore,MD,2026-06-18,"Decades-old Maryland mall closing ""all of a sudden"" store owners say - CBS News","Decades-old Maryland mall closing ""all of a sudden"" store owners say CBS News",local_news,neutral,CBS News
NEWS-01358,USR-076,Baltimore,MD,2026-06-18,West Marine Closing Four Maryland Stores Amid Nationwide Restructuring - The BayNet,West Marine Closing Four Maryland Stores Amid Nationwide Restructuring The BayNet,local_news,neutral,The BayNet
NEWS-01359,USR-076,Baltimore,MD,2026-06-18,Boating store West Marine to close 4 Maryland locations - Baltimore Sun,Boating store West Marine to close 4 Maryland locations Baltimore Sun,local_news,neutral,Baltimore Sun
NEWS-01360,USR-076,Baltimore,MD,2026-04-09,Towson Town Center Apple Store closing due to 'declining conditions' - WMAR 2 News Baltimore,Towson Town Center Apple Store closing due to 'declining conditions' WMAR 2 News Baltimore,local_news,neutral,WMAR 2 News Baltimore
NEWS-01361,USR-076,Baltimore,MD,2026-04-10,Towson Town Center faces uncertainty as Apple Store prepares to leave - WBFF,Towson Town Center faces uncertainty as Apple Store prepares to leave WBFF,local_news,neutral,WBFF
NEWS-01362,USR-076,Baltimore,MD,2026-05-28,Apple cuts bait on Baltimore County and workers pay the price - AFRO American Newspapers,Apple cuts bait on Baltimore County and workers pay the price AFRO American Newspapers,local_news,neutral,AFRO American Newspapers
NEWS-01363,USR-077,Milwaukee,WI,2026-05-29,Midwest grocery store chain Meijer buys site in Mount Pleasant - The Business Journals,Midwest grocery store chain Meijer buys site in Mount Pleasant The Business Journals,local_news,neutral,The Business Journals
NEWS-01364,USR-077,Milwaukee,WI,2025-12-22,Christmas Eve grocery store hours around Milwaukee - WISN,Christmas Eve grocery store hours around Milwaukee WISN,local_news,neutral,WISN
NEWS-01365,USR-077,Milwaukee,WI,2026-01-06,How Milwaukee area grocery prices look entering 2026 - Milwaukee Journal Sentinel,How Milwaukee area grocery prices look entering 2026 Milwaukee Journal Sentinel,local_news,neutral,Milwaukee Journal Sentinel
NEWS-01366,USR-077,Milwaukee,WI,2025-09-08,We compared Milwaukee grocery prices with other Wisconsin cities. Here's what we found - Milwaukee Journal Sentinel,We compared Milwaukee grocery prices with other Wisconsin cities. Here's what we found Milwaukee Journal Sentinel,local_news,neutral,Milwaukee Journal Sentinel
NEWS-01367,USR-077,Milwaukee,WI,2015-01-28,First Meijer locations in the state announce store openings - OnMilwaukee,First Meijer locations in the state announce store openings OnMilwaukee,new_competitor,neutral,OnMilwaukee
NEWS-01368,USR-077,Milwaukee,WI,2017-05-16,Meijer opens new location in West Bend - FOX6 News Milwaukee,Meijer opens new location in West Bend FOX6 News Milwaukee,local_news,neutral,FOX6 News Milwaukee
NEWS-01369,USR-077,Milwaukee,WI,2026-06-03,Grocery Poll: Is self-checkout good for Wisconsin shoppers? Let us know - Milwaukee Journal Sentinel,Grocery Poll: Is self-checkout good for Wisconsin shoppers? Let us know Milwaukee Journal Sentinel,local_news,neutral,Milwaukee Journal Sentinel
NEWS-01370,USR-077,Milwaukee,WI,2026-04-20,'It's bad out here': Milwaukee residents lean on food pantries as grocery stores close - Spectrum News,'It's bad out here': Milwaukee residents lean on food pantries as grocery stores close Spectrum News,local_news,neutral,Spectrum News
NEWS-01371,USR-077,Milwaukee,WI,2026-03-30,Easter 2026 Grocery And Retail Hours: What’s Open And Closed In WI - Patch,Easter 2026 Grocery And Retail Hours: What’s Open And Closed In WI Patch,local_news,neutral,Patch
NEWS-01372,USR-077,Milwaukee,WI,2026-06-04,How rising costs sank a Wauwatosa housing project — and led to a grocery store - The Business Journals,How rising costs sank a Wauwatosa housing project — and led to a grocery store The Business Journals,local_news,neutral,The Business Journals
NEWS-01373,USR-077,Milwaukee,WI,2026-01-20,"Milwaukee grocery store closures impact vulnerable, nonprofit says - FOX6 News Milwaukee","Milwaukee grocery store closures impact vulnerable, nonprofit says FOX6 News Milwaukee",construction,negative,FOX6 News Milwaukee
NEWS-01374,USR-077,Milwaukee,WI,2026-02-23,Grocery stores are leaving Milwaukee at an alarming rate. Here's what we know - Milwaukee Journal Sentinel,Grocery stores are leaving Milwaukee at an alarming rate. Here's what we know Milwaukee Journal Sentinel,local_news,neutral,Milwaukee Journal Sentinel
NEWS-01375,USR-077,Milwaukee,WI,2026-03-11,"As Milwaukee grocery stores close, community steps in to fill void - Milwaukee Neighborhood News Service","As Milwaukee grocery stores close, community steps in to fill void Milwaukee Neighborhood News Service",local_news,neutral,Milwaukee Neighborhood News Service
NEWS-01376,USR-077,Milwaukee,WI,2026-05-05,Walgreens is shutting down this Milwaukee store due to 'safety challenges' - WISN,Walgreens is shutting down this Milwaukee store due to 'safety challenges' WISN,local_news,neutral,WISN
NEWS-01377,USR-077,Milwaukee,WI,2026-02-06,"Milwaukee aldermen want city to take action to attract and retain grocery stores, pharmacies - BizTimes - Milwaukee Business News","Milwaukee aldermen want city to take action to attract and retain grocery stores, pharmacies BizTimes - Milwaukee Business News",local_news,neutral,BizTimes - Milwaukee Business News
NEWS-01378,USR-078,Albuquerque,NM,2025-12-24,"Here’s what stores are open, and which ones are closed, on Christmas - KRQE","Here’s what stores are open, and which ones are closed, on Christmas KRQE",local_news,neutral,KRQE
NEWS-01379,USR-078,Albuquerque,NM,2025-09-12,Safeway grocery store in Farmington to close this fall - KOB.com,Safeway grocery store in Farmington to close this fall KOB.com,local_news,neutral,KOB.com
NEWS-01380,USR-078,Albuquerque,NM,2025-11-24,Here's what stores are open and closed on Thanksgiving Day 2025 - Business Insider,Here's what stores are open and closed on Thanksgiving Day 2025 Business Insider,local_news,neutral,Business Insider
NEWS-01381,USR-078,Albuquerque,NM,2026-03-15,"Dennis Rivera Obituary (2026) - Albuquerque, NM - Albuquerque Journal - Legacy obituary","Dennis Rivera Obituary (2026) - Albuquerque, NM - Albuquerque Journal Legacy obituary",local_news,neutral,Legacy obituary
NEWS-01382,USR-078,Albuquerque,NM,2025-09-10,Safeway closing 10 stores across three states. See the list. - USA Today,Safeway closing 10 stores across three states. See the list. USA Today,local_news,neutral,USA Today
NEWS-01383,USR-078,Albuquerque,NM,2025-08-27,The Busiest Grocery Chains in Every State - Cheapism,The Busiest Grocery Chains in Every State Cheapism,local_news,neutral,Cheapism
NEWS-01384,USR-078,Albuquerque,NM,2026-06-02,Person stabbed outside of Smith's store In Albuquerque - KOAT,Person stabbed outside of Smith's store In Albuquerque KOAT,local_news,neutral,KOAT
NEWS-01385,USR-078,Albuquerque,NM,2026-05-26,Silver Street Market for sale after 10 years in Albuquerque - The Business Journals,Silver Street Market for sale after 10 years in Albuquerque The Business Journals,local_news,neutral,The Business Journals
NEWS-01386,USR-078,Albuquerque,NM,2026-05-07,Downtown Albuquerque grocery store up for sale - 96.3 KKOB,Downtown Albuquerque grocery store up for sale 96.3 KKOB,local_news,neutral,96.3 KKOB
NEWS-01387,USR-078,Albuquerque,NM,2026-03-15,Body found behind grocery store in North Valley - KOB.com,Body found behind grocery store in North Valley KOB.com,local_news,neutral,KOB.com
NEWS-01388,USR-078,Albuquerque,NM,2026-03-14,"Person Found Dead in Grocery Store Parking Lot, Homicide Detectives Called Out - ABQ RAW","Person Found Dead in Grocery Store Parking Lot, Homicide Detectives Called Out ABQ RAW",local_news,neutral,ABQ RAW
NEWS-01389,USR-078,Albuquerque,NM,2026-05-08,Downtown Albuquerque grocery store sale raises food access concerns - KOAT,Downtown Albuquerque grocery store sale raises food access concerns KOAT,local_news,neutral,KOAT
NEWS-01390,USR-078,Albuquerque,NM,2026-05-07,American Home Furniture closing Comanche store in Albuquerque - Albuquerque Journal,American Home Furniture closing Comanche store in Albuquerque Albuquerque Journal,local_news,neutral,Albuquerque Journal
NEWS-01391,USR-078,Albuquerque,NM,2026-02-13,97-Year-Old New Mexico Jewelry Store To Close - nationaljeweler.com,97-Year-Old New Mexico Jewelry Store To Close nationaljeweler.com,local_news,neutral,nationaljeweler.com
NEWS-01392,USR-078,Albuquerque,NM,2026-04-16,Ollie’s Bargain Outlet plots New Mexico debut after opening dozens of stores recently - The Business Journals,Ollie’s Bargain Outlet plots New Mexico debut after opening dozens of stores recently The Business Journals,new_competitor,neutral,The Business Journals
NEWS-01393,USR-078,Albuquerque,NM,2026-02-05,Four arrested in alleged $50K Ulta thefts across Albuquerque - Albuquerque Journal,Four arrested in alleged $50K Ulta thefts across Albuquerque Albuquerque Journal,local_news,neutral,Albuquerque Journal
NEWS-01394,USR-078,Albuquerque,NM,2025-11-27,Stores open on Thanksgiving for last-minute shopping in Albuquerque - KOAT,Stores open on Thanksgiving for last-minute shopping in Albuquerque KOAT,local_news,neutral,KOAT
NEWS-01395,USR-078,Albuquerque,NM,2025-09-05,"By the #s: More than half of NM groceries, convenience stores at ‘high risk’ due to SNAP cuts - Source New Mexico","By the #s: More than half of NM groceries, convenience stores at ‘high risk’ due to SNAP cuts Source New Mexico",local_news,neutral,Source New Mexico
NEWS-01396,USR-079,Tucson,AZ,2026-06-09,Sprouts Farmers Market expands Valley footprint as company nears 500-store milestone - The Business Journals,Sprouts Farmers Market expands Valley footprint as company nears 500-store milestone The Business Journals,local_news,neutral,The Business Journals
NEWS-01397,USR-079,Tucson,AZ,2025-11-18,What stores are open and closed on Thanksgiving 2025? Here’s what to know - KOLD,What stores are open and closed on Thanksgiving 2025? Here’s what to know KOLD,local_news,neutral,KOLD
NEWS-01398,USR-079,Tucson,AZ,2026-01-11,Tucson's southeast side to get Costco and Sprouts - Arizona Daily Star,Tucson's southeast side to get Costco and Sprouts Arizona Daily Star,local_news,neutral,Arizona Daily Star
NEWS-01399,USR-079,Tucson,AZ,2026-04-03,Which Arizona grocery stores are open on Easter? See holiday hours - azcentral.com and The Arizona Republic,Which Arizona grocery stores are open on Easter? See holiday hours azcentral.com and The Arizona Republic,local_news,neutral,azcentral.com and The Arizona Republic
NEWS-01400,USR-079,Tucson,AZ,2025-11-12,Jack Sinclair Is a Retail Radical - The Robin Report,Jack Sinclair Is a Retail Radical The Robin Report,local_news,neutral,The Robin Report
NEWS-01401,USR-079,Tucson,AZ,2025-12-30,Phoenix grocery stores open on New Year’s Eve and Day - Phoenix New Times,Phoenix grocery stores open on New Year’s Eve and Day Phoenix New Times,local_news,neutral,Phoenix New Times
NEWS-01402,USR-079,Tucson,AZ,2026-03-24,Tucson grocery stores brace for higher prices as diesel costs surge - KOLD,Tucson grocery stores brace for higher prices as diesel costs surge KOLD,local_news,neutral,KOLD
NEWS-01403,USR-079,Tucson,AZ,2026-02-19,Trader Joe’s announces new Tucson store as “Coming Soon” to 2150 E. Broadway Blvd. - Real Estate Daily News,Trader Joe’s announces new Tucson store as “Coming Soon” to 2150 E. Broadway Blvd. Real Estate Daily News,construction,negative,Real Estate Daily News
NEWS-01404,USR-079,Tucson,AZ,2026-04-20,Food Conspiracy Co-op turns 53 — and expands its footprint 🍎 - Arizona Daily Star,Food Conspiracy Co-op turns 53 — and expands its footprint 🍎 Arizona Daily Star,local_news,neutral,Arizona Daily Star
NEWS-01405,USR-079,Tucson,AZ,2025-10-03,Food City closure leaves South Tucson without major grocery store - KGUN 9,Food City closure leaves South Tucson without major grocery store KGUN 9,construction,negative,KGUN 9
NEWS-01406,USR-079,Tucson,AZ,2026-03-31,Trader Joe’s unveils plans for 8 more stores - Grocery Dive,Trader Joe’s unveils plans for 8 more stores Grocery Dive,local_news,neutral,Grocery Dive
NEWS-01407,USR-079,Tucson,AZ,2025-10-04,"South Tucson's sole grocery store, Food City, shuts doors for good - KVOA","South Tucson's sole grocery store, Food City, shuts doors for good KVOA",local_news,neutral,KVOA
NEWS-01408,USR-079,Tucson,AZ,2026-06-05,"Macy's at Park Place is closing, liquidating inventory - Arizona Daily Star","Macy's at Park Place is closing, liquidating inventory Arizona Daily Star",local_news,neutral,Arizona Daily Star
NEWS-01409,USR-079,Tucson,AZ,2025-09-30,Union finds new urgency as Starbucks shutters 7 Tucson stores & 100s of others across U.S. - Tucson Sentinel,Union finds new urgency as Starbucks shutters 7 Tucson stores & 100s of others across U.S. Tucson Sentinel,local_news,neutral,Tucson Sentinel
NEWS-01410,USR-079,Tucson,AZ,2026-04-05,Payless Closing 7 Stores in Arizona Immediately - Real Estate Daily News,Payless Closing 7 Stores in Arizona Immediately Real Estate Daily News,local_news,neutral,Real Estate Daily News
NEWS-01411,USR-079,Tucson,AZ,2025-09-25,At least seven Starbucks in Tucson to close Sunday - KOLD,At least seven Starbucks in Tucson to close Sunday KOLD,local_news,neutral,KOLD
NEWS-01412,USR-079,Tucson,AZ,2025-10-08,85-year-old grocery store chain closure causes major problem - thestreet.com,85-year-old grocery store chain closure causes major problem thestreet.com,construction,negative,thestreet.com
NEWS-01413,USR-080,Fresno,CA,2026-06-17,Mini totes mania at Trader Joe’s: Here’s what the line looked like in Fresno - Fresno Bee,Mini totes mania at Trader Joe’s: Here’s what the line looked like in Fresno Fresno Bee,local_news,neutral,Fresno Bee
NEWS-01414,USR-080,Fresno,CA,2025-09-05,USDA issues public health alert for Trader Joe's Uncured Pepperoni Pizza sold at stores across California - ABC30 Fresno,USDA issues public health alert for Trader Joe's Uncured Pepperoni Pizza sold at stores across California ABC30 Fresno,local_news,neutral,ABC30 Fresno
NEWS-01415,USR-080,Fresno,CA,2026-05-21,Is Save Mart open in Fresno on Memorial Day? Vons? See hours for local stores - Fresno Bee,Is Save Mart open in Fresno on Memorial Day? Vons? See hours for local stores Fresno Bee,local_news,neutral,Fresno Bee
NEWS-01416,USR-080,Fresno,CA,2026-02-16,"Stolen wallet leads to over $5,000 in fraudulent charges at stores and online - KMPH","Stolen wallet leads to over $5,000 in fraudulent charges at stores and online KMPH",local_news,neutral,KMPH
NEWS-01417,USR-080,Fresno,CA,2026-02-19,Jimmy Pardini’s Strada sandwich shop coming to north Fresno’s Park Cross expansion - thebusinessjournal.com,Jimmy Pardini’s Strada sandwich shop coming to north Fresno’s Park Cross expansion thebusinessjournal.com,local_news,neutral,thebusinessjournal.com
NEWS-01418,USR-080,Fresno,CA,2025-09-17,"Aldi, Trader Joe’s, and More Grocery Stores Opening 87 New Locations - bestlifeonline.com","Aldi, Trader Joe’s, and More Grocery Stores Opening 87 New Locations bestlifeonline.com",new_competitor,neutral,bestlifeonline.com
NEWS-01419,USR-080,Fresno,CA,2025-10-28,Sprouts at Fresno’s Fancher Creek will be opening soon - yourcentralvalley.com,Sprouts at Fresno’s Fancher Creek will be opening soon yourcentralvalley.com,new_competitor,neutral,yourcentralvalley.com
NEWS-01420,USR-080,Fresno,CA,2026-03-09,Grocery Outlet to close stores across US. Which ones are shutting in California? - Sacramento Bee,Grocery Outlet to close stores across US. Which ones are shutting in California? Sacramento Bee,local_news,neutral,Sacramento Bee
NEWS-01421,USR-080,Fresno,CA,2025-11-26,"What stores are open, closed on Thanksgiving 2025? Grocery, drugstores and more; stores opening for Black Friday - ABC30 Fresno","What stores are open, closed on Thanksgiving 2025? Grocery, drugstores and more; stores opening for Black Friday ABC30 Fresno",new_competitor,neutral,ABC30 Fresno
NEWS-01422,USR-080,Fresno,CA,2026-04-22,Popular Latino grocery chain to open location in Merced. Here’s when and where - Merced Sun-Star,Popular Latino grocery chain to open location in Merced. Here’s when and where Merced Sun-Star,local_news,neutral,Merced Sun-Star
NEWS-01423,USR-080,Fresno,CA,2026-04-03,Is Costco open in Fresno on Easter? Save Mart? See when stores will be closed - Fresno Bee,Is Costco open in Fresno on Easter? Save Mart? See when stores will be closed Fresno Bee,local_news,neutral,Fresno Bee
NEWS-01424,USR-080,Fresno,CA,2026-03-30,Fresno furniture store closing after 40+ years - ABC30 Fresno,Fresno furniture store closing after 40+ years ABC30 Fresno,local_news,neutral,ABC30 Fresno
NEWS-01425,USR-080,Fresno,CA,2026-02-25,GW School Supply is closing a store in Fresno - yourcentralvalley.com,GW School Supply is closing a store in Fresno yourcentralvalley.com,local_news,neutral,yourcentralvalley.com
NEWS-01426,USR-080,Fresno,CA,2026-02-23,Eddie Bauer’s Fresno store faces closure by April 30 amid Chapter 11 - thebusinessjournal.com,Eddie Bauer’s Fresno store faces closure by April 30 amid Chapter 11 thebusinessjournal.com,construction,negative,thebusinessjournal.com
NEWS-01427,USR-080,Fresno,CA,2025-09-29,Starbucks to Close Hundreds of Stores. Which Fresno Stores Are on the List? - GV Wire,Starbucks to Close Hundreds of Stores. Which Fresno Stores Are on the List? GV Wire,local_news,neutral,GV Wire
NEWS-01428,USR-081,Sacramento,CA,2026-04-16,"Walmart Deepens Commitment to California, Fueling Long-Term Impact and Future Statewide Investments - Business Wire","Walmart Deepens Commitment to California, Fueling Long-Term Impact and Future Statewide Investments Business Wire",local_news,neutral,Business Wire
NEWS-01429,USR-081,Sacramento,CA,2026-04-16,56 California Walmart stores are getting overhauls as spending tops $1.1B - Stock Titan,56 California Walmart stores are getting overhauls as spending tops $1.1B Stock Titan,local_news,neutral,Stock Titan
NEWS-01430,USR-081,Sacramento,CA,2025-12-29,Is Costco open on New Year’s Eve? How about Walmart? See store holiday hours - Sacramento Bee,Is Costco open on New Year’s Eve? How about Walmart? See store holiday hours Sacramento Bee,local_news,neutral,Sacramento Bee
NEWS-01431,USR-081,Sacramento,CA,2026-02-01,Walmart might anchor planned Lincoln shopping center - The Business Journals,Walmart might anchor planned Lincoln shopping center The Business Journals,local_news,neutral,The Business Journals
NEWS-01432,USR-081,Sacramento,CA,2026-03-31,Walmart’s NewFront Vision: Content-to-Commerce (by Michael Goodman) - TheDesk.net,Walmart’s NewFront Vision: Content-to-Commerce (by Michael Goodman) TheDesk.net,local_news,neutral,TheDesk.net
NEWS-01433,USR-081,Sacramento,CA,2026-03-06,"143-year-old grocery chain closes more locations, lays off dozens - thestreet.com","143-year-old grocery chain closes more locations, lays off dozens thestreet.com",local_news,neutral,thestreet.com
NEWS-01434,USR-081,Sacramento,CA,2026-02-09,"Celebrating Black History: Sacramento store owners bring fresh food, opportunity to Arden-Arcade - KCRA","Celebrating Black History: Sacramento store owners bring fresh food, opportunity to Arden-Arcade KCRA",local_news,neutral,KCRA
NEWS-01435,USR-081,Sacramento,CA,2026-03-19,What are California’s cheapest grocery stores? What to know as prices rise - Sacramento Bee,What are California’s cheapest grocery stores? What to know as prices rise Sacramento Bee,local_news,neutral,Sacramento Bee
NEWS-01436,USR-081,Sacramento,CA,2025-12-23,"Open, Closed in California | Store holiday hours on Christmas - ABC10","Open, Closed in California | Store holiday hours on Christmas ABC10",local_news,neutral,ABC10
NEWS-01437,USR-081,Sacramento,CA,2025-12-23,Which Sacramento stores are open and closed on Christmas Day? - FOX40,Which Sacramento stores are open and closed on Christmas Day? FOX40,local_news,neutral,FOX40
NEWS-01438,USR-081,Sacramento,CA,2025-12-30,Ban on Plastic Bags being Provided at Grocery Store Checkouts Takes Effect on Thursday - California State Portal | CA.gov,Ban on Plastic Bags being Provided at Grocery Store Checkouts Takes Effect on Thursday California State Portal | CA.gov,local_news,neutral,California State Portal | CA.gov
NEWS-01439,USR-081,Sacramento,CA,2025-09-02,Grocery Outlet Fresh Start - Carmichael Times,Grocery Outlet Fresh Start Carmichael Times,local_news,neutral,Carmichael Times
NEWS-01440,USR-081,Sacramento,CA,2026-06-18,National retailer to shut 59 stores. Which California locations are closing? - Sacramento Bee,National retailer to shut 59 stores. Which California locations are closing? Sacramento Bee,local_news,neutral,Sacramento Bee
NEWS-01441,USR-081,Sacramento,CA,2026-02-06,Retail theft operation at a Dollar Tree store leads to 21 arrests in Sacramento County - KCRA,Retail theft operation at a Dollar Tree store leads to 21 arrests in Sacramento County KCRA,local_news,neutral,KCRA
NEWS-01442,USR-081,Sacramento,CA,2026-06-16,National boating retailer announces store closings. Where are stores shutting? - Sacramento Bee,National boating retailer announces store closings. Where are stores shutting? Sacramento Bee,local_news,neutral,Sacramento Bee
NEWS-01443,USR-081,Sacramento,CA,2026-01-22,Raley’s to shutter 2 California stores - Grocery Dive,Raley’s to shutter 2 California stores Grocery Dive,local_news,neutral,Grocery Dive
NEWS-01444,USR-082,Kansas City,MO,2026-04-04,These 4 Kansas City-area grocery store chains will close for Easter 2026 - Kansas City Star,These 4 Kansas City-area grocery store chains will close for Easter 2026 Kansas City Star,local_news,neutral,Kansas City Star
NEWS-01445,USR-082,Kansas City,MO,2026-03-29,Blue Springs police to increase presence after arrest of juvenile at 'truck meet-up' Saturday night - KSHB 41 Kansas City,Blue Springs police to increase presence after arrest of juvenile at 'truck meet-up' Saturday night KSHB 41 Kansas City,local_news,neutral,KSHB 41 Kansas City
NEWS-01446,USR-082,Kansas City,MO,2026-03-15,Lee’s Summit officer dragged by car while trying to arrest shoplifting suspect - FOX4KC.com,Lee’s Summit officer dragged by car while trying to arrest shoplifting suspect FOX4KC.com,local_news,neutral,FOX4KC.com
NEWS-01447,USR-082,Kansas City,MO,2026-02-02,Marijuana companies sue dozens of smoke shops for selling THCA hemp flower - Missouri Independent,Marijuana companies sue dozens of smoke shops for selling THCA hemp flower Missouri Independent,local_news,neutral,Missouri Independent
NEWS-01448,USR-082,Kansas City,MO,2026-03-24,"Target to anchor new retail center in Farmington, developer's first big Missouri project - The Business Journals","Target to anchor new retail center in Farmington, developer's first big Missouri project The Business Journals",local_news,neutral,The Business Journals
NEWS-01449,USR-082,Kansas City,MO,2025-12-18,KC shoppers wrap up last-minute holiday to-dos; final shipping deadlines near - KMBC,KC shoppers wrap up last-minute holiday to-dos; final shipping deadlines near KMBC,local_news,neutral,KMBC
NEWS-01450,USR-082,Kansas City,MO,2026-06-17,Murder charges filed for double homicide in Kansas City grocery store parking lot - KCTV,Murder charges filed for double homicide in Kansas City grocery store parking lot KCTV,local_news,neutral,KCTV
NEWS-01451,USR-082,Kansas City,MO,2026-05-27,Popular grocery store will open new location in the Northland. What to expect - Kansas City Star,Popular grocery store will open new location in the Northland. What to expect Kansas City Star,local_news,neutral,Kansas City Star
NEWS-01452,USR-082,Kansas City,MO,2026-05-20,"United Market opens in Kansas City's Linwood Shopping Center, bringing fresh food back to Prospect - KSHB 41 Kansas City","United Market opens in Kansas City's Linwood Shopping Center, bringing fresh food back to Prospect KSHB 41 Kansas City",local_news,neutral,KSHB 41 Kansas City
NEWS-01453,USR-082,Kansas City,MO,2026-05-14,United Market KC grocery store set to open on May 20th at 31st and Prospect - Spectrum News,United Market KC grocery store set to open on May 20th at 31st and Prospect Spectrum News,local_news,neutral,Spectrum News
NEWS-01454,USR-082,Kansas City,MO,2026-03-06,Nonprofit developer sues Kansas City over the closing of troubled Sun Fresh grocery store - KCUR,Nonprofit developer sues Kansas City over the closing of troubled Sun Fresh grocery store KCUR,local_news,neutral,KCUR
NEWS-01455,USR-082,Kansas City,MO,2026-05-19,United Market grocery store to open on Prospect Avenue - FOX4KC.com,United Market grocery store to open on Prospect Avenue FOX4KC.com,local_news,neutral,FOX4KC.com
NEWS-01456,USR-082,Kansas City,MO,2026-04-14,"Painted Tree closing dozens of locations, including Overland Park and Kansas City stores - KCTV","Painted Tree closing dozens of locations, including Overland Park and Kansas City stores KCTV",local_news,neutral,KCTV
NEWS-01457,USR-082,Kansas City,MO,2026-01-22,Retail Rebel closing the majority of its Kansas City-area stores - FOX4KC.com,Retail Rebel closing the majority of its Kansas City-area stores FOX4KC.com,local_news,neutral,FOX4KC.com
NEWS-01458,USR-082,Kansas City,MO,2026-03-05,"Kansas City grocery operators sue city, alleging crime and neglect forced store to close - KMBC","Kansas City grocery operators sue city, alleging crime and neglect forced store to close KMBC",local_news,neutral,KMBC
NEWS-01459,USR-083,Atlanta,GA,2025-12-31,"New Year's GA Grocery Store Hours 2026: Aldi, Kroger And Target - Patch","New Year's GA Grocery Store Hours 2026: Aldi, Kroger And Target Patch",local_news,neutral,Patch
NEWS-01460,USR-083,Atlanta,GA,2025-12-24,These stores and restaurants will be open on Christmas Day 2025 - 11Alive.com,These stores and restaurants will be open on Christmas Day 2025 11Alive.com,local_news,neutral,11Alive.com
NEWS-01461,USR-083,Atlanta,GA,2026-04-04,"Are Any Stores Open On Easter Sunday In Atlanta? Easter Hours For Walmart, Target, Publix, Kroger, Waffle House & More - Secret Atlanta","Are Any Stores Open On Easter Sunday In Atlanta? Easter Hours For Walmart, Target, Publix, Kroger, Waffle House & More Secret Atlanta",local_news,neutral,Secret Atlanta
NEWS-01462,USR-083,Atlanta,GA,2026-01-05,These grocery store chains are opening new locations in Georgia in 2026 - Savannah Morning News,These grocery store chains are opening new locations in Georgia in 2026 Savannah Morning News,new_competitor,neutral,Savannah Morning News
NEWS-01463,USR-083,Atlanta,GA,2025-12-30,List of Georgia grocery stores open on New Year’s Day 2026 - The Augusta Chronicle,List of Georgia grocery stores open on New Year’s Day 2026 The Augusta Chronicle,local_news,neutral,The Augusta Chronicle
NEWS-01464,USR-083,Atlanta,GA,2026-02-10,Kroger appoints new president overseeing 120 Michigan stores - WJRT ABC12,Kroger appoints new president overseeing 120 Michigan stores WJRT ABC12,local_news,neutral,WJRT ABC12
NEWS-01465,USR-083,Atlanta,GA,2026-06-17,"Georgia grocery store worker gets 300-year sentence for having 266,000 child porn files - WSB-TV","Georgia grocery store worker gets 300-year sentence for having 266,000 child porn files WSB-TV",local_news,neutral,WSB-TV
NEWS-01466,USR-083,Atlanta,GA,2026-06-09,"New Trader Joe's location coming to GA. Here's where, when it opens - Savannah Morning News","New Trader Joe's location coming to GA. Here's where, when it opens Savannah Morning News",local_news,neutral,Savannah Morning News
NEWS-01467,USR-083,Atlanta,GA,2026-04-01,Easter 2026 Grocery And Retail Hours: What’s Open And Closed In GA - Patch,Easter 2026 Grocery And Retail Hours: What’s Open And Closed In GA Patch,local_news,neutral,Patch
NEWS-01468,USR-083,Atlanta,GA,2025-12-18,"2025 holiday grocery store hours, travel and weather in metro Atlanta - WABE","2025 holiday grocery store hours, travel and weather in metro Atlanta WABE",weather,negative,WABE
NEWS-01469,USR-083,Atlanta,GA,2026-01-23,Grocers say don’t ‘panic-buy’ as Georgians hit stores before winter storm - AJC.com,Grocers say don’t ‘panic-buy’ as Georgians hit stores before winter storm AJC.com,weather,negative,AJC.com
NEWS-01470,USR-083,Atlanta,GA,2026-01-29,Study: Trader Joe’s replaces Publix as No. 1 grocery store for customer satisfaction - Atlanta News First,Study: Trader Joe’s replaces Publix as No. 1 grocery store for customer satisfaction Atlanta News First,local_news,neutral,Atlanta News First
NEWS-01471,USR-083,Atlanta,GA,2026-03-26,"These GA Stores Among More Than 1,400 In US Expected To Close In 2026 - Patch","These GA Stores Among More Than 1,400 In US Expected To Close In 2026 Patch",local_news,neutral,Patch
NEWS-01472,USR-083,Atlanta,GA,2026-06-03,Barnes & Noble store closing after 30 years; gas station chain purchased building - WSB-TV,Barnes & Noble store closing after 30 years; gas station chain purchased building WSB-TV,local_news,neutral,WSB-TV
NEWS-01473,USR-083,Atlanta,GA,2026-06-02,Metro Atlanta's beloved 2-story Barnes & Noble is closing this summer — Big Book Closing Sale offers 30-50% off in-stock merchandise - Secret Atlanta,Metro Atlanta's beloved 2-story Barnes & Noble is closing this summer — Big Book Closing Sale offers 30-50% off in-stock merchandise Secret Atlanta,local_news,neutral,Secret Atlanta
NEWS-01474,USR-083,Atlanta,GA,2026-04-20,Atlanta: [EXCLUSIVE] Gap Closing Suburban Store as Chain Continues to Shrink in Size - tonetoatl.com,Atlanta: [EXCLUSIVE] Gap Closing Suburban Store as Chain Continues to Shrink in Size tonetoatl.com,local_news,neutral,tonetoatl.com
NEWS-01475,USR-083,Atlanta,GA,2026-04-09,News | Why do these landlords object to Burlington replacing Saks Off 5th? It’s all about retail curation. - CoStar,News | Why do these landlords object to Burlington replacing Saks Off 5th? It’s all about retail curation. CoStar,local_news,neutral,CoStar
NEWS-01476,USR-083,Atlanta,GA,2025-12-11,Another business to close at Atlantic Station; residents say their community is ‘crumbling’ - Atlanta News First,Another business to close at Atlantic Station; residents say their community is ‘crumbling’ Atlanta News First,local_news,neutral,Atlanta News First
NEWS-01477,USR-083,Atlanta,GA,2025-07-10,Atlanta Kroger drivers plan practice picket as new store breaks ground,"Teamsters Local 528 drivers to hold practice picket at Forest Park fulfillment center Workers demand fair wages, benefits, and job protections Kroger to break ground on new 123,000 sq. ft. Marketplace ...",new_competitor,neutral,bing.com
NEWS-01478,USR-084,Miami,FL,2026-06-08,Sam's Club cashes in on $3M remodel of this Texas store - MySA,Sam's Club cashes in on $3M remodel of this Texas store MySA,local_news,neutral,MySA
NEWS-01479,USR-084,Miami,FL,2026-01-05,"Costco opening Florida distribution center. Here's where, when - Treasure Coast News","Costco opening Florida distribution center. Here's where, when Treasure Coast News",new_competitor,neutral,Treasure Coast News
NEWS-01480,USR-084,Miami,FL,2026-05-13,New Florida Costco coming? Warehouse retailer buys site for $55 million - The News-Press,New Florida Costco coming? Warehouse retailer buys site for $55 million The News-Press,local_news,neutral,The News-Press
NEWS-01481,USR-084,Miami,FL,2026-05-20,Publix open on Memorial Day? Costco? Mall hours? Check changes in South Florida - Miami Herald,Publix open on Memorial Day? Costco? Mall hours? Check changes in South Florida Miami Herald,local_news,neutral,Miami Herald
NEWS-01482,USR-084,Miami,FL,2026-03-09,Costco to open 28 new stores this year. Any in Florida? - The Palm Beach Post,Costco to open 28 new stores this year. Any in Florida? The Palm Beach Post,new_competitor,neutral,The Palm Beach Post
NEWS-01483,USR-084,Miami,FL,2026-05-07,New Florida Costco gets June opening date - Pensacola News Journal,New Florida Costco gets June opening date Pensacola News Journal,new_competitor,neutral,Pensacola News Journal
NEWS-01484,USR-084,Miami,FL,2026-05-28,A $20 smoothie and $67 steak? Prices at Miami store hit the wallet — and a nerve - Miami Herald,A $20 smoothie and $67 steak? Prices at Miami store hit the wallet — and a nerve Miami Herald,local_news,neutral,Miami Herald
NEWS-01485,USR-084,Miami,FL,2026-05-22,"Memorial Day grocery rush in Florida: Most stores stay open, but one giant shuts - WPEC","Memorial Day grocery rush in Florida: Most stores stay open, but one giant shuts WPEC",local_news,neutral,WPEC
NEWS-01486,USR-084,Miami,FL,2026-05-12,An Erewhon-style gourmet grocer called Nude Miami is coming soon - Time Out Worldwide,An Erewhon-style gourmet grocer called Nude Miami is coming soon Time Out Worldwide,local_news,neutral,Time Out Worldwide
NEWS-01487,USR-084,Miami,FL,2026-04-23,Your Palm Beach County ALDI could look different soon. Here’s why. - The Palm Beach Post,Your Palm Beach County ALDI could look different soon. Here’s why. The Palm Beach Post,local_news,neutral,The Palm Beach Post
NEWS-01488,USR-084,Miami,FL,2026-05-06,How to save money at the grocery store as prices continue to rise - CBS News,How to save money at the grocery store as prices continue to rise CBS News,local_news,neutral,CBS News
NEWS-01489,USR-084,Miami,FL,2026-05-11,"Lease roundup: SPOT Market grocery/cafe launches in Fort Lauderdale, Davie - The Real Deal","Lease roundup: SPOT Market grocery/cafe launches in Fort Lauderdale, Davie The Real Deal",local_news,neutral,The Real Deal
NEWS-01490,USR-084,Miami,FL,2026-05-25,What's open and closed in South Florida during Memorial Day 2026 - NBC 6 South Florida,What's open and closed in South Florida during Memorial Day 2026 NBC 6 South Florida,local_news,neutral,NBC 6 South Florida
NEWS-01491,USR-084,Miami,FL,2026-05-04,Major Clothing Retailer In FL Closing 150 U.S. Stores - Patch,Major Clothing Retailer In FL Closing 150 U.S. Stores Patch,local_news,neutral,Patch
NEWS-01492,USR-084,Miami,FL,2026-04-04,"Which Stores Are Open And Closed On Easter In Miami 2026: Walmart, Whole Foods, Aldi Hours - Secret Miami","Which Stores Are Open And Closed On Easter In Miami 2026: Walmart, Whole Foods, Aldi Hours Secret Miami",local_news,neutral,Secret Miami
NEWS-01493,USR-084,Miami,FL,2026-03-24,"Is Publix open on Easter Sunday? See open, closed retails stores in Florida - Daytona Beach News-Journal","Is Publix open on Easter Sunday? See open, closed retails stores in Florida Daytona Beach News-Journal",local_news,neutral,Daytona Beach News-Journal
NEWS-01494,USR-084,Miami,FL,2025-12-29,"What time do Florida stores open, close on New Year's Eve and New Year's Day? - Florida Today","What time do Florida stores open, close on New Year's Eve and New Year's Day? Florida Today",local_news,neutral,Florida Today
NEWS-01495,USR-085,Tampa,FL,2025-11-26,"Thanksgiving Grocery, Black Friday Retail Hours: What’s Open, Closed In FL - Patch","Thanksgiving Grocery, Black Friday Retail Hours: What’s Open, Closed In FL Patch",local_news,neutral,Patch
NEWS-01496,USR-085,Tampa,FL,2025-12-21,What's open and closed on Christmas Day 2025 - LiveNOW from FOX,What's open and closed on Christmas Day 2025 LiveNOW from FOX,local_news,neutral,LiveNOW from FOX
NEWS-01497,USR-085,Tampa,FL,2015-09-10,Albertsons die-hards support Tampa Bay's last store - Tampa Bay Times,Albertsons die-hards support Tampa Bay's last store Tampa Bay Times,local_news,neutral,Tampa Bay Times
NEWS-01498,USR-085,Tampa,FL,2017-10-06,Albertsons to Close Its Original Clearwater Location Next Month - AndNowUKnow,Albertsons to Close Its Original Clearwater Location Next Month AndNowUKnow,local_news,neutral,AndNowUKnow
NEWS-01499,USR-085,Tampa,FL,2020-04-03,Developer purchases former Albertsons location on U.S. 41 in Venice - Colliers,Developer purchases former Albertsons location on U.S. 41 in Venice Colliers,local_news,neutral,Colliers
NEWS-01500,USR-085,Tampa,FL,2025-12-22,"Here’s what stores are open, and which ones are closed, on Christmas - ABC7 WWSB","Here’s what stores are open, and which ones are closed, on Christmas ABC7 WWSB",local_news,neutral,ABC7 WWSB
NEWS-01501,USR-085,Tampa,FL,2026-06-10,Sprouts adding Buddy Brew Coffee cafes to 10 Florida stores - Sarasota Herald-Tribune,Sprouts adding Buddy Brew Coffee cafes to 10 Florida stores Sarasota Herald-Tribune,local_news,neutral,Sarasota Herald-Tribune
NEWS-01502,USR-085,Tampa,FL,2026-04-04,What grocery stores are open on Easter across Tampa Bay? - wtsp.com,What grocery stores are open on Easter across Tampa Bay? wtsp.com,local_news,neutral,wtsp.com
NEWS-01503,USR-085,Tampa,FL,2026-04-14,"Proposed grocery store in Sulphur Springs marks major step, but no deal yet - Bay News 9","Proposed grocery store in Sulphur Springs marks major step, but no deal yet Bay News 9",local_news,neutral,Bay News 9
NEWS-01504,USR-085,Tampa,FL,2026-05-13,"ODDMART world tour launches in Tampa; a pop-up, retro grocery store made of socks - That's So Tampa","ODDMART world tour launches in Tampa; a pop-up, retro grocery store made of socks That's So Tampa",local_news,neutral,That's So Tampa
NEWS-01505,USR-085,Tampa,FL,2025-12-24,"Christmas Eve hours: what's open, what's closed and how shoppers are spending - FOX 13 Tampa Bay","Christmas Eve hours: what's open, what's closed and how shoppers are spending FOX 13 Tampa Bay",local_news,neutral,FOX 13 Tampa Bay
NEWS-01506,USR-085,Tampa,FL,2026-04-01,Easter 2026 Grocery And Retail Hours: What’s Open And Closed In FL - Patch,Easter 2026 Grocery And Retail Hours: What’s Open And Closed In FL Patch,local_news,neutral,Patch
NEWS-01507,USR-085,Tampa,FL,2026-06-17,West Marine closing dozens of stores — including 2 in the Tampa Bay area - wtsp.com,West Marine closing dozens of stores — including 2 in the Tampa Bay area wtsp.com,local_news,neutral,wtsp.com
NEWS-01508,USR-085,Tampa,FL,2026-03-26,"These FL Stores Among More Than 1,400 In US Expected To Close In 2026 - Patch","These FL Stores Among More Than 1,400 In US Expected To Close In 2026 Patch",local_news,neutral,Patch
NEWS-01509,USR-085,Tampa,FL,2026-06-08,Popular Florida paper company expanding to Tampa closes warehouse. 74 jobs lost - Tampa Bay Times,Popular Florida paper company expanding to Tampa closes warehouse. 74 jobs lost Tampa Bay Times,local_news,neutral,Tampa Bay Times
NEWS-01510,USR-085,Tampa,FL,2026-02-10,"Retail landscape in Florida takes another loss, as operator of Eddie Bauer stores shutters locations - Business Observer","Retail landscape in Florida takes another loss, as operator of Eddie Bauer stores shutters locations Business Observer",local_news,neutral,Business Observer
NEWS-01511,USR-085,Tampa,FL,2026-05-28,Apparel Brand That Celebrates Tampa Culture To Open First Retail Store - Patch,Apparel Brand That Celebrates Tampa Culture To Open First Retail Store Patch,local_news,neutral,Patch
NEWS-01512,USR-086,Orlando,FL,2026-06-16,New Publix stores will soon open in these Florida cities - WKMG,New Publix stores will soon open in these Florida cities WKMG,local_news,neutral,WKMG
NEWS-01513,USR-086,Orlando,FL,2026-06-12,Publix eyes new Horizon West store less than a mile from existing location - The Business Journals,Publix eyes new Horizon West store less than a mile from existing location The Business Journals,local_news,neutral,The Business Journals
NEWS-01514,USR-086,Orlando,FL,2026-05-25,Memorial Day: What stores are open in Central Florida? - WESH,Memorial Day: What stores are open in Central Florida? WESH,local_news,neutral,WESH
NEWS-01515,USR-086,Orlando,FL,2026-04-03,"Is Publix open on Easter Sunday? Hours, if stores are open in Florida - Sarasota Herald-Tribune","Is Publix open on Easter Sunday? Hours, if stores are open in Florida Sarasota Herald-Tribune",local_news,neutral,Sarasota Herald-Tribune
NEWS-01516,USR-086,Orlando,FL,2026-05-07,Publix limits open carry of firearms inside stores - WFTV,Publix limits open carry of firearms inside stores WFTV,local_news,neutral,WFTV
NEWS-01517,USR-086,Orlando,FL,2026-05-06,Publix appears to change open-carry policy in Florida stores - Orlando Sentinel,Publix appears to change open-carry policy in Florida stores Orlando Sentinel,local_news,neutral,Orlando Sentinel
NEWS-01518,USR-086,Orlando,FL,2025-12-24,Christmas Day shopping in Central Florida: Which stores are open? - FOX 35 Orlando,Christmas Day shopping in Central Florida: Which stores are open? FOX 35 Orlando,local_news,neutral,FOX 35 Orlando
NEWS-01519,USR-086,Orlando,FL,2026-05-22,"Memorial Day grocery rush in Florida: Most stores stay open, but one giant shuts - WPEC","Memorial Day grocery rush in Florida: Most stores stay open, but one giant shuts WPEC",local_news,neutral,WPEC
NEWS-01520,USR-086,Orlando,FL,2025-11-05,These grocery stores are open on Thanksgiving in Central Florida - WKMG,These grocery stores are open on Thanksgiving in Central Florida WKMG,local_news,neutral,WKMG
NEWS-01521,USR-086,Orlando,FL,2026-02-23,5 Florida Grocery Stores Visitors Actually Plan Trips Around - Southern Living,5 Florida Grocery Stores Visitors Actually Plan Trips Around Southern Living,local_news,neutral,Southern Living
NEWS-01522,USR-086,Orlando,FL,2026-06-09,Wisconsin shoe brand to close lone Central Florida location - The Business Journals,Wisconsin shoe brand to close lone Central Florida location The Business Journals,local_news,neutral,The Business Journals
NEWS-01523,USR-086,Orlando,FL,2026-06-05,"Winter Park-based Rifle Paper closing Seminole warehouse, laying off 74 - Orlando Sentinel","Winter Park-based Rifle Paper closing Seminole warehouse, laying off 74 Orlando Sentinel",local_news,neutral,Orlando Sentinel
NEWS-01524,USR-086,Orlando,FL,2025-12-31,New Year's grocery store hours: What's open and closed? - FOX 35 Orlando,New Year's grocery store hours: What's open and closed? FOX 35 Orlando,local_news,neutral,FOX 35 Orlando
NEWS-01525,USR-086,Orlando,FL,2026-05-17,‘Royal Pop’ frenzy forces shutdown of Swatch store at Mall at Millenia - WKMG,‘Royal Pop’ frenzy forces shutdown of Swatch store at Mall at Millenia WKMG,local_news,neutral,WKMG
NEWS-01526,USR-086,Orlando,FL,2026-03-26,"These FL Stores Among More Than 1,400 In US Expected To Close In 2026 - Patch","These FL Stores Among More Than 1,400 In US Expected To Close In 2026 Patch",local_news,neutral,Patch
NEWS-01527,USR-086,Orlando,FL,2026-01-08,Publix anticipated as anchor for new St. Cloud retail project,"To continue reading this content, please enable JavaScript in your browser settings and refresh this page. Preview this article 1 min A source close to the matter has ...",local_news,neutral,bing.com
NEWS-01528,USR-086,Orlando,FL,2022-12-09,"Publix opens new store in Orlando, Florida","Employee-owned grocery chain Publix Food Markets on Thursday opened its newest store in Orlando, Florida. The 48,387-square-foot store will be located at Town Center at O-Town West, 11055 Daryl Carter ...",new_competitor,neutral,bing.com
NEWS-01529,USR-087,Cleveland,OH,2026-06-22,Pinecrest lands high-end fitness studio Solidcore’s first Ohio location - Crain's Cleveland,Pinecrest lands high-end fitness studio Solidcore’s first Ohio location Crain's Cleveland,local_news,neutral,Crain's Cleveland
NEWS-01530,USR-087,Cleveland,OH,2025-11-26,Prepare well for Thanksgiving— and stores that are open if you forget something - Cleveland.com,Prepare well for Thanksgiving— and stores that are open if you forget something Cleveland.com,local_news,neutral,Cleveland.com
NEWS-01531,USR-087,Cleveland,OH,2025-11-26,These grocery stores are staying open to save your Thanksgiving meal - News 5 Cleveland WEWS,These grocery stores are staying open to save your Thanksgiving meal News 5 Cleveland WEWS,local_news,neutral,News 5 Cleveland WEWS
NEWS-01532,USR-087,Cleveland,OH,2026-05-15,We Ranked 39 Chocolate Chip Cookies From Grocery Stores for National Chocolate Chip Day - Cleveland.com,We Ranked 39 Chocolate Chip Cookies From Grocery Stores for National Chocolate Chip Day Cleveland.com,local_news,neutral,Cleveland.com
NEWS-01533,USR-087,Cleveland,OH,2025-12-31,"Here’s what is open, and what is closed, on New Year’s Day - Cleveland 19 News","Here’s what is open, and what is closed, on New Year’s Day Cleveland 19 News",local_news,neutral,Cleveland 19 News
NEWS-01534,USR-087,Cleveland,OH,2025-11-25,Which grocery stores are open on Thanksgiving Day in Southwest Florida? - Gulf Coast News and Weather,Which grocery stores are open on Thanksgiving Day in Southwest Florida? Gulf Coast News and Weather,weather,negative,Gulf Coast News and Weather
NEWS-01535,USR-087,Cleveland,OH,2026-04-23,A new grocery store is planned for the Central neighborhood. Could this one stick? - Signal Cleveland,A new grocery store is planned for the Central neighborhood. Could this one stick? Signal Cleveland,local_news,neutral,Signal Cleveland
NEWS-01536,USR-087,Cleveland,OH,2026-03-03,Cleveland city council backs bill to fund grocery stores in food deserts - Cleveland 19 News,Cleveland city council backs bill to fund grocery stores in food deserts Cleveland 19 News,local_news,neutral,Cleveland 19 News
NEWS-01537,USR-087,Cleveland,OH,2026-04-04,What’s open and closed on Easter 2026 - Cleveland.com,What’s open and closed on Easter 2026 Cleveland.com,local_news,neutral,Cleveland.com
NEWS-01538,USR-087,Cleveland,OH,2026-03-10,Cleveland Heights’ Grocery Outlet not among stores closing - Cleveland Jewish News,Cleveland Heights’ Grocery Outlet not among stores closing Cleveland Jewish News,local_news,neutral,Cleveland Jewish News
NEWS-01539,USR-087,Cleveland,OH,2026-04-02,Goodwill plans $35 million resource center and grocery store for former St. Vincent site - Crain's Cleveland,Goodwill plans $35 million resource center and grocery store for former St. Vincent site Crain's Cleveland,local_news,neutral,Crain's Cleveland
NEWS-01540,USR-087,Cleveland,OH,2026-06-17,"One World Shop, Northeast Ohio’s oldest fair trade store, to close at end of June - Cleveland.com","One World Shop, Northeast Ohio’s oldest fair trade store, to close at end of June Cleveland.com",local_news,neutral,Cleveland.com
NEWS-01541,USR-087,Cleveland,OH,2025-12-16,Northeast Ohio loses more Family Dollar stores - News 5 Cleveland WEWS,Northeast Ohio loses more Family Dollar stores News 5 Cleveland WEWS,local_news,neutral,News 5 Cleveland WEWS
NEWS-01542,USR-087,Cleveland,OH,2026-05-27,Ohio sees 28 Family Dollar store closures since summer 2025 - The Columbus Dispatch,Ohio sees 28 Family Dollar store closures since summer 2025 The Columbus Dispatch,construction,negative,The Columbus Dispatch
NEWS-01543,USR-087,Cleveland,OH,2026-03-07,Grocery Outlet to close 4 'underperforming' stores in Northeast Ohio - WKYC,Grocery Outlet to close 4 'underperforming' stores in Northeast Ohio WKYC,local_news,neutral,WKYC
NEWS-01544,USR-087,Cleveland,OH,2026-03-06,Grocery Outlet closing several NEO stores after growing too quickly - Crain's Cleveland,Grocery Outlet closing several NEO stores after growing too quickly Crain's Cleveland,local_news,neutral,Crain's Cleveland
NEWS-01545,USR-087,Cleveland,OH,2026-04-21,Grocery Outlet to open 2 NE Ohio stores while closing 5 underperforming locations - The Business Journals,Grocery Outlet to open 2 NE Ohio stores while closing 5 underperforming locations The Business Journals,local_news,neutral,The Business Journals
NEWS-01546,USR-088,Pittsburgh,PA,2026-05-29,How Dollar Tree is taking over former Rite Aid sites in Pittsburgh region - TribLIVE.com,How Dollar Tree is taking over former Rite Aid sites in Pittsburgh region TribLIVE.com,local_news,neutral,TribLIVE.com
NEWS-01547,USR-088,Pittsburgh,PA,2025-12-31,"New Year's Day 2026: What's Open, Closed Around Pittsburgh - Patch","New Year's Day 2026: What's Open, Closed Around Pittsburgh Patch",local_news,neutral,Patch
NEWS-01548,USR-088,Pittsburgh,PA,2025-07-15,Prescriptions from these 143 Rite Aid Pa. stores are moving to CVS - PennLive.com,Prescriptions from these 143 Rite Aid Pa. stores are moving to CVS PennLive.com,local_news,neutral,PennLive.com
NEWS-01549,USR-088,Pittsburgh,PA,2025-05-30,"Over 1,000 Walgreens, CVS, Rite Aid stores are closing; See hundreds in Pennsylvania - Erie Times-News","Over 1,000 Walgreens, CVS, Rite Aid stores are closing; See hundreds in Pennsylvania Erie Times-News",local_news,neutral,Erie Times-News
NEWS-01550,USR-088,Pittsburgh,PA,2025-07-01,"Rite Aid Closures Reach 1,000 as America Faces ‘Pharmacy Deserts’ - Newsweek","Rite Aid Closures Reach 1,000 as America Faces ‘Pharmacy Deserts’ Newsweek",construction,negative,Newsweek
NEWS-01551,USR-088,Pittsburgh,PA,2025-05-19,Rite Aid is closing 95 more stores after selling assets to CVS and others: See the full list of locations across 6 states - Fast Company,Rite Aid is closing 95 more stores after selling assets to CVS and others: See the full list of locations across 6 states Fast Company,local_news,neutral,Fast Company
NEWS-01552,USR-088,Pittsburgh,PA,2026-06-19,Schwebel Baking Company shutting down after 120 years - CBS News,Schwebel Baking Company shutting down after 120 years CBS News,local_news,neutral,CBS News
NEWS-01553,USR-088,Pittsburgh,PA,2026-04-27,New grocery stores coming to the Pittsburgh area. What will the competition do for prices? - WPXI,New grocery stores coming to the Pittsburgh area. What will the competition do for prices? WPXI,local_news,neutral,WPXI
NEWS-01554,USR-088,Pittsburgh,PA,2026-04-12,Grocery battles: Pittsburgh’s already crowded marketplace is about to get more congested - Pittsburgh Post-Gazette,Grocery battles: Pittsburgh’s already crowded marketplace is about to get more congested Pittsburgh Post-Gazette,local_news,neutral,Pittsburgh Post-Gazette
NEWS-01555,USR-088,Pittsburgh,PA,2025-12-22,8 new grocery stores that are now open or coming to Pittsburgh soon - NEXTpittsburgh,8 new grocery stores that are now open or coming to Pittsburgh soon NEXTpittsburgh,local_news,neutral,NEXTpittsburgh
NEWS-01556,USR-088,Pittsburgh,PA,2026-03-20,Consumer Alert Issued For Pittsburgh Grocery Store - Patch,Consumer Alert Issued For Pittsburgh Grocery Store Patch,local_news,neutral,Patch
NEWS-01557,USR-088,Pittsburgh,PA,2026-02-21,"Shop local, eat global: Specialty grocery stores are keeping traditions alive and palates refreshed - TribLIVE.com","Shop local, eat global: Specialty grocery stores are keeping traditions alive and palates refreshed TribLIVE.com",local_news,neutral,TribLIVE.com
NEWS-01558,USR-088,Pittsburgh,PA,2025-11-25,National Retailer With Multiple Pittsburgh Locations Declares Bankruptcy - Patch,National Retailer With Multiple Pittsburgh Locations Declares Bankruptcy Patch,local_news,neutral,Patch
NEWS-01559,USR-088,Pittsburgh,PA,2025-08-15,Business bankruptcy filings edge up in Pittsburgh amid Q2 retail closures - Pittsburgh Business Times - The Business Journals,Business bankruptcy filings edge up in Pittsburgh amid Q2 retail closures - Pittsburgh Business Times The Business Journals,construction,negative,The Business Journals
NEWS-01560,USR-088,Pittsburgh,PA,2025-05-21,Is your Rite Aid closing? Here's the latest list of locations set to close their doors - FOX43,Is your Rite Aid closing? Here's the latest list of locations set to close their doors FOX43,local_news,neutral,FOX43
NEWS-01561,USR-088,Pittsburgh,PA,2026-02-02,Carrick Shop 'n Save closing its doors after decades of service - CBS News,Carrick Shop 'n Save closing its doors after decades of service CBS News,local_news,neutral,CBS News
NEWS-01562,USR-088,Pittsburgh,PA,2025-06-18,At Home files for bankruptcy. Which Pennsylvania stores will close? - Yahoo,At Home files for bankruptcy. Which Pennsylvania stores will close? Yahoo,local_news,neutral,Yahoo
NEWS-01563,USR-089,St. Louis,MO,2026-06-11,Walgreens to close St. Louis County store - The Business Journals,Walgreens to close St. Louis County store The Business Journals,local_news,neutral,The Business Journals
NEWS-01564,USR-089,St. Louis,MO,2025-11-23,Forget something for Thanksgiving? These Springfield stores are open - Springfield News-Leader,Forget something for Thanksgiving? These Springfield stores are open Springfield News-Leader,local_news,neutral,Springfield News-Leader
NEWS-01565,USR-089,St. Louis,MO,2025-12-23,Christmas Eve 2025: What's open and closed in St. Louis? - KSDK,Christmas Eve 2025: What's open and closed in St. Louis? KSDK,local_news,neutral,KSDK
NEWS-01566,USR-089,St. Louis,MO,2024-10-15,"St. Louis area Walgreens to close as pharmacy chain announces 1,200 additional store closures nationwide - First Alert 4","St. Louis area Walgreens to close as pharmacy chain announces 1,200 additional store closures nationwide First Alert 4",construction,negative,First Alert 4
NEWS-01567,USR-089,St. Louis,MO,2024-02-08,Walgreens to close Manchester store; chain could lose more stores this year - FOX 2,Walgreens to close Manchester store; chain could lose more stores this year FOX 2,local_news,neutral,FOX 2
NEWS-01568,USR-089,St. Louis,MO,2025-08-28,"Walgreens Boots Alliance goes private in $10B Sycamore deal, splits into 5 companies - The Business Journals","Walgreens Boots Alliance goes private in $10B Sycamore deal, splits into 5 companies The Business Journals",local_news,neutral,The Business Journals
NEWS-01569,USR-089,St. Louis,MO,2026-06-17,Straub family puts CWE site on the market - Spectrum News,Straub family puts CWE site on the market Spectrum News,local_news,neutral,Spectrum News
NEWS-01570,USR-089,St. Louis,MO,2026-05-05,"One year after tornado, north St. Louis grocery store still rebuilding - First Alert 4","One year after tornado, north St. Louis grocery store still rebuilding First Alert 4",local_news,neutral,First Alert 4
NEWS-01571,USR-089,St. Louis,MO,2026-06-03,Security guard wounds armed suspect in grocery store shooting - FOX 2,Security guard wounds armed suspect in grocery store shooting FOX 2,local_news,neutral,FOX 2
NEWS-01572,USR-089,St. Louis,MO,2026-06-03,"Save A Lot Launches Campaign Highlighting Fresh Meat, Cut by Butchers In-Store - Business Wire","Save A Lot Launches Campaign Highlighting Fresh Meat, Cut by Butchers In-Store Business Wire",local_news,neutral,Business Wire
NEWS-01573,USR-089,St. Louis,MO,2026-04-15,Schnucks Debuts 10 New Local Brands in St. Louis-Area Stores - Progressive Grocer,Schnucks Debuts 10 New Local Brands in St. Louis-Area Stores Progressive Grocer,local_news,neutral,Progressive Grocer
NEWS-01574,USR-089,St. Louis,MO,2026-05-15,"Here are the 5 highest-rated grocery stores in the Belleville area, Yelp says - Belleville News-Democrat","Here are the 5 highest-rated grocery stores in the Belleville area, Yelp says Belleville News-Democrat",local_news,neutral,Belleville News-Democrat
NEWS-01575,USR-089,St. Louis,MO,2026-06-12,Retail pharmacy to close St. Louis County store - KSDK,Retail pharmacy to close St. Louis County store KSDK,local_news,neutral,KSDK
NEWS-01576,USR-089,St. Louis,MO,2026-01-24,"St. Louis grocery stores closed, closing early due to weather - First Alert 4","St. Louis grocery stores closed, closing early due to weather First Alert 4",weather,negative,First Alert 4
NEWS-01577,USR-089,St. Louis,MO,2026-04-01,"What’s open, closed on Easter Sunday in the St. Louis area - FOX 2","What’s open, closed on Easter Sunday in the St. Louis area FOX 2",local_news,neutral,FOX 2
NEWS-01578,USR-089,St. Louis,MO,2026-06-03,Downtown vape shop blamed for crime increase closes permanently - First Alert 4,Downtown vape shop blamed for crime increase closes permanently First Alert 4,local_news,neutral,First Alert 4
NEWS-01579,USR-089,St. Louis,MO,2026-02-04,National retailer closing 2 St. Louis-area stores - KSDK,National retailer closing 2 St. Louis-area stores KSDK,local_news,neutral,KSDK
NEWS-01580,USR-089,St. Louis,MO,2026-06-12,Retail pharmacy to close St. Louis County store,"ST. LOUIS COUNTY, Mo. — Another St. Louis-area Walgreens store will permanently close. The store and pharmacy at 11404 St. Charles Rock Road in Bridgeton will close July 21, the pharmacy chain said on ...",construction,negative,bing.com
NEWS-01581,USR-089,St. Louis,MO,2025-07-26,St. Louis Walgreens Pharmacies ‘Temporarily Closed’ due to staffing shortages,"ST. LOUIS, Mo. (First Alert 4) -Imagine going to your pharmacy, expecting to refill your prescription, but finding a sign saying temporarily closed and no sign of when they will reopen. That’s what’s ...",local_news,neutral,bing.com
NEWS-01582,USR-089,St. Louis,MO,2007-02-25,Downtown Rising: St. Louis Retail Gains Steam,"ST. LOUIS — Lethorne Johnson’s downtown boutique, filled with designer jeans and trendy tank tops, may be a harbinger for this city on the Mississippi River. The 2,500-square-foot shop, Lee J, is on ...",local_news,neutral,bing.com
NEWS-01583,USR-090,Cincinnati,OH,2026-06-15,"Publix to open second store in NKY, and it's closer to Cincinnati - Cincinnati Enquirer","Publix to open second store in NKY, and it's closer to Cincinnati Cincinnati Enquirer",local_news,neutral,Cincinnati Enquirer
NEWS-01584,USR-090,Cincinnati,OH,2026-03-09,This Grocery Store in the Midwest Is Like a Must-Visit Theme Park - Food & Wine,This Grocery Store in the Midwest Is Like a Must-Visit Theme Park Food & Wine,local_news,neutral,Food & Wine
NEWS-01585,USR-090,Cincinnati,OH,2026-05-05,"Publix sets opening date for Cold Spring store, its second in Greater Cincinnati - The Business Journals","Publix sets opening date for Cold Spring store, its second in Greater Cincinnati The Business Journals",new_competitor,neutral,The Business Journals
NEWS-01586,USR-090,Cincinnati,OH,2026-02-23,What’s The Cheapest Grocery Store in 2026? - Propel,What’s The Cheapest Grocery Store in 2026? Propel,local_news,neutral,Propel
NEWS-01587,USR-090,Cincinnati,OH,2026-02-24,A popular grocery chain is quietly closing many stores. Find out why - Cleveland.com,A popular grocery chain is quietly closing many stores. Find out why Cleveland.com,local_news,neutral,Cleveland.com
NEWS-01588,USR-090,Cincinnati,OH,2025-10-18,The Ohio-Based Grocery Store That Is Now Popping Up Everywhere - Mashed,The Ohio-Based Grocery Store That Is Now Popping Up Everywhere Mashed,local_news,neutral,Mashed
NEWS-01589,USR-090,Cincinnati,OH,2026-01-25,Kroger to close stores early Sunday evening throughout the Greater Cincinnati area - WLWT,Kroger to close stores early Sunday evening throughout the Greater Cincinnati area WLWT,local_news,neutral,WLWT
NEWS-01590,USR-090,Cincinnati,OH,2025-12-22,What grocery and retail stores are open and closed on Christmas? - Cincinnati Enquirer,What grocery and retail stores are open and closed on Christmas? Cincinnati Enquirer,local_news,neutral,Cincinnati Enquirer
NEWS-01591,USR-090,Cincinnati,OH,2025-12-01,"National furniture retailer closing dozens of stores, see the full list - MLive.com","National furniture retailer closing dozens of stores, see the full list MLive.com",local_news,neutral,MLive.com
NEWS-01592,USR-090,Cincinnati,OH,2025-07-21,News | Robert Redford-founded Sundance Living to shutter its stores - CoStar,News | Robert Redford-founded Sundance Living to shutter its stores CoStar,local_news,neutral,CoStar
NEWS-01593,USR-090,Cincinnati,OH,2026-01-14,Macy's to close 'underproductive' stores. Are any in Ohio? Full list - Cincinnati Enquirer,Macy's to close 'underproductive' stores. Are any in Ohio? Full list Cincinnati Enquirer,local_news,neutral,Cincinnati Enquirer
NEWS-01594,USR-090,Cincinnati,OH,2022-06-22,Saks Fifth Avenue will close its downtown Cincinnati doors at end of 2022 - WCPO 9 Cincinnati,Saks Fifth Avenue will close its downtown Cincinnati doors at end of 2022 WCPO 9 Cincinnati,local_news,neutral,WCPO 9 Cincinnati
NEWS-01595,USR-090,Cincinnati,OH,2025-09-10,How Home Depot uncovered the biggest alleged retail theft in its history,"Last month, felony charges were filed against members of a California group who allegedly stole more than $7 million of electrical merchandise. The Home Depot uncovered the biggest alleged retail ...",local_news,neutral,bing.com
NEWS-01596,USR-091,Raleigh,NC,2026-06-08,"Next time you go to a Lowe’s store in NC, ask yourself who might be watching - Raleigh News & Observer","Next time you go to a Lowe’s store in NC, ask yourself who might be watching Raleigh News & Observer",local_news,neutral,Raleigh News & Observer
NEWS-01597,USR-091,Raleigh,NC,2026-06-08,NC law enforcement may track your next visit to a home improvement store - WRAL,NC law enforcement may track your next visit to a home improvement store WRAL,local_news,neutral,WRAL
NEWS-01598,USR-091,Raleigh,NC,2026-03-16,Lowes Foods space in Raleigh sold for $8M as Maryland firm expands holdings - The Business Journals,Lowes Foods space in Raleigh sold for $8M as Maryland firm expands holdings The Business Journals,local_news,neutral,The Business Journals
NEWS-01599,USR-091,Raleigh,NC,2026-03-13,Popular grocery chain plans a new store in Cary. Here’s what to know - Raleigh News & Observer,Popular grocery chain plans a new store in Cary. Here’s what to know Raleigh News & Observer,new_competitor,neutral,Raleigh News & Observer
NEWS-01600,USR-091,Raleigh,NC,2025-11-24,"What's open and closed on Thanksgiving? Grocery, retail hours for 2025 - WRAL","What's open and closed on Thanksgiving? Grocery, retail hours for 2025 WRAL",local_news,neutral,WRAL
NEWS-01601,USR-091,Raleigh,NC,2025-05-28,Lowes Foods to open 2 stores in North Carolina - Grocery Dive,Lowes Foods to open 2 stores in North Carolina Grocery Dive,local_news,neutral,Grocery Dive
NEWS-01602,USR-091,Raleigh,NC,2026-06-18,"What’s closed on Juneteenth in the Triangle? Mail, grocery stores, banks & more - Raleigh News & Observer","What’s closed on Juneteenth in the Triangle? Mail, grocery stores, banks & more Raleigh News & Observer",local_news,neutral,Raleigh News & Observer
NEWS-01603,USR-091,Raleigh,NC,2026-01-22,Winter storm prompts grocery shopping frenzy in North Carolina - ABC11 News,Winter storm prompts grocery shopping frenzy in North Carolina ABC11 News,weather,negative,ABC11 News
NEWS-01604,USR-091,Raleigh,NC,2026-01-23,Shoppers flock to grocery stores across the Triangle for last-second supplies ahead of storm - CBS17.com,Shoppers flock to grocery stores across the Triangle for last-second supplies ahead of storm CBS17.com,weather,negative,CBS17.com
NEWS-01605,USR-091,Raleigh,NC,2026-05-20,Grocery store to anchor new 100K SF retail center in eastern Wake County - The Business Journals,Grocery store to anchor new 100K SF retail center in eastern Wake County The Business Journals,local_news,neutral,The Business Journals
NEWS-01606,USR-091,Raleigh,NC,2026-05-19,Proposed bill would allow NC grocery stores to sell canned cocktails - WSOC TV,Proposed bill would allow NC grocery stores to sell canned cocktails WSOC TV,local_news,neutral,WSOC TV
NEWS-01607,USR-091,Raleigh,NC,2026-06-16,Good Friday and Easter Sunday 2026: What's open and closed - ABC11 News,Good Friday and Easter Sunday 2026: What's open and closed ABC11 News,local_news,neutral,ABC11 News
NEWS-01608,USR-091,Raleigh,NC,2026-03-10,"List of major retailers closing at Triangle Town Center in Raleigh grows, sparking mixed feelings with shoppers - CBS17.com","List of major retailers closing at Triangle Town Center in Raleigh grows, sparking mixed feelings with shoppers CBS17.com",local_news,neutral,CBS17.com
NEWS-01609,USR-091,Raleigh,NC,2026-03-10,Saks Fifth Avenue closing Raleigh store in May - Business North Carolina,Saks Fifth Avenue closing Raleigh store in May Business North Carolina,local_news,neutral,Business North Carolina
NEWS-01610,USR-091,Raleigh,NC,2026-06-16,"National chain is closing 2 NC stores, including one in Triangle. What we know - Raleigh News & Observer","National chain is closing 2 NC stores, including one in Triangle. What we know Raleigh News & Observer",local_news,neutral,Raleigh News & Observer
NEWS-01611,USR-092,New Orleans,LA,2025-11-26,Here are the shopping hours for stores in New Orleans for Black Friday - WDSU,Here are the shopping hours for stores in New Orleans for Black Friday WDSU,local_news,neutral,WDSU
NEWS-01612,USR-092,New Orleans,LA,2025-11-18,What stores are open and closed on Thanksgiving 2025? Here’s what to know - fox8live.com,What stores are open and closed on Thanksgiving 2025? Here’s what to know fox8live.com,local_news,neutral,fox8live.com
NEWS-01613,USR-092,New Orleans,LA,2025-09-12,Top Costume Shops - New Orleans Tourism,Top Costume Shops New Orleans Tourism,local_news,neutral,New Orleans Tourism
NEWS-01614,USR-092,New Orleans,LA,2025-11-25,"What retail stores are open on Thanksgiving? Details on TJ Maxx, Kohl's, more - USA Today","What retail stores are open on Thanksgiving? Details on TJ Maxx, Kohl's, more USA Today",local_news,neutral,USA Today
NEWS-01615,USR-092,New Orleans,LA,2025-05-30,Best Buy Has Already Raised Prices on Electronics Due to Federal Tariffs—What You Need to Know - KPEL 96.5,Best Buy Has Already Raised Prices on Electronics Due to Federal Tariffs—What You Need to Know KPEL 96.5,local_news,neutral,KPEL 96.5
NEWS-01616,USR-092,New Orleans,LA,2025-06-30,Need last-minute Independence Day essentials? Here's where you can shop on July 4 - WWLTV.com,Need last-minute Independence Day essentials? Here's where you can shop on July 4 WWLTV.com,local_news,neutral,WWLTV.com
NEWS-01617,USR-092,New Orleans,LA,2026-06-12,Trader Joe’s opens Uptown New Orleans store - New Orleans CityBusiness,Trader Joe’s opens Uptown New Orleans store New Orleans CityBusiness,local_news,neutral,New Orleans CityBusiness
NEWS-01618,USR-092,New Orleans,LA,2026-06-16,Trader Joe’s Continues Louisiana Expansion with 4th Store - Biz New Orleans,Trader Joe’s Continues Louisiana Expansion with 4th Store Biz New Orleans,local_news,neutral,Biz New Orleans
NEWS-01619,USR-092,New Orleans,LA,2025-12-19,Which stores are open and closed in the New Orleans area on Christmas Eve and Christmas Day - WWLTV.com,Which stores are open and closed in the New Orleans area on Christmas Eve and Christmas Day WWLTV.com,local_news,neutral,WWLTV.com
NEWS-01620,USR-092,New Orleans,LA,2025-11-21,New grocery store sparks hope for more New Orleans East investments - fox8live.com,New grocery store sparks hope for more New Orleans East investments fox8live.com,local_news,neutral,fox8live.com
NEWS-01621,USR-092,New Orleans,LA,2025-11-27,Here are the stores open on Thanksgiving in New Orleans - WDSU,Here are the stores open on Thanksgiving in New Orleans WDSU,local_news,neutral,WDSU
NEWS-01622,USR-092,New Orleans,LA,2026-05-26,"Popular grocery store chain expands even further, opening 25 new locations - PennLive.com","Popular grocery store chain expands even further, opening 25 new locations PennLive.com",new_competitor,neutral,PennLive.com
NEWS-01623,USR-092,New Orleans,LA,2026-01-27,"National retail chain closing its clothing stores across LA, including at the Riverwalk outlets - NOLA.com","National retail chain closing its clothing stores across LA, including at the Riverwalk outlets NOLA.com",local_news,neutral,NOLA.com
NEWS-01624,USR-092,New Orleans,LA,2026-02-03,Rouses takes over 10 former Winn-Dixie stores across Louisiana and Mississippi - fox8live.com,Rouses takes over 10 former Winn-Dixie stores across Louisiana and Mississippi fox8live.com,local_news,neutral,fox8live.com
NEWS-01625,USR-092,New Orleans,LA,2026-05-14,"The Full List of Stores Closing in Louisiana in 2026, From Saks Off 5th to Five Guys - KPEL 96.5","The Full List of Stores Closing in Louisiana in 2026, From Saks Off 5th to Five Guys KPEL 96.5",local_news,neutral,KPEL 96.5
NEWS-01626,USR-092,New Orleans,LA,2025-11-13,127-Year-Old New Orleans Jeweler to Close - nationaljeweler.com,127-Year-Old New Orleans Jeweler to Close nationaljeweler.com,local_news,neutral,nationaljeweler.com
NEWS-01627,USR-093,Salt Lake City,UT,2026-03-11,"Ross, Dollar General, Costco, and More Are Opening 100s of New Stores This Year - bestlifeonline.com","Ross, Dollar General, Costco, and More Are Opening 100s of New Stores This Year bestlifeonline.com",new_competitor,neutral,bestlifeonline.com
NEWS-01628,USR-093,Salt Lake City,UT,2026-06-13,"A Ton Of New Aldi Stores Are Opening Across The US Soon, Here Are Some Locations - AOL.com","A Ton Of New Aldi Stores Are Opening Across The US Soon, Here Are Some Locations AOL.com",new_competitor,neutral,AOL.com
NEWS-01629,USR-093,Salt Lake City,UT,2026-04-01,What's open and closed on Easter 2026: Full list - 12News,What's open and closed on Easter 2026: Full list 12News,local_news,neutral,12News
NEWS-01630,USR-093,Salt Lake City,UT,2026-04-10,CEO of Wacoal America retires; successor named - Chain Store Age,CEO of Wacoal America retires; successor named Chain Store Age,local_news,neutral,Chain Store Age
NEWS-01631,USR-093,Salt Lake City,UT,2025-12-19,The Stores Open and Closed on Christmas Day 2025 - Taste of Home,The Stores Open and Closed on Christmas Day 2025 Taste of Home,local_news,neutral,Taste of Home
NEWS-01632,USR-093,Salt Lake City,UT,2025-09-06,The $13 Organizer That Transformed the Awkward Corner of My Pantry - The Kitchn,The $13 Organizer That Transformed the Awkward Corner of My Pantry The Kitchn,local_news,neutral,The Kitchn
NEWS-01633,USR-093,Salt Lake City,UT,2026-06-13,The Life and Labor of American Grocery Stores - The Nation,The Life and Labor of American Grocery Stores The Nation,local_news,neutral,The Nation
NEWS-01634,USR-093,Salt Lake City,UT,2026-05-20,Salt Lake City’s long-awaited food co-op is finally open - KUER,Salt Lake City’s long-awaited food co-op is finally open KUER,local_news,neutral,KUER
NEWS-01635,USR-093,Salt Lake City,UT,2026-05-18,'A monumental feat': Wasatch Food Co-Op opening SLC grocery store after nearly 2 decades - KSL News,'A monumental feat': Wasatch Food Co-Op opening SLC grocery store after nearly 2 decades KSL News,new_competitor,neutral,KSL News
NEWS-01636,USR-093,Salt Lake City,UT,2026-05-07,"Trader Joe’s is planning stores in two more Salt Lake County cities, company confirms - The Salt Lake Tribune","Trader Joe’s is planning stores in two more Salt Lake County cities, company confirms The Salt Lake Tribune",local_news,neutral,The Salt Lake Tribune
NEWS-01637,USR-093,Salt Lake City,UT,2026-03-10,"Cookies, coffee and Thai food: New retail, restaurants coming to SLC - Building Salt Lake","Cookies, coffee and Thai food: New retail, restaurants coming to SLC Building Salt Lake",local_news,neutral,Building Salt Lake
NEWS-01638,USR-093,Salt Lake City,UT,2026-04-02,From grocery stores to campus: Measles continues to spread in Utah - KSL TV 5,From grocery stores to campus: Measles continues to spread in Utah KSL TV 5,local_news,neutral,KSL TV 5
NEWS-01639,USR-093,Salt Lake City,UT,2026-01-29,Several Utah businesses set to close Friday amid Anti-ICE ‘National Shutdown’ protest - ABC4 Utah,Several Utah businesses set to close Friday amid Anti-ICE ‘National Shutdown’ protest ABC4 Utah,local_news,neutral,ABC4 Utah
NEWS-01640,USR-093,Salt Lake City,UT,2025-12-24,"Here's what stores are open, and which ones are closed, on Christmas - KSL News","Here's what stores are open, and which ones are closed, on Christmas KSL News",local_news,neutral,KSL News
NEWS-01641,USR-093,Salt Lake City,UT,2025-08-06,"TJ Maxx opening 6 new stores in August, including these 2 in Utah. Here's when - thespectrum.com","TJ Maxx opening 6 new stores in August, including these 2 in Utah. Here's when thespectrum.com",new_competitor,neutral,thespectrum.com
NEWS-01642,USR-093,Salt Lake City,UT,2026-03-04,Sportsman’s Warehouse may close underperforming locations - Fast Company,Sportsman’s Warehouse may close underperforming locations Fast Company,local_news,neutral,Fast Company
NEWS-01643,USR-093,Salt Lake City,UT,2025-07-21,News | Robert Redford-founded Sundance Living to shutter its stores - CoStar,News | Robert Redford-founded Sundance Living to shutter its stores CoStar,local_news,neutral,CoStar
NEWS-01644,USR-094,Birmingham,AL,2026-04-30,Popular warehouse club is raising membership prices - AL.com,Popular warehouse club is raising membership prices AL.com,local_news,neutral,AL.com
NEWS-01645,USR-094,Birmingham,AL,2026-05-20,Memorial Day 2026: What’s open + closed in Birmingham - Bham Now,Memorial Day 2026: What’s open + closed in Birmingham Bham Now,local_news,neutral,Bham Now
NEWS-01646,USR-094,Birmingham,AL,2026-04-02,Shopping Easter Sunday in Alabama? Here’s what’s open and closed - Montgomery Advertiser,Shopping Easter Sunday in Alabama? Here’s what’s open and closed Montgomery Advertiser,local_news,neutral,Montgomery Advertiser
NEWS-01647,USR-094,Birmingham,AL,2026-03-27,"The Boulder Group Arranges Sale of Net Leased Goodwill Property in Huntsville, Alabama - Scott Coop","The Boulder Group Arranges Sale of Net Leased Goodwill Property in Huntsville, Alabama Scott Coop",local_news,neutral,Scott Coop
NEWS-01648,USR-094,Birmingham,AL,2026-04-04,"What’s open, what’s closed Easter Sunday? Grocery stores, drug stores and more - AL.com","What’s open, what’s closed Easter Sunday? Grocery stores, drug stores and more AL.com",local_news,neutral,AL.com
NEWS-01649,USR-094,Birmingham,AL,2025-04-21,"Sam's Club to remodel all 600 locations, open 15 stores per year: What to know in Alabama - The Tuscaloosa News","Sam's Club to remodel all 600 locations, open 15 stores per year: What to know in Alabama The Tuscaloosa News",local_news,neutral,The Tuscaloosa News
NEWS-01650,USR-094,Birmingham,AL,2026-05-15,"New grocery store opening in Fairfield, June 2 - Bham Now","New grocery store opening in Fairfield, June 2 Bham Now",new_competitor,neutral,Bham Now
NEWS-01651,USR-094,Birmingham,AL,2026-02-19,Gone but not forgotten: The Alabama grocery stores we still miss - AL.com,Gone but not forgotten: The Alabama grocery stores we still miss AL.com,local_news,neutral,AL.com
NEWS-01652,USR-094,Birmingham,AL,2026-04-01,10 New Shops in Birmingham (+1 Coming Soon!) - StyleBlueprint,10 New Shops in Birmingham (+1 Coming Soon!) StyleBlueprint,local_news,neutral,StyleBlueprint
NEWS-01653,USR-094,Birmingham,AL,2026-02-10,What's the most popular grocery store in the US? Alabama has 3 locations - Montgomery Advertiser,What's the most popular grocery store in the US? Alabama has 3 locations Montgomery Advertiser,local_news,neutral,Montgomery Advertiser
NEWS-01654,USR-094,Birmingham,AL,2026-03-02,Popular grocery store announces closures in Alabama amid restructuring - The Independent,Popular grocery store announces closures in Alabama amid restructuring The Independent,construction,negative,The Independent
NEWS-01655,USR-094,Birmingham,AL,2026-02-25,ALDI to open Leeds store by year-end as discount grocer continues Alabama expansion - The Business Journals,ALDI to open Leeds store by year-end as discount grocer continues Alabama expansion The Business Journals,local_news,neutral,The Business Journals
NEWS-01656,USR-094,Birmingham,AL,2026-04-20,7 new businesses + 2 closures in Birmingham this week - Bham Now,7 new businesses + 2 closures in Birmingham this week Bham Now,construction,negative,Bham Now
NEWS-01657,USR-094,Birmingham,AL,2026-05-04,Once iconic retail store demolished as Birmingham area mall begins redevelopment - AL.com,Once iconic retail store demolished as Birmingham area mall begins redevelopment AL.com,local_news,neutral,AL.com
NEWS-01658,USR-094,Birmingham,AL,2026-02-26,Last 2 Winn-Dixie stores in Birmingham set to close - Bham Now,Last 2 Winn-Dixie stores in Birmingham set to close Bham Now,local_news,neutral,Bham Now
NEWS-01659,USR-094,Birmingham,AL,2026-04-07,Only 15 Saks Fifth Avenue locations will remain after the latest wave of store closures - Business Insider,Only 15 Saks Fifth Avenue locations will remain after the latest wave of store closures Business Insider,construction,negative,Business Insider
NEWS-01660,USR-094,Birmingham,AL,2026-03-02,Once popular grocery chain shutting down last Birmingham stores within days - AL.com,Once popular grocery chain shutting down last Birmingham stores within days AL.com,local_news,neutral,AL.com
NEWS-01661,USR-094,Birmingham,AL,2026-03-02,5 new businesses + 3 closures in the Birmingham area - Bham Now,5 new businesses + 3 closures in the Birmingham area Bham Now,construction,negative,Bham Now
NEWS-01662,USR-094,Birmingham,AL,2026-04-01,Walmart’s Sam’s Club raising membership prices,The above button links to Coinbase. Yahoo Finance is not a broker-dealer or investment adviser and does not offer securities or cryptocurrencies for sale or facilitate trading. Coinbase pays us for ...,local_news,neutral,bing.com
NEWS-01663,USR-094,Birmingham,AL,2026-05-28,Walmart's warehouse club reveals a secret weapon against Costco,"You're currently following this author! Want to unfollow? Unsubscribe via the link in your email. Focus groups are a mainstay of retail, but Walmart's warehouse club is taking it to another level in ...",local_news,neutral,bing.com
NEWS-01664,USR-095,Richmond,VA,2026-04-28,Region’s latest Aldi grocery store rising at new shopping center in Hanover - Richmond BizSense,Region’s latest Aldi grocery store rising at new shopping center in Hanover Richmond BizSense,local_news,neutral,Richmond BizSense
NEWS-01665,USR-095,Richmond,VA,2025-12-23,List of Grocery Stores Open on Christmas Eve and Christmas Day 2025 - Newsweek,List of Grocery Stores Open on Christmas Eve and Christmas Day 2025 Newsweek,local_news,neutral,Newsweek
NEWS-01666,USR-095,Richmond,VA,2025-12-24,Grocery Stores Open on Christmas: Everything to Know - People.com,Grocery Stores Open on Christmas: Everything to Know People.com,local_news,neutral,People.com
NEWS-01667,USR-095,Richmond,VA,2025-12-31,"What grocery stores open New Year's Eve? See hours for Publix, Kroger, more - USA Today","What grocery stores open New Year's Eve? See hours for Publix, Kroger, more USA Today",local_news,neutral,USA Today
NEWS-01668,USR-095,Richmond,VA,2023-02-16,ALDI Store Prepares To Open At South Alex Development In Richmond Highway Corridor - Patch,ALDI Store Prepares To Open At South Alex Development In Richmond Highway Corridor Patch,local_news,neutral,Patch
NEWS-01669,USR-095,Richmond,VA,2025-10-16,"Pleasants, Ace Hardware each adding new stores in Richmond region - Richmond BizSense","Pleasants, Ace Hardware each adding new stores in Richmond region Richmond BizSense",new_competitor,neutral,Richmond BizSense
NEWS-01670,USR-095,Richmond,VA,2026-03-06,"Richmond grocery prices rival New York, Boston, investigation finds - WWBT","Richmond grocery prices rival New York, Boston, investigation finds WWBT",local_news,neutral,WWBT
NEWS-01671,USR-095,Richmond,VA,2026-04-30,Forrest Spaits opens East End Fish Co. inside Richmond grocery store - WTVR.com,Forrest Spaits opens East End Fish Co. inside Richmond grocery store WTVR.com,local_news,neutral,WTVR.com
NEWS-01672,USR-095,Richmond,VA,2026-05-08,"Business openings and closings: Restaurants, grocery stores and furniture showrooms - Richmond Times-Dispatch","Business openings and closings: Restaurants, grocery stores and furniture showrooms Richmond Times-Dispatch",new_competitor,neutral,Richmond Times-Dispatch
NEWS-01673,USR-095,Richmond,VA,2026-04-08,Flashfood and Kroger Expand Partnership Across Kroger’s Entire Mid-Atlantic Division - Business Wire,Flashfood and Kroger Expand Partnership Across Kroger’s Entire Mid-Atlantic Division Business Wire,local_news,neutral,Business Wire
NEWS-01674,USR-095,Richmond,VA,2026-04-08,Kroger Expands Food Waste Diversion Program to 100+ Mid-Atlantic Stores - Retail TouchPoints,Kroger Expands Food Waste Diversion Program to 100+ Mid-Atlantic Stores Retail TouchPoints,local_news,neutral,Retail TouchPoints
NEWS-01675,USR-095,Richmond,VA,2026-04-08,Kroger Expands Partnership With Food Surplus Platform Flashfood to Over 100 Stores - Progressive Grocer,Kroger Expands Partnership With Food Surplus Platform Flashfood to Over 100 Stores Progressive Grocer,local_news,neutral,Progressive Grocer
NEWS-01676,USR-095,Richmond,VA,2026-06-16,Tiffany & Co. closing its only Richmond store at Stony Point Fashion Park - WTVR.com,Tiffany & Co. closing its only Richmond store at Stony Point Fashion Park WTVR.com,local_news,neutral,WTVR.com
NEWS-01677,USR-095,Richmond,VA,2026-03-10,‘We are not all criminals’: Richmond vape store owners push back against city shutdown operation - WWBT,‘We are not all criminals’: Richmond vape store owners push back against city shutdown operation WWBT,local_news,neutral,WWBT
NEWS-01678,USR-095,Richmond,VA,2026-02-12,"Saks to close Richmond store, laying off 40 workers - Virginia Business","Saks to close Richmond store, laying off 40 workers Virginia Business",local_news,neutral,Virginia Business
NEWS-01679,USR-095,Richmond,VA,2026-05-04,Major Clothing Retailer In Virginia Closing 150 U.S. Stores - Patch,Major Clothing Retailer In Virginia Closing 150 U.S. Stores Patch,local_news,neutral,Patch
NEWS-01680,USR-095,Richmond,VA,2026-02-10,Saks Fifth Avenue to close Stony Point store this spring as part of bankruptcy case - Richmond BizSense,Saks Fifth Avenue to close Stony Point store this spring as part of bankruptcy case Richmond BizSense,local_news,neutral,Richmond BizSense
NEWS-01681,USR-096,Boise,ID,2026-01-22,"Recalled Tuna Mistakenly Shipped to Albertsons, Meijer and Giant Food - Progressive Grocer","Recalled Tuna Mistakenly Shipped to Albertsons, Meijer and Giant Food Progressive Grocer",local_news,neutral,Progressive Grocer
NEWS-01682,USR-096,Boise,ID,2025-01-14,The #1 Grocery Store in the United States Will Never Be in Idaho - 107.9 LITE FM,The #1 Grocery Store in the United States Will Never Be in Idaho 107.9 LITE FM,local_news,neutral,107.9 LITE FM
NEWS-01683,USR-096,Boise,ID,2025-01-13,"San Antonio’s H-E-B takes top spot again in national grocery ranking, edging out Walmart and Amazon - San Antonio Express-News","San Antonio’s H-E-B takes top spot again in national grocery ranking, edging out Walmart and Amazon San Antonio Express-News",local_news,neutral,San Antonio Express-News
NEWS-01684,USR-096,Boise,ID,2024-09-24,Grocery chains are bigger than ever. See who runs the stores near you. - The Washington Post,Grocery chains are bigger than ever. See who runs the stores near you. The Washington Post,local_news,neutral,The Washington Post
NEWS-01685,USR-096,Boise,ID,2026-04-04,Which stores will be open or closed on Easter Sunday 2026? Here's the full list - KTVB,Which stores will be open or closed on Easter Sunday 2026? Here's the full list KTVB,local_news,neutral,KTVB
NEWS-01686,USR-096,Boise,ID,2024-09-07,H-E-B TO USE NEW RECIPE FOR CENTRAL MARKET UNIT - Supermarket News,H-E-B TO USE NEW RECIPE FOR CENTRAL MARKET UNIT Supermarket News,local_news,neutral,Supermarket News
NEWS-01687,USR-096,Boise,ID,2025-12-24,How late are Boise grocery stores open on Christmas Eve? See holiday hours - Idaho Statesman,How late are Boise grocery stores open on Christmas Eve? See holiday hours Idaho Statesman,local_news,neutral,Idaho Statesman
NEWS-01688,USR-096,Boise,ID,2026-05-06,"A grocery, or two? Fast-growing Idaho 55 in Caldwell could see two new stores - BoiseDev","A grocery, or two? Fast-growing Idaho 55 in Caldwell could see two new stores BoiseDev",new_competitor,neutral,BoiseDev
NEWS-01689,USR-096,Boise,ID,2026-03-11,Grocery Outlet to close two stores in Idaho by end of March 2026 - Idaho Business Review,Grocery Outlet to close two stores in Idaho by end of March 2026 Idaho Business Review,local_news,neutral,Idaho Business Review
NEWS-01690,USR-096,Boise,ID,2025-11-24,Boise Thanksgiving Store Hours You Need to Know - 107.9 LITE FM,Boise Thanksgiving Store Hours You Need to Know 107.9 LITE FM,local_news,neutral,107.9 LITE FM
NEWS-01691,USR-096,Boise,ID,2025-11-25,‘This one is special’: D9 grocery store in Cascade sold to Boise grocer - Valley Lookout,‘This one is special’: D9 grocery store in Cascade sold to Boise grocer Valley Lookout,local_news,neutral,Valley Lookout
NEWS-01692,USR-096,Boise,ID,2025-12-10,"Amazon’s Same-Day perishable grocery delivery expands to 2,300+ cities and towns as fresh foods become bestsellers - About Amazon","Amazon’s Same-Day perishable grocery delivery expands to 2,300+ cities and towns as fresh foods become bestsellers About Amazon",local_news,neutral,About Amazon
NEWS-01693,USR-096,Boise,ID,2026-05-01,"The North Face plans new location, with Downtown Boise store listed for lease - BoiseDev","The North Face plans new location, with Downtown Boise store listed for lease BoiseDev",local_news,neutral,BoiseDev
NEWS-01694,USR-096,Boise,ID,2026-02-18,An iconic Boise mall store faces its final days. What shoppers should know now - Idaho Statesman,An iconic Boise mall store faces its final days. What shoppers should know now Idaho Statesman,local_news,neutral,Idaho Statesman
NEWS-01695,USR-096,Boise,ID,2026-01-05,These Stores Could Disappear From Idaho in 2026 - 107.9 LITE FM,These Stores Could Disappear From Idaho in 2026 107.9 LITE FM,local_news,neutral,107.9 LITE FM
NEWS-01696,USR-096,Boise,ID,2026-03-20,"Original mall store closes, as vacancy at Boise Towne Square remains high - BoiseDev","Original mall store closes, as vacancy at Boise Towne Square remains high BoiseDev",local_news,neutral,BoiseDev
NEWS-01697,USR-096,Boise,ID,2025-12-30,What stores will be open in Boise on New Year’s Day? Here is your guide - Idaho Statesman,What stores will be open in Boise on New Year’s Day? Here is your guide Idaho Statesman,local_news,neutral,Idaho Statesman
NEWS-01698,USR-096,Boise,ID,2026-02-12,Two More Stores at Boise Towne Square Mall Are Closing for Good in 2026 - 107.9 LITE FM,Two More Stores at Boise Towne Square Mall Are Closing for Good in 2026 107.9 LITE FM,local_news,neutral,107.9 LITE FM
NEWS-01699,USR-097,Omaha,NE,2026-04-01,What's open and closed on Easter 2026: Full list - 13newsnow.com,What's open and closed on Easter 2026: Full list 13newsnow.com,local_news,neutral,13newsnow.com
NEWS-01700,USR-097,Omaha,NE,2026-04-04,"Here's a Full List of Retailers Open and Closed on Easter 2026, Plus Holiday Hours - TODAY.com","Here's a Full List of Retailers Open and Closed on Easter 2026, Plus Holiday Hours TODAY.com",local_news,neutral,TODAY.com
NEWS-01701,USR-097,Omaha,NE,2025-12-22,Here’s what’s open (and closed) on Christmas Day 2025 - Fortune,Here’s what’s open (and closed) on Christmas Day 2025 Fortune,local_news,neutral,Fortune
NEWS-01702,USR-097,Omaha,NE,2025-12-25,"Which grocery stores are open Christmas Day? Details on Aldi, Lidl, more - USA Today","Which grocery stores are open Christmas Day? Details on Aldi, Lidl, more USA Today",local_news,neutral,USA Today
NEWS-01703,USR-097,Omaha,NE,2026-01-13,New Fast EV Chargers Planned At Walmarts In 19 US States - CleanTechnica,New Fast EV Chargers Planned At Walmarts In 19 US States CleanTechnica,local_news,neutral,CleanTechnica
NEWS-01704,USR-097,Omaha,NE,2024-03-30,"What stores are open on Easter Sunday 2024? See Walmart, Target, Costco hours - KETV","What stores are open on Easter Sunday 2024? See Walmart, Target, Costco hours KETV",local_news,neutral,KETV
NEWS-01705,USR-097,Omaha,NE,2026-06-19,Planned grocery store aims to not just feed but uplift historical heart of Omaha’s Black community - Nebraska Examiner,Planned grocery store aims to not just feed but uplift historical heart of Omaha’s Black community Nebraska Examiner,local_news,neutral,Nebraska Examiner
NEWS-01706,USR-097,Omaha,NE,2026-06-18,'It's not just a grocery store': North Omaha weighs in on nonprofit's plan to address food desert - KETV,'It's not just a grocery store': North Omaha weighs in on nonprofit's plan to address food desert KETV,local_news,neutral,KETV
NEWS-01707,USR-097,Omaha,NE,2026-04-01,North Omaha grocery store moves closer to reality with zoning change - WOWT,North Omaha grocery store moves closer to reality with zoning change WOWT,local_news,neutral,WOWT
NEWS-01708,USR-097,Omaha,NE,2026-04-23,A new grocery store planned for North Omaha will bring fresh food and new jobs to a known food desert - KMTV 3 News Now Omaha,A new grocery store planned for North Omaha will bring fresh food and new jobs to a known food desert KMTV 3 News Now Omaha,local_news,neutral,KMTV 3 News Now Omaha
NEWS-01709,USR-097,Omaha,NE,2026-06-05,Hy-Vee selling 21 Fast & Fresh stores to Nebraska-based chain - The Des Moines Register,Hy-Vee selling 21 Fast & Fresh stores to Nebraska-based chain The Des Moines Register,local_news,neutral,The Des Moines Register
NEWS-01710,USR-097,Omaha,NE,2026-01-09,SpartanNash opens first small-format Supermercado Nuestra Familia - Grocery Dive,SpartanNash opens first small-format Supermercado Nuestra Familia Grocery Dive,local_news,neutral,Grocery Dive
NEWS-01711,USR-097,Omaha,NE,2026-05-29,Developer plans $100M redevelopment of Omaha shopping center - WOWT,Developer plans $100M redevelopment of Omaha shopping center WOWT,local_news,neutral,WOWT
NEWS-01712,USR-097,Omaha,NE,2026-06-01,Old Market staple Iron Decor And More closing after 24 years - KETV,Old Market staple Iron Decor And More closing after 24 years KETV,local_news,neutral,KETV
NEWS-01713,USR-097,Omaha,NE,2026-04-30,"After 8 years in the metro, Prairie in Bloom's west Omaha location is closing - KMTV 3 News Now Omaha","After 8 years in the metro, Prairie in Bloom's west Omaha location is closing KMTV 3 News Now Omaha",local_news,neutral,KMTV 3 News Now Omaha
NEWS-01714,USR-097,Omaha,NE,2026-01-29,Several Omaha small businesses to close Friday for national strike - Nebraska Public Media,Several Omaha small businesses to close Friday for national strike Nebraska Public Media,local_news,neutral,Nebraska Public Media
NEWS-01715,USR-097,Omaha,NE,2025-11-21,Here's what's open and what's closed on Thanksgiving in Omaha area - KETV,Here's what's open and what's closed on Thanksgiving in Omaha area KETV,local_news,neutral,KETV
NEWS-01716,USR-097,Omaha,NE,2025-10-10,North Omaha neighborhood loses grocery store as food desert concerns grow - WOWT,North Omaha neighborhood loses grocery store as food desert concerns grow WOWT,local_news,neutral,WOWT
NEWS-01717,USR-098,Oklahoma City,OK,2025-12-24,"Here’s what stores are open, and which ones are closed, on Christmas - KFOR.com","Here’s what stores are open, and which ones are closed, on Christmas KFOR.com",local_news,neutral,KFOR.com
NEWS-01718,USR-098,Oklahoma City,OK,2026-04-04,RIEGER: Grocery stores come and go in Norman - Norman Transcript,RIEGER: Grocery stores come and go in Norman Norman Transcript,local_news,neutral,Norman Transcript
NEWS-01719,USR-098,Oklahoma City,OK,2025-11-26,"Thanksgiving and Black Friday store hours, plus closures around the Colorado Springs area: List - Colorado Springs Gazette","Thanksgiving and Black Friday store hours, plus closures around the Colorado Springs area: List Colorado Springs Gazette",construction,negative,Colorado Springs Gazette
NEWS-01720,USR-098,Oklahoma City,OK,2025-09-09,Safeway to close 10 Colorado stores as part of regional consolidation - ColoradoBiz,Safeway to close 10 Colorado stores as part of regional consolidation ColoradoBiz,local_news,neutral,ColoradoBiz
NEWS-01721,USR-098,Oklahoma City,OK,2026-03-26,"Homeland to close, consolidate several Oklahoma stores: 'We can turn this thing around' - The Oklahoman","Homeland to close, consolidate several Oklahoma stores: 'We can turn this thing around' The Oklahoman",local_news,neutral,The Oklahoman
NEWS-01722,USR-098,Oklahoma City,OK,2025-12-24,A Full List of Stores Open on Christmas Day 2025 - TODAY.com,A Full List of Stores Open on Christmas Day 2025 TODAY.com,local_news,neutral,TODAY.com
NEWS-01723,USR-098,Oklahoma City,OK,2026-03-02,"Remember these grocery store chains in OKC? Historical images of Kroger, Piggly Wiggly, more - The Oklahoman","Remember these grocery store chains in OKC? Historical images of Kroger, Piggly Wiggly, more The Oklahoman",local_news,neutral,The Oklahoman
NEWS-01724,USR-098,Oklahoma City,OK,2026-04-01,"Homeland Stores to close, consolidate locations - bluebookservices.com","Homeland Stores to close, consolidate locations bluebookservices.com",local_news,neutral,bluebookservices.com
NEWS-01725,USR-098,Oklahoma City,OK,2026-03-31,Community advocates to keep grocery store open in former NE OKC food desert - News 9,Community advocates to keep grocery store open in former NE OKC food desert News 9,local_news,neutral,News 9
NEWS-01726,USR-098,Oklahoma City,OK,2026-03-30,"Homeland to close 4 stores, consolidate others - Grocery Dive","Homeland to close 4 stores, consolidate others Grocery Dive",local_news,neutral,Grocery Dive
NEWS-01727,USR-098,Oklahoma City,OK,2026-03-27,Multiple Homeland stores in OKC metro closing; others statewide consolidating or up for sale - KOCO,Multiple Homeland stores in OKC metro closing; others statewide consolidating or up for sale KOCO,local_news,neutral,KOCO
NEWS-01728,USR-098,Oklahoma City,OK,2026-03-26,"Homeland Stores Announces Changes Impacting Elk City, Clinton Locations - KECO 96.5FM","Homeland Stores Announces Changes Impacting Elk City, Clinton Locations KECO 96.5FM",local_news,neutral,KECO 96.5FM
NEWS-01729,USR-098,Oklahoma City,OK,2026-03-27,Homeland closing multiple Oklahoma locations: Full list of affected stores - News 9,Homeland closing multiple Oklahoma locations: Full list of affected stores News 9,local_news,neutral,News 9
NEWS-01730,USR-098,Oklahoma City,OK,2026-03-26,"Two Homeland stores closing in Norman, one in Edmond - KOKH","Two Homeland stores closing in Norman, one in Edmond KOKH",local_news,neutral,KOKH
NEWS-01731,USR-099,Minneapolis,MN,2025-11-24,Stores that are open and closed on Thanksgiving this year - LiveNOW from FOX,Stores that are open and closed on Thanksgiving this year LiveNOW from FOX,local_news,neutral,LiveNOW from FOX
NEWS-01732,USR-099,Minneapolis,MN,2026-04-16,Grocers Adding More Stores to Meet Rising Consumer Demand - CBRE,Grocers Adding More Stores to Meet Rising Consumer Demand CBRE,local_news,neutral,CBRE
NEWS-01733,USR-099,Minneapolis,MN,2025-11-27,What's open and closed on Thanksgiving this year - FOX 9 Minneapolis-St. Paul,What's open and closed on Thanksgiving this year FOX 9 Minneapolis-St. Paul,local_news,neutral,FOX 9 Minneapolis-St. Paul
NEWS-01734,USR-099,Minneapolis,MN,2026-05-20,"Memorial Day 2026 Grocery, Hardware Store Hours: What’s Open In MN - Patch","Memorial Day 2026 Grocery, Hardware Store Hours: What’s Open In MN Patch",local_news,neutral,Patch
NEWS-01735,USR-099,Minneapolis,MN,2026-06-09,"World Liquid Laxatives - Market Analysis, Forecast, Size, Trends and Insights - IndexBox","World Liquid Laxatives - Market Analysis, Forecast, Size, Trends and Insights IndexBox",local_news,neutral,IndexBox
NEWS-01736,USR-099,Minneapolis,MN,2026-02-23,"Maazah raises $2M as Afghan-American sauce brand lands Costco, Whole Foods - The Business Journals","Maazah raises $2M as Afghan-American sauce brand lands Costco, Whole Foods The Business Journals",local_news,neutral,The Business Journals
NEWS-01737,USR-099,Minneapolis,MN,2026-06-16,Minnesota’s first H Mart could be coming to St. Paul’s Midway - Star Tribune,Minnesota’s first H Mart could be coming to St. Paul’s Midway Star Tribune,local_news,neutral,Star Tribune
NEWS-01738,USR-099,Minneapolis,MN,2026-06-15,H Mart could be headed to St. Paul after Midway Marketplace sale - The Business Journals,H Mart could be headed to St. Paul after Midway Marketplace sale The Business Journals,local_news,neutral,The Business Journals
NEWS-01739,USR-099,Minneapolis,MN,2026-05-12,Minneapolis grocery store owner charged in $1 million food assistance fraud - 5 EYEWITNESS NEWS,Minneapolis grocery store owner charged in $1 million food assistance fraud 5 EYEWITNESS NEWS,local_news,neutral,5 EYEWITNESS NEWS
NEWS-01740,USR-099,Minneapolis,MN,2026-05-13,Minneapolis grocery store owner charged in $1.14M EBT fraud scheme - CBS News,Minneapolis grocery store owner charged in $1.14M EBT fraud scheme CBS News,local_news,neutral,CBS News
NEWS-01741,USR-099,Minneapolis,MN,2026-04-25,Hungry in the City: How Minneapolis Became Its Own Worst Food Desert - Minneapolis Times,Hungry in the City: How Minneapolis Became Its Own Worst Food Desert Minneapolis Times,local_news,neutral,Minneapolis Times
NEWS-01742,USR-099,Minneapolis,MN,2026-03-20,How a Minneapolis corner store served immigrants hiding from ICE - Sahan Journal,How a Minneapolis corner store served immigrants hiding from ICE Sahan Journal,local_news,neutral,Sahan Journal
NEWS-01743,USR-099,Minneapolis,MN,2026-06-01,Restaurant openings and closings in the Twin Cities - Star Tribune,Restaurant openings and closings in the Twin Cities Star Tribune,new_competitor,neutral,Star Tribune
NEWS-01744,USR-099,Minneapolis,MN,2026-04-17,Minneapolis nonalcoholic bottle shop at risk of closing as alcohol-free drinks become more widely available - CBS News,Minneapolis nonalcoholic bottle shop at risk of closing as alcohol-free drinks become more widely available CBS News,local_news,neutral,CBS News
NEWS-01745,USR-099,Minneapolis,MN,2026-03-30,Easter 2026 Grocery And Retail Hours: What’s Open And Closed In MN - Patch,Easter 2026 Grocery And Retail Hours: What’s Open And Closed In MN Patch,local_news,neutral,Patch
NEWS-01746,USR-099,Minneapolis,MN,2026-04-16,"Marigold, Twin Cities' first and last NA bottle shop, is on the brink of closure - Axios","Marigold, Twin Cities' first and last NA bottle shop, is on the brink of closure Axios",construction,negative,Axios
NEWS-01747,USR-099,Minneapolis,MN,2026-03-05,Minneapolis Craft Market will close its MSP Airport store this month - Bring Me The News,Minneapolis Craft Market will close its MSP Airport store this month Bring Me The News,local_news,neutral,Bring Me The News
NEWS-01748,USR-099,Minneapolis,MN,2026-02-04,The Minnesota Target Workers Who Walked Out Against ICE - The American Prospect,The Minnesota Target Workers Who Walked Out Against ICE The American Prospect,local_news,neutral,The American Prospect
NEWS-01749,USR-100,Buffalo,NY,2025-12-18,Trader Joe’s Unwraps 8 New Stores This December - Progressive Grocer,Trader Joe’s Unwraps 8 New Stores This December Progressive Grocer,new_competitor,neutral,Progressive Grocer
NEWS-01750,USR-100,Buffalo,NY,2025-12-02,NY grocery inspections reveal violations. How did Trader Joe's do in Ithaca? - The Ithaca Journal,NY grocery inspections reveal violations. How did Trader Joe's do in Ithaca? The Ithaca Journal,local_news,neutral,The Ithaca Journal
NEWS-01751,USR-100,Buffalo,NY,2026-05-25,Trader Joe's is opening 9 new stores across several states - WGRZ,Trader Joe's is opening 9 new stores across several states WGRZ,new_competitor,neutral,WGRZ
NEWS-01752,USR-100,Buffalo,NY,2025-11-19,Trader Joe's targeted opening timeline in Clarence revealed - Buffalo Business First - The Business Journals,Trader Joe's targeted opening timeline in Clarence revealed - Buffalo Business First The Business Journals,new_competitor,neutral,The Business Journals
NEWS-01753,USR-100,Buffalo,NY,2025-09-13,"Trader Joe’s to open up new stores in 7 states, including one in Upstate NY - Syracuse.com","Trader Joe’s to open up new stores in 7 states, including one in Upstate NY Syracuse.com",new_competitor,neutral,Syracuse.com
NEWS-01754,USR-100,Buffalo,NY,2025-09-16,"Trader Joe’s Confirms Massive Expansion, Including In New York - Hudson Valley Post","Trader Joe’s Confirms Massive Expansion, Including In New York Hudson Valley Post",local_news,neutral,Hudson Valley Post
NEWS-01755,USR-100,Buffalo,NY,2026-05-03,"New grocery store opens, aims to boost food access on Buffalo's East Side - WGRZ","New grocery store opens, aims to boost food access on Buffalo's East Side WGRZ",local_news,neutral,WGRZ
NEWS-01756,USR-100,Buffalo,NY,2026-03-18,CCE promotes Buffalo’s well-being with healthy community stores - Cornell Chronicle,CCE promotes Buffalo’s well-being with healthy community stores Cornell Chronicle,local_news,neutral,Cornell Chronicle
NEWS-01757,USR-100,Buffalo,NY,2026-02-16,Liquor now added as part of continued push for sale of wine at grocery stores across New York - Audacy,Liquor now added as part of continued push for sale of wine at grocery stores across New York Audacy,local_news,neutral,Audacy
NEWS-01758,USR-100,Buffalo,NY,2026-04-06,"Two grocers dominate market as Costco prepares arrival, Trader Joe's expands - The Business Journals","Two grocers dominate market as Costco prepares arrival, Trader Joe's expands The Business Journals",local_news,neutral,The Business Journals
NEWS-01759,USR-100,Buffalo,NY,2025-09-29,'We do need a drug store': Buffalo residents struggle as 16 former Rite Aid stores remain vacant - WKBW,'We do need a drug store': Buffalo residents struggle as 16 former Rite Aid stores remain vacant WKBW,local_news,neutral,WKBW
NEWS-01760,USR-100,Buffalo,NY,2026-05-14,'A sad sight': Save A Lot in Buffalo closes for good - WKBW,'A sad sight': Save A Lot in Buffalo closes for good WKBW,local_news,neutral,WKBW
NEWS-01761,USR-100,Buffalo,NY,2025-11-25,Iconic Buffalo area retailer George and Company closing up shop - WGRZ,Iconic Buffalo area retailer George and Company closing up shop WGRZ,local_news,neutral,WGRZ
NEWS-01762,USR-100,Buffalo,NY,2026-01-27,Major retailer closes location at prominent Upstate NY mall - Syracuse.com,Major retailer closes location at prominent Upstate NY mall Syracuse.com,local_news,neutral,Syracuse.com
NEWS-01763,USR-100,Buffalo,NY,2025-12-09,124-year-old novelty and gift shop to close - Buffalo Business First - The Business Journals,124-year-old novelty and gift shop to close - Buffalo Business First The Business Journals,local_news,neutral,The Business Journals
NEWS-01764,USR-100,Buffalo,NY,2025-09-25,"Why struggling Starbucks is closing stores, laying off hundreds of workers - San Antonio Express-News","Why struggling Starbucks is closing stores, laying off hundreds of workers San Antonio Express-News",local_news,neutral,San Antonio Express-News
NEWS-01765,USR-100,Buffalo,NY,2026-02-04,"Eddie Bauer to declare bankruptcy, close two stores in Western New York - Buffalo News","Eddie Bauer to declare bankruptcy, close two stores in Western New York Buffalo News",local_news,neutral,Buffalo News
NEWS-01766,USR-100,Buffalo,NY,2026-05-20,Trader Joe’s expands with 25 new stores across 14 states in massive growth push,"Trader Joe’s is expanding its footprint with 25 new locations across 14 states, adding to its previously announced growth pipeline, the company said. The popular California-based grocery chain ...",new_competitor,neutral,bing.com
NEWS-01767,USR-100,Buffalo,NY,2026-06-05,Trader Joe’s drops summer-inspired update on its most viral product — and it’s only $2.99,"The most coveted bag of the summer will only cost you $2.99. The Trader Joe’s tote bag craze separates casual shoppers from devoted fans, with customers waiting in lines wrapped around stores to get ...",local_news,neutral,bing.com
