sku_id,store_id,category,product_name,description,attributes,brand_type,in_stock,price_tier,unit_price,pack_size,aisle_zone,facings,weekly_units_sold,margin_pct,upc,vendor
SKU-USR-001-001,USR-001,Household,Ozark Trail Camping Chair,Foldable outdoor chair — seasonal general merchandise.,value,regional,True,value,6.24,1 lb,Aisle 15–17 — Household,2,43,0.124,663740787476,Regional Foods LLC
SKU-USR-001-002,USR-001,Health & Beauty,Organic Lip Balm 3-Pack,Beeswax and coconut oil — USDA organic.,"organic,premium",national,True,premium,63.52,8 oz,Aisle 18–22 — HBC,2,15,0.14,108209323814,Regional Foods LLC
SKU-USR-001-003,USR-001,Snacks,Classic Potato Chips Family Size,Crispy kettle chips — original sea salt flavor.,value,regional,True,value,9.13,1 lb,Aisle 14 — Impulse / Endcap,3,36,0.194,868797356712,Regional Foods LLC
SKU-USR-001-004,USR-001,Grocery,Marketside Fresh Sub Kit,Deli sub ingredients — ready for assembly.,value,regional,True,value,4.74,24 ct,Aisle 4–12 — Center Store,6,42,0.277,373433168911,Regional Foods LLC
SKU-USR-001-005,USR-001,Frozen,Family Pizza Night 3-Pack,"Frozen pizzas — cheese, pepperoni, veggie variety.",value,national,True,value,9.34,2-liter,Aisle 23–25 — Freezer Bank,7,52,0.215,638485849020,Global Consumer Goods
SKU-USR-001-006,USR-001,Dairy,Great Value Whole Milk Gallon,Store-brand vitamin D milk — everyday low price.,"private_label,value",private_label,True,value,10.29,1 gallon,Aisle 1 — Cooler Wall,4,44,0.21,633300691806,Walmart DC
SKU-USR-001-007,USR-001,Fresh Produce,Bananas per lb,Everyday fruit staple — ripen at home.,value,national,True,value,10.66,12 oz,Produce Section — Front Perimeter,5,44,0.176,362690119821,National Brands Co
SKU-USR-001-008,USR-001,Dairy,Farm Fresh 2% Milk Gallon,Locally sourced milk — vitamin D fortified.,value,national,True,value,6.7,2-liter,Aisle 1 — Cooler Wall,2,43,0.168,365566796375,Regional Foods LLC
SKU-USR-001-009,USR-001,Household,Mainstays Bath Towel Set,Soft cotton towels — home basics collection.,"private_label,value",private_label,True,value,2.6,16 oz,Aisle 15–17 — Household,2,46,0.208,475191380693,Walmart DC
SKU-USR-001-010,USR-001,Household,Concentrated Laundry Detergent,HE compatible — 64 load bottle.,value,national,True,value,8.51,12 oz,Aisle 15–17 — Household,4,36,0.187,656995276350,Regional Foods LLC
SKU-USR-001-011,USR-001,Snacks,Store Brand Tortilla Chips,Restaurant style chips — great for parties.,"private_label,value",private_label,True,value,6.67,12 oz,Aisle 14 — Impulse / Endcap,4,46,0.198,404642275296,Walmart DC
SKU-USR-001-012,USR-001,Beverages,Cola 2-Liter Bottle,Classic cola — promotional multipack available.,value,national,True,value,6.83,12 oz,Aisle 2–3 — Cooler & Shelf,2,48,0.141,255729722244,National Brands Co
SKU-USR-002-001,USR-002,Snacks,Favorite Day Cookie Butter Cookies,Private-label snack — impulse endcap item.,"private_label,premium",private_label,True,premium,81.65,10 oz,Aisle 14 — Impulse / Endcap,3,12,0.218,753144708756,Target DC
SKU-USR-002-002,USR-002,Fresh Produce,Organic Baby Spinach 5oz,Triple washed organic greens — salad ready.,"organic,premium",national,True,premium,10.0,8 oz,Produce Section — Front Perimeter,5,13,0.253,197731664911,Regional Foods LLC
SKU-USR-002-003,USR-002,Snacks,Protein Trail Mix Grab & Go,"Almonds, cashews, dried cranberries — 10g protein per serving.",premium,national,True,premium,15.8,4-pack,Aisle 14 — Impulse / Endcap,4,23,0.184,198889598977,Global Consumer Goods
SKU-USR-002-004,USR-002,Snacks,Classic Potato Chips Family Size,Crispy kettle chips — original sea salt flavor.,value,national,True,value,4.29,1 lb,Aisle 14 — Impulse / Endcap,1,33,0.142,710189977474,Regional Foods LLC
SKU-USR-002-005,USR-002,Fresh Produce,Bananas per lb,Everyday fruit staple — ripen at home.,value,national,True,value,1.85,2-liter,Produce Section — Front Perimeter,2,45,0.144,720871386555,National Brands Co
SKU-USR-002-006,USR-002,Beverages,Cold Brew Coffee Concentrate,Ready-to-drink cold brew — premium arabica beans.,premium,national,True,premium,70.06,2 lb,Aisle 2–3 — Cooler & Shelf,4,16,0.105,152743762737,National Brands Co
SKU-USR-002-007,USR-002,Fresh Produce,Local Seasonal Berry Mix,Farm partnership program — peak season berries.,"seasonal,premium",national,True,premium,17.81,2 lb,Produce Section — Front Perimeter,5,16,0.19,514853814766,National Brands Co
SKU-USR-002-008,USR-002,Grocery,Value White Bread,Soft sandwich bread — family pack at everyday low price.,value,national,True,value,2.22,1 lb,Aisle 4–12 — Center Store,1,37,0.122,886112416842,National Brands Co
SKU-USR-002-009,USR-002,Health & Beauty,Sensitive Skin Moisturizer,Dermatologist tested — fragrance free daily lotion.,premium,national,True,premium,51.71,10 oz,Aisle 18–22 — HBC,1,17,0.216,303670571774,National Brands Co
SKU-USR-002-010,USR-002,Grocery,Organic Whole Grain Bread,Artisan loaf baked daily with organic whole wheat flour.,"organic,premium",regional,True,premium,60.25,10 oz,Aisle 4–12 — Center Store,5,14,0.189,445225671454,National Brands Co
SKU-USR-002-011,USR-002,Household,Paper Towels 8-Roll Pack,Absorbent sheets — store brand savings.,"private_label,value",private_label,True,value,5.99,2-liter,Aisle 15–17 — Household,5,49,0.195,691988294079,Target DC
SKU-USR-002-012,USR-002,Grocery,Gluten-Free Multigrain Loaf,Certified gluten-free bread with seeds and ancient grains.,"gluten_free,premium",national,True,premium,29.82,2 lb,Aisle 4–12 — Center Store,4,20,0.126,269829540747,National Brands Co
SKU-USR-002-013,USR-002,Household,Concentrated Laundry Detergent,HE compatible — 64 load bottle.,value,regional,True,value,11.97,12 oz,Aisle 15–17 — Household,1,45,0.135,661059674745,Regional Foods LLC
SKU-USR-002-014,USR-002,Health & Beauty,Value Shampoo Family Size,Everyday clean formula — large bottle value pack.,value,national,True,value,6.99,2-liter,Aisle 18–22 — HBC,2,66,0.226,373075879840,National Brands Co
SKU-USR-002-015,USR-002,Dairy,Farm Fresh 2% Milk Gallon,Locally sourced milk — vitamin D fortified.,value,regional,True,value,6.25,1 lb,Aisle 1 — Cooler Wall,2,47,0.244,935906784507,Global Consumer Goods
SKU-USR-003-001,USR-003,Frozen,Family Pizza Night 3-Pack,"Frozen pizzas — cheese, pepperoni, veggie variety.",value,national,True,value,10.12,16 oz,Aisle 23–25 — Freezer Bank,1,45,0.117,497288891098,Regional Foods LLC
SKU-USR-003-002,USR-003,Frozen,Premium Ice Cream Pint,Super-premium butterfat — limited edition flavor.,premium,national,True,premium,56.73,4-pack,Aisle 23–25 — Freezer Bank,4,14,0.253,833189636154,Regional Foods LLC
SKU-USR-003-003,USR-003,Grocery,Organic Whole Grain Bread,Artisan loaf baked daily with organic whole wheat flour.,"organic,premium",regional,True,premium,24.29,32 oz,Aisle 4–12 — Center Store,2,23,0.237,643356170005,National Brands Co
SKU-USR-003-004,USR-003,Fresh Produce,Bananas per lb,Everyday fruit staple — ripen at home.,value,national,True,value,7.07,1 gallon,Produce Section — Front Perimeter,1,38,0.098,984981531649,Global Consumer Goods
SKU-USR-003-005,USR-003,Health & Beauty,Sensitive Skin Moisturizer,Dermatologist tested — fragrance free daily lotion.,premium,national,True,premium,52.59,8 oz,Aisle 18–22 — HBC,3,17,0.25,796611755163,National Brands Co
SKU-USR-003-006,USR-003,Dairy,Organic Greek Yogurt 4-Pack,"Thick strained yogurt, live cultures, no artificial sweeteners.","organic,premium",national,True,premium,36.95,32 oz,Aisle 1 — Cooler Wall,2,26,0.085,284693490060,National Brands Co
SKU-USR-003-007,USR-003,Health & Beauty,Value Shampoo Family Size,Everyday clean formula — large bottle value pack.,value,national,True,value,8.09,1 gallon,Aisle 18–22 — HBC,5,49,0.214,846314802269,National Brands Co
SKU-USR-003-008,USR-003,Grocery,Value White Bread,Soft sandwich bread — family pack at everyday low price.,value,national,True,value,3.93,16 oz,Aisle 4–12 — Center Store,2,38,0.093,520656354336,National Brands Co
SKU-USR-003-009,USR-003,Frozen,Frozen Vegetable Stir-Fry Blend,"Broccoli, peppers, snap peas — steam in bag.",value,national,True,value,6.85,12 oz,Aisle 23–25 — Freezer Bank,5,42,0.097,119284269593,Global Consumer Goods
SKU-USR-003-010,USR-003,Snacks,Classic Potato Chips Family Size,Crispy kettle chips — original sea salt flavor.,value,national,True,value,5.28,12 oz,Aisle 14 — Impulse / Endcap,3,42,0.261,447745405734,National Brands Co
SKU-USR-003-011,USR-003,Fresh Produce,Local Seasonal Berry Mix,Farm partnership program — peak season berries.,"seasonal,premium",national,True,premium,33.83,32 oz,Produce Section — Front Perimeter,1,16,0.188,287104499810,Regional Foods LLC
SKU-USR-003-012,USR-003,Fresh Produce,Organic Baby Spinach 5oz,Triple washed organic greens — salad ready.,"organic,premium",national,True,premium,28.83,10 oz,Produce Section — Front Perimeter,4,16,0.18,886563397008,National Brands Co
SKU-USR-003-013,USR-003,Beverages,Cola 2-Liter Bottle,Classic cola — promotional multipack available.,value,national,True,value,6.48,24 ct,Aisle 2–3 — Cooler & Shelf,5,49,0.28,997596166413,Regional Foods LLC
SKU-USR-003-014,USR-003,Dairy,Farm Fresh 2% Milk Gallon,Locally sourced milk — vitamin D fortified.,value,national,True,value,6.08,24 ct,Aisle 1 — Cooler Wall,2,57,0.14,182420669340,Regional Foods LLC
SKU-USR-003-015,USR-003,Household,Paper Towels 8-Roll Pack,Absorbent sheets — store brand savings.,"private_label,value",private_label,True,value,12.39,16 oz,Aisle 15–17 — Household,2,55,0.303,924317769258,Kroger DC
SKU-USR-004-001,USR-004,Frozen,Frozen Vegetable Stir-Fry Blend,"Broccoli, peppers, snap peas — steam in bag.",value,national,True,value,5.58,1 gallon,Aisle 23–25 — Freezer Bank,6,51,0.276,605520280153,National Brands Co
SKU-USR-004-002,USR-004,Household,Eco-Friendly Surface Cleaner,Plant-based spray — safe for kitchen counters.,"organic,premium",national,True,premium,29.13,10 oz,Aisle 15–17 — Household,2,24,0.121,485336221236,Regional Foods LLC
SKU-USR-004-003,USR-004,Grocery,Gluten-Free Multigrain Loaf,Certified gluten-free bread with seeds and ancient grains.,"gluten_free,premium",national,True,premium,41.26,32 oz,Aisle 4–12 — Center Store,3,14,0.203,355715436472,Global Consumer Goods
SKU-USR-004-004,USR-004,Dairy,Organic Greek Yogurt 4-Pack,"Thick strained yogurt, live cultures, no artificial sweeteners.","organic,premium",national,True,premium,41.16,2 lb,Aisle 1 — Cooler Wall,7,14,0.273,899422670289,Regional Foods LLC
SKU-USR-004-005,USR-004,Fresh Produce,Bananas per lb,Everyday fruit staple — ripen at home.,value,national,True,value,8.08,1 gallon,Produce Section — Front Perimeter,3,37,0.251,903794254051,Regional Foods LLC
SKU-USR-004-006,USR-004,Grocery,Organic Whole Grain Bread,Artisan loaf baked daily with organic whole wheat flour.,"organic,premium",national,True,premium,17.0,6-pack,Aisle 4–12 — Center Store,2,18,0.246,888784408265,Global Consumer Goods
SKU-USR-004-007,USR-004,Health & Beauty,Sensitive Skin Moisturizer,Dermatologist tested — fragrance free daily lotion.,premium,national,True,premium,60.78,8 oz,Aisle 18–22 — HBC,3,13,0.106,168021784064,Regional Foods LLC
SKU-USR-004-008,USR-004,Fresh Produce,Rotisserie Chicken,Fresh prepared protein — member favorite.,value,regional,True,value,4.14,1 gallon,Produce Section — Front Perimeter,7,38,0.265,847845229861,Regional Foods LLC
SKU-USR-004-009,USR-004,Snacks,Store Brand Tortilla Chips,Restaurant style chips — great for parties.,"private_label,value",private_label,True,value,4.3,24 ct,Aisle 14 — Impulse / Endcap,4,31,0.181,499791435082,Costco DC
SKU-USR-004-010,USR-004,Dairy,Farm Fresh 2% Milk Gallon,Locally sourced milk — vitamin D fortified.,value,regional,True,value,3.42,1 lb,Aisle 1 — Cooler Wall,7,52,0.103,288547612871,Global Consumer Goods
SKU-USR-004-011,USR-004,Frozen,Family Pizza Night 3-Pack,"Frozen pizzas — cheese, pepperoni, veggie variety.",value,national,True,value,4.5,24 ct,Aisle 23–25 — Freezer Bank,3,43,0.171,833030284702,Global Consumer Goods
SKU-USR-004-012,USR-004,Fresh Produce,Local Seasonal Berry Mix,Farm partnership program — peak season berries.,"seasonal,premium",national,True,premium,50.36,4-pack,Produce Section — Front Perimeter,4,15,0.158,920232734605,Global Consumer Goods
SKU-USR-004-013,USR-004,Beverages,Cold Brew Coffee Concentrate,Ready-to-drink cold brew — premium arabica beans.,premium,national,True,premium,69.74,4-pack,Aisle 2–3 — Cooler & Shelf,5,18,0.257,909865506542,Regional Foods LLC
SKU-USR-004-014,USR-004,Health & Beauty,Value Shampoo Family Size,Everyday clean formula — large bottle value pack.,value,regional,True,value,9.82,1 lb,Aisle 18–22 — HBC,3,39,0.094,254440793213,National Brands Co
SKU-USR-004-015,USR-004,Beverages,Cola 2-Liter Bottle,Classic cola — promotional multipack available.,value,national,True,value,8.23,1 lb,Aisle 2–3 — Cooler & Shelf,5,37,0.153,632740232095,Global Consumer Goods
SKU-USR-004-016,USR-004,Frozen,Premium Ice Cream Pint,Super-premium butterfat — limited edition flavor.,premium,national,True,premium,21.85,2 lb,Aisle 23–25 — Freezer Bank,2,16,0.27,225766906082,National Brands Co
SKU-USR-004-017,USR-004,Grocery,Executive Membership Renewal,Annual membership fee SKU — loyalty driver.,premium,national,True,premium,49.61,2 lb,Aisle 4–12 — Center Store,2,22,0.278,355663577817,Global Consumer Goods
SKU-USR-004-018,USR-004,Dairy,Plant-Based Oat Milk,Barista blend oat milk — dairy-free alternative.,"premium,plant_based",regional,True,premium,49.6,2 lb,Aisle 1 — Cooler Wall,7,18,0.239,633794887218,Global Consumer Goods
SKU-USR-005-001,USR-005,Beverages,Sparkling Water 12-Pack,Zero calorie flavored seltzer — variety pack.,premium,national,True,premium,75.83,10 oz,Aisle 2–3 — Cooler & Shelf,5,17,0.121,721093472491,Global Consumer Goods
SKU-USR-005-002,USR-005,Dairy,Farm Fresh 2% Milk Gallon,Locally sourced milk — vitamin D fortified.,value,national,True,value,3.83,24 ct,Aisle 1 — Cooler Wall,2,43,0.143,171699188600,Global Consumer Goods
SKU-USR-005-003,USR-005,Snacks,Store Brand Tortilla Chips,Restaurant style chips — great for parties.,"private_label,value",private_label,True,value,8.45,16 oz,Aisle 14 — Impulse / Endcap,2,43,0.389,692560913535,Albertsons DC
SKU-USR-005-004,USR-005,Snacks,Protein Trail Mix Grab & Go,"Almonds, cashews, dried cranberries — 10g protein per serving.",premium,national,True,premium,26.04,4-pack,Aisle 14 — Impulse / Endcap,4,22,0.267,809479181530,Regional Foods LLC
SKU-USR-005-005,USR-005,Household,Eco-Friendly Surface Cleaner,Plant-based spray — safe for kitchen counters.,"organic,premium",national,True,premium,11.48,8 oz,Aisle 15–17 — Household,2,23,0.244,416450375136,Regional Foods LLC
SKU-USR-005-006,USR-005,Health & Beauty,Organic Lip Balm 3-Pack,Beeswax and coconut oil — USDA organic.,"organic,premium",national,True,premium,45.94,10 oz,Aisle 18–22 — HBC,1,13,0.082,158975596421,National Brands Co
SKU-USR-005-007,USR-005,Household,Paper Towels 8-Roll Pack,Absorbent sheets — store brand savings.,"private_label,value",private_label,True,value,3.96,12 oz,Aisle 15–17 — Household,4,48,0.328,222012720012,Albertsons DC
SKU-USR-005-008,USR-005,Health & Beauty,Value Shampoo Family Size,Everyday clean formula — large bottle value pack.,value,national,True,value,5.98,12 oz,Aisle 18–22 — HBC,2,50,0.175,381441236666,National Brands Co
SKU-USR-005-009,USR-005,Beverages,Cola 2-Liter Bottle,Classic cola — promotional multipack available.,value,national,True,value,2.65,2-liter,Aisle 2–3 — Cooler & Shelf,5,35,0.209,248839900655,National Brands Co
SKU-USR-005-010,USR-005,Frozen,Premium Ice Cream Pint,Super-premium butterfat — limited edition flavor.,premium,national,True,premium,62.97,6-pack,Aisle 23–25 — Freezer Bank,1,13,0.207,561471479910,Regional Foods LLC
SKU-USR-005-011,USR-005,Frozen,Family Pizza Night 3-Pack,"Frozen pizzas — cheese, pepperoni, veggie variety.",value,national,True,value,11.42,2-liter,Aisle 23–25 — Freezer Bank,4,38,0.274,652866765381,Regional Foods LLC
SKU-USR-005-012,USR-005,Dairy,Organic Greek Yogurt 4-Pack,"Thick strained yogurt, live cultures, no artificial sweeteners.","organic,premium",national,True,premium,9.45,6-pack,Aisle 1 — Cooler Wall,1,15,0.259,900007295060,National Brands Co
SKU-USR-005-013,USR-005,Grocery,Organic Whole Grain Bread,Artisan loaf baked daily with organic whole wheat flour.,"organic,premium",national,True,premium,39.11,32 oz,Aisle 4–12 — Center Store,1,21,0.134,458272185691,Global Consumer Goods
SKU-USR-005-014,USR-005,Dairy,Plant-Based Oat Milk,Barista blend oat milk — dairy-free alternative.,"premium,plant_based",national,True,premium,22.8,8 oz,Aisle 1 — Cooler Wall,2,18,0.133,276912879943,Regional Foods LLC
SKU-USR-005-015,USR-005,Beverages,Cold Brew Coffee Concentrate,Ready-to-drink cold brew — premium arabica beans.,premium,national,True,premium,9.12,32 oz,Aisle 2–3 — Cooler & Shelf,5,17,0.113,910514308344,Regional Foods LLC
SKU-USR-005-016,USR-005,Fresh Produce,Organic Baby Spinach 5oz,Triple washed organic greens — salad ready.,"organic,premium",national,True,premium,48.36,8 oz,Produce Section — Front Perimeter,3,13,0.266,997315475157,National Brands Co
SKU-USR-006-001,USR-006,Grocery,Organic Whole Grain Bread,Artisan loaf baked daily with organic whole wheat flour.,"organic,premium",national,True,premium,54.62,8 oz,Aisle 4–12 — Center Store,1,20,0.19,168835246768,Regional Foods LLC
SKU-USR-006-002,USR-006,Snacks,Protein Trail Mix Grab & Go,"Almonds, cashews, dried cranberries — 10g protein per serving.",premium,national,True,premium,45.47,2 lb,Aisle 14 — Impulse / Endcap,4,18,0.217,885079430102,Global Consumer Goods
SKU-USR-006-003,USR-006,Fresh Produce,Local Seasonal Berry Mix,Farm partnership program — peak season berries.,"seasonal,premium",national,True,premium,10.81,32 oz,Produce Section — Front Perimeter,4,18,0.185,512911597070,Global Consumer Goods
SKU-USR-006-004,USR-006,Frozen,Family Pizza Night 3-Pack,"Frozen pizzas — cheese, pepperoni, veggie variety.",value,national,True,value,2.11,1 gallon,Aisle 23–25 — Freezer Bank,1,40,0.137,254463205821,Regional Foods LLC
SKU-USR-006-005,USR-006,Grocery,Value White Bread,Soft sandwich bread — family pack at everyday low price.,value,national,True,value,7.92,24 ct,Aisle 4–12 — Center Store,5,46,0.087,820150307212,Global Consumer Goods
SKU-USR-006-006,USR-006,Frozen,Frozen Vegetable Stir-Fry Blend,"Broccoli, peppers, snap peas — steam in bag.",value,national,True,value,3.01,24 ct,Aisle 23–25 — Freezer Bank,5,51,0.168,966484305967,National Brands Co
SKU-USR-006-007,USR-006,Beverages,Cold Brew Coffee Concentrate,Ready-to-drink cold brew — premium arabica beans.,premium,national,True,premium,17.38,10 oz,Aisle 2–3 — Cooler & Shelf,5,22,0.272,189439770439,National Brands Co
SKU-USR-006-008,USR-006,Fresh Produce,Bananas per lb,Everyday fruit staple — ripen at home.,value,national,True,value,4.29,16 oz,Produce Section — Front Perimeter,3,33,0.192,207460661075,Regional Foods LLC
SKU-USR-006-009,USR-006,Household,Concentrated Laundry Detergent,HE compatible — 64 load bottle.,value,regional,True,value,8.81,1 lb,Aisle 15–17 — Household,4,58,0.127,858216655439,Global Consumer Goods
SKU-USR-006-010,USR-006,Fresh Produce,Organic Baby Spinach 5oz,Triple washed organic greens — salad ready.,"organic,premium",national,True,premium,70.43,10 oz,Produce Section — Front Perimeter,3,10,0.101,769605935039,Regional Foods LLC
SKU-USR-006-011,USR-006,Health & Beauty,Organic Lip Balm 3-Pack,Beeswax and coconut oil — USDA organic.,"organic,premium",regional,True,premium,14.81,10 oz,Aisle 18–22 — HBC,4,18,0.175,573415683965,National Brands Co
SKU-USR-006-012,USR-006,Beverages,Sparkling Water 12-Pack,Zero calorie flavored seltzer — variety pack.,premium,national,True,premium,25.06,6-pack,Aisle 2–3 — Cooler & Shelf,2,15,0.197,427064519079,Regional Foods LLC
SKU-USR-006-013,USR-006,Snacks,Classic Potato Chips Family Size,Crispy kettle chips — original sea salt flavor.,value,national,True,value,9.54,1 gallon,Aisle 14 — Impulse / Endcap,5,47,0.132,759606293590,National Brands Co
SKU-USR-006-014,USR-006,Dairy,Organic Greek Yogurt 4-Pack,"Thick strained yogurt, live cultures, no artificial sweeteners.","organic,premium",national,True,premium,56.52,2 lb,Aisle 1 — Cooler Wall,1,23,0.105,671485437556,Regional Foods LLC
SKU-USR-006-015,USR-006,Snacks,Store Brand Tortilla Chips,Restaurant style chips — great for parties.,"private_label,value",private_label,True,value,11.4,1 gallon,Aisle 14 — Impulse / Endcap,1,46,0.181,358931300508,Publix DC
SKU-USR-006-016,USR-006,Frozen,Premium Ice Cream Pint,Super-premium butterfat — limited edition flavor.,premium,regional,True,premium,43.44,4-pack,Aisle 23–25 — Freezer Bank,5,24,0.28,102836740317,Regional Foods LLC
SKU-USR-007-001,USR-007,Beverages,Sparkling Water 12-Pack,Zero calorie flavored seltzer — variety pack.,premium,national,True,premium,19.77,6-pack,Aisle 2–3 — Cooler & Shelf,3,11,0.136,240435942634,National Brands Co
SKU-USR-007-002,USR-007,Frozen,Frozen Vegetable Stir-Fry Blend,"Broccoli, peppers, snap peas — steam in bag.",value,national,True,value,8.75,1 gallon,Aisle 23–25 — Freezer Bank,3,42,0.267,454569815404,Global Consumer Goods
SKU-USR-007-003,USR-007,Grocery,Gluten-Free Multigrain Loaf,Certified gluten-free bread with seeds and ancient grains.,"gluten_free,premium",national,True,premium,52.53,6-pack,Aisle 4–12 — Center Store,2,18,0.192,764610667512,National Brands Co
SKU-USR-007-004,USR-007,Fresh Produce,Wild-Caught Sockeye Salmon Fillet,Sustainable seafood — seafood counter.,"organic,premium",national,True,premium,26.52,8 oz,Produce Section — Front Perimeter,1,12,0.178,360659835361,National Brands Co
SKU-USR-007-005,USR-007,Beverages,Cola 2-Liter Bottle,Classic cola — promotional multipack available.,value,national,True,value,3.27,1 gallon,Aisle 2–3 — Cooler & Shelf,2,54,0.12,931521387440,Global Consumer Goods
SKU-USR-007-006,USR-007,Dairy,Organic Greek Yogurt 4-Pack,"Thick strained yogurt, live cultures, no artificial sweeteners.","organic,premium",national,True,premium,32.01,4-pack,Aisle 1 — Cooler Wall,3,13,0.198,258515767132,Regional Foods LLC
SKU-USR-007-007,USR-007,Household,Concentrated Laundry Detergent,HE compatible — 64 load bottle.,value,national,True,value,5.03,1 gallon,Aisle 15–17 — Household,1,40,0.264,514341936631,Regional Foods LLC
SKU-USR-007-008,USR-007,Dairy,Plant-Based Oat Milk,Barista blend oat milk — dairy-free alternative.,"premium,plant_based",national,True,premium,56.42,6-pack,Aisle 1 — Cooler Wall,2,14,0.12,584841490816,Regional Foods LLC
SKU-USR-007-009,USR-007,Health & Beauty,Value Shampoo Family Size,Everyday clean formula — large bottle value pack.,value,national,True,value,9.89,12 oz,Aisle 18–22 — HBC,2,43,0.127,774264686861,Regional Foods LLC
SKU-USR-007-010,USR-007,Grocery,365 Organic Almond Butter,House brand nut butter — clean ingredients.,"organic,premium,private_label",private_label,True,premium,73.5,10 oz,Aisle 4–12 — Center Store,3,21,0.37,280295986510,Whole Foods DC
SKU-USR-007-011,USR-007,Household,Eco-Friendly Surface Cleaner,Plant-based spray — safe for kitchen counters.,"organic,premium",national,True,premium,81.78,2 lb,Aisle 15–17 — Household,4,15,0.219,281276615617,National Brands Co
SKU-USR-007-012,USR-007,Snacks,Store Brand Tortilla Chips,Restaurant style chips — great for parties.,"private_label,value",private_label,True,value,8.6,1 lb,Aisle 14 — Impulse / Endcap,4,54,0.247,427155775918,Whole Foods DC
SKU-USR-007-013,USR-007,Fresh Produce,Bananas per lb,Everyday fruit staple — ripen at home.,value,national,True,value,2.03,16 oz,Produce Section — Front Perimeter,4,58,0.154,329686321636,National Brands Co
SKU-USR-007-014,USR-007,Household,Paper Towels 8-Roll Pack,Absorbent sheets — store brand savings.,"private_label,value",private_label,True,value,9.85,1 gallon,Aisle 15–17 — Household,2,45,0.157,238369622024,Whole Foods DC
SKU-USR-007-015,USR-007,Fresh Produce,Local Seasonal Berry Mix,Farm partnership program — peak season berries.,"seasonal,premium",national,True,premium,79.82,8 oz,Produce Section — Front Perimeter,2,20,0.232,909799689794,National Brands Co
SKU-USR-007-016,USR-007,Frozen,Family Pizza Night 3-Pack,"Frozen pizzas — cheese, pepperoni, veggie variety.",value,national,True,value,3.26,1 gallon,Aisle 23–25 — Freezer Bank,3,47,0.125,322852592530,National Brands Co
SKU-USR-007-017,USR-007,Grocery,Organic Whole Grain Bread,Artisan loaf baked daily with organic whole wheat flour.,"organic,premium",national,True,premium,59.81,4-pack,Aisle 4–12 — Center Store,1,29,0.202,596927625696,Global Consumer Goods
SKU-USR-008-001,USR-008,Household,Paper Towels 8-Roll Pack,Absorbent sheets — store brand savings.,"private_label,value",private_label,True,value,8.27,24 ct,Aisle 15–17 — Household,3,40,0.178,748659683431,CVS DC
SKU-USR-008-002,USR-008,Snacks,Classic Potato Chips Family Size,Crispy kettle chips — original sea salt flavor.,value,national,True,value,9.01,12 oz,Aisle 14 — Impulse / Endcap,3,41,0.132,450322951117,Regional Foods LLC
SKU-USR-008-003,USR-008,Household,Concentrated Laundry Detergent,HE compatible — 64 load bottle.,value,national,True,value,7.45,16 oz,Aisle 15–17 — Household,4,50,0.081,390137121135,Global Consumer Goods
SKU-USR-008-004,USR-008,Fresh Produce,Organic Baby Spinach 5oz,Triple washed organic greens — salad ready.,"organic,premium",national,True,premium,88.16,4-pack,Produce Section — Front Perimeter,3,14,0.272,730394168759,Regional Foods LLC
SKU-USR-008-005,USR-008,Snacks,Store Brand Tortilla Chips,Restaurant style chips — great for parties.,"private_label,value",private_label,True,value,10.91,12 oz,Aisle 14 — Impulse / Endcap,3,31,0.185,851896627268,CVS DC
SKU-USR-008-006,USR-008,Fresh Produce,Bananas per lb,Everyday fruit staple — ripen at home.,value,national,True,value,12.36,24 ct,Produce Section — Front Perimeter,1,48,0.118,491838875832,Global Consumer Goods
SKU-USR-008-007,USR-008,Snacks,Gold Emblem Abound Protein Bar,Private-label snack — checkout lane.,"private_label,premium",private_label,True,premium,49.68,10 oz,Aisle 14 — Impulse / Endcap,1,16,0.209,491341695524,CVS DC
SKU-USR-008-008,USR-008,Beverages,Sparkling Water 12-Pack,Zero calorie flavored seltzer — variety pack.,premium,national,True,premium,40.69,8 oz,Aisle 2–3 — Cooler & Shelf,3,19,0.24,211755403927,Global Consumer Goods
SKU-USR-008-009,USR-008,Dairy,Farm Fresh 2% Milk Gallon,Locally sourced milk — vitamin D fortified.,value,national,True,value,6.52,16 oz,Aisle 1 — Cooler Wall,5,45,0.257,112764751274,Regional Foods LLC
SKU-USR-008-010,USR-008,Dairy,Organic Greek Yogurt 4-Pack,"Thick strained yogurt, live cultures, no artificial sweeteners.","organic,premium",national,True,premium,65.74,2 lb,Aisle 1 — Cooler Wall,4,24,0.218,560717739462,Global Consumer Goods
SKU-USR-008-011,USR-008,Snacks,Protein Trail Mix Grab & Go,"Almonds, cashews, dried cranberries — 10g protein per serving.",premium,national,True,premium,67.05,4-pack,Aisle 14 — Impulse / Endcap,2,20,0.213,986721184646,Global Consumer Goods
SKU-USR-008-012,USR-008,Beverages,Cola 2-Liter Bottle,Classic cola — promotional multipack available.,value,national,True,value,7.25,24 ct,Aisle 2–3 — Cooler & Shelf,3,40,0.149,704661338412,National Brands Co
SKU-USR-008-013,USR-008,Grocery,Value White Bread,Soft sandwich bread — family pack at everyday low price.,value,national,True,value,3.82,24 ct,Aisle 4–12 — Center Store,3,53,0.188,474678295844,Regional Foods LLC
SKU-USR-008-014,USR-008,Health & Beauty,Prescription Generic Lisinopril 30ct,Pharmacy generic — high script volume.,value,national,True,value,4.2,1 gallon,Aisle 18–22 — HBC,3,63,0.234,208356716500,Regional Foods LLC
SKU-USR-008-015,USR-008,Health & Beauty,Beauty 360 Facial Tissues,Soft tissues — health & wellness aisle.,"private_label,value",private_label,True,value,10.71,12 oz,Aisle 18–22 — HBC,4,32,0.403,153738537134,CVS DC
SKU-USR-008-016,USR-008,Grocery,Organic Whole Grain Bread,Artisan loaf baked daily with organic whole wheat flour.,"organic,premium",national,True,premium,22.82,32 oz,Aisle 4–12 — Center Store,1,23,0.115,585189660673,Regional Foods LLC
SKU-USR-008-017,USR-008,Dairy,Plant-Based Oat Milk,Barista blend oat milk — dairy-free alternative.,"premium,plant_based",regional,True,premium,52.16,2 lb,Aisle 1 — Cooler Wall,1,16,0.124,789607468209,Global Consumer Goods
SKU-USR-009-001,USR-009,Fresh Produce,Local Seasonal Berry Mix,Farm partnership program — peak season berries.,"seasonal,premium",national,True,premium,57.44,2 lb,Produce Section — Front Perimeter,5,24,0.153,499046654303,Global Consumer Goods
SKU-USR-009-002,USR-009,Dairy,Farm Fresh 2% Milk Gallon,Locally sourced milk — vitamin D fortified.,value,national,True,value,1.55,1 gallon,Aisle 1 — Cooler Wall,1,38,0.204,640947344001,Regional Foods LLC
SKU-USR-009-003,USR-009,Beverages,Cold Brew Coffee Concentrate,Ready-to-drink cold brew — premium arabica beans.,premium,national,True,premium,9.1,8 oz,Aisle 2–3 — Cooler & Shelf,1,25,0.154,215106344257,Regional Foods LLC
SKU-USR-009-004,USR-009,Grocery,Organic Whole Grain Bread,Artisan loaf baked daily with organic whole wheat flour.,"organic,premium",regional,True,premium,62.69,32 oz,Aisle 4–12 — Center Store,3,20,0.11,925116911210,Regional Foods LLC
SKU-USR-009-005,USR-009,Grocery,Value White Bread,Soft sandwich bread — family pack at everyday low price.,value,national,True,value,5.37,1 gallon,Aisle 4–12 — Center Store,3,45,0.116,176394677584,National Brands Co
SKU-USR-009-006,USR-009,Dairy,Plant-Based Oat Milk,Barista blend oat milk — dairy-free alternative.,"premium,plant_based",national,True,premium,69.35,4-pack,Aisle 1 — Cooler Wall,1,15,0.237,148011711368,National Brands Co
SKU-USR-009-007,USR-009,Snacks,Protein Trail Mix Grab & Go,"Almonds, cashews, dried cranberries — 10g protein per serving.",premium,national,True,premium,26.32,2 lb,Aisle 14 — Impulse / Endcap,1,21,0.148,841592772961,Regional Foods LLC
SKU-USR-009-008,USR-009,Dairy,Organic Greek Yogurt 4-Pack,"Thick strained yogurt, live cultures, no artificial sweeteners.","organic,premium",national,True,premium,80.28,4-pack,Aisle 1 — Cooler Wall,5,18,0.154,928399988186,Global Consumer Goods
SKU-USR-009-009,USR-009,Frozen,Frozen Vegetable Stir-Fry Blend,"Broccoli, peppers, snap peas — steam in bag.",value,national,True,value,9.89,12 oz,Aisle 23–25 — Freezer Bank,3,41,0.217,232146792355,Regional Foods LLC
SKU-USR-009-010,USR-009,Household,Eco-Friendly Surface Cleaner,Plant-based spray — safe for kitchen counters.,"organic,premium",national,True,premium,62.6,8 oz,Aisle 15–17 — Household,2,19,0.199,929125631929,Regional Foods LLC
SKU-USR-009-011,USR-009,Health & Beauty,Sensitive Skin Moisturizer,Dermatologist tested — fragrance free daily lotion.,premium,national,False,premium,78.69,6-pack,Aisle 18–22 — HBC,4,15,0.165,421350476969,Global Consumer Goods
SKU-USR-009-012,USR-009,Frozen,Family Pizza Night 3-Pack,"Frozen pizzas — cheese, pepperoni, veggie variety.",value,national,True,value,5.39,1 gallon,Aisle 23–25 — Freezer Bank,2,44,0.192,323061923064,National Brands Co
SKU-USR-009-013,USR-009,Fresh Produce,Bananas per lb,Everyday fruit staple — ripen at home.,value,national,True,value,6.06,16 oz,Produce Section — Front Perimeter,4,49,0.242,210072758154,Regional Foods LLC
SKU-USR-009-014,USR-009,Health & Beauty,Value Shampoo Family Size,Everyday clean formula — large bottle value pack.,value,national,True,value,12.19,24 ct,Aisle 18–22 — HBC,3,48,0.221,465101345984,National Brands Co
SKU-USR-009-015,USR-009,Snacks,Classic Potato Chips Family Size,Crispy kettle chips — original sea salt flavor.,value,regional,True,value,4.01,1 gallon,Aisle 14 — Impulse / Endcap,3,50,0.144,748805611756,Global Consumer Goods
SKU-USR-009-016,USR-009,Household,Paper Towels 8-Roll Pack,Absorbent sheets — store brand savings.,"private_label,value",private_label,True,value,6.84,1 gallon,Aisle 15–17 — Household,3,39,0.19,889085725682,Walgreens DC
SKU-USR-010-001,USR-010,Frozen,Premium Ice Cream Pint,Super-premium butterfat — limited edition flavor.,premium,national,True,premium,62.24,8 oz,Aisle 23–25 — Freezer Bank,4,17,0.147,270287405619,Regional Foods LLC
SKU-USR-010-002,USR-010,Health & Beauty,Value Shampoo Family Size,Everyday clean formula — large bottle value pack.,value,national,True,value,11.64,12 oz,Aisle 18–22 — HBC,1,41,0.212,366476408272,Global Consumer Goods
SKU-USR-010-003,USR-010,Household,Paper Towels 8-Roll Pack,Absorbent sheets — store brand savings.,"private_label,value",private_label,True,value,2.93,16 oz,Aisle 15–17 — Household,5,47,0.313,354644686150,Home Depot DC
SKU-USR-010-004,USR-010,Household,Ridgid 18V Drill/Driver Kit,Power tools — pro and DIY segment.,premium,national,True,premium,20.27,4-pack,Aisle 15–17 — Household,5,29,0.161,752596843841,Regional Foods LLC
SKU-USR-010-005,USR-010,Snacks,Protein Trail Mix Grab & Go,"Almonds, cashews, dried cranberries — 10g protein per serving.",premium,national,True,premium,78.9,6-pack,Aisle 14 — Impulse / Endcap,4,14,0.171,636475158432,Regional Foods LLC
SKU-USR-010-006,USR-010,Household,HDX 5-Gallon Paint Bucket,Contractor-grade bucket — paint aisle.,"private_label,value",private_label,True,value,6.64,24 ct,Aisle 15–17 — Household,5,41,0.363,522905497240,Home Depot DC
SKU-USR-010-007,USR-010,Frozen,Family Pizza Night 3-Pack,"Frozen pizzas — cheese, pepperoni, veggie variety.",value,national,True,value,10.91,1 lb,Aisle 23–25 — Freezer Bank,4,51,0.265,936836604367,National Brands Co
SKU-USR-010-008,USR-010,Grocery,Value White Bread,Soft sandwich bread — family pack at everyday low price.,value,national,True,value,6.86,1 lb,Aisle 4–12 — Center Store,2,49,0.214,188283130283,National Brands Co
SKU-USR-010-009,USR-010,Grocery,Gluten-Free Multigrain Loaf,Certified gluten-free bread with seeds and ancient grains.,"gluten_free,premium",regional,True,premium,83.39,4-pack,Aisle 4–12 — Center Store,4,17,0.084,821897534676,Regional Foods LLC
SKU-USR-010-010,USR-010,Beverages,Cold Brew Coffee Concentrate,Ready-to-drink cold brew — premium arabica beans.,premium,national,True,premium,15.72,6-pack,Aisle 2–3 — Cooler & Shelf,1,11,0.086,277646423750,National Brands Co
SKU-USR-010-011,USR-010,Grocery,Organic Whole Grain Bread,Artisan loaf baked daily with organic whole wheat flour.,"organic,premium",regional,True,premium,67.52,8 oz,Aisle 4–12 — Center Store,3,16,0.119,487214612835,Global Consumer Goods
SKU-USR-010-012,USR-010,Fresh Produce,Local Seasonal Berry Mix,Farm partnership program — peak season berries.,"seasonal,premium",national,True,premium,31.46,2 lb,Produce Section — Front Perimeter,3,24,0.272,894960149575,Regional Foods LLC
SKU-USR-010-013,USR-010,Household,2x4 Stud Lumber 8ft,Framing lumber — building materials bay.,value,national,True,value,6.23,1 gallon,Aisle 15–17 — Household,4,42,0.212,731098150732,Global Consumer Goods
SKU-USR-010-014,USR-010,Fresh Produce,Organic Baby Spinach 5oz,Triple washed organic greens — salad ready.,"organic,premium",national,True,premium,21.08,10 oz,Produce Section — Front Perimeter,1,21,0.232,551577249645,Regional Foods LLC
SKU-USR-010-015,USR-010,Household,Eco-Friendly Surface Cleaner,Plant-based spray — safe for kitchen counters.,"organic,premium",national,True,premium,32.0,4-pack,Aisle 15–17 — Household,5,15,0.091,488192532115,Global Consumer Goods
SKU-USR-010-016,USR-010,Beverages,Cola 2-Liter Bottle,Classic cola — promotional multipack available.,value,national,False,value,9.46,24 ct,Aisle 2–3 — Cooler & Shelf,3,44,0.16,465492444483,Global Consumer Goods
SKU-USR-011-001,USR-011,Dairy,Plant-Based Oat Milk,Barista blend oat milk — dairy-free alternative.,"premium,plant_based",national,True,premium,14.67,8 oz,Aisle 1 — Cooler Wall,5,14,0.187,819642951894,Regional Foods LLC
SKU-USR-011-002,USR-011,Beverages,Cold Brew Coffee Concentrate,Ready-to-drink cold brew — premium arabica beans.,premium,regional,True,premium,88.47,6-pack,Aisle 2–3 — Cooler & Shelf,5,14,0.27,638016272332,Regional Foods LLC
SKU-USR-011-003,USR-011,Household,Allen + Roth Vanity Light,Private-label lighting — home décor.,"private_label,premium",private_label,True,premium,65.24,10 oz,Aisle 15–17 — Household,1,22,0.147,845439577216,Lowe's DC
SKU-USR-011-004,USR-011,Snacks,Store Brand Tortilla Chips,Restaurant style chips — great for parties.,"private_label,value",private_label,False,value,11.49,16 oz,Aisle 14 — Impulse / Endcap,4,43,0.32,929495750111,Lowe's DC
SKU-USR-011-005,USR-011,Frozen,Premium Ice Cream Pint,Super-premium butterfat — limited edition flavor.,premium,national,True,premium,87.4,10 oz,Aisle 23–25 — Freezer Bank,1,17,0.133,747538491114,Global Consumer Goods
SKU-USR-011-006,USR-011,Grocery,Value White Bread,Soft sandwich bread — family pack at everyday low price.,value,regional,True,value,3.6,1 gallon,Aisle 4–12 — Center Store,1,46,0.156,224092752832,Global Consumer Goods
SKU-USR-011-007,USR-011,Dairy,Farm Fresh 2% Milk Gallon,Locally sourced milk — vitamin D fortified.,value,national,True,value,11.52,24 ct,Aisle 1 — Cooler Wall,3,48,0.207,626400792256,National Brands Co
SKU-USR-011-008,USR-011,Household,Kobalt 24V Cordless Mower,Private-label outdoor power — spring seasonal.,"private_label,premium",private_label,True,premium,21.31,10 oz,Aisle 15–17 — Household,1,19,0.327,377744223077,Lowe's DC
SKU-USR-011-009,USR-011,Fresh Produce,Local Seasonal Berry Mix,Farm partnership program — peak season berries.,"seasonal,premium",national,True,premium,73.02,8 oz,Produce Section — Front Perimeter,5,13,0.21,631733543334,Regional Foods LLC
SKU-USR-011-010,USR-011,Dairy,Organic Greek Yogurt 4-Pack,"Thick strained yogurt, live cultures, no artificial sweeteners.","organic,premium",national,True,premium,59.24,2 lb,Aisle 1 — Cooler Wall,4,15,0.08,604038213029,National Brands Co
SKU-USR-011-011,USR-011,Household,Concentrated Laundry Detergent,HE compatible — 64 load bottle.,value,national,True,value,12.83,1 gallon,Aisle 15–17 — Household,3,54,0.137,829063984827,Global Consumer Goods
SKU-USR-011-012,USR-011,Snacks,Classic Potato Chips Family Size,Crispy kettle chips — original sea salt flavor.,value,national,True,value,12.33,12 oz,Aisle 14 — Impulse / Endcap,4,49,0.231,751816506528,Global Consumer Goods
SKU-USR-011-013,USR-011,Snacks,Protein Trail Mix Grab & Go,"Almonds, cashews, dried cranberries — 10g protein per serving.",premium,national,True,premium,17.26,8 oz,Aisle 14 — Impulse / Endcap,1,16,0.264,497432161996,Global Consumer Goods
SKU-USR-011-014,USR-011,Household,Eco-Friendly Surface Cleaner,Plant-based spray — safe for kitchen counters.,"organic,premium",regional,True,premium,9.28,10 oz,Aisle 15–17 — Household,5,11,0.23,875931179618,Global Consumer Goods
SKU-USR-011-015,USR-011,Household,Paper Towels 8-Roll Pack,Absorbent sheets — store brand savings.,"private_label,value",private_label,True,value,6.76,1 lb,Aisle 15–17 — Household,2,39,0.346,949603660108,Lowe's DC
SKU-USR-011-016,USR-011,Health & Beauty,Organic Lip Balm 3-Pack,Beeswax and coconut oil — USDA organic.,"organic,premium",national,True,premium,26.4,8 oz,Aisle 18–22 — HBC,5,23,0.218,385468369649,National Brands Co
SKU-USR-012-001,USR-012,Fresh Produce,Bananas per lb,Everyday fruit staple — ripen at home.,value,national,True,value,2.77,1 lb,Produce Section — Front Perimeter,2,46,0.127,809847521166,Global Consumer Goods
SKU-USR-012-002,USR-012,Beverages,Cold Brew Coffee Concentrate,Ready-to-drink cold brew — premium arabica beans.,premium,national,True,premium,39.78,6-pack,Aisle 2–3 — Cooler & Shelf,1,16,0.198,409434265708,National Brands Co
SKU-USR-012-003,USR-012,Household,Geek Squad Protection 2-Year,Service plan attachment — high attach on CE.,premium,regional,True,premium,11.56,32 oz,Aisle 15–17 — Household,5,24,0.223,271233538159,National Brands Co
SKU-USR-012-004,USR-012,Health & Beauty,Organic Lip Balm 3-Pack,Beeswax and coconut oil — USDA organic.,"organic,premium",national,True,premium,28.02,8 oz,Aisle 18–22 — HBC,5,14,0.137,711947648213,National Brands Co
SKU-USR-012-005,USR-012,Frozen,Premium Ice Cream Pint,Super-premium butterfat — limited edition flavor.,premium,national,False,premium,54.51,32 oz,Aisle 23–25 — Freezer Bank,1,18,0.266,686554131744,Global Consumer Goods
SKU-USR-012-006,USR-012,Household,Eco-Friendly Surface Cleaner,Plant-based spray — safe for kitchen counters.,"organic,premium",national,True,premium,43.36,10 oz,Aisle 15–17 — Household,1,8,0.171,918717708136,Regional Foods LLC
SKU-USR-012-007,USR-012,Dairy,Organic Greek Yogurt 4-Pack,"Thick strained yogurt, live cultures, no artificial sweeteners.","organic,premium",national,True,premium,70.22,10 oz,Aisle 1 — Cooler Wall,2,16,0.105,896824948102,National Brands Co
SKU-USR-012-008,USR-012,Snacks,Store Brand Tortilla Chips,Restaurant style chips — great for parties.,"private_label,value",private_label,True,value,10.25,2-liter,Aisle 14 — Impulse / Endcap,3,50,0.232,247488270915,Best Buy DC
SKU-USR-012-009,USR-012,Frozen,Frozen Vegetable Stir-Fry Blend,"Broccoli, peppers, snap peas — steam in bag.",value,national,True,value,2.59,1 gallon,Aisle 23–25 — Freezer Bank,3,47,0.245,759069999477,Global Consumer Goods
SKU-USR-012-010,USR-012,Beverages,Cola 2-Liter Bottle,Classic cola — promotional multipack available.,value,national,True,value,12.78,2-liter,Aisle 2–3 — Cooler & Shelf,5,38,0.122,557726473800,Global Consumer Goods
SKU-USR-012-011,USR-012,Health & Beauty,Sensitive Skin Moisturizer,Dermatologist tested — fragrance free daily lotion.,premium,national,True,premium,46.96,6-pack,Aisle 18–22 — HBC,1,21,0.27,878411181412,National Brands Co
SKU-USR-012-012,USR-012,Grocery,Gluten-Free Multigrain Loaf,Certified gluten-free bread with seeds and ancient grains.,"gluten_free,premium",national,True,premium,35.34,4-pack,Aisle 4–12 — Center Store,5,14,0.168,451688855999,Regional Foods LLC
SKU-USR-012-013,USR-012,Snacks,Protein Trail Mix Grab & Go,"Almonds, cashews, dried cranberries — 10g protein per serving.",premium,regional,True,premium,28.9,10 oz,Aisle 14 — Impulse / Endcap,1,19,0.244,961701665414,Regional Foods LLC
SKU-USR-012-014,USR-012,Dairy,Plant-Based Oat Milk,Barista blend oat milk — dairy-free alternative.,"premium,plant_based",national,True,premium,11.41,4-pack,Aisle 1 — Cooler Wall,1,13,0.251,388100370766,Regional Foods LLC
SKU-USR-012-015,USR-012,Household,"Insignia 55"" 4K Fire TV",Private-label electronics — margin-friendly TV.,"private_label,premium",private_label,True,premium,22.26,32 oz,Aisle 15–17 — Household,4,16,0.226,693900700973,Best Buy DC
SKU-USR-013-001,USR-013,Household,Concentrated Laundry Detergent,HE compatible — 64 load bottle.,value,national,True,value,4.51,2-liter,Aisle 15–17 — Household,2,41,0.088,134570828521,Global Consumer Goods
SKU-USR-013-002,USR-013,Dairy,Plant-Based Oat Milk,Barista blend oat milk — dairy-free alternative.,"premium,plant_based",regional,True,premium,75.27,4-pack,Aisle 1 — Cooler Wall,3,15,0.19,190300415969,Global Consumer Goods
SKU-USR-013-003,USR-013,Frozen,Frozen Vegetable Stir-Fry Blend,"Broccoli, peppers, snap peas — steam in bag.",value,national,True,value,2.65,1 lb,Aisle 23–25 — Freezer Bank,4,43,0.144,356213606798,Regional Foods LLC
SKU-USR-013-004,USR-013,Grocery,Value White Bread,Soft sandwich bread — family pack at everyday low price.,value,regional,True,value,12.47,1 gallon,Aisle 4–12 — Center Store,3,46,0.277,946804306956,Global Consumer Goods
SKU-USR-013-005,USR-013,Household,Eco-Friendly Surface Cleaner,Plant-based spray — safe for kitchen counters.,"organic,premium",national,True,premium,62.82,32 oz,Aisle 15–17 — Household,2,17,0.162,483001745015,Regional Foods LLC
SKU-USR-013-006,USR-013,Grocery,Clover Valley Cereal 12oz,Private-label breakfast — penny-profit driver.,"private_label,value",private_label,True,value,5.5,12 oz,Aisle 4–12 — Center Store,5,60,0.314,267447571736,Dollar General DC
SKU-USR-013-007,USR-013,Beverages,Sparkling Water 12-Pack,Zero calorie flavored seltzer — variety pack.,premium,national,True,premium,36.76,2 lb,Aisle 2–3 — Cooler & Shelf,4,17,0.203,414693375315,National Brands Co
SKU-USR-013-008,USR-013,Snacks,Protein Trail Mix Grab & Go,"Almonds, cashews, dried cranberries — 10g protein per serving.",premium,regional,True,premium,51.45,8 oz,Aisle 14 — Impulse / Endcap,3,19,0.252,750446644436,Global Consumer Goods
SKU-USR-013-009,USR-013,Dairy,Organic Greek Yogurt 4-Pack,"Thick strained yogurt, live cultures, no artificial sweeteners.","organic,premium",national,True,premium,32.94,8 oz,Aisle 1 — Cooler Wall,5,16,0.21,767183380406,National Brands Co
SKU-USR-013-010,USR-013,Household,DG Home Paper Plates 100ct,Value party supplies — small box format.,"private_label,value",private_label,True,value,2.52,1 lb,Aisle 15–17 — Household,4,40,0.128,362918340374,Dollar General DC
SKU-USR-013-011,USR-013,Fresh Produce,Local Seasonal Berry Mix,Farm partnership program — peak season berries.,"seasonal,premium",national,True,premium,72.6,32 oz,Produce Section — Front Perimeter,4,12,0.091,471478702731,Regional Foods LLC
SKU-USR-013-012,USR-013,Health & Beauty,Value Shampoo Family Size,Everyday clean formula — large bottle value pack.,value,national,True,value,7.21,16 oz,Aisle 18–22 — HBC,5,51,0.213,459202180673,Global Consumer Goods
SKU-USR-014-001,USR-014,Dairy,Farm Fresh 2% Milk Gallon,Locally sourced milk — vitamin D fortified.,value,national,True,value,6.07,2-liter,Aisle 1 — Cooler Wall,3,44,0.245,214268619017,Regional Foods LLC
SKU-USR-014-002,USR-014,Health & Beauty,Organic Lip Balm 3-Pack,Beeswax and coconut oil — USDA organic.,"organic,premium",national,True,premium,34.43,4-pack,Aisle 18–22 — HBC,4,20,0.106,427600803063,Global Consumer Goods
SKU-USR-014-003,USR-014,Health & Beauty,Value Shampoo Family Size,Everyday clean formula — large bottle value pack.,value,national,True,value,5.57,12 oz,Aisle 18–22 — HBC,4,47,0.111,880752697165,National Brands Co
SKU-USR-014-004,USR-014,Household,Member's Mark Laundry Pods 81ct,Concentrated detergent — club pack value.,"private_label,value",private_label,True,value,9.51,16 oz,Aisle 15–17 — Household,2,50,0.129,916496919409,Sam's Club DC
SKU-USR-014-005,USR-014,Dairy,Organic Greek Yogurt 4-Pack,"Thick strained yogurt, live cultures, no artificial sweeteners.","organic,premium",national,False,premium,80.28,6-pack,Aisle 1 — Cooler Wall,7,16,0.083,802202521026,Regional Foods LLC
SKU-USR-014-006,USR-014,Grocery,Sam's Club Bakery Muffin 12-Pack,In-club bakery — morning traffic driver.,value,national,True,value,9.27,1 lb,Aisle 4–12 — Center Store,6,49,0.208,704019473437,Regional Foods LLC
SKU-USR-014-007,USR-014,Frozen,Family Pizza Night 3-Pack,"Frozen pizzas — cheese, pepperoni, veggie variety.",value,national,True,value,12.21,16 oz,Aisle 23–25 — Freezer Bank,5,60,0.163,806976752669,Regional Foods LLC
SKU-USR-014-008,USR-014,Beverages,Sparkling Water 12-Pack,Zero calorie flavored seltzer — variety pack.,premium,national,True,premium,60.81,2 lb,Aisle 2–3 — Cooler & Shelf,7,20,0.182,426958995464,Global Consumer Goods
SKU-USR-014-009,USR-014,Grocery,Gluten-Free Multigrain Loaf,Certified gluten-free bread with seeds and ancient grains.,"gluten_free,premium",national,True,premium,68.66,32 oz,Aisle 4–12 — Center Store,3,26,0.134,266270326275,Global Consumer Goods
SKU-USR-014-010,USR-014,Health & Beauty,Sensitive Skin Moisturizer,Dermatologist tested — fragrance free daily lotion.,premium,regional,True,premium,22.99,10 oz,Aisle 18–22 — HBC,7,20,0.221,424641501522,Regional Foods LLC
SKU-USR-014-011,USR-014,Dairy,Plant-Based Oat Milk,Barista blend oat milk — dairy-free alternative.,"premium,plant_based",national,True,premium,56.71,32 oz,Aisle 1 — Cooler Wall,3,16,0.262,286282330171,National Brands Co
SKU-USR-014-012,USR-014,Snacks,Protein Trail Mix Grab & Go,"Almonds, cashews, dried cranberries — 10g protein per serving.",premium,national,True,premium,19.87,6-pack,Aisle 14 — Impulse / Endcap,7,12,0.167,916583112740,Global Consumer Goods
SKU-USR-014-013,USR-014,Fresh Produce,Local Seasonal Berry Mix,Farm partnership program — peak season berries.,"seasonal,premium",regional,True,premium,63.51,4-pack,Produce Section — Front Perimeter,5,15,0.262,263472135386,Global Consumer Goods
SKU-USR-014-014,USR-014,Snacks,Store Brand Tortilla Chips,Restaurant style chips — great for parties.,"private_label,value",private_label,True,value,7.95,1 gallon,Aisle 14 — Impulse / Endcap,7,52,0.392,905152923873,Sam's Club DC
SKU-USR-014-015,USR-014,Beverages,Cold Brew Coffee Concentrate,Ready-to-drink cold brew — premium arabica beans.,premium,national,True,premium,10.77,8 oz,Aisle 2–3 — Cooler & Shelf,3,17,0.212,700893904951,Global Consumer Goods
SKU-USR-014-016,USR-014,Grocery,Organic Whole Grain Bread,Artisan loaf baked daily with organic whole wheat flour.,"organic,premium",national,True,premium,68.8,8 oz,Aisle 4–12 — Center Store,7,17,0.144,197235891297,Regional Foods LLC
SKU-USR-015-001,USR-015,Household,Concentrated Laundry Detergent,HE compatible — 64 load bottle.,value,regional,True,value,8.01,1 gallon,Aisle 15–17 — Household,5,49,0.174,294528675850,Regional Foods LLC
SKU-USR-015-002,USR-015,Snacks,Benton's Cookie Snack Packs,Impulse cookies — checkout cooler.,"private_label,value",private_label,False,value,11.96,1 lb,Aisle 14 — Impulse / Endcap,3,45,0.343,127333687594,Aldi DC
SKU-USR-015-003,USR-015,Frozen,Frozen Vegetable Stir-Fry Blend,"Broccoli, peppers, snap peas — steam in bag.",value,regional,True,value,9.82,24 ct,Aisle 23–25 — Freezer Bank,1,47,0.277,448894502371,Regional Foods LLC
SKU-USR-015-004,USR-015,Snacks,Classic Potato Chips Family Size,Crispy kettle chips — original sea salt flavor.,value,national,True,value,3.57,1 gallon,Aisle 14 — Impulse / Endcap,1,41,0.229,289331218801,Regional Foods LLC
SKU-USR-015-005,USR-015,Grocery,Value White Bread,Soft sandwich bread — family pack at everyday low price.,value,regional,True,value,11.39,16 oz,Aisle 4–12 — Center Store,4,34,0.246,819870267034,Global Consumer Goods
SKU-USR-015-006,USR-015,Snacks,Store Brand Tortilla Chips,Restaurant style chips — great for parties.,"private_label,value",private_label,True,value,9.29,16 oz,Aisle 14 — Impulse / Endcap,4,41,0.367,830313651759,Aldi DC
SKU-USR-015-007,USR-015,Grocery,Simply Nature Organic Granola,Aldi organic private label — ALDI finds.,"organic,premium,private_label",private_label,True,premium,45.92,2 lb,Aisle 4–12 — Center Store,1,26,0.237,416419232370,Aldi DC
SKU-USR-015-008,USR-015,Household,Paper Towels 8-Roll Pack,Absorbent sheets — store brand savings.,"private_label,value",private_label,True,value,2.03,12 oz,Aisle 15–17 — Household,2,38,0.361,264827299006,Aldi DC
SKU-USR-015-009,USR-015,Beverages,Sparkling Water 12-Pack,Zero calorie flavored seltzer — variety pack.,premium,regional,True,premium,24.48,6-pack,Aisle 2–3 — Cooler & Shelf,5,19,0.197,914735739491,National Brands Co
SKU-USR-015-010,USR-015,Household,Eco-Friendly Surface Cleaner,Plant-based spray — safe for kitchen counters.,"organic,premium",national,True,premium,29.76,4-pack,Aisle 15–17 — Household,1,22,0.272,805327373824,Regional Foods LLC
SKU-USR-015-011,USR-015,Health & Beauty,Value Shampoo Family Size,Everyday clean formula — large bottle value pack.,value,national,True,value,10.26,12 oz,Aisle 18–22 — HBC,4,48,0.264,511618401878,National Brands Co
SKU-USR-015-012,USR-015,Health & Beauty,Organic Lip Balm 3-Pack,Beeswax and coconut oil — USDA organic.,"organic,premium",national,True,premium,70.97,8 oz,Aisle 18–22 — HBC,4,21,0.276,738279593708,Global Consumer Goods
SKU-USR-015-013,USR-015,Frozen,Family Pizza Night 3-Pack,"Frozen pizzas — cheese, pepperoni, veggie variety.",value,national,True,value,6.45,16 oz,Aisle 23–25 — Freezer Bank,5,41,0.196,131471744796,Regional Foods LLC
SKU-USR-015-014,USR-015,Fresh Produce,Organic Baby Spinach 5oz,Triple washed organic greens — salad ready.,"organic,premium",regional,True,premium,34.04,2 lb,Produce Section — Front Perimeter,3,13,0.143,835017408957,Regional Foods LLC
SKU-USR-015-015,USR-015,Dairy,Organic Greek Yogurt 4-Pack,"Thick strained yogurt, live cultures, no artificial sweeteners.","organic,premium",national,True,premium,66.18,4-pack,Aisle 1 — Cooler Wall,5,27,0.137,965329890194,Regional Foods LLC
SKU-USR-015-016,USR-015,Fresh Produce,Local Seasonal Berry Mix,Farm partnership program — peak season berries.,"seasonal,premium",national,True,premium,64.13,32 oz,Produce Section — Front Perimeter,3,19,0.083,124412702958,Global Consumer Goods
SKU-USR-015-017,USR-015,Beverages,Cola 2-Liter Bottle,Classic cola — promotional multipack available.,value,national,True,value,6.81,12 oz,Aisle 2–3 — Cooler & Shelf,1,50,0.121,652861450981,Global Consumer Goods
SKU-USR-015-018,USR-015,Grocery,Organic Whole Grain Bread,Artisan loaf baked daily with organic whole wheat flour.,"organic,premium",national,True,premium,38.57,10 oz,Aisle 4–12 — Center Store,2,16,0.235,452996696849,Regional Foods LLC
SKU-USR-016-001,USR-016,Grocery,Organic Whole Grain Bread,Artisan loaf baked daily with organic whole wheat flour.,"organic,premium",national,True,premium,51.41,6-pack,Aisle 4–12 — Center Store,5,18,0.089,189509479440,Global Consumer Goods
SKU-USR-016-002,USR-016,Dairy,Plant-Based Oat Milk,Barista blend oat milk — dairy-free alternative.,"premium,plant_based",national,True,premium,40.23,2 lb,Aisle 1 — Cooler Wall,3,18,0.236,271291604241,Global Consumer Goods
SKU-USR-016-003,USR-016,Household,Eco-Friendly Surface Cleaner,Plant-based spray — safe for kitchen counters.,"organic,premium",regional,True,premium,59.99,4-pack,Aisle 15–17 — Household,1,20,0.26,152762398813,National Brands Co
SKU-USR-016-004,USR-016,Frozen,Family Pizza Night 3-Pack,"Frozen pizzas — cheese, pepperoni, veggie variety.",value,national,True,value,6.4,1 lb,Aisle 23–25 — Freezer Bank,4,50,0.115,773967236673,National Brands Co
SKU-USR-016-005,USR-016,Health & Beauty,Sensitive Skin Moisturizer,Dermatologist tested — fragrance free daily lotion.,premium,national,True,premium,48.86,10 oz,Aisle 18–22 — HBC,2,19,0.143,881316727740,Regional Foods LLC
SKU-USR-016-006,USR-016,Beverages,Cold Brew Coffee Concentrate,Ready-to-drink cold brew — premium arabica beans.,premium,regional,True,premium,85.66,4-pack,Aisle 2–3 — Cooler & Shelf,2,19,0.26,727874190321,Global Consumer Goods
SKU-USR-016-007,USR-016,Household,Paper Towels 8-Roll Pack,Absorbent sheets — store brand savings.,"private_label,value",private_label,True,value,4.38,24 ct,Aisle 15–17 — Household,1,42,0.4,827601834963,H-E-B DC
SKU-USR-016-008,USR-016,Fresh Produce,Bananas per lb,Everyday fruit staple — ripen at home.,value,national,True,value,1.57,1 lb,Produce Section — Front Perimeter,3,34,0.17,531632621845,Regional Foods LLC
SKU-USR-016-009,USR-016,Beverages,Sparkling Water 12-Pack,Zero calorie flavored seltzer — variety pack.,premium,national,True,premium,36.93,4-pack,Aisle 2–3 — Cooler & Shelf,4,20,0.172,968922694568,Global Consumer Goods
SKU-USR-016-010,USR-016,Snacks,Store Brand Tortilla Chips,Restaurant style chips — great for parties.,"private_label,value",private_label,True,value,6.55,2-liter,Aisle 14 — Impulse / Endcap,2,45,0.29,977037486455,H-E-B DC
SKU-USR-016-011,USR-016,Household,Concentrated Laundry Detergent,HE compatible — 64 load bottle.,value,national,True,value,7.33,2-liter,Aisle 15–17 — Household,5,38,0.093,103884933693,Global Consumer Goods
SKU-USR-016-012,USR-016,Fresh Produce,Local Seasonal Berry Mix,Farm partnership program — peak season berries.,"seasonal,premium",national,True,premium,43.72,8 oz,Produce Section — Front Perimeter,3,26,0.095,796108137381,Global Consumer Goods
SKU-USR-016-013,USR-016,Snacks,Classic Potato Chips Family Size,Crispy kettle chips — original sea salt flavor.,value,regional,True,value,8.41,1 gallon,Aisle 14 — Impulse / Endcap,2,62,0.086,287303922162,National Brands Co
SKU-USR-016-014,USR-016,Beverages,Cola 2-Liter Bottle,Classic cola — promotional multipack available.,value,national,True,value,2.63,2-liter,Aisle 2–3 — Cooler & Shelf,3,54,0.13,819492193823,Global Consumer Goods
SKU-USR-016-015,USR-016,Frozen,Premium Ice Cream Pint,Super-premium butterfat — limited edition flavor.,premium,national,True,premium,34.62,8 oz,Aisle 23–25 — Freezer Bank,5,21,0.09,206812968962,Global Consumer Goods
SKU-USR-016-016,USR-016,Health & Beauty,Organic Lip Balm 3-Pack,Beeswax and coconut oil — USDA organic.,"organic,premium",national,True,premium,67.21,6-pack,Aisle 18–22 — HBC,3,21,0.103,288691197237,Global Consumer Goods
SKU-USR-016-017,USR-016,Dairy,Organic Greek Yogurt 4-Pack,"Thick strained yogurt, live cultures, no artificial sweeteners.","organic,premium",national,True,premium,63.86,4-pack,Aisle 1 — Cooler Wall,5,20,0.253,155914134530,Regional Foods LLC
SKU-USR-016-018,USR-016,Snacks,Protein Trail Mix Grab & Go,"Almonds, cashews, dried cranberries — 10g protein per serving.",premium,national,True,premium,79.9,4-pack,Aisle 14 — Impulse / Endcap,5,18,0.158,408634727181,National Brands Co
SKU-USR-017-001,USR-017,Dairy,Farm Fresh 2% Milk Gallon,Locally sourced milk — vitamin D fortified.,value,national,True,value,3.05,1 gallon,Aisle 1 — Cooler Wall,1,42,0.145,806071648808,Global Consumer Goods
SKU-USR-017-002,USR-017,Grocery,Organic Whole Grain Bread,Artisan loaf baked daily with organic whole wheat flour.,"organic,premium",national,True,premium,55.28,10 oz,Aisle 4–12 — Center Store,2,21,0.226,805170101126,National Brands Co
SKU-USR-017-003,USR-017,Fresh Produce,Organic Baby Spinach 5oz,Triple washed organic greens — salad ready.,"organic,premium",national,True,premium,51.94,2 lb,Produce Section — Front Perimeter,3,25,0.081,808161815650,Regional Foods LLC
SKU-USR-017-004,USR-017,Frozen,Frozen Vegetable Stir-Fry Blend,"Broccoli, peppers, snap peas — steam in bag.",value,regional,True,value,2.21,12 oz,Aisle 23–25 — Freezer Bank,3,38,0.244,512523394490,Global Consumer Goods
SKU-USR-017-005,USR-017,Fresh Produce,Bananas per lb,Everyday fruit staple — ripen at home.,value,national,True,value,5.3,1 gallon,Produce Section — Front Perimeter,2,41,0.107,141833328276,Global Consumer Goods
SKU-USR-017-006,USR-017,Fresh Produce,Local Seasonal Berry Mix,Farm partnership program — peak season berries.,"seasonal,premium",national,True,premium,38.29,2 lb,Produce Section — Front Perimeter,5,14,0.118,790129937139,National Brands Co
SKU-USR-017-007,USR-017,Beverages,Cold Brew Coffee Concentrate,Ready-to-drink cold brew — premium arabica beans.,premium,national,True,premium,26.99,10 oz,Aisle 2–3 — Cooler & Shelf,1,16,0.088,827192841325,Global Consumer Goods
SKU-USR-017-008,USR-017,Household,Eco-Friendly Surface Cleaner,Plant-based spray — safe for kitchen counters.,"organic,premium",national,True,premium,50.09,4-pack,Aisle 15–17 — Household,2,17,0.149,468635489167,Regional Foods LLC
SKU-USR-017-009,USR-017,Snacks,Protein Trail Mix Grab & Go,"Almonds, cashews, dried cranberries — 10g protein per serving.",premium,regional,True,premium,80.94,8 oz,Aisle 14 — Impulse / Endcap,4,26,0.263,641844513958,Regional Foods LLC
SKU-USR-017-010,USR-017,Health & Beauty,Sensitive Skin Moisturizer,Dermatologist tested — fragrance free daily lotion.,premium,national,True,premium,72.42,8 oz,Aisle 18–22 — HBC,5,15,0.211,695462740267,National Brands Co
SKU-USR-017-011,USR-017,Snacks,Store Brand Tortilla Chips,Restaurant style chips — great for parties.,"private_label,value",private_label,True,value,5.22,24 ct,Aisle 14 — Impulse / Endcap,1,51,0.18,242264978240,Meijer DC
SKU-USR-017-012,USR-017,Household,Concentrated Laundry Detergent,HE compatible — 64 load bottle.,value,regional,True,value,12.91,24 ct,Aisle 15–17 — Household,3,40,0.179,321689316075,Global Consumer Goods
SKU-USR-017-013,USR-017,Household,Paper Towels 8-Roll Pack,Absorbent sheets — store brand savings.,"private_label,value",private_label,True,value,9.38,16 oz,Aisle 15–17 — Household,5,46,0.182,684506395874,Meijer DC
SKU-USR-017-014,USR-017,Beverages,Sparkling Water 12-Pack,Zero calorie flavored seltzer — variety pack.,premium,national,True,premium,89.9,4-pack,Aisle 2–3 — Cooler & Shelf,3,21,0.114,993755960501,Global Consumer Goods
SKU-USR-017-015,USR-017,Grocery,Gluten-Free Multigrain Loaf,Certified gluten-free bread with seeds and ancient grains.,"gluten_free,premium",national,True,premium,78.08,4-pack,Aisle 4–12 — Center Store,3,13,0.125,949068573787,National Brands Co
SKU-USR-017-016,USR-017,Dairy,Organic Greek Yogurt 4-Pack,"Thick strained yogurt, live cultures, no artificial sweeteners.","organic,premium",regional,True,premium,85.86,6-pack,Aisle 1 — Cooler Wall,1,19,0.269,258015800396,Regional Foods LLC
SKU-USR-017-017,USR-017,Snacks,Classic Potato Chips Family Size,Crispy kettle chips — original sea salt flavor.,value,regional,True,value,9.89,2-liter,Aisle 14 — Impulse / Endcap,1,43,0.26,725939725433,Global Consumer Goods
SKU-USR-017-018,USR-017,Frozen,Family Pizza Night 3-Pack,"Frozen pizzas — cheese, pepperoni, veggie variety.",value,national,True,value,3.98,24 ct,Aisle 23–25 — Freezer Bank,1,33,0.231,123372862615,National Brands Co
SKU-USR-018-001,USR-018,Frozen,Family Pizza Night 3-Pack,"Frozen pizzas — cheese, pepperoni, veggie variety.",value,national,True,value,3.41,2-liter,Aisle 23–25 — Freezer Bank,3,47,0.088,286847661540,Regional Foods LLC
SKU-USR-018-002,USR-018,Fresh Produce,Organic Baby Spinach 5oz,Triple washed organic greens — salad ready.,"organic,premium",national,True,premium,17.14,8 oz,Produce Section — Front Perimeter,3,22,0.152,704857647018,National Brands Co
SKU-USR-018-003,USR-018,Household,Concentrated Laundry Detergent,HE compatible — 64 load bottle.,value,national,True,value,12.35,12 oz,Aisle 15–17 — Household,1,53,0.114,603511631349,National Brands Co
SKU-USR-018-004,USR-018,Snacks,Classic Potato Chips Family Size,Crispy kettle chips — original sea salt flavor.,value,regional,True,value,9.97,16 oz,Aisle 14 — Impulse / Endcap,5,47,0.226,501619378700,Global Consumer Goods
SKU-USR-018-005,USR-018,Fresh Produce,Bananas per lb,Everyday fruit staple — ripen at home.,value,national,True,value,8.95,2-liter,Produce Section — Front Perimeter,1,41,0.151,895884953340,Global Consumer Goods
SKU-USR-018-006,USR-018,Beverages,Cold Brew Coffee Concentrate,Ready-to-drink cold brew — premium arabica beans.,premium,national,True,premium,84.57,32 oz,Aisle 2–3 — Cooler & Shelf,3,22,0.152,237408337380,National Brands Co
SKU-USR-018-007,USR-018,Health & Beauty,Sensitive Skin Moisturizer,Dermatologist tested — fragrance free daily lotion.,premium,regional,True,premium,55.96,4-pack,Aisle 18–22 — HBC,5,21,0.245,199268957621,Regional Foods LLC
SKU-USR-018-008,USR-018,Fresh Produce,Local Seasonal Berry Mix,Farm partnership program — peak season berries.,"seasonal,premium",regional,False,premium,66.85,2 lb,Produce Section — Front Perimeter,3,24,0.141,897358829195,Global Consumer Goods
SKU-USR-018-009,USR-018,Household,Paper Towels 8-Roll Pack,Absorbent sheets — store brand savings.,"private_label,value",private_label,True,value,1.83,1 lb,Aisle 15–17 — Household,4,47,0.303,726423496113,Safeway DC
SKU-USR-018-010,USR-018,Grocery,Gluten-Free Multigrain Loaf,Certified gluten-free bread with seeds and ancient grains.,"gluten_free,premium",regional,True,premium,47.75,6-pack,Aisle 4–12 — Center Store,2,18,0.122,609365888683,Global Consumer Goods
SKU-USR-018-011,USR-018,Dairy,Organic Greek Yogurt 4-Pack,"Thick strained yogurt, live cultures, no artificial sweeteners.","organic,premium",national,True,premium,26.59,4-pack,Aisle 1 — Cooler Wall,5,25,0.124,781632533851,National Brands Co
SKU-USR-018-012,USR-018,Grocery,Value White Bread,Soft sandwich bread — family pack at everyday low price.,value,national,True,value,12.38,1 gallon,Aisle 4–12 — Center Store,5,50,0.12,902679732801,Global Consumer Goods
SKU-USR-018-013,USR-018,Beverages,Cola 2-Liter Bottle,Classic cola — promotional multipack available.,value,national,True,value,5.62,1 lb,Aisle 2–3 — Cooler & Shelf,4,29,0.189,294754655192,National Brands Co
SKU-USR-018-014,USR-018,Snacks,Store Brand Tortilla Chips,Restaurant style chips — great for parties.,"private_label,value",private_label,True,value,5.38,2-liter,Aisle 14 — Impulse / Endcap,2,49,0.314,144837179506,Safeway DC
SKU-USR-018-015,USR-018,Dairy,Plant-Based Oat Milk,Barista blend oat milk — dairy-free alternative.,"premium,plant_based",national,True,premium,64.86,8 oz,Aisle 1 — Cooler Wall,3,14,0.182,619401513473,Regional Foods LLC
SKU-USR-018-016,USR-018,Health & Beauty,Value Shampoo Family Size,Everyday clean formula — large bottle value pack.,value,national,False,value,5.5,16 oz,Aisle 18–22 — HBC,1,44,0.214,246194468275,Global Consumer Goods
SKU-USR-018-017,USR-018,Health & Beauty,Organic Lip Balm 3-Pack,Beeswax and coconut oil — USDA organic.,"organic,premium",regional,True,premium,39.12,6-pack,Aisle 18–22 — HBC,5,22,0.249,839519433247,Regional Foods LLC
SKU-USR-018-018,USR-018,Grocery,Organic Whole Grain Bread,Artisan loaf baked daily with organic whole wheat flour.,"organic,premium",regional,True,premium,49.57,4-pack,Aisle 4–12 — Center Store,1,21,0.223,557010221345,Regional Foods LLC
SKU-USR-018-019,USR-018,Snacks,Protein Trail Mix Grab & Go,"Almonds, cashews, dried cranberries — 10g protein per serving.",premium,national,True,premium,26.76,8 oz,Aisle 14 — Impulse / Endcap,3,14,0.234,255196717783,National Brands Co
SKU-USR-019-001,USR-019,Grocery,Organic Whole Grain Bread,Artisan loaf baked daily with organic whole wheat flour.,"organic,premium",national,True,premium,81.28,32 oz,Aisle 4–12 — Center Store,3,26,0.245,776530979614,Global Consumer Goods
SKU-USR-019-002,USR-019,Fresh Produce,Bananas per lb,Everyday fruit staple — ripen at home.,value,national,False,value,5.84,24 ct,Produce Section — Front Perimeter,3,34,0.158,335360576687,Regional Foods LLC
SKU-USR-019-003,USR-019,Household,Paper Towels 8-Roll Pack,Absorbent sheets — store brand savings.,"private_label,value",private_label,True,value,6.68,24 ct,Aisle 15–17 — Household,3,39,0.121,911165946045,Sprouts DC
SKU-USR-019-004,USR-019,Dairy,Farm Fresh 2% Milk Gallon,Locally sourced milk — vitamin D fortified.,value,regional,True,value,4.77,12 oz,Aisle 1 — Cooler Wall,2,47,0.161,336026667535,Global Consumer Goods
SKU-USR-019-005,USR-019,Fresh Produce,Local Seasonal Berry Mix,Farm partnership program — peak season berries.,"seasonal,premium",regional,True,premium,12.18,10 oz,Produce Section — Front Perimeter,4,21,0.13,589743457036,National Brands Co
SKU-USR-019-006,USR-019,Household,Eco-Friendly Surface Cleaner,Plant-based spray — safe for kitchen counters.,"organic,premium",regional,True,premium,9.63,6-pack,Aisle 15–17 — Household,5,18,0.099,771171898258,National Brands Co
SKU-USR-019-007,USR-019,Dairy,Plant-Based Oat Milk,Barista blend oat milk — dairy-free alternative.,"premium,plant_based",national,True,premium,40.96,32 oz,Aisle 1 — Cooler Wall,2,17,0.212,236194502567,National Brands Co
SKU-USR-019-008,USR-019,Grocery,Gluten-Free Multigrain Loaf,Certified gluten-free bread with seeds and ancient grains.,"gluten_free,premium",regional,True,premium,86.99,2 lb,Aisle 4–12 — Center Store,4,10,0.162,893021543391,National Brands Co
SKU-USR-019-009,USR-019,Snacks,Store Brand Tortilla Chips,Restaurant style chips — great for parties.,"private_label,value",private_label,True,value,3.85,16 oz,Aisle 14 — Impulse / Endcap,4,55,0.167,415532461276,Sprouts DC
SKU-USR-019-010,USR-019,Beverages,Cold Brew Coffee Concentrate,Ready-to-drink cold brew — premium arabica beans.,premium,regional,True,premium,54.49,6-pack,Aisle 2–3 — Cooler & Shelf,1,13,0.263,877467133044,National Brands Co
SKU-USR-019-011,USR-019,Dairy,Organic Greek Yogurt 4-Pack,"Thick strained yogurt, live cultures, no artificial sweeteners.","organic,premium",national,True,premium,41.38,32 oz,Aisle 1 — Cooler Wall,3,20,0.091,268054530884,National Brands Co
SKU-USR-019-012,USR-019,Snacks,Protein Trail Mix Grab & Go,"Almonds, cashews, dried cranberries — 10g protein per serving.",premium,national,True,premium,56.43,2 lb,Aisle 14 — Impulse / Endcap,4,21,0.106,431699550287,Regional Foods LLC
SKU-USR-019-013,USR-019,Grocery,Value White Bread,Soft sandwich bread — family pack at everyday low price.,value,national,True,value,1.98,1 gallon,Aisle 4–12 — Center Store,5,39,0.276,414225299359,Regional Foods LLC
SKU-USR-019-014,USR-019,Household,Concentrated Laundry Detergent,HE compatible — 64 load bottle.,value,national,True,value,7.44,16 oz,Aisle 15–17 — Household,2,49,0.221,502282155343,Regional Foods LLC
SKU-USR-019-015,USR-019,Health & Beauty,Sensitive Skin Moisturizer,Dermatologist tested — fragrance free daily lotion.,premium,national,True,premium,56.95,2 lb,Aisle 18–22 — HBC,1,16,0.178,499497957779,Global Consumer Goods
SKU-USR-019-016,USR-019,Fresh Produce,Organic Baby Spinach 5oz,Triple washed organic greens — salad ready.,"organic,premium",national,True,premium,14.8,10 oz,Produce Section — Front Perimeter,5,10,0.184,159522258957,Global Consumer Goods
SKU-USR-020-001,USR-020,Household,Concentrated Laundry Detergent,HE compatible — 64 load bottle.,value,national,True,value,10.48,1 lb,Aisle 15–17 — Household,5,41,0.173,729454339914,National Brands Co
SKU-USR-020-002,USR-020,Fresh Produce,Organic Baby Spinach 5oz,Triple washed organic greens — salad ready.,"organic,premium",national,True,premium,57.91,4-pack,Produce Section — Front Perimeter,4,11,0.126,860889883251,Global Consumer Goods
SKU-USR-020-003,USR-020,Health & Beauty,Sensitive Skin Moisturizer,Dermatologist tested — fragrance free daily lotion.,premium,national,True,premium,66.66,6-pack,Aisle 18–22 — HBC,3,12,0.227,398525400669,Regional Foods LLC
SKU-USR-020-004,USR-020,Snacks,Store Brand Tortilla Chips,Restaurant style chips — great for parties.,"private_label,value",private_label,True,value,8.93,2-liter,Aisle 14 — Impulse / Endcap,3,50,0.253,989437680868,Trader Joe's DC
SKU-USR-020-005,USR-020,Snacks,Classic Potato Chips Family Size,Crispy kettle chips — original sea salt flavor.,value,national,True,value,7.25,2-liter,Aisle 14 — Impulse / Endcap,5,37,0.088,958831434759,Global Consumer Goods
SKU-USR-020-006,USR-020,Fresh Produce,Local Seasonal Berry Mix,Farm partnership program — peak season berries.,"seasonal,premium",national,True,premium,11.17,8 oz,Produce Section — Front Perimeter,4,12,0.266,282954424686,National Brands Co
SKU-USR-020-007,USR-020,Frozen,Frozen Vegetable Stir-Fry Blend,"Broccoli, peppers, snap peas — steam in bag.",value,national,True,value,3.11,16 oz,Aisle 23–25 — Freezer Bank,5,41,0.118,412673458259,Global Consumer Goods
SKU-USR-020-008,USR-020,Grocery,Gluten-Free Multigrain Loaf,Certified gluten-free bread with seeds and ancient grains.,"gluten_free,premium",national,True,premium,67.81,8 oz,Aisle 4–12 — Center Store,5,16,0.274,211198903592,Regional Foods LLC
SKU-USR-020-009,USR-020,Dairy,Organic Greek Yogurt 4-Pack,"Thick strained yogurt, live cultures, no artificial sweeteners.","organic,premium",national,True,premium,35.49,6-pack,Aisle 1 — Cooler Wall,3,22,0.144,735732452325,Regional Foods LLC
SKU-USR-020-010,USR-020,Grocery,Everything But The Bagel Seasoning,Signature seasoning blend — social buzz SKU.,"premium,private_label",private_label,True,premium,63.32,6-pack,Aisle 4–12 — Center Store,1,14,0.376,182303706597,Trader Joe's DC
SKU-USR-020-011,USR-020,Health & Beauty,Value Shampoo Family Size,Everyday clean formula — large bottle value pack.,value,national,True,value,5.66,2-liter,Aisle 18–22 — HBC,5,49,0.181,353691586733,Global Consumer Goods
SKU-USR-020-012,USR-020,Household,Paper Towels 8-Roll Pack,Absorbent sheets — store brand savings.,"private_label,value",private_label,True,value,8.93,1 gallon,Aisle 15–17 — Household,5,49,0.271,859742654535,Trader Joe's DC
SKU-USR-020-013,USR-020,Snacks,Protein Trail Mix Grab & Go,"Almonds, cashews, dried cranberries — 10g protein per serving.",premium,regional,True,premium,62.8,4-pack,Aisle 14 — Impulse / Endcap,1,17,0.134,641271533052,Regional Foods LLC
SKU-USR-020-014,USR-020,Grocery,Organic Whole Grain Bread,Artisan loaf baked daily with organic whole wheat flour.,"organic,premium",national,True,premium,88.0,8 oz,Aisle 4–12 — Center Store,4,18,0.128,350065274561,Regional Foods LLC
SKU-USR-020-015,USR-020,Dairy,Farm Fresh 2% Milk Gallon,Locally sourced milk — vitamin D fortified.,value,national,True,value,1.76,1 lb,Aisle 1 — Cooler Wall,4,35,0.145,238988995373,National Brands Co
SKU-USR-020-016,USR-020,Frozen,Premium Ice Cream Pint,Super-premium butterfat — limited edition flavor.,premium,regional,True,premium,23.61,10 oz,Aisle 23–25 — Freezer Bank,5,19,0.28,148801162201,National Brands Co
SKU-USR-021-001,USR-021,Frozen,Frozen Vegetable Stir-Fry Blend,"Broccoli, peppers, snap peas — steam in bag.",value,national,True,value,4.89,2-liter,Aisle 23–25 — Freezer Bank,4,42,0.212,498601940133,Regional Foods LLC
SKU-USR-021-002,USR-021,Dairy,Organic Greek Yogurt 4-Pack,"Thick strained yogurt, live cultures, no artificial sweeteners.","organic,premium",national,True,premium,65.49,8 oz,Aisle 1 — Cooler Wall,6,19,0.182,875696507487,Global Consumer Goods
SKU-USR-021-003,USR-021,Household,Ozark Trail Camping Chair,Foldable outdoor chair — seasonal general merchandise.,value,regional,True,value,10.09,1 lb,Aisle 15–17 — Household,3,37,0.103,408468320876,National Brands Co
SKU-USR-021-004,USR-021,Dairy,Plant-Based Oat Milk,Barista blend oat milk — dairy-free alternative.,"premium,plant_based",national,True,premium,13.36,10 oz,Aisle 1 — Cooler Wall,5,15,0.193,270941351327,Regional Foods LLC
SKU-USR-021-005,USR-021,Grocery,Marketside Fresh Sub Kit,Deli sub ingredients — ready for assembly.,value,national,True,value,6.03,24 ct,Aisle 4–12 — Center Store,2,47,0.18,712147434604,Global Consumer Goods
SKU-USR-021-006,USR-021,Household,Concentrated Laundry Detergent,HE compatible — 64 load bottle.,value,national,True,value,5.79,24 ct,Aisle 15–17 — Household,4,52,0.111,598799996499,Regional Foods LLC
SKU-USR-021-007,USR-021,Grocery,Organic Whole Grain Bread,Artisan loaf baked daily with organic whole wheat flour.,"organic,premium",regional,True,premium,39.28,8 oz,Aisle 4–12 — Center Store,5,18,0.197,291858746577,Global Consumer Goods
SKU-USR-021-008,USR-021,Fresh Produce,Bananas per lb,Everyday fruit staple — ripen at home.,value,national,True,value,10.03,1 lb,Produce Section — Front Perimeter,5,34,0.242,938129700775,National Brands Co
SKU-USR-021-009,USR-021,Health & Beauty,Sensitive Skin Moisturizer,Dermatologist tested — fragrance free daily lotion.,premium,national,True,premium,84.84,6-pack,Aisle 18–22 — HBC,2,18,0.261,323401636088,Regional Foods LLC
SKU-USR-021-010,USR-021,Health & Beauty,Equate Pain Relief 200ct,Ibuprofen tablets — pharmacy aisle staple.,"private_label,value",private_label,True,value,1.67,24 ct,Aisle 18–22 — HBC,2,43,0.146,660451655848,Walmart DC
SKU-USR-021-011,USR-021,Beverages,Cola 2-Liter Bottle,Classic cola — promotional multipack available.,value,national,True,value,8.4,24 ct,Aisle 2–3 — Cooler & Shelf,6,47,0.252,123979461351,Regional Foods LLC
SKU-USR-021-012,USR-021,Dairy,Great Value Whole Milk Gallon,Store-brand vitamin D milk — everyday low price.,"private_label,value",private_label,True,value,12.62,16 oz,Aisle 1 — Cooler Wall,4,40,0.25,562857961262,Walmart DC
SKU-USR-021-013,USR-021,Grocery,Value White Bread,Soft sandwich bread — family pack at everyday low price.,value,national,True,value,2.38,24 ct,Aisle 4–12 — Center Store,4,44,0.168,285481463886,Regional Foods LLC
SKU-USR-021-014,USR-021,Health & Beauty,Organic Lip Balm 3-Pack,Beeswax and coconut oil — USDA organic.,"organic,premium",national,False,premium,34.83,4-pack,Aisle 18–22 — HBC,6,19,0.205,736946186994,Regional Foods LLC
SKU-USR-021-015,USR-021,Household,Paper Towels 8-Roll Pack,Absorbent sheets — store brand savings.,"private_label,value",private_label,True,value,2.16,24 ct,Aisle 15–17 — Household,4,53,0.316,336380313419,Walmart DC
SKU-USR-021-016,USR-021,Health & Beauty,Value Shampoo Family Size,Everyday clean formula — large bottle value pack.,value,national,True,value,11.55,2-liter,Aisle 18–22 — HBC,6,55,0.166,809030182696,Global Consumer Goods
SKU-USR-021-017,USR-021,Frozen,Premium Ice Cream Pint,Super-premium butterfat — limited edition flavor.,premium,national,True,premium,80.31,6-pack,Aisle 23–25 — Freezer Bank,3,22,0.199,111849267665,Global Consumer Goods
SKU-USR-021-018,USR-021,Dairy,Farm Fresh 2% Milk Gallon,Locally sourced milk — vitamin D fortified.,value,national,True,value,6.41,12 oz,Aisle 1 — Cooler Wall,3,59,0.14,277461805210,Regional Foods LLC
SKU-USR-021-019,USR-021,Snacks,Classic Potato Chips Family Size,Crispy kettle chips — original sea salt flavor.,value,national,False,value,5.0,2-liter,Aisle 14 — Impulse / Endcap,3,40,0.094,342892211886,Global Consumer Goods
SKU-USR-022-001,USR-022,Grocery,Good & Gather Organic Pasta,Target-owned organic penne — clean label.,"organic,premium,private_label",private_label,True,premium,88.82,32 oz,Aisle 4–12 — Center Store,2,20,0.344,829552258368,Target DC
SKU-USR-022-002,USR-022,Health & Beauty,Sensitive Skin Moisturizer,Dermatologist tested — fragrance free daily lotion.,premium,national,True,premium,14.37,10 oz,Aisle 18–22 — HBC,3,21,0.253,626281246547,National Brands Co
SKU-USR-022-003,USR-022,Frozen,Frozen Vegetable Stir-Fry Blend,"Broccoli, peppers, snap peas — steam in bag.",value,national,True,value,6.35,16 oz,Aisle 23–25 — Freezer Bank,3,60,0.098,689841564558,Global Consumer Goods
SKU-USR-022-004,USR-022,Frozen,Family Pizza Night 3-Pack,"Frozen pizzas — cheese, pepperoni, veggie variety.",value,national,True,value,10.96,1 gallon,Aisle 23–25 — Freezer Bank,4,55,0.168,996953133091,Global Consumer Goods
SKU-USR-022-005,USR-022,Fresh Produce,Local Seasonal Berry Mix,Farm partnership program — peak season berries.,"seasonal,premium",national,True,premium,77.95,2 lb,Produce Section — Front Perimeter,5,17,0.268,483349202371,National Brands Co
SKU-USR-022-006,USR-022,Health & Beauty,Organic Lip Balm 3-Pack,Beeswax and coconut oil — USDA organic.,"organic,premium",national,True,premium,14.58,8 oz,Aisle 18–22 — HBC,3,21,0.185,858032102379,Regional Foods LLC
SKU-USR-022-007,USR-022,Grocery,Gluten-Free Multigrain Loaf,Certified gluten-free bread with seeds and ancient grains.,"gluten_free,premium",national,True,premium,15.06,10 oz,Aisle 4–12 — Center Store,4,20,0.169,910411412890,Global Consumer Goods
SKU-USR-022-008,USR-022,Household,Eco-Friendly Surface Cleaner,Plant-based spray — safe for kitchen counters.,"organic,premium",national,True,premium,19.0,8 oz,Aisle 15–17 — Household,1,19,0.21,332267770867,Global Consumer Goods
SKU-USR-022-009,USR-022,Beverages,Cola 2-Liter Bottle,Classic cola — promotional multipack available.,value,national,True,value,7.31,16 oz,Aisle 2–3 — Cooler & Shelf,4,38,0.138,878600345504,National Brands Co
SKU-USR-022-010,USR-022,Dairy,Organic Greek Yogurt 4-Pack,"Thick strained yogurt, live cultures, no artificial sweeteners.","organic,premium",national,True,premium,57.29,4-pack,Aisle 1 — Cooler Wall,4,21,0.14,797642641390,National Brands Co
SKU-USR-022-011,USR-022,Grocery,Organic Whole Grain Bread,Artisan loaf baked daily with organic whole wheat flour.,"organic,premium",national,True,premium,19.32,2 lb,Aisle 4–12 — Center Store,3,13,0.142,708681582777,National Brands Co
SKU-USR-022-012,USR-022,Beverages,Sparkling Water 12-Pack,Zero calorie flavored seltzer — variety pack.,premium,national,True,premium,49.96,6-pack,Aisle 2–3 — Cooler & Shelf,3,19,0.223,127316510405,Regional Foods LLC
SKU-USR-022-013,USR-022,Frozen,Premium Ice Cream Pint,Super-premium butterfat — limited edition flavor.,premium,regional,True,premium,23.14,10 oz,Aisle 23–25 — Freezer Bank,1,20,0.264,902027661314,National Brands Co
SKU-USR-022-014,USR-022,Fresh Produce,Organic Baby Spinach 5oz,Triple washed organic greens — salad ready.,"organic,premium",national,True,premium,47.11,2 lb,Produce Section — Front Perimeter,1,22,0.262,562108923354,Regional Foods LLC
SKU-USR-023-001,USR-023,Grocery,Gluten-Free Multigrain Loaf,Certified gluten-free bread with seeds and ancient grains.,"gluten_free,premium",regional,False,premium,62.74,32 oz,Aisle 4–12 — Center Store,2,24,0.213,688278144490,Global Consumer Goods
SKU-USR-023-002,USR-023,Fresh Produce,Bananas per lb,Everyday fruit staple — ripen at home.,value,national,True,value,7.19,1 lb,Produce Section — Front Perimeter,3,49,0.213,775883301300,National Brands Co
SKU-USR-023-003,USR-023,Frozen,Family Pizza Night 3-Pack,"Frozen pizzas — cheese, pepperoni, veggie variety.",value,national,True,value,10.5,1 lb,Aisle 23–25 — Freezer Bank,2,46,0.193,357824693489,National Brands Co
SKU-USR-023-004,USR-023,Beverages,Cola 2-Liter Bottle,Classic cola — promotional multipack available.,value,regional,True,value,6.65,24 ct,Aisle 2–3 — Cooler & Shelf,2,46,0.129,599436875135,Regional Foods LLC
SKU-USR-023-005,USR-023,Dairy,Organic Greek Yogurt 4-Pack,"Thick strained yogurt, live cultures, no artificial sweeteners.","organic,premium",national,True,premium,24.79,4-pack,Aisle 1 — Cooler Wall,2,20,0.218,382549166852,National Brands Co
SKU-USR-023-006,USR-023,Beverages,Cold Brew Coffee Concentrate,Ready-to-drink cold brew — premium arabica beans.,premium,national,True,premium,12.88,6-pack,Aisle 2–3 — Cooler & Shelf,1,18,0.131,673464218589,Global Consumer Goods
SKU-USR-023-007,USR-023,Fresh Produce,Organic Baby Spinach 5oz,Triple washed organic greens — salad ready.,"organic,premium",regional,True,premium,86.37,32 oz,Produce Section — Front Perimeter,3,13,0.192,929215422338,National Brands Co
SKU-USR-023-008,USR-023,Household,Concentrated Laundry Detergent,HE compatible — 64 load bottle.,value,national,True,value,5.07,1 gallon,Aisle 15–17 — Household,3,39,0.147,757158315157,Regional Foods LLC
SKU-USR-023-009,USR-023,Frozen,Frozen Vegetable Stir-Fry Blend,"Broccoli, peppers, snap peas — steam in bag.",value,regional,True,value,5.2,12 oz,Aisle 23–25 — Freezer Bank,5,44,0.142,669144724023,Global Consumer Goods
SKU-USR-023-010,USR-023,Frozen,Premium Ice Cream Pint,Super-premium butterfat — limited edition flavor.,premium,national,True,premium,80.31,4-pack,Aisle 23–25 — Freezer Bank,2,19,0.097,692535672372,Regional Foods LLC
SKU-USR-023-011,USR-023,Household,Paper Towels 8-Roll Pack,Absorbent sheets — store brand savings.,"private_label,value",private_label,True,value,2.18,2-liter,Aisle 15–17 — Household,3,41,0.357,158545120583,Kroger DC
SKU-USR-023-012,USR-023,Health & Beauty,Sensitive Skin Moisturizer,Dermatologist tested — fragrance free daily lotion.,premium,national,True,premium,15.81,10 oz,Aisle 18–22 — HBC,1,21,0.131,224068424574,Regional Foods LLC
SKU-USR-023-013,USR-023,Health & Beauty,Value Shampoo Family Size,Everyday clean formula — large bottle value pack.,value,national,True,value,7.8,1 lb,Aisle 18–22 — HBC,3,33,0.084,187855148988,Regional Foods LLC
SKU-USR-023-014,USR-023,Fresh Produce,Local Seasonal Berry Mix,Farm partnership program — peak season berries.,"seasonal,premium",national,True,premium,14.63,8 oz,Produce Section — Front Perimeter,2,20,0.142,552538862532,Global Consumer Goods
SKU-USR-023-015,USR-023,Household,Eco-Friendly Surface Cleaner,Plant-based spray — safe for kitchen counters.,"organic,premium",national,True,premium,79.35,2 lb,Aisle 15–17 — Household,1,16,0.112,157031483863,National Brands Co
SKU-USR-023-016,USR-023,Dairy,Plant-Based Oat Milk,Barista blend oat milk — dairy-free alternative.,"premium,plant_based",national,True,premium,70.02,32 oz,Aisle 1 — Cooler Wall,4,23,0.094,960378491683,National Brands Co
SKU-USR-023-017,USR-023,Beverages,Sparkling Water 12-Pack,Zero calorie flavored seltzer — variety pack.,premium,national,True,premium,71.18,10 oz,Aisle 2–3 — Cooler & Shelf,5,13,0.179,791991713391,National Brands Co
SKU-USR-024-001,USR-024,Snacks,Protein Trail Mix Grab & Go,"Almonds, cashews, dried cranberries — 10g protein per serving.",premium,national,True,premium,82.03,2 lb,Aisle 14 — Impulse / Endcap,4,16,0.168,978311185247,Regional Foods LLC
SKU-USR-024-002,USR-024,Fresh Produce,Local Seasonal Berry Mix,Farm partnership program — peak season berries.,"seasonal,premium",national,True,premium,89.54,4-pack,Produce Section — Front Perimeter,3,13,0.181,283259360401,Regional Foods LLC
SKU-USR-024-003,USR-024,Household,Kirkland Signature Paper Towels 12-Pack,Warehouse bulk pack — high-velocity SKU.,"private_label,premium",private_label,True,premium,32.79,32 oz,Aisle 15–17 — Household,5,18,0.36,934219529867,Costco DC
SKU-USR-024-004,USR-024,Dairy,Farm Fresh 2% Milk Gallon,Locally sourced milk — vitamin D fortified.,value,national,True,value,7.02,1 gallon,Aisle 1 — Cooler Wall,4,55,0.246,466531887619,Regional Foods LLC
SKU-USR-024-005,USR-024,Beverages,Cold Brew Coffee Concentrate,Ready-to-drink cold brew — premium arabica beans.,premium,regional,True,premium,30.05,8 oz,Aisle 2–3 — Cooler & Shelf,6,11,0.132,313535133478,Global Consumer Goods
SKU-USR-024-006,USR-024,Household,Eco-Friendly Surface Cleaner,Plant-based spray — safe for kitchen counters.,"organic,premium",regional,True,premium,49.32,32 oz,Aisle 15–17 — Household,5,16,0.129,219002788466,National Brands Co
SKU-USR-024-007,USR-024,Frozen,Family Pizza Night 3-Pack,"Frozen pizzas — cheese, pepperoni, veggie variety.",value,national,True,value,11.66,12 oz,Aisle 23–25 — Freezer Bank,6,35,0.243,822322339452,National Brands Co
SKU-USR-024-008,USR-024,Fresh Produce,Organic Baby Spinach 5oz,Triple washed organic greens — salad ready.,"organic,premium",national,True,premium,75.25,2 lb,Produce Section — Front Perimeter,4,14,0.272,530616184820,National Brands Co
SKU-USR-024-009,USR-024,Health & Beauty,Organic Lip Balm 3-Pack,Beeswax and coconut oil — USDA organic.,"organic,premium",national,True,premium,62.16,10 oz,Aisle 18–22 — HBC,3,24,0.124,922333567794,Global Consumer Goods
SKU-USR-024-010,USR-024,Frozen,Premium Ice Cream Pint,Super-premium butterfat — limited edition flavor.,premium,national,True,premium,21.0,32 oz,Aisle 23–25 — Freezer Bank,7,16,0.103,655396479191,Global Consumer Goods
SKU-USR-024-011,USR-024,Grocery,Gluten-Free Multigrain Loaf,Certified gluten-free bread with seeds and ancient grains.,"gluten_free,premium",regional,True,premium,46.74,32 oz,Aisle 4–12 — Center Store,3,17,0.224,850384143876,Regional Foods LLC
SKU-USR-024-012,USR-024,Dairy,Organic Greek Yogurt 4-Pack,"Thick strained yogurt, live cultures, no artificial sweeteners.","organic,premium",regional,True,premium,45.62,4-pack,Aisle 1 — Cooler Wall,2,17,0.087,616629386958,Regional Foods LLC
SKU-USR-024-013,USR-024,Snacks,Store Brand Tortilla Chips,Restaurant style chips — great for parties.,"private_label,value",private_label,True,value,8.43,12 oz,Aisle 14 — Impulse / Endcap,3,39,0.126,289143130217,Costco DC
SKU-USR-024-014,USR-024,Grocery,Kirkland Signature Olive Oil 2L,Extra virgin — pantry staple in club size.,"private_label,premium",private_label,True,premium,81.01,32 oz,Aisle 4–12 — Center Store,4,21,0.328,292311278703,Costco DC
SKU-USR-024-015,USR-024,Fresh Produce,Rotisserie Chicken,Fresh prepared protein — member favorite.,value,national,True,value,12.88,1 lb,Produce Section — Front Perimeter,7,53,0.232,414202220401,National Brands Co
SKU-USR-024-016,USR-024,Grocery,Organic Whole Grain Bread,Artisan loaf baked daily with organic whole wheat flour.,"organic,premium",national,True,premium,85.39,2 lb,Aisle 4–12 — Center Store,3,20,0.119,730808522162,Global Consumer Goods
SKU-USR-024-017,USR-024,Frozen,Frozen Vegetable Stir-Fry Blend,"Broccoli, peppers, snap peas — steam in bag.",value,national,True,value,5.96,24 ct,Aisle 23–25 — Freezer Bank,7,48,0.258,652555927406,National Brands Co
SKU-USR-024-018,USR-024,Fresh Produce,Bananas per lb,Everyday fruit staple — ripen at home.,value,national,True,value,11.23,24 ct,Produce Section — Front Perimeter,4,47,0.13,703688544207,Global Consumer Goods
SKU-USR-024-019,USR-024,Beverages,Sparkling Water 12-Pack,Zero calorie flavored seltzer — variety pack.,premium,national,True,premium,63.48,10 oz,Aisle 2–3 — Cooler & Shelf,3,22,0.262,379718167047,Global Consumer Goods
SKU-USR-024-020,USR-024,Dairy,Plant-Based Oat Milk,Barista blend oat milk — dairy-free alternative.,"premium,plant_based",national,True,premium,89.91,8 oz,Aisle 1 — Cooler Wall,5,18,0.097,596489228588,Global Consumer Goods
SKU-USR-025-001,USR-025,Snacks,Classic Potato Chips Family Size,Crispy kettle chips — original sea salt flavor.,value,regional,True,value,8.4,2-liter,Aisle 14 — Impulse / Endcap,3,43,0.234,361400230006,Global Consumer Goods
SKU-USR-025-002,USR-025,Health & Beauty,Sensitive Skin Moisturizer,Dermatologist tested — fragrance free daily lotion.,premium,national,True,premium,89.74,2 lb,Aisle 18–22 — HBC,1,22,0.179,855901622917,Global Consumer Goods
SKU-USR-025-003,USR-025,Household,Concentrated Laundry Detergent,HE compatible — 64 load bottle.,value,national,True,value,10.62,1 lb,Aisle 15–17 — Household,1,40,0.12,951784935449,Regional Foods LLC
SKU-USR-025-004,USR-025,Fresh Produce,Bananas per lb,Everyday fruit staple — ripen at home.,value,national,True,value,7.8,1 gallon,Produce Section — Front Perimeter,1,41,0.126,167149161572,National Brands Co
SKU-USR-025-005,USR-025,Grocery,Organic Whole Grain Bread,Artisan loaf baked daily with organic whole wheat flour.,"organic,premium",national,True,premium,44.8,32 oz,Aisle 4–12 — Center Store,3,19,0.147,484632959959,Regional Foods LLC
SKU-USR-025-006,USR-025,Frozen,Family Pizza Night 3-Pack,"Frozen pizzas — cheese, pepperoni, veggie variety.",value,regional,True,value,1.5,24 ct,Aisle 23–25 — Freezer Bank,1,41,0.117,952247221667,National Brands Co
SKU-USR-025-007,USR-025,Snacks,Protein Trail Mix Grab & Go,"Almonds, cashews, dried cranberries — 10g protein per serving.",premium,national,True,premium,36.21,2 lb,Aisle 14 — Impulse / Endcap,1,21,0.089,297842520124,Global Consumer Goods
SKU-USR-025-008,USR-025,Grocery,Value White Bread,Soft sandwich bread — family pack at everyday low price.,value,national,True,value,8.09,16 oz,Aisle 4–12 — Center Store,1,39,0.086,107769554449,Global Consumer Goods
SKU-USR-025-009,USR-025,Dairy,Organic Greek Yogurt 4-Pack,"Thick strained yogurt, live cultures, no artificial sweeteners.","organic,premium",regional,True,premium,48.48,6-pack,Aisle 1 — Cooler Wall,5,25,0.207,799156428936,Global Consumer Goods
SKU-USR-025-010,USR-025,Dairy,Plant-Based Oat Milk,Barista blend oat milk — dairy-free alternative.,"premium,plant_based",national,True,premium,67.82,8 oz,Aisle 1 — Cooler Wall,2,11,0.082,126048521803,National Brands Co
SKU-USR-025-011,USR-025,Household,Eco-Friendly Surface Cleaner,Plant-based spray — safe for kitchen counters.,"organic,premium",national,True,premium,16.62,2 lb,Aisle 15–17 — Household,2,19,0.255,531120437613,Global Consumer Goods
SKU-USR-025-012,USR-025,Dairy,Farm Fresh 2% Milk Gallon,Locally sourced milk — vitamin D fortified.,value,national,True,value,4.56,16 oz,Aisle 1 — Cooler Wall,2,51,0.25,988245263158,Global Consumer Goods
SKU-USR-025-013,USR-025,Snacks,Store Brand Tortilla Chips,Restaurant style chips — great for parties.,"private_label,value",private_label,True,value,9.61,24 ct,Aisle 14 — Impulse / Endcap,2,53,0.137,259909395697,Albertsons DC
SKU-USR-025-014,USR-025,Fresh Produce,Organic Baby Spinach 5oz,Triple washed organic greens — salad ready.,"organic,premium",national,True,premium,9.37,4-pack,Produce Section — Front Perimeter,2,18,0.098,653319444047,Regional Foods LLC
SKU-USR-025-015,USR-025,Beverages,Sparkling Water 12-Pack,Zero calorie flavored seltzer — variety pack.,premium,national,True,premium,26.04,4-pack,Aisle 2–3 — Cooler & Shelf,3,10,0.27,881769396635,National Brands Co
SKU-USR-025-016,USR-025,Frozen,Premium Ice Cream Pint,Super-premium butterfat — limited edition flavor.,premium,national,True,premium,17.04,10 oz,Aisle 23–25 — Freezer Bank,3,18,0.168,542553911091,Global Consumer Goods
SKU-USR-026-001,USR-026,Snacks,Protein Trail Mix Grab & Go,"Almonds, cashews, dried cranberries — 10g protein per serving.",premium,national,True,premium,79.02,8 oz,Aisle 14 — Impulse / Endcap,1,13,0.144,282640982155,Regional Foods LLC
SKU-USR-026-002,USR-026,Household,Eco-Friendly Surface Cleaner,Plant-based spray — safe for kitchen counters.,"organic,premium",regional,True,premium,87.07,32 oz,Aisle 15–17 — Household,5,18,0.181,922078481829,Regional Foods LLC
SKU-USR-026-003,USR-026,Frozen,Frozen Vegetable Stir-Fry Blend,"Broccoli, peppers, snap peas — steam in bag.",value,national,True,value,4.43,1 gallon,Aisle 23–25 — Freezer Bank,2,47,0.246,196280686902,Global Consumer Goods
SKU-USR-026-004,USR-026,Snacks,Classic Potato Chips Family Size,Crispy kettle chips — original sea salt flavor.,value,national,True,value,9.18,2-liter,Aisle 14 — Impulse / Endcap,2,29,0.219,816222468153,National Brands Co
SKU-USR-026-005,USR-026,Dairy,Plant-Based Oat Milk,Barista blend oat milk — dairy-free alternative.,"premium,plant_based",national,True,premium,54.21,10 oz,Aisle 1 — Cooler Wall,5,23,0.08,708359769236,National Brands Co
SKU-USR-026-006,USR-026,Health & Beauty,Organic Lip Balm 3-Pack,Beeswax and coconut oil — USDA organic.,"organic,premium",national,True,premium,56.11,8 oz,Aisle 18–22 — HBC,3,21,0.276,343204315428,Global Consumer Goods
SKU-USR-026-007,USR-026,Health & Beauty,Value Shampoo Family Size,Everyday clean formula — large bottle value pack.,value,national,True,value,6.46,16 oz,Aisle 18–22 — HBC,1,56,0.104,313314644998,National Brands Co
SKU-USR-026-008,USR-026,Fresh Produce,Bananas per lb,Everyday fruit staple — ripen at home.,value,national,True,value,9.78,24 ct,Produce Section — Front Perimeter,3,52,0.125,835717616391,Regional Foods LLC
SKU-USR-026-009,USR-026,Beverages,Sparkling Water 12-Pack,Zero calorie flavored seltzer — variety pack.,premium,national,True,premium,58.27,6-pack,Aisle 2–3 — Cooler & Shelf,3,18,0.241,287622831053,Regional Foods LLC
SKU-USR-026-010,USR-026,Health & Beauty,Sensitive Skin Moisturizer,Dermatologist tested — fragrance free daily lotion.,premium,national,True,premium,56.92,4-pack,Aisle 18–22 — HBC,3,17,0.176,864041303123,Global Consumer Goods
SKU-USR-026-011,USR-026,Dairy,Organic Greek Yogurt 4-Pack,"Thick strained yogurt, live cultures, no artificial sweeteners.","organic,premium",national,True,premium,60.05,8 oz,Aisle 1 — Cooler Wall,3,19,0.279,349794362097,National Brands Co
SKU-USR-026-012,USR-026,Beverages,Cold Brew Coffee Concentrate,Ready-to-drink cold brew — premium arabica beans.,premium,national,True,premium,34.51,6-pack,Aisle 2–3 — Cooler & Shelf,4,18,0.19,650239303051,National Brands Co
SKU-USR-026-013,USR-026,Grocery,Gluten-Free Multigrain Loaf,Certified gluten-free bread with seeds and ancient grains.,"gluten_free,premium",national,True,premium,38.11,32 oz,Aisle 4–12 — Center Store,1,12,0.121,932493867984,Regional Foods LLC
SKU-USR-026-014,USR-026,Frozen,Family Pizza Night 3-Pack,"Frozen pizzas — cheese, pepperoni, veggie variety.",value,regional,True,value,7.32,2-liter,Aisle 23–25 — Freezer Bank,4,34,0.211,752872638307,Global Consumer Goods
SKU-USR-026-015,USR-026,Household,Concentrated Laundry Detergent,HE compatible — 64 load bottle.,value,regional,True,value,9.32,24 ct,Aisle 15–17 — Household,2,45,0.228,134632794998,Regional Foods LLC
SKU-USR-026-016,USR-026,Grocery,Organic Whole Grain Bread,Artisan loaf baked daily with organic whole wheat flour.,"organic,premium",national,True,premium,73.4,32 oz,Aisle 4–12 — Center Store,4,26,0.196,748929778407,National Brands Co
SKU-USR-026-017,USR-026,Household,Paper Towels 8-Roll Pack,Absorbent sheets — store brand savings.,"private_label,value",private_label,True,value,12.1,1 gallon,Aisle 15–17 — Household,5,50,0.146,261083380529,Publix DC
SKU-USR-027-001,USR-027,Grocery,Value White Bread,Soft sandwich bread — family pack at everyday low price.,value,national,True,value,5.55,24 ct,Aisle 4–12 — Center Store,1,47,0.182,687628659685,National Brands Co
SKU-USR-027-002,USR-027,Dairy,Organic Greek Yogurt 4-Pack,"Thick strained yogurt, live cultures, no artificial sweeteners.","organic,premium",national,True,premium,11.59,2 lb,Aisle 1 — Cooler Wall,5,20,0.249,898027902028,National Brands Co
SKU-USR-027-003,USR-027,Household,Paper Towels 8-Roll Pack,Absorbent sheets — store brand savings.,"private_label,value",private_label,True,value,11.67,2-liter,Aisle 15–17 — Household,3,49,0.232,137608587576,Whole Foods DC
SKU-USR-027-004,USR-027,Fresh Produce,Wild-Caught Sockeye Salmon Fillet,Sustainable seafood — seafood counter.,"organic,premium",national,True,premium,54.84,10 oz,Produce Section — Front Perimeter,2,22,0.245,908121332169,National Brands Co
SKU-USR-027-005,USR-027,Household,Concentrated Laundry Detergent,HE compatible — 64 load bottle.,value,national,True,value,2.63,2-liter,Aisle 15–17 — Household,5,54,0.261,804234646366,National Brands Co
SKU-USR-027-006,USR-027,Beverages,Sparkling Water 12-Pack,Zero calorie flavored seltzer — variety pack.,premium,national,True,premium,88.49,10 oz,Aisle 2–3 — Cooler & Shelf,1,20,0.097,144979932649,National Brands Co
SKU-USR-027-007,USR-027,Health & Beauty,Organic Lip Balm 3-Pack,Beeswax and coconut oil — USDA organic.,"organic,premium",national,False,premium,85.39,32 oz,Aisle 18–22 — HBC,1,25,0.178,323213566925,National Brands Co
SKU-USR-027-008,USR-027,Beverages,Cola 2-Liter Bottle,Classic cola — promotional multipack available.,value,national,True,value,8.28,24 ct,Aisle 2–3 — Cooler & Shelf,3,47,0.131,641766700659,Global Consumer Goods
SKU-USR-027-009,USR-027,Health & Beauty,Sensitive Skin Moisturizer,Dermatologist tested — fragrance free daily lotion.,premium,regional,True,premium,34.99,4-pack,Aisle 18–22 — HBC,1,11,0.124,538442874364,Global Consumer Goods
SKU-USR-027-010,USR-027,Household,Eco-Friendly Surface Cleaner,Plant-based spray — safe for kitchen counters.,"organic,premium",national,True,premium,60.94,32 oz,Aisle 15–17 — Household,3,18,0.214,481422266242,National Brands Co
SKU-USR-027-011,USR-027,Frozen,Family Pizza Night 3-Pack,"Frozen pizzas — cheese, pepperoni, veggie variety.",value,national,True,value,4.81,1 lb,Aisle 23–25 — Freezer Bank,5,42,0.195,581388745568,National Brands Co
SKU-USR-027-012,USR-027,Frozen,Frozen Vegetable Stir-Fry Blend,"Broccoli, peppers, snap peas — steam in bag.",value,national,True,value,4.27,1 gallon,Aisle 23–25 — Freezer Bank,4,51,0.273,124109994294,National Brands Co
SKU-USR-027-013,USR-027,Dairy,Plant-Based Oat Milk,Barista blend oat milk — dairy-free alternative.,"premium,plant_based",national,True,premium,86.29,32 oz,Aisle 1 — Cooler Wall,3,20,0.164,463886435581,National Brands Co
SKU-USR-027-014,USR-027,Snacks,Classic Potato Chips Family Size,Crispy kettle chips — original sea salt flavor.,value,national,True,value,10.93,24 ct,Aisle 14 — Impulse / Endcap,5,41,0.132,600539217906,Regional Foods LLC
SKU-USR-027-015,USR-027,Fresh Produce,Local Seasonal Berry Mix,Farm partnership program — peak season berries.,"seasonal,premium",national,True,premium,15.42,6-pack,Produce Section — Front Perimeter,3,18,0.095,548387412329,National Brands Co
SKU-USR-027-016,USR-027,Snacks,Protein Trail Mix Grab & Go,"Almonds, cashews, dried cranberries — 10g protein per serving.",premium,regional,True,premium,27.66,32 oz,Aisle 14 — Impulse / Endcap,1,13,0.146,761888188685,National Brands Co
SKU-USR-028-001,USR-028,Frozen,Premium Ice Cream Pint,Super-premium butterfat — limited edition flavor.,premium,regional,True,premium,18.28,6-pack,Aisle 23–25 — Freezer Bank,5,16,0.169,174760172749,Global Consumer Goods
SKU-USR-028-002,USR-028,Snacks,Classic Potato Chips Family Size,Crispy kettle chips — original sea salt flavor.,value,national,True,value,10.27,1 gallon,Aisle 14 — Impulse / Endcap,1,43,0.264,307434283449,National Brands Co
SKU-USR-028-003,USR-028,Household,Paper Towels 8-Roll Pack,Absorbent sheets — store brand savings.,"private_label,value",private_label,True,value,5.2,1 gallon,Aisle 15–17 — Household,5,51,0.162,689930694044,CVS DC
SKU-USR-028-004,USR-028,Grocery,Organic Whole Grain Bread,Artisan loaf baked daily with organic whole wheat flour.,"organic,premium",national,True,premium,68.34,4-pack,Aisle 4–12 — Center Store,3,19,0.102,210683439984,Regional Foods LLC
SKU-USR-028-005,USR-028,Health & Beauty,Value Shampoo Family Size,Everyday clean formula — large bottle value pack.,value,national,True,value,8.96,1 lb,Aisle 18–22 — HBC,2,42,0.142,265985261948,Regional Foods LLC
SKU-USR-028-006,USR-028,Health & Beauty,Beauty 360 Facial Tissues,Soft tissues — health & wellness aisle.,"private_label,value",private_label,True,value,10.91,24 ct,Aisle 18–22 — HBC,2,40,0.303,100350101158,CVS DC
SKU-USR-028-007,USR-028,Snacks,Protein Trail Mix Grab & Go,"Almonds, cashews, dried cranberries — 10g protein per serving.",premium,regional,True,premium,11.13,6-pack,Aisle 14 — Impulse / Endcap,2,23,0.195,309988949755,National Brands Co
SKU-USR-028-008,USR-028,Health & Beauty,Sensitive Skin Moisturizer,Dermatologist tested — fragrance free daily lotion.,premium,national,True,premium,84.19,4-pack,Aisle 18–22 — HBC,3,24,0.131,499926246981,National Brands Co
SKU-USR-028-009,USR-028,Household,Eco-Friendly Surface Cleaner,Plant-based spray — safe for kitchen counters.,"organic,premium",regional,True,premium,18.64,6-pack,Aisle 15–17 — Household,4,21,0.158,951145119060,Global Consumer Goods
SKU-USR-028-010,USR-028,Beverages,Sparkling Water 12-Pack,Zero calorie flavored seltzer — variety pack.,premium,national,True,premium,74.33,4-pack,Aisle 2–3 — Cooler & Shelf,1,17,0.16,247344859409,Global Consumer Goods
SKU-USR-028-011,USR-028,Snacks,Store Brand Tortilla Chips,Restaurant style chips — great for parties.,"private_label,value",private_label,True,value,6.56,1 lb,Aisle 14 — Impulse / Endcap,4,43,0.384,276777618846,CVS DC
SKU-USR-028-012,USR-028,Health & Beauty,CVS Health Ibuprofen 200mg,Private-label pain relief — front-store anchor.,"private_label,value",private_label,True,value,11.33,1 gallon,Aisle 18–22 — HBC,1,36,0.175,924614120124,CVS DC
SKU-USR-028-013,USR-028,Fresh Produce,Local Seasonal Berry Mix,Farm partnership program — peak season berries.,"seasonal,premium",national,True,premium,59.04,10 oz,Produce Section — Front Perimeter,3,17,0.259,700690907420,National Brands Co
SKU-USR-028-014,USR-028,Fresh Produce,Bananas per lb,Everyday fruit staple — ripen at home.,value,national,True,value,11.73,2-liter,Produce Section — Front Perimeter,5,46,0.119,436839464833,Regional Foods LLC
SKU-USR-028-015,USR-028,Fresh Produce,Organic Baby Spinach 5oz,Triple washed organic greens — salad ready.,"organic,premium",national,True,premium,44.46,8 oz,Produce Section — Front Perimeter,4,15,0.13,719193862497,Regional Foods LLC
SKU-USR-028-016,USR-028,Frozen,Family Pizza Night 3-Pack,"Frozen pizzas — cheese, pepperoni, veggie variety.",value,national,True,value,4.72,2-liter,Aisle 23–25 — Freezer Bank,1,41,0.155,660717144948,Regional Foods LLC
SKU-USR-028-017,USR-028,Snacks,Gold Emblem Abound Protein Bar,Private-label snack — checkout lane.,"private_label,premium",private_label,True,premium,78.49,8 oz,Aisle 14 — Impulse / Endcap,5,18,0.288,989375269654,CVS DC
SKU-USR-028-018,USR-028,Health & Beauty,Organic Lip Balm 3-Pack,Beeswax and coconut oil — USDA organic.,"organic,premium",national,True,premium,79.95,10 oz,Aisle 18–22 — HBC,1,19,0.181,458340396645,Global Consumer Goods
SKU-USR-029-001,USR-029,Household,Paper Towels 8-Roll Pack,Absorbent sheets — store brand savings.,"private_label,value",private_label,True,value,1.69,1 lb,Aisle 15–17 — Household,3,57,0.126,884822351623,Walgreens DC
SKU-USR-029-002,USR-029,Snacks,Classic Potato Chips Family Size,Crispy kettle chips — original sea salt flavor.,value,national,True,value,11.26,1 lb,Aisle 14 — Impulse / Endcap,1,43,0.269,264982108313,Global Consumer Goods
SKU-USR-029-003,USR-029,Health & Beauty,Sensitive Skin Moisturizer,Dermatologist tested — fragrance free daily lotion.,premium,national,True,premium,45.96,4-pack,Aisle 18–22 — HBC,3,18,0.18,472563700314,Global Consumer Goods
SKU-USR-029-004,USR-029,Snacks,Store Brand Tortilla Chips,Restaurant style chips — great for parties.,"private_label,value",private_label,True,value,12.65,1 gallon,Aisle 14 — Impulse / Endcap,4,43,0.246,417537792543,Walgreens DC
SKU-USR-029-005,USR-029,Health & Beauty,Value Shampoo Family Size,Everyday clean formula — large bottle value pack.,value,regional,True,value,10.02,1 lb,Aisle 18–22 — HBC,4,40,0.186,708033730850,Global Consumer Goods
SKU-USR-029-006,USR-029,Health & Beauty,Walgreens Brand Allergy Relief 24ct,Seasonal OTC — private label margin driver.,"private_label,value",private_label,True,value,4.08,2-liter,Aisle 18–22 — HBC,5,46,0.175,374620984931,Walgreens DC
SKU-USR-029-007,USR-029,Grocery,Gluten-Free Multigrain Loaf,Certified gluten-free bread with seeds and ancient grains.,"gluten_free,premium",national,True,premium,38.22,2 lb,Aisle 4–12 — Center Store,4,27,0.21,157612213349,National Brands Co
SKU-USR-029-008,USR-029,Household,Concentrated Laundry Detergent,HE compatible — 64 load bottle.,value,national,True,value,8.26,2-liter,Aisle 15–17 — Household,1,42,0.113,111640975843,National Brands Co
SKU-USR-029-009,USR-029,Beverages,Sparkling Water 12-Pack,Zero calorie flavored seltzer — variety pack.,premium,national,True,premium,73.45,6-pack,Aisle 2–3 — Cooler & Shelf,2,17,0.276,429611579904,Regional Foods LLC
SKU-USR-029-010,USR-029,Beverages,Nice! Purified Water 24-Pack,Private-label beverage multipack.,"private_label,value",private_label,True,value,12.56,24 ct,Aisle 2–3 — Cooler & Shelf,2,52,0.325,246728832073,Walgreens DC
SKU-USR-029-011,USR-029,Fresh Produce,Local Seasonal Berry Mix,Farm partnership program — peak season berries.,"seasonal,premium",national,True,premium,9.89,10 oz,Produce Section — Front Perimeter,3,30,0.187,514838325157,Regional Foods LLC
SKU-USR-029-012,USR-029,Grocery,Organic Whole Grain Bread,Artisan loaf baked daily with organic whole wheat flour.,"organic,premium",regional,True,premium,22.56,6-pack,Aisle 4–12 — Center Store,2,25,0.084,945554980200,Regional Foods LLC
SKU-USR-029-013,USR-029,Frozen,Premium Ice Cream Pint,Super-premium butterfat — limited edition flavor.,premium,national,True,premium,67.79,10 oz,Aisle 23–25 — Freezer Bank,4,20,0.092,917938274716,National Brands Co
SKU-USR-029-014,USR-029,Household,Photo Print 4x6 50-Pack,Photo service SKU — services attachment.,value,national,False,value,11.23,16 oz,Aisle 15–17 — Household,1,51,0.201,860868236927,Regional Foods LLC
SKU-USR-029-015,USR-029,Household,Eco-Friendly Surface Cleaner,Plant-based spray — safe for kitchen counters.,"organic,premium",regional,True,premium,16.68,2 lb,Aisle 15–17 — Household,2,15,0.237,181616407140,Global Consumer Goods
SKU-USR-029-016,USR-029,Snacks,Protein Trail Mix Grab & Go,"Almonds, cashews, dried cranberries — 10g protein per serving.",premium,national,False,premium,88.54,32 oz,Aisle 14 — Impulse / Endcap,3,20,0.123,786729391957,National Brands Co
SKU-USR-029-017,USR-029,Dairy,Organic Greek Yogurt 4-Pack,"Thick strained yogurt, live cultures, no artificial sweeteners.","organic,premium",national,True,premium,24.96,6-pack,Aisle 1 — Cooler Wall,1,9,0.124,544715673498,Regional Foods LLC
SKU-USR-029-018,USR-029,Frozen,Family Pizza Night 3-Pack,"Frozen pizzas — cheese, pepperoni, veggie variety.",value,national,True,value,7.5,16 oz,Aisle 23–25 — Freezer Bank,3,35,0.189,444174162568,Global Consumer Goods
SKU-USR-029-019,USR-029,Beverages,Cola 2-Liter Bottle,Classic cola — promotional multipack available.,value,regional,True,value,8.04,16 oz,Aisle 2–3 — Cooler & Shelf,4,53,0.147,539081571970,National Brands Co
SKU-USR-029-020,USR-029,Frozen,Frozen Vegetable Stir-Fry Blend,"Broccoli, peppers, snap peas — steam in bag.",value,national,True,value,9.64,1 gallon,Aisle 23–25 — Freezer Bank,1,49,0.143,457752823203,Global Consumer Goods
SKU-USR-030-001,USR-030,Health & Beauty,Organic Lip Balm 3-Pack,Beeswax and coconut oil — USDA organic.,"organic,premium",national,True,premium,13.42,2 lb,Aisle 18–22 — HBC,1,12,0.252,298169311034,Regional Foods LLC
SKU-USR-030-002,USR-030,Snacks,Store Brand Tortilla Chips,Restaurant style chips — great for parties.,"private_label,value",private_label,True,value,6.19,16 oz,Aisle 14 — Impulse / Endcap,3,51,0.2,204181688691,Home Depot DC
SKU-USR-030-003,USR-030,Dairy,Plant-Based Oat Milk,Barista blend oat milk — dairy-free alternative.,"premium,plant_based",regional,True,premium,57.3,8 oz,Aisle 1 — Cooler Wall,2,18,0.098,991044810785,National Brands Co
SKU-USR-030-004,USR-030,Snacks,Protein Trail Mix Grab & Go,"Almonds, cashews, dried cranberries — 10g protein per serving.",premium,national,True,premium,83.16,6-pack,Aisle 14 — Impulse / Endcap,4,25,0.223,297889204705,Regional Foods LLC
SKU-USR-030-005,USR-030,Frozen,Premium Ice Cream Pint,Super-premium butterfat — limited edition flavor.,premium,national,True,premium,12.08,32 oz,Aisle 23–25 — Freezer Bank,4,20,0.127,890715727893,Regional Foods LLC
SKU-USR-030-006,USR-030,Dairy,Organic Greek Yogurt 4-Pack,"Thick strained yogurt, live cultures, no artificial sweeteners.","organic,premium",national,True,premium,9.08,4-pack,Aisle 1 — Cooler Wall,5,12,0.261,972268975799,Global Consumer Goods
SKU-USR-030-007,USR-030,Snacks,Classic Potato Chips Family Size,Crispy kettle chips — original sea salt flavor.,value,national,True,value,6.05,2-liter,Aisle 14 — Impulse / Endcap,3,42,0.252,682283763240,Global Consumer Goods
SKU-USR-030-008,USR-030,Beverages,Sparkling Water 12-Pack,Zero calorie flavored seltzer — variety pack.,premium,national,True,premium,18.06,32 oz,Aisle 2–3 — Cooler & Shelf,5,14,0.268,610450361808,Global Consumer Goods
SKU-USR-030-009,USR-030,Beverages,Cola 2-Liter Bottle,Classic cola — promotional multipack available.,value,national,True,value,9.98,2-liter,Aisle 2–3 — Cooler & Shelf,3,48,0.117,869307386090,Global Consumer Goods
SKU-USR-030-010,USR-030,Fresh Produce,Local Seasonal Berry Mix,Farm partnership program — peak season berries.,"seasonal,premium",regional,True,premium,50.67,6-pack,Produce Section — Front Perimeter,1,8,0.138,848309414244,Regional Foods LLC
SKU-USR-030-011,USR-030,Household,Ridgid 18V Drill/Driver Kit,Power tools — pro and DIY segment.,premium,national,True,premium,36.85,6-pack,Aisle 15–17 — Household,3,23,0.217,959154177170,Regional Foods LLC
SKU-USR-030-012,USR-030,Grocery,Gluten-Free Multigrain Loaf,Certified gluten-free bread with seeds and ancient grains.,"gluten_free,premium",national,True,premium,87.71,10 oz,Aisle 4–12 — Center Store,1,22,0.204,766754559538,Regional Foods LLC
SKU-USR-030-013,USR-030,Fresh Produce,Organic Baby Spinach 5oz,Triple washed organic greens — salad ready.,"organic,premium",national,True,premium,57.82,4-pack,Produce Section — Front Perimeter,1,17,0.141,746962178669,National Brands Co
SKU-USR-031-001,USR-031,Dairy,Plant-Based Oat Milk,Barista blend oat milk — dairy-free alternative.,"premium,plant_based",regional,True,premium,74.41,8 oz,Aisle 1 — Cooler Wall,3,21,0.232,673304996115,Regional Foods LLC
SKU-USR-031-002,USR-031,Dairy,Farm Fresh 2% Milk Gallon,Locally sourced milk — vitamin D fortified.,value,regional,True,value,10.95,1 gallon,Aisle 1 — Cooler Wall,4,38,0.201,155830311794,Regional Foods LLC
SKU-USR-031-003,USR-031,Frozen,Frozen Vegetable Stir-Fry Blend,"Broccoli, peppers, snap peas — steam in bag.",value,national,True,value,8.35,2-liter,Aisle 23–25 — Freezer Bank,2,53,0.181,686755685680,Global Consumer Goods
SKU-USR-031-004,USR-031,Beverages,Cola 2-Liter Bottle,Classic cola — promotional multipack available.,value,national,True,value,4.33,24 ct,Aisle 2–3 — Cooler & Shelf,3,40,0.133,875800710689,National Brands Co
SKU-USR-031-005,USR-031,Fresh Produce,Organic Baby Spinach 5oz,Triple washed organic greens — salad ready.,"organic,premium",national,True,premium,31.49,10 oz,Produce Section — Front Perimeter,1,16,0.114,851506891713,Global Consumer Goods
SKU-USR-031-006,USR-031,Grocery,Gluten-Free Multigrain Loaf,Certified gluten-free bread with seeds and ancient grains.,"gluten_free,premium",national,True,premium,51.35,8 oz,Aisle 4–12 — Center Store,4,14,0.202,672609843029,Global Consumer Goods
SKU-USR-031-007,USR-031,Dairy,Organic Greek Yogurt 4-Pack,"Thick strained yogurt, live cultures, no artificial sweeteners.","organic,premium",regional,True,premium,22.29,8 oz,Aisle 1 — Cooler Wall,2,16,0.215,245222444056,Global Consumer Goods
SKU-USR-031-008,USR-031,Fresh Produce,Local Seasonal Berry Mix,Farm partnership program — peak season berries.,"seasonal,premium",national,False,premium,63.92,2 lb,Produce Section — Front Perimeter,3,16,0.277,442826822422,National Brands Co
SKU-USR-031-009,USR-031,Snacks,Protein Trail Mix Grab & Go,"Almonds, cashews, dried cranberries — 10g protein per serving.",premium,national,True,premium,57.33,2 lb,Aisle 14 — Impulse / Endcap,1,17,0.217,680385688145,National Brands Co
SKU-USR-031-010,USR-031,Snacks,Classic Potato Chips Family Size,Crispy kettle chips — original sea salt flavor.,value,national,True,value,2.92,2-liter,Aisle 14 — Impulse / Endcap,2,57,0.094,717734158509,Regional Foods LLC
SKU-USR-031-011,USR-031,Snacks,Store Brand Tortilla Chips,Restaurant style chips — great for parties.,"private_label,value",private_label,True,value,8.49,12 oz,Aisle 14 — Impulse / Endcap,1,44,0.186,749094868190,Lowe's DC
SKU-USR-031-012,USR-031,Frozen,Premium Ice Cream Pint,Super-premium butterfat — limited edition flavor.,premium,regional,False,premium,33.2,8 oz,Aisle 23–25 — Freezer Bank,4,17,0.228,312888823522,Regional Foods LLC
SKU-USR-031-013,USR-031,Household,Sta-Green Lawn Fertilizer 15M,Lawn care — seasonal category.,value,national,True,value,8.87,1 gallon,Aisle 15–17 — Household,4,46,0.102,725248582767,Global Consumer Goods
SKU-USR-031-014,USR-031,Health & Beauty,Value Shampoo Family Size,Everyday clean formula — large bottle value pack.,value,national,True,value,11.77,1 gallon,Aisle 18–22 — HBC,4,45,0.191,799618791694,National Brands Co
SKU-USR-031-015,USR-031,Household,Paper Towels 8-Roll Pack,Absorbent sheets — store brand savings.,"private_label,value",private_label,True,value,4.97,16 oz,Aisle 15–17 — Household,4,44,0.232,507358125822,Lowe's DC
SKU-USR-031-016,USR-031,Fresh Produce,Bananas per lb,Everyday fruit staple — ripen at home.,value,national,True,value,9.23,16 oz,Produce Section — Front Perimeter,4,54,0.193,663797595456,Regional Foods LLC
SKU-USR-031-017,USR-031,Health & Beauty,Organic Lip Balm 3-Pack,Beeswax and coconut oil — USDA organic.,"organic,premium",national,True,premium,35.26,10 oz,Aisle 18–22 — HBC,4,11,0.139,960941751925,Global Consumer Goods
SKU-USR-031-018,USR-031,Household,Eco-Friendly Surface Cleaner,Plant-based spray — safe for kitchen counters.,"organic,premium",national,True,premium,48.47,8 oz,Aisle 15–17 — Household,2,17,0.278,565071361277,Global Consumer Goods
SKU-USR-032-001,USR-032,Health & Beauty,Sensitive Skin Moisturizer,Dermatologist tested — fragrance free daily lotion.,premium,national,True,premium,35.19,4-pack,Aisle 18–22 — HBC,4,16,0.134,527943940791,Regional Foods LLC
SKU-USR-032-002,USR-032,Grocery,Value White Bread,Soft sandwich bread — family pack at everyday low price.,value,national,True,value,4.7,12 oz,Aisle 4–12 — Center Store,4,46,0.119,260070571092,Regional Foods LLC
SKU-USR-032-003,USR-032,Health & Beauty,Value Shampoo Family Size,Everyday clean formula — large bottle value pack.,value,national,True,value,5.7,1 lb,Aisle 18–22 — HBC,3,50,0.206,340207637131,Global Consumer Goods
SKU-USR-032-004,USR-032,Grocery,Organic Whole Grain Bread,Artisan loaf baked daily with organic whole wheat flour.,"organic,premium",regional,True,premium,84.81,8 oz,Aisle 4–12 — Center Store,4,11,0.262,500504277873,National Brands Co
SKU-USR-032-005,USR-032,Frozen,Premium Ice Cream Pint,Super-premium butterfat — limited edition flavor.,premium,national,True,premium,46.46,8 oz,Aisle 23–25 — Freezer Bank,1,12,0.135,280634903440,National Brands Co
SKU-USR-032-006,USR-032,Frozen,Frozen Vegetable Stir-Fry Blend,"Broccoli, peppers, snap peas — steam in bag.",value,regional,True,value,3.8,1 gallon,Aisle 23–25 — Freezer Bank,3,37,0.208,748305423323,Global Consumer Goods
SKU-USR-032-007,USR-032,Dairy,Organic Greek Yogurt 4-Pack,"Thick strained yogurt, live cultures, no artificial sweeteners.","organic,premium",national,True,premium,11.07,32 oz,Aisle 1 — Cooler Wall,5,24,0.23,790385896803,Global Consumer Goods
SKU-USR-032-008,USR-032,Household,Eco-Friendly Surface Cleaner,Plant-based spray — safe for kitchen counters.,"organic,premium",national,False,premium,16.94,6-pack,Aisle 15–17 — Household,1,15,0.257,722620108208,Global Consumer Goods
SKU-USR-032-009,USR-032,Fresh Produce,Organic Baby Spinach 5oz,Triple washed organic greens — salad ready.,"organic,premium",national,True,premium,60.33,4-pack,Produce Section — Front Perimeter,5,14,0.248,801798259184,Global Consumer Goods
SKU-USR-032-010,USR-032,Beverages,Cola 2-Liter Bottle,Classic cola — promotional multipack available.,value,national,True,value,5.64,12 oz,Aisle 2–3 — Cooler & Shelf,4,52,0.131,111269828386,Regional Foods LLC
SKU-USR-032-011,USR-032,Fresh Produce,Bananas per lb,Everyday fruit staple — ripen at home.,value,national,True,value,1.78,24 ct,Produce Section — Front Perimeter,4,36,0.257,366878202605,Global Consumer Goods
SKU-USR-032-012,USR-032,Snacks,Protein Trail Mix Grab & Go,"Almonds, cashews, dried cranberries — 10g protein per serving.",premium,national,True,premium,76.06,10 oz,Aisle 14 — Impulse / Endcap,3,13,0.175,890777693402,Global Consumer Goods
SKU-USR-032-013,USR-032,Fresh Produce,Local Seasonal Berry Mix,Farm partnership program — peak season berries.,"seasonal,premium",national,True,premium,17.17,4-pack,Produce Section — Front Perimeter,3,18,0.117,147998420940,Global Consumer Goods
SKU-USR-032-014,USR-032,Beverages,Sparkling Water 12-Pack,Zero calorie flavored seltzer — variety pack.,premium,regional,True,premium,63.44,6-pack,Aisle 2–3 — Cooler & Shelf,1,15,0.102,388561586103,Regional Foods LLC
SKU-USR-032-015,USR-032,Snacks,Classic Potato Chips Family Size,Crispy kettle chips — original sea salt flavor.,value,national,True,value,6.02,12 oz,Aisle 14 — Impulse / Endcap,3,39,0.179,328041617395,Global Consumer Goods
SKU-USR-032-016,USR-032,Household,Concentrated Laundry Detergent,HE compatible — 64 load bottle.,value,national,True,value,12.37,16 oz,Aisle 15–17 — Household,4,35,0.168,425407185177,National Brands Co
SKU-USR-033-001,USR-033,Dairy,Organic Greek Yogurt 4-Pack,"Thick strained yogurt, live cultures, no artificial sweeteners.","organic,premium",national,True,premium,47.48,8 oz,Aisle 1 — Cooler Wall,3,13,0.26,639015850068,National Brands Co
SKU-USR-033-002,USR-033,Snacks,Classic Potato Chips Family Size,Crispy kettle chips — original sea salt flavor.,value,national,True,value,11.66,16 oz,Aisle 14 — Impulse / Endcap,5,46,0.092,845319724683,Global Consumer Goods
SKU-USR-033-003,USR-033,Snacks,Store Brand Tortilla Chips,Restaurant style chips — great for parties.,"private_label,value",private_label,True,value,11.22,12 oz,Aisle 14 — Impulse / Endcap,5,62,0.121,851033557853,Dollar General DC
SKU-USR-033-004,USR-033,Frozen,Family Pizza Night 3-Pack,"Frozen pizzas — cheese, pepperoni, veggie variety.",value,national,True,value,10.43,1 gallon,Aisle 23–25 — Freezer Bank,1,40,0.269,200546478373,National Brands Co
SKU-USR-033-005,USR-033,Household,Eco-Friendly Surface Cleaner,Plant-based spray — safe for kitchen counters.,"organic,premium",national,True,premium,37.31,6-pack,Aisle 15–17 — Household,1,21,0.142,925213339332,Regional Foods LLC
SKU-USR-033-006,USR-033,Fresh Produce,Bananas per lb,Everyday fruit staple — ripen at home.,value,national,True,value,10.03,16 oz,Produce Section — Front Perimeter,4,47,0.128,508242636079,Global Consumer Goods
SKU-USR-033-007,USR-033,Household,DG Home Paper Plates 100ct,Value party supplies — small box format.,"private_label,value",private_label,True,value,8.99,1 gallon,Aisle 15–17 — Household,5,39,0.399,540034863709,Dollar General DC
SKU-USR-033-008,USR-033,Frozen,Frozen Vegetable Stir-Fry Blend,"Broccoli, peppers, snap peas — steam in bag.",value,national,True,value,3.94,1 lb,Aisle 23–25 — Freezer Bank,3,32,0.103,465426693167,National Brands Co
SKU-USR-033-009,USR-033,Household,Concentrated Laundry Detergent,HE compatible — 64 load bottle.,value,national,True,value,4.58,16 oz,Aisle 15–17 — Household,4,53,0.133,679700216753,Global Consumer Goods
SKU-USR-033-010,USR-033,Grocery,Organic Whole Grain Bread,Artisan loaf baked daily with organic whole wheat flour.,"organic,premium",national,False,premium,48.1,4-pack,Aisle 4–12 — Center Store,1,13,0.134,913226905190,National Brands Co
SKU-USR-033-011,USR-033,Beverages,Cola 2-Liter Bottle,Classic cola — promotional multipack available.,value,regional,True,value,9.9,16 oz,Aisle 2–3 — Cooler & Shelf,1,40,0.271,527005660840,National Brands Co
SKU-USR-033-012,USR-033,Health & Beauty,DG Health Pain Relief 50ct,Small-count OTC — rural convenience.,"private_label,value",private_label,True,value,2.19,1 lb,Aisle 18–22 — HBC,3,48,0.121,142866437240,Dollar General DC
SKU-USR-034-001,USR-034,Grocery,Gluten-Free Multigrain Loaf,Certified gluten-free bread with seeds and ancient grains.,"gluten_free,premium",regional,True,premium,34.48,8 oz,Aisle 4–12 — Center Store,4,14,0.102,348084361245,Global Consumer Goods
SKU-USR-034-002,USR-034,Beverages,Sparkling Water 12-Pack,Zero calorie flavored seltzer — variety pack.,premium,national,False,premium,54.35,4-pack,Aisle 2–3 — Cooler & Shelf,5,20,0.138,365144817313,National Brands Co
SKU-USR-034-003,USR-034,Grocery,Sam's Club Bakery Muffin 12-Pack,In-club bakery — morning traffic driver.,value,national,True,value,2.16,2-liter,Aisle 4–12 — Center Store,3,60,0.21,674844233560,Global Consumer Goods
SKU-USR-034-004,USR-034,Fresh Produce,Organic Baby Spinach 5oz,Triple washed organic greens — salad ready.,"organic,premium",national,True,premium,66.43,8 oz,Produce Section — Front Perimeter,6,17,0.222,365656545594,Global Consumer Goods
SKU-USR-034-005,USR-034,Frozen,Premium Ice Cream Pint,Super-premium butterfat — limited edition flavor.,premium,regional,True,premium,10.93,10 oz,Aisle 23–25 — Freezer Bank,4,23,0.127,688686540407,Global Consumer Goods
SKU-USR-034-006,USR-034,Snacks,Classic Potato Chips Family Size,Crispy kettle chips — original sea salt flavor.,value,regional,True,value,3.5,1 lb,Aisle 14 — Impulse / Endcap,2,58,0.152,338466569382,Regional Foods LLC
SKU-USR-034-007,USR-034,Health & Beauty,Value Shampoo Family Size,Everyday clean formula — large bottle value pack.,value,national,True,value,12.21,24 ct,Aisle 18–22 — HBC,5,49,0.219,930874135420,National Brands Co
SKU-USR-034-008,USR-034,Dairy,Farm Fresh 2% Milk Gallon,Locally sourced milk — vitamin D fortified.,value,national,True,value,5.72,24 ct,Aisle 1 — Cooler Wall,2,41,0.183,521228501755,Regional Foods LLC
SKU-USR-034-009,USR-034,Fresh Produce,Bananas per lb,Everyday fruit staple — ripen at home.,value,regional,True,value,4.0,16 oz,Produce Section — Front Perimeter,4,38,0.256,117024514404,National Brands Co
SKU-USR-034-010,USR-034,Grocery,Organic Whole Grain Bread,Artisan loaf baked daily with organic whole wheat flour.,"organic,premium",regional,True,premium,23.37,8 oz,Aisle 4–12 — Center Store,4,18,0.275,350898965652,Regional Foods LLC
SKU-USR-034-011,USR-034,Dairy,Organic Greek Yogurt 4-Pack,"Thick strained yogurt, live cultures, no artificial sweeteners.","organic,premium",regional,True,premium,46.2,4-pack,Aisle 1 — Cooler Wall,7,17,0.138,883368388350,National Brands Co
SKU-USR-034-012,USR-034,Beverages,Cold Brew Coffee Concentrate,Ready-to-drink cold brew — premium arabica beans.,premium,regional,True,premium,55.21,8 oz,Aisle 2–3 — Cooler & Shelf,6,15,0.275,200735503345,Regional Foods LLC
SKU-USR-034-013,USR-034,Fresh Produce,Local Seasonal Berry Mix,Farm partnership program — peak season berries.,"seasonal,premium",national,True,premium,42.69,32 oz,Produce Section — Front Perimeter,7,16,0.086,878974478707,Regional Foods LLC
SKU-USR-035-001,USR-035,Dairy,Farm Fresh 2% Milk Gallon,Locally sourced milk — vitamin D fortified.,value,national,True,value,6.26,1 lb,Aisle 1 — Cooler Wall,2,44,0.249,980634114561,Regional Foods LLC
SKU-USR-035-002,USR-035,Snacks,Protein Trail Mix Grab & Go,"Almonds, cashews, dried cranberries — 10g protein per serving.",premium,national,True,premium,72.7,6-pack,Aisle 14 — Impulse / Endcap,2,22,0.128,654185562643,Regional Foods LLC
SKU-USR-035-003,USR-035,Frozen,Family Pizza Night 3-Pack,"Frozen pizzas — cheese, pepperoni, veggie variety.",value,regional,True,value,1.71,1 gallon,Aisle 23–25 — Freezer Bank,5,36,0.243,289367668342,Global Consumer Goods
SKU-USR-035-004,USR-035,Frozen,Frozen Vegetable Stir-Fry Blend,"Broccoli, peppers, snap peas — steam in bag.",value,national,True,value,10.15,16 oz,Aisle 23–25 — Freezer Bank,3,53,0.18,343880703892,Global Consumer Goods
SKU-USR-035-005,USR-035,Household,Paper Towels 8-Roll Pack,Absorbent sheets — store brand savings.,"private_label,value",private_label,True,value,5.23,16 oz,Aisle 15–17 — Household,5,48,0.25,894670398083,Aldi DC
SKU-USR-035-006,USR-035,Snacks,Classic Potato Chips Family Size,Crispy kettle chips — original sea salt flavor.,value,national,True,value,1.78,12 oz,Aisle 14 — Impulse / Endcap,4,43,0.103,293513853881,National Brands Co
SKU-USR-035-007,USR-035,Snacks,Benton's Cookie Snack Packs,Impulse cookies — checkout cooler.,"private_label,value",private_label,True,value,9.69,1 lb,Aisle 14 — Impulse / Endcap,1,34,0.411,166361623699,Aldi DC
SKU-USR-035-008,USR-035,Fresh Produce,Organic Baby Spinach 5oz,Triple washed organic greens — salad ready.,"organic,premium",regional,True,premium,35.27,2 lb,Produce Section — Front Perimeter,5,10,0.178,267940392152,Global Consumer Goods
SKU-USR-035-009,USR-035,Grocery,Value White Bread,Soft sandwich bread — family pack at everyday low price.,value,national,False,value,2.37,1 lb,Aisle 4–12 — Center Store,1,41,0.186,914993197295,Global Consumer Goods
SKU-USR-035-010,USR-035,Household,Eco-Friendly Surface Cleaner,Plant-based spray — safe for kitchen counters.,"organic,premium",national,True,premium,78.89,32 oz,Aisle 15–17 — Household,1,10,0.177,407308495331,National Brands Co
SKU-USR-035-011,USR-035,Beverages,Cold Brew Coffee Concentrate,Ready-to-drink cold brew — premium arabica beans.,premium,national,True,premium,61.79,4-pack,Aisle 2–3 — Cooler & Shelf,2,17,0.24,896472197729,National Brands Co
SKU-USR-035-012,USR-035,Grocery,Simply Nature Organic Granola,Aldi organic private label — ALDI finds.,"organic,premium,private_label",private_label,True,premium,78.61,8 oz,Aisle 4–12 — Center Store,1,18,0.217,422017106595,Aldi DC
SKU-USR-035-013,USR-035,Household,Concentrated Laundry Detergent,HE compatible — 64 load bottle.,value,regional,True,value,6.83,12 oz,Aisle 15–17 — Household,1,54,0.23,597543810621,Regional Foods LLC
SKU-USR-035-014,USR-035,Health & Beauty,Sensitive Skin Moisturizer,Dermatologist tested — fragrance free daily lotion.,premium,regional,True,premium,86.01,6-pack,Aisle 18–22 — HBC,2,16,0.107,415140583023,National Brands Co
SKU-USR-035-015,USR-035,Dairy,Friendly Farms Greek Yogurt,Dairy private label — weekly special.,"private_label,value",private_label,True,value,2.63,1 lb,Aisle 1 — Cooler Wall,2,49,0.176,804832270467,Aldi DC
SKU-USR-035-016,USR-035,Dairy,Plant-Based Oat Milk,Barista blend oat milk — dairy-free alternative.,"premium,plant_based",national,True,premium,39.1,8 oz,Aisle 1 — Cooler Wall,1,13,0.234,365848420737,National Brands Co
SKU-USR-036-001,USR-036,Fresh Produce,Bananas per lb,Everyday fruit staple — ripen at home.,value,national,True,value,12.15,12 oz,Produce Section — Front Perimeter,5,55,0.152,899905354896,Regional Foods LLC
SKU-USR-036-002,USR-036,Household,Eco-Friendly Surface Cleaner,Plant-based spray — safe for kitchen counters.,"organic,premium",national,True,premium,65.23,6-pack,Aisle 15–17 — Household,5,12,0.235,819395137015,Regional Foods LLC
SKU-USR-036-003,USR-036,Beverages,Cola 2-Liter Bottle,Classic cola — promotional multipack available.,value,national,True,value,12.09,12 oz,Aisle 2–3 — Cooler & Shelf,3,40,0.217,525375290403,National Brands Co
SKU-USR-036-004,USR-036,Frozen,Frozen Vegetable Stir-Fry Blend,"Broccoli, peppers, snap peas — steam in bag.",value,regional,True,value,4.07,1 gallon,Aisle 23–25 — Freezer Bank,4,46,0.233,726852912887,National Brands Co
SKU-USR-036-005,USR-036,Frozen,Premium Ice Cream Pint,Super-premium butterfat — limited edition flavor.,premium,regional,True,premium,88.87,32 oz,Aisle 23–25 — Freezer Bank,3,22,0.108,422253590296,Regional Foods LLC
SKU-USR-036-006,USR-036,Snacks,Protein Trail Mix Grab & Go,"Almonds, cashews, dried cranberries — 10g protein per serving.",premium,national,True,premium,78.01,8 oz,Aisle 14 — Impulse / Endcap,2,16,0.208,114149899602,Global Consumer Goods
SKU-USR-036-007,USR-036,Fresh Produce,Organic Baby Spinach 5oz,Triple washed organic greens — salad ready.,"organic,premium",national,True,premium,19.67,8 oz,Produce Section — Front Perimeter,3,16,0.229,476361371258,Regional Foods LLC
SKU-USR-036-008,USR-036,Grocery,Gluten-Free Multigrain Loaf,Certified gluten-free bread with seeds and ancient grains.,"gluten_free,premium",regional,True,premium,38.99,10 oz,Aisle 4–12 — Center Store,4,26,0.181,882776312057,Regional Foods LLC
SKU-USR-036-009,USR-036,Health & Beauty,Sensitive Skin Moisturizer,Dermatologist tested — fragrance free daily lotion.,premium,national,True,premium,68.52,2 lb,Aisle 18–22 — HBC,1,16,0.193,996481253497,Regional Foods LLC
SKU-USR-036-010,USR-036,Beverages,Cold Brew Coffee Concentrate,Ready-to-drink cold brew — premium arabica beans.,premium,national,True,premium,21.21,4-pack,Aisle 2–3 — Cooler & Shelf,1,28,0.166,708351622228,National Brands Co
SKU-USR-036-011,USR-036,Beverages,Sparkling Water 12-Pack,Zero calorie flavored seltzer — variety pack.,premium,national,True,premium,18.97,10 oz,Aisle 2–3 — Cooler & Shelf,2,21,0.172,113146815226,Global Consumer Goods
SKU-USR-036-012,USR-036,Household,Concentrated Laundry Detergent,HE compatible — 64 load bottle.,value,regional,True,value,3.84,12 oz,Aisle 15–17 — Household,5,41,0.208,124865767562,Regional Foods LLC
SKU-USR-036-013,USR-036,Dairy,Organic Greek Yogurt 4-Pack,"Thick strained yogurt, live cultures, no artificial sweeteners.","organic,premium",regional,True,premium,51.36,10 oz,Aisle 1 — Cooler Wall,5,18,0.146,311589140532,Regional Foods LLC
SKU-USR-036-014,USR-036,Dairy,Plant-Based Oat Milk,Barista blend oat milk — dairy-free alternative.,"premium,plant_based",national,True,premium,15.08,6-pack,Aisle 1 — Cooler Wall,1,17,0.082,276797407487,Global Consumer Goods
SKU-USR-036-015,USR-036,Snacks,Classic Potato Chips Family Size,Crispy kettle chips — original sea salt flavor.,value,national,True,value,3.21,16 oz,Aisle 14 — Impulse / Endcap,3,53,0.142,482587502998,Global Consumer Goods
SKU-USR-036-016,USR-036,Grocery,Value White Bread,Soft sandwich bread — family pack at everyday low price.,value,national,True,value,4.58,12 oz,Aisle 4–12 — Center Store,1,49,0.18,337460352903,Regional Foods LLC
SKU-USR-037-001,USR-037,Dairy,Plant-Based Oat Milk,Barista blend oat milk — dairy-free alternative.,"premium,plant_based",national,True,premium,39.08,10 oz,Aisle 1 — Cooler Wall,2,14,0.248,704089381274,Regional Foods LLC
SKU-USR-037-002,USR-037,Household,Concentrated Laundry Detergent,HE compatible — 64 load bottle.,value,national,True,value,4.09,16 oz,Aisle 15–17 — Household,1,51,0.221,530024140295,Regional Foods LLC
SKU-USR-037-003,USR-037,Grocery,Value White Bread,Soft sandwich bread — family pack at everyday low price.,value,regional,True,value,11.97,1 lb,Aisle 4–12 — Center Store,3,45,0.237,892822442998,Regional Foods LLC
SKU-USR-037-004,USR-037,Beverages,Cola 2-Liter Bottle,Classic cola — promotional multipack available.,value,national,True,value,7.82,12 oz,Aisle 2–3 — Cooler & Shelf,5,56,0.179,880668261527,Regional Foods LLC
SKU-USR-037-005,USR-037,Fresh Produce,Bananas per lb,Everyday fruit staple — ripen at home.,value,national,True,value,8.52,1 lb,Produce Section — Front Perimeter,1,49,0.277,349683451635,Global Consumer Goods
SKU-USR-037-006,USR-037,Dairy,Farm Fresh 2% Milk Gallon,Locally sourced milk — vitamin D fortified.,value,regional,True,value,11.81,1 lb,Aisle 1 — Cooler Wall,1,26,0.202,391359801796,National Brands Co
SKU-USR-037-007,USR-037,Beverages,Sparkling Water 12-Pack,Zero calorie flavored seltzer — variety pack.,premium,national,True,premium,12.63,8 oz,Aisle 2–3 — Cooler & Shelf,1,21,0.224,617709401124,Regional Foods LLC
SKU-USR-037-008,USR-037,Grocery,Gluten-Free Multigrain Loaf,Certified gluten-free bread with seeds and ancient grains.,"gluten_free,premium",national,True,premium,51.71,32 oz,Aisle 4–12 — Center Store,5,16,0.186,983496262421,Regional Foods LLC
SKU-USR-037-009,USR-037,Household,Paper Towels 8-Roll Pack,Absorbent sheets — store brand savings.,"private_label,value",private_label,True,value,6.92,2-liter,Aisle 15–17 — Household,3,40,0.187,845144206478,Meijer DC
SKU-USR-037-010,USR-037,Snacks,Classic Potato Chips Family Size,Crispy kettle chips — original sea salt flavor.,value,national,True,value,1.52,2-liter,Aisle 14 — Impulse / Endcap,5,46,0.218,739357332464,Global Consumer Goods
SKU-USR-037-011,USR-037,Frozen,Family Pizza Night 3-Pack,"Frozen pizzas — cheese, pepperoni, veggie variety.",value,national,True,value,12.46,16 oz,Aisle 23–25 — Freezer Bank,5,34,0.27,224650734983,Global Consumer Goods
SKU-USR-037-012,USR-037,Dairy,Organic Greek Yogurt 4-Pack,"Thick strained yogurt, live cultures, no artificial sweeteners.","organic,premium",regional,True,premium,19.5,8 oz,Aisle 1 — Cooler Wall,4,20,0.209,536607972444,Global Consumer Goods
SKU-USR-037-013,USR-037,Snacks,Store Brand Tortilla Chips,Restaurant style chips — great for parties.,"private_label,value",private_label,True,value,5.91,1 lb,Aisle 14 — Impulse / Endcap,3,48,0.234,524581465309,Meijer DC
SKU-USR-037-014,USR-037,Health & Beauty,Value Shampoo Family Size,Everyday clean formula — large bottle value pack.,value,national,True,value,3.2,16 oz,Aisle 18–22 — HBC,2,48,0.218,926670364845,Global Consumer Goods
SKU-USR-037-015,USR-037,Fresh Produce,Local Seasonal Berry Mix,Farm partnership program — peak season berries.,"seasonal,premium",national,True,premium,32.93,8 oz,Produce Section — Front Perimeter,5,24,0.11,797697156008,Regional Foods LLC
SKU-USR-037-016,USR-037,Frozen,Premium Ice Cream Pint,Super-premium butterfat — limited edition flavor.,premium,national,True,premium,19.25,8 oz,Aisle 23–25 — Freezer Bank,3,14,0.175,208378874158,National Brands Co
SKU-USR-037-017,USR-037,Health & Beauty,Organic Lip Balm 3-Pack,Beeswax and coconut oil — USDA organic.,"organic,premium",national,True,premium,25.99,6-pack,Aisle 18–22 — HBC,1,20,0.209,937883464589,National Brands Co
SKU-USR-037-018,USR-037,Grocery,Organic Whole Grain Bread,Artisan loaf baked daily with organic whole wheat flour.,"organic,premium",regional,True,premium,57.49,6-pack,Aisle 4–12 — Center Store,2,21,0.101,455942980359,National Brands Co
SKU-USR-038-001,USR-038,Snacks,Store Brand Tortilla Chips,Restaurant style chips — great for parties.,"private_label,value",private_label,True,value,5.56,16 oz,Aisle 14 — Impulse / Endcap,3,45,0.341,780590492784,Safeway DC
SKU-USR-038-002,USR-038,Grocery,Gluten-Free Multigrain Loaf,Certified gluten-free bread with seeds and ancient grains.,"gluten_free,premium",national,True,premium,50.96,10 oz,Aisle 4–12 — Center Store,3,24,0.19,365082323634,Global Consumer Goods
SKU-USR-038-003,USR-038,Grocery,Value White Bread,Soft sandwich bread — family pack at everyday low price.,value,regional,True,value,8.0,1 gallon,Aisle 4–12 — Center Store,4,50,0.265,287313782640,National Brands Co
SKU-USR-038-004,USR-038,Snacks,Classic Potato Chips Family Size,Crispy kettle chips — original sea salt flavor.,value,national,True,value,2.65,12 oz,Aisle 14 — Impulse / Endcap,3,38,0.083,346274639665,Global Consumer Goods
SKU-USR-038-005,USR-038,Household,Eco-Friendly Surface Cleaner,Plant-based spray — safe for kitchen counters.,"organic,premium",national,True,premium,49.09,10 oz,Aisle 15–17 — Household,2,22,0.101,878982768424,Global Consumer Goods
SKU-USR-038-006,USR-038,Dairy,Farm Fresh 2% Milk Gallon,Locally sourced milk — vitamin D fortified.,value,regional,True,value,12.92,12 oz,Aisle 1 — Cooler Wall,1,43,0.155,848403483561,Global Consumer Goods
SKU-USR-038-007,USR-038,Household,Concentrated Laundry Detergent,HE compatible — 64 load bottle.,value,national,True,value,6.58,16 oz,Aisle 15–17 — Household,1,49,0.209,235893968481,Regional Foods LLC
SKU-USR-038-008,USR-038,Snacks,Protein Trail Mix Grab & Go,"Almonds, cashews, dried cranberries — 10g protein per serving.",premium,national,True,premium,86.14,32 oz,Aisle 14 — Impulse / Endcap,5,16,0.272,997419531339,Regional Foods LLC
SKU-USR-038-009,USR-038,Dairy,Organic Greek Yogurt 4-Pack,"Thick strained yogurt, live cultures, no artificial sweeteners.","organic,premium",national,True,premium,64.53,6-pack,Aisle 1 — Cooler Wall,1,22,0.216,981901347440,National Brands Co
SKU-USR-038-010,USR-038,Dairy,Plant-Based Oat Milk,Barista blend oat milk — dairy-free alternative.,"premium,plant_based",national,True,premium,42.98,10 oz,Aisle 1 — Cooler Wall,5,24,0.261,489495404128,National Brands Co
SKU-USR-038-011,USR-038,Grocery,Organic Whole Grain Bread,Artisan loaf baked daily with organic whole wheat flour.,"organic,premium",national,True,premium,15.56,2 lb,Aisle 4–12 — Center Store,4,20,0.251,840746855893,Global Consumer Goods
SKU-USR-038-012,USR-038,Frozen,Family Pizza Night 3-Pack,"Frozen pizzas — cheese, pepperoni, veggie variety.",value,national,True,value,10.31,1 lb,Aisle 23–25 — Freezer Bank,4,44,0.21,184175107666,Regional Foods LLC
SKU-USR-038-013,USR-038,Health & Beauty,Organic Lip Balm 3-Pack,Beeswax and coconut oil — USDA organic.,"organic,premium",national,True,premium,83.58,8 oz,Aisle 18–22 — HBC,4,21,0.101,127741120488,Global Consumer Goods
SKU-USR-038-014,USR-038,Fresh Produce,Local Seasonal Berry Mix,Farm partnership program — peak season berries.,"seasonal,premium",national,True,premium,81.48,6-pack,Produce Section — Front Perimeter,3,21,0.181,827783224038,National Brands Co
SKU-USR-038-015,USR-038,Frozen,Frozen Vegetable Stir-Fry Blend,"Broccoli, peppers, snap peas — steam in bag.",value,national,True,value,2.54,2-liter,Aisle 23–25 — Freezer Bank,3,48,0.206,275609866071,Global Consumer Goods
SKU-USR-038-016,USR-038,Fresh Produce,Bananas per lb,Everyday fruit staple — ripen at home.,value,regional,True,value,8.92,1 lb,Produce Section — Front Perimeter,2,41,0.268,523133302994,National Brands Co
SKU-USR-038-017,USR-038,Fresh Produce,Organic Baby Spinach 5oz,Triple washed organic greens — salad ready.,"organic,premium",national,True,premium,71.08,10 oz,Produce Section — Front Perimeter,4,15,0.151,422449288255,Regional Foods LLC
SKU-USR-038-018,USR-038,Beverages,Sparkling Water 12-Pack,Zero calorie flavored seltzer — variety pack.,premium,national,True,premium,77.13,6-pack,Aisle 2–3 — Cooler & Shelf,5,22,0.245,213481591579,Regional Foods LLC
SKU-USR-039-001,USR-039,Beverages,Cold Brew Coffee Concentrate,Ready-to-drink cold brew — premium arabica beans.,premium,national,True,premium,38.9,32 oz,Aisle 2–3 — Cooler & Shelf,4,23,0.122,160332105395,National Brands Co
SKU-USR-039-002,USR-039,Grocery,Organic Whole Grain Bread,Artisan loaf baked daily with organic whole wheat flour.,"organic,premium",national,True,premium,29.19,2 lb,Aisle 4–12 — Center Store,5,25,0.273,467896776895,National Brands Co
SKU-USR-039-003,USR-039,Grocery,Gluten-Free Multigrain Loaf,Certified gluten-free bread with seeds and ancient grains.,"gluten_free,premium",national,True,premium,46.27,2 lb,Aisle 4–12 — Center Store,5,15,0.102,864355731469,National Brands Co
SKU-USR-039-004,USR-039,Health & Beauty,Organic Lip Balm 3-Pack,Beeswax and coconut oil — USDA organic.,"organic,premium",national,True,premium,51.22,6-pack,Aisle 18–22 — HBC,5,20,0.181,919212908176,National Brands Co
SKU-USR-039-005,USR-039,Snacks,Protein Trail Mix Grab & Go,"Almonds, cashews, dried cranberries — 10g protein per serving.",premium,national,True,premium,40.66,2 lb,Aisle 14 — Impulse / Endcap,5,19,0.276,276331428973,Regional Foods LLC
SKU-USR-039-006,USR-039,Beverages,Cola 2-Liter Bottle,Classic cola — promotional multipack available.,value,regional,True,value,4.84,16 oz,Aisle 2–3 — Cooler & Shelf,2,42,0.107,856877864317,Global Consumer Goods
SKU-USR-039-007,USR-039,Frozen,Premium Ice Cream Pint,Super-premium butterfat — limited edition flavor.,premium,national,True,premium,57.25,2 lb,Aisle 23–25 — Freezer Bank,1,13,0.272,354065206366,Global Consumer Goods
SKU-USR-039-008,USR-039,Frozen,Family Pizza Night 3-Pack,"Frozen pizzas — cheese, pepperoni, veggie variety.",value,national,True,value,7.29,16 oz,Aisle 23–25 — Freezer Bank,5,48,0.197,613834609809,Global Consumer Goods
SKU-USR-039-009,USR-039,Dairy,Plant-Based Oat Milk,Barista blend oat milk — dairy-free alternative.,"premium,plant_based",regional,True,premium,26.41,10 oz,Aisle 1 — Cooler Wall,5,18,0.137,371638197887,National Brands Co
SKU-USR-039-010,USR-039,Beverages,Sparkling Water 12-Pack,Zero calorie flavored seltzer — variety pack.,premium,regional,True,premium,15.76,32 oz,Aisle 2–3 — Cooler & Shelf,1,17,0.149,760461504468,Regional Foods LLC
SKU-USR-039-011,USR-039,Household,Eco-Friendly Surface Cleaner,Plant-based spray — safe for kitchen counters.,"organic,premium",national,True,premium,12.29,32 oz,Aisle 15–17 — Household,5,26,0.182,421830784624,Regional Foods LLC
SKU-USR-039-012,USR-039,Grocery,Value White Bread,Soft sandwich bread — family pack at everyday low price.,value,national,True,value,7.29,12 oz,Aisle 4–12 — Center Store,1,47,0.278,713707446441,Global Consumer Goods
SKU-USR-039-013,USR-039,Frozen,Frozen Vegetable Stir-Fry Blend,"Broccoli, peppers, snap peas — steam in bag.",value,regional,True,value,6.04,16 oz,Aisle 23–25 — Freezer Bank,3,45,0.212,673853944671,National Brands Co
SKU-USR-039-014,USR-039,Fresh Produce,Organic Baby Spinach 5oz,Triple washed organic greens — salad ready.,"organic,premium",national,True,premium,31.83,8 oz,Produce Section — Front Perimeter,1,15,0.201,702371118011,National Brands Co
SKU-USR-039-015,USR-039,Household,Paper Towels 8-Roll Pack,Absorbent sheets — store brand savings.,"private_label,value",private_label,True,value,11.0,1 gallon,Aisle 15–17 — Household,1,50,0.165,619803488131,Sprouts DC
SKU-USR-039-016,USR-039,Fresh Produce,Local Seasonal Berry Mix,Farm partnership program — peak season berries.,"seasonal,premium",national,True,premium,72.7,8 oz,Produce Section — Front Perimeter,5,13,0.221,400258713492,Regional Foods LLC
SKU-USR-039-017,USR-039,Snacks,Classic Potato Chips Family Size,Crispy kettle chips — original sea salt flavor.,value,national,True,value,10.72,24 ct,Aisle 14 — Impulse / Endcap,2,44,0.179,731121397941,National Brands Co
SKU-USR-039-018,USR-039,Household,Concentrated Laundry Detergent,HE compatible — 64 load bottle.,value,national,True,value,5.94,2-liter,Aisle 15–17 — Household,1,32,0.271,371599106099,National Brands Co
SKU-USR-040-001,USR-040,Frozen,Mandarin Orange Chicken,Frozen bestseller — high repeat purchase.,value,national,True,value,6.0,2-liter,Aisle 23–25 — Freezer Bank,3,43,0.117,290570989283,Global Consumer Goods
SKU-USR-040-002,USR-040,Health & Beauty,Organic Lip Balm 3-Pack,Beeswax and coconut oil — USDA organic.,"organic,premium",national,True,premium,40.05,4-pack,Aisle 18–22 — HBC,2,13,0.111,267360588743,Global Consumer Goods
SKU-USR-040-003,USR-040,Health & Beauty,Sensitive Skin Moisturizer,Dermatologist tested — fragrance free daily lotion.,premium,national,True,premium,19.49,32 oz,Aisle 18–22 — HBC,5,16,0.243,872125317806,Global Consumer Goods
SKU-USR-040-004,USR-040,Beverages,Sparkling Water 12-Pack,Zero calorie flavored seltzer — variety pack.,premium,national,True,premium,48.41,2 lb,Aisle 2–3 — Cooler & Shelf,5,21,0.229,701548299484,Regional Foods LLC
SKU-USR-040-005,USR-040,Frozen,Family Pizza Night 3-Pack,"Frozen pizzas — cheese, pepperoni, veggie variety.",value,national,True,value,10.3,12 oz,Aisle 23–25 — Freezer Bank,1,50,0.218,286615280926,National Brands Co
SKU-USR-040-006,USR-040,Grocery,Everything But The Bagel Seasoning,Signature seasoning blend — social buzz SKU.,"premium,private_label",private_label,True,premium,68.68,2 lb,Aisle 4–12 — Center Store,4,17,0.384,665310205329,Trader Joe's DC
SKU-USR-040-007,USR-040,Beverages,Cola 2-Liter Bottle,Classic cola — promotional multipack available.,value,national,True,value,5.83,12 oz,Aisle 2–3 — Cooler & Shelf,2,45,0.129,435426326282,Regional Foods LLC
SKU-USR-040-008,USR-040,Fresh Produce,Organic Baby Spinach 5oz,Triple washed organic greens — salad ready.,"organic,premium",regional,False,premium,76.09,8 oz,Produce Section — Front Perimeter,2,15,0.225,129404688634,Regional Foods LLC
SKU-USR-040-009,USR-040,Health & Beauty,Value Shampoo Family Size,Everyday clean formula — large bottle value pack.,value,regional,True,value,11.81,1 gallon,Aisle 18–22 — HBC,2,43,0.162,683264733790,National Brands Co
SKU-USR-040-010,USR-040,Snacks,Store Brand Tortilla Chips,Restaurant style chips — great for parties.,"private_label,value",private_label,True,value,10.24,24 ct,Aisle 14 — Impulse / Endcap,2,42,0.404,127782263837,Trader Joe's DC
SKU-USR-040-011,USR-040,Beverages,Cold Brew Coffee Concentrate,Ready-to-drink cold brew — premium arabica beans.,premium,national,True,premium,82.98,8 oz,Aisle 2–3 — Cooler & Shelf,3,13,0.106,787784503459,Global Consumer Goods
SKU-USR-040-012,USR-040,Grocery,Organic Whole Grain Bread,Artisan loaf baked daily with organic whole wheat flour.,"organic,premium",national,True,premium,54.7,6-pack,Aisle 4–12 — Center Store,2,23,0.113,764419735353,Global Consumer Goods
SKU-USR-040-013,USR-040,Frozen,Frozen Vegetable Stir-Fry Blend,"Broccoli, peppers, snap peas — steam in bag.",value,national,True,value,11.49,2-liter,Aisle 23–25 — Freezer Bank,5,53,0.232,579575624332,Global Consumer Goods
SKU-USR-040-014,USR-040,Household,Eco-Friendly Surface Cleaner,Plant-based spray — safe for kitchen counters.,"organic,premium",national,True,premium,29.31,8 oz,Aisle 15–17 — Household,3,16,0.125,719723565600,National Brands Co
SKU-USR-040-015,USR-040,Fresh Produce,Local Seasonal Berry Mix,Farm partnership program — peak season berries.,"seasonal,premium",national,True,premium,23.66,10 oz,Produce Section — Front Perimeter,3,16,0.108,996689587014,Global Consumer Goods
SKU-USR-041-001,USR-041,Household,Paper Towels 8-Roll Pack,Absorbent sheets — store brand savings.,"private_label,value",private_label,True,value,2.63,12 oz,Aisle 15–17 — Household,7,43,0.42,964925370062,Walmart DC
SKU-USR-041-002,USR-041,Beverages,Cola 2-Liter Bottle,Classic cola — promotional multipack available.,value,national,True,value,7.31,1 lb,Aisle 2–3 — Cooler & Shelf,5,56,0.266,279295249110,Global Consumer Goods
SKU-USR-041-003,USR-041,Frozen,Frozen Vegetable Stir-Fry Blend,"Broccoli, peppers, snap peas — steam in bag.",value,national,True,value,3.53,16 oz,Aisle 23–25 — Freezer Bank,5,48,0.125,438067534696,National Brands Co
SKU-USR-041-004,USR-041,Frozen,Family Pizza Night 3-Pack,"Frozen pizzas — cheese, pepperoni, veggie variety.",value,national,True,value,4.98,1 lb,Aisle 23–25 — Freezer Bank,5,44,0.202,125880587752,Global Consumer Goods
SKU-USR-041-005,USR-041,Grocery,Value White Bread,Soft sandwich bread — family pack at everyday low price.,value,national,True,value,4.7,1 lb,Aisle 4–12 — Center Store,4,54,0.212,598957493889,National Brands Co
SKU-USR-041-006,USR-041,Household,Concentrated Laundry Detergent,HE compatible — 64 load bottle.,value,national,True,value,7.15,12 oz,Aisle 15–17 — Household,7,40,0.221,379525908549,National Brands Co
SKU-USR-041-007,USR-041,Dairy,Great Value Whole Milk Gallon,Store-brand vitamin D milk — everyday low price.,"private_label,value",private_label,True,value,9.85,12 oz,Aisle 1 — Cooler Wall,3,44,0.29,358518830344,Walmart DC
SKU-USR-041-008,USR-041,Household,Mainstays Bath Towel Set,Soft cotton towels — home basics collection.,"private_label,value",private_label,True,value,1.89,24 ct,Aisle 15–17 — Household,6,52,0.207,597091270306,Walmart DC
SKU-USR-041-009,USR-041,Fresh Produce,Local Seasonal Berry Mix,Farm partnership program — peak season berries.,"seasonal,premium",national,True,premium,28.11,8 oz,Produce Section — Front Perimeter,2,18,0.142,551987263537,National Brands Co
SKU-USR-041-010,USR-041,Snacks,Store Brand Tortilla Chips,Restaurant style chips — great for parties.,"private_label,value",private_label,True,value,4.09,12 oz,Aisle 14 — Impulse / Endcap,3,46,0.168,472720149465,Walmart DC
SKU-USR-041-011,USR-041,Health & Beauty,Organic Lip Balm 3-Pack,Beeswax and coconut oil — USDA organic.,"organic,premium",national,True,premium,64.14,10 oz,Aisle 18–22 — HBC,5,19,0.107,247064936641,National Brands Co
SKU-USR-041-012,USR-041,Health & Beauty,Value Shampoo Family Size,Everyday clean formula — large bottle value pack.,value,national,True,value,8.24,1 gallon,Aisle 18–22 — HBC,2,44,0.202,344748972252,Regional Foods LLC
SKU-USR-041-013,USR-041,Snacks,Classic Potato Chips Family Size,Crispy kettle chips — original sea salt flavor.,value,regional,True,value,6.49,1 gallon,Aisle 14 — Impulse / Endcap,6,36,0.14,118698215573,National Brands Co
SKU-USR-041-014,USR-041,Frozen,Premium Ice Cream Pint,Super-premium butterfat — limited edition flavor.,premium,national,True,premium,57.3,8 oz,Aisle 23–25 — Freezer Bank,5,15,0.161,451516689326,Regional Foods LLC
SKU-USR-041-015,USR-041,Dairy,Organic Greek Yogurt 4-Pack,"Thick strained yogurt, live cultures, no artificial sweeteners.","organic,premium",national,True,premium,70.41,32 oz,Aisle 1 — Cooler Wall,4,23,0.232,760542617134,Regional Foods LLC
SKU-USR-041-016,USR-041,Fresh Produce,Bananas per lb,Everyday fruit staple — ripen at home.,value,national,True,value,12.44,1 lb,Produce Section — Front Perimeter,3,52,0.224,316416620807,Global Consumer Goods
SKU-USR-041-017,USR-041,Grocery,Gluten-Free Multigrain Loaf,Certified gluten-free bread with seeds and ancient grains.,"gluten_free,premium",national,True,premium,25.47,2 lb,Aisle 4–12 — Center Store,4,12,0.112,509457546688,National Brands Co
SKU-USR-042-001,USR-042,Snacks,Store Brand Tortilla Chips,Restaurant style chips — great for parties.,"private_label,value",private_label,True,value,8.01,12 oz,Aisle 14 — Impulse / Endcap,2,37,0.306,950728689857,Target DC
SKU-USR-042-002,USR-042,Beverages,Cola 2-Liter Bottle,Classic cola — promotional multipack available.,value,national,False,value,12.24,2-liter,Aisle 2–3 — Cooler & Shelf,2,40,0.136,160430937758,Regional Foods LLC
SKU-USR-042-003,USR-042,Household,Paper Towels 8-Roll Pack,Absorbent sheets — store brand savings.,"private_label,value",private_label,True,value,7.12,2-liter,Aisle 15–17 — Household,1,54,0.188,700544521152,Target DC
SKU-USR-042-004,USR-042,Frozen,Premium Ice Cream Pint,Super-premium butterfat — limited edition flavor.,premium,regional,True,premium,16.33,6-pack,Aisle 23–25 — Freezer Bank,2,8,0.231,985384654349,Regional Foods LLC
SKU-USR-042-005,USR-042,Household,Concentrated Laundry Detergent,HE compatible — 64 load bottle.,value,national,True,value,6.56,16 oz,Aisle 15–17 — Household,1,45,0.268,613128376174,Global Consumer Goods
SKU-USR-042-006,USR-042,Frozen,Frozen Vegetable Stir-Fry Blend,"Broccoli, peppers, snap peas — steam in bag.",value,regional,True,value,7.02,16 oz,Aisle 23–25 — Freezer Bank,3,35,0.257,884543954545,National Brands Co
SKU-USR-042-007,USR-042,Grocery,Organic Whole Grain Bread,Artisan loaf baked daily with organic whole wheat flour.,"organic,premium",regional,True,premium,61.77,32 oz,Aisle 4–12 — Center Store,1,13,0.264,254535207786,National Brands Co
SKU-USR-042-008,USR-042,Snacks,Classic Potato Chips Family Size,Crispy kettle chips — original sea salt flavor.,value,national,True,value,7.56,12 oz,Aisle 14 — Impulse / Endcap,5,45,0.185,657433240596,Global Consumer Goods
SKU-USR-042-009,USR-042,Beverages,Cold Brew Coffee Concentrate,Ready-to-drink cold brew — premium arabica beans.,premium,regional,True,premium,28.6,8 oz,Aisle 2–3 — Cooler & Shelf,2,19,0.255,627462157321,Global Consumer Goods
SKU-USR-042-010,USR-042,Household,Eco-Friendly Surface Cleaner,Plant-based spray — safe for kitchen counters.,"organic,premium",national,True,premium,89.08,2 lb,Aisle 15–17 — Household,3,23,0.227,272680114889,Global Consumer Goods
SKU-USR-042-011,USR-042,Dairy,Organic Greek Yogurt 4-Pack,"Thick strained yogurt, live cultures, no artificial sweeteners.","organic,premium",national,True,premium,83.45,8 oz,Aisle 1 — Cooler Wall,2,19,0.184,257635911122,National Brands Co
SKU-USR-042-012,USR-042,Health & Beauty,Organic Lip Balm 3-Pack,Beeswax and coconut oil — USDA organic.,"organic,premium",regional,True,premium,60.35,10 oz,Aisle 18–22 — HBC,4,23,0.277,514801893686,Regional Foods LLC
SKU-USR-042-013,USR-042,Grocery,Gluten-Free Multigrain Loaf,Certified gluten-free bread with seeds and ancient grains.,"gluten_free,premium",national,True,premium,20.6,4-pack,Aisle 4–12 — Center Store,3,19,0.119,974638307376,Regional Foods LLC
SKU-USR-042-014,USR-042,Dairy,Plant-Based Oat Milk,Barista blend oat milk — dairy-free alternative.,"premium,plant_based",regional,True,premium,65.86,10 oz,Aisle 1 — Cooler Wall,3,21,0.179,929194796747,Global Consumer Goods
SKU-USR-043-001,USR-043,Frozen,Family Pizza Night 3-Pack,"Frozen pizzas — cheese, pepperoni, veggie variety.",value,national,True,value,5.54,24 ct,Aisle 23–25 — Freezer Bank,1,54,0.174,350324141662,Regional Foods LLC
SKU-USR-043-002,USR-043,Grocery,Gluten-Free Multigrain Loaf,Certified gluten-free bread with seeds and ancient grains.,"gluten_free,premium",national,True,premium,31.79,10 oz,Aisle 4–12 — Center Store,4,11,0.25,232673191734,Global Consumer Goods
SKU-USR-043-003,USR-043,Beverages,Cold Brew Coffee Concentrate,Ready-to-drink cold brew — premium arabica beans.,premium,national,True,premium,12.2,10 oz,Aisle 2–3 — Cooler & Shelf,2,16,0.125,801684249805,Regional Foods LLC
SKU-USR-043-004,USR-043,Beverages,Sparkling Water 12-Pack,Zero calorie flavored seltzer — variety pack.,premium,national,True,premium,76.36,8 oz,Aisle 2–3 — Cooler & Shelf,4,16,0.136,317088147723,National Brands Co
SKU-USR-043-005,USR-043,Dairy,Plant-Based Oat Milk,Barista blend oat milk — dairy-free alternative.,"premium,plant_based",national,True,premium,34.97,10 oz,Aisle 1 — Cooler Wall,1,15,0.092,127416688958,Global Consumer Goods
SKU-USR-043-006,USR-043,Frozen,Frozen Vegetable Stir-Fry Blend,"Broccoli, peppers, snap peas — steam in bag.",value,national,True,value,10.37,24 ct,Aisle 23–25 — Freezer Bank,1,41,0.161,626834449959,Regional Foods LLC
SKU-USR-043-007,USR-043,Household,Paper Towels 8-Roll Pack,Absorbent sheets — store brand savings.,"private_label,value",private_label,True,value,3.3,2-liter,Aisle 15–17 — Household,3,54,0.132,784077677216,Kroger DC
SKU-USR-043-008,USR-043,Fresh Produce,Bananas per lb,Everyday fruit staple — ripen at home.,value,national,True,value,2.85,2-liter,Produce Section — Front Perimeter,2,40,0.255,920348562047,Global Consumer Goods
SKU-USR-043-009,USR-043,Dairy,Organic Greek Yogurt 4-Pack,"Thick strained yogurt, live cultures, no artificial sweeteners.","organic,premium",national,True,premium,62.62,4-pack,Aisle 1 — Cooler Wall,4,17,0.081,790094633945,Regional Foods LLC
SKU-USR-043-010,USR-043,Fresh Produce,Local Seasonal Berry Mix,Farm partnership program — peak season berries.,"seasonal,premium",regional,True,premium,53.01,32 oz,Produce Section — Front Perimeter,5,24,0.187,221810592314,National Brands Co
SKU-USR-043-011,USR-043,Frozen,Premium Ice Cream Pint,Super-premium butterfat — limited edition flavor.,premium,national,True,premium,81.88,10 oz,Aisle 23–25 — Freezer Bank,2,19,0.096,160928132362,Regional Foods LLC
SKU-USR-043-012,USR-043,Household,Concentrated Laundry Detergent,HE compatible — 64 load bottle.,value,national,True,value,6.95,1 lb,Aisle 15–17 — Household,5,47,0.113,814830694415,Regional Foods LLC
SKU-USR-043-013,USR-043,Grocery,Value White Bread,Soft sandwich bread — family pack at everyday low price.,value,national,True,value,9.94,16 oz,Aisle 4–12 — Center Store,5,55,0.229,827194224136,National Brands Co
SKU-USR-043-014,USR-043,Snacks,Store Brand Tortilla Chips,Restaurant style chips — great for parties.,"private_label,value",private_label,True,value,8.65,24 ct,Aisle 14 — Impulse / Endcap,5,57,0.174,617118758177,Kroger DC
SKU-USR-043-015,USR-043,Fresh Produce,Organic Baby Spinach 5oz,Triple washed organic greens — salad ready.,"organic,premium",national,True,premium,50.67,32 oz,Produce Section — Front Perimeter,3,16,0.099,970341314596,National Brands Co
SKU-USR-043-016,USR-043,Health & Beauty,Sensitive Skin Moisturizer,Dermatologist tested — fragrance free daily lotion.,premium,national,True,premium,11.69,2 lb,Aisle 18–22 — HBC,4,18,0.181,257132475629,Regional Foods LLC
SKU-USR-043-017,USR-043,Health & Beauty,Organic Lip Balm 3-Pack,Beeswax and coconut oil — USDA organic.,"organic,premium",national,True,premium,75.51,32 oz,Aisle 18–22 — HBC,3,19,0.214,801514151979,National Brands Co
SKU-USR-043-018,USR-043,Dairy,Farm Fresh 2% Milk Gallon,Locally sourced milk — vitamin D fortified.,value,regional,True,value,7.67,2-liter,Aisle 1 — Cooler Wall,1,43,0.243,898581467068,Regional Foods LLC
SKU-USR-044-001,USR-044,Grocery,Gluten-Free Multigrain Loaf,Certified gluten-free bread with seeds and ancient grains.,"gluten_free,premium",national,True,premium,61.94,10 oz,Aisle 4–12 — Center Store,4,10,0.102,819980696070,Global Consumer Goods
SKU-USR-044-002,USR-044,Dairy,Plant-Based Oat Milk,Barista blend oat milk — dairy-free alternative.,"premium,plant_based",national,True,premium,43.42,2 lb,Aisle 1 — Cooler Wall,3,19,0.14,196362653818,Regional Foods LLC
SKU-USR-044-003,USR-044,Household,Eco-Friendly Surface Cleaner,Plant-based spray — safe for kitchen counters.,"organic,premium",national,True,premium,57.5,10 oz,Aisle 15–17 — Household,7,10,0.189,418971821328,Regional Foods LLC
SKU-USR-044-004,USR-044,Fresh Produce,Organic Baby Spinach 5oz,Triple washed organic greens — salad ready.,"organic,premium",national,True,premium,23.67,2 lb,Produce Section — Front Perimeter,6,21,0.134,504733396203,Regional Foods LLC
SKU-USR-044-005,USR-044,Health & Beauty,Value Shampoo Family Size,Everyday clean formula — large bottle value pack.,value,national,True,value,11.53,2-liter,Aisle 18–22 — HBC,4,42,0.138,437685313328,Global Consumer Goods
SKU-USR-044-006,USR-044,Snacks,Classic Potato Chips Family Size,Crispy kettle chips — original sea salt flavor.,value,national,True,value,5.11,2-liter,Aisle 14 — Impulse / Endcap,5,40,0.133,668520573715,Global Consumer Goods
SKU-USR-044-007,USR-044,Dairy,Organic Greek Yogurt 4-Pack,"Thick strained yogurt, live cultures, no artificial sweeteners.","organic,premium",national,True,premium,74.39,4-pack,Aisle 1 — Cooler Wall,5,20,0.245,925039682453,National Brands Co
SKU-USR-044-008,USR-044,Household,Kirkland Signature Paper Towels 12-Pack,Warehouse bulk pack — high-velocity SKU.,"private_label,premium",private_label,True,premium,11.07,8 oz,Aisle 15–17 — Household,2,20,0.204,355971522666,Costco DC
SKU-USR-044-009,USR-044,Grocery,Kirkland Signature Olive Oil 2L,Extra virgin — pantry staple in club size.,"private_label,premium",private_label,True,premium,72.62,32 oz,Aisle 4–12 — Center Store,4,17,0.351,462579397166,Costco DC
SKU-USR-044-010,USR-044,Frozen,Family Pizza Night 3-Pack,"Frozen pizzas — cheese, pepperoni, veggie variety.",value,national,True,value,8.28,16 oz,Aisle 23–25 — Freezer Bank,7,41,0.164,277667194888,Regional Foods LLC
SKU-USR-044-011,USR-044,Snacks,Protein Trail Mix Grab & Go,"Almonds, cashews, dried cranberries — 10g protein per serving.",premium,national,True,premium,86.57,8 oz,Aisle 14 — Impulse / Endcap,7,16,0.232,924495857101,Regional Foods LLC
SKU-USR-044-012,USR-044,Household,Paper Towels 8-Roll Pack,Absorbent sheets — store brand savings.,"private_label,value",private_label,True,value,7.21,2-liter,Aisle 15–17 — Household,4,26,0.199,632214493313,Costco DC
SKU-USR-044-013,USR-044,Health & Beauty,Organic Lip Balm 3-Pack,Beeswax and coconut oil — USDA organic.,"organic,premium",national,True,premium,22.57,8 oz,Aisle 18–22 — HBC,3,15,0.174,455246373890,Global Consumer Goods
SKU-USR-044-014,USR-044,Grocery,Value White Bread,Soft sandwich bread — family pack at everyday low price.,value,national,True,value,6.33,1 gallon,Aisle 4–12 — Center Store,3,39,0.097,376384355801,Global Consumer Goods
SKU-USR-044-015,USR-044,Health & Beauty,Sensitive Skin Moisturizer,Dermatologist tested — fragrance free daily lotion.,premium,regional,False,premium,28.57,6-pack,Aisle 18–22 — HBC,3,22,0.131,539272756313,Regional Foods LLC
SKU-USR-044-016,USR-044,Frozen,Premium Ice Cream Pint,Super-premium butterfat — limited edition flavor.,premium,national,True,premium,59.47,8 oz,Aisle 23–25 — Freezer Bank,4,20,0.24,598123942648,Regional Foods LLC
SKU-USR-044-017,USR-044,Grocery,Executive Membership Renewal,Annual membership fee SKU — loyalty driver.,premium,national,True,premium,70.25,32 oz,Aisle 4–12 — Center Store,6,20,0.204,925032846524,Global Consumer Goods
SKU-USR-044-018,USR-044,Frozen,Frozen Vegetable Stir-Fry Blend,"Broccoli, peppers, snap peas — steam in bag.",value,national,True,value,9.69,24 ct,Aisle 23–25 — Freezer Bank,2,45,0.227,859241243669,Regional Foods LLC
SKU-USR-044-019,USR-044,Beverages,Cold Brew Coffee Concentrate,Ready-to-drink cold brew — premium arabica beans.,premium,national,True,premium,10.47,2 lb,Aisle 2–3 — Cooler & Shelf,2,13,0.163,514402821081,National Brands Co
SKU-USR-044-020,USR-044,Beverages,Sparkling Water 12-Pack,Zero calorie flavored seltzer — variety pack.,premium,regional,True,premium,11.48,10 oz,Aisle 2–3 — Cooler & Shelf,5,19,0.116,112194367295,Regional Foods LLC
SKU-USR-044-021,USR-044,Dairy,Farm Fresh 2% Milk Gallon,Locally sourced milk — vitamin D fortified.,value,national,True,value,8.62,24 ct,Aisle 1 — Cooler Wall,6,36,0.095,518582176188,National Brands Co
SKU-USR-044-022,USR-044,Snacks,Store Brand Tortilla Chips,Restaurant style chips — great for parties.,"private_label,value",private_label,True,value,3.52,24 ct,Aisle 14 — Impulse / Endcap,6,50,0.258,612111159106,Costco DC
SKU-USR-044-023,USR-044,Fresh Produce,Bananas per lb,Everyday fruit staple — ripen at home.,value,national,True,value,12.09,1 gallon,Produce Section — Front Perimeter,3,42,0.128,774105143008,Regional Foods LLC
SKU-USR-045-001,USR-045,Grocery,Gluten-Free Multigrain Loaf,Certified gluten-free bread with seeds and ancient grains.,"gluten_free,premium",regional,True,premium,26.94,2 lb,Aisle 4–12 — Center Store,2,21,0.094,243373795709,Global Consumer Goods
SKU-USR-045-002,USR-045,Health & Beauty,Sensitive Skin Moisturizer,Dermatologist tested — fragrance free daily lotion.,premium,national,True,premium,72.93,4-pack,Aisle 18–22 — HBC,2,15,0.109,621416690536,Regional Foods LLC
SKU-USR-045-003,USR-045,Fresh Produce,Local Seasonal Berry Mix,Farm partnership program — peak season berries.,"seasonal,premium",national,True,premium,67.67,8 oz,Produce Section — Front Perimeter,1,13,0.105,551327784952,Global Consumer Goods
SKU-USR-045-004,USR-045,Frozen,Family Pizza Night 3-Pack,"Frozen pizzas — cheese, pepperoni, veggie variety.",value,national,True,value,9.19,1 gallon,Aisle 23–25 — Freezer Bank,4,37,0.112,691462995709,Regional Foods LLC
SKU-USR-045-005,USR-045,Health & Beauty,Value Shampoo Family Size,Everyday clean formula — large bottle value pack.,value,national,True,value,3.07,1 lb,Aisle 18–22 — HBC,2,39,0.219,855931839269,National Brands Co
SKU-USR-045-006,USR-045,Grocery,Organic Whole Grain Bread,Artisan loaf baked daily with organic whole wheat flour.,"organic,premium",national,True,premium,34.81,4-pack,Aisle 4–12 — Center Store,2,13,0.246,766717219831,Global Consumer Goods
SKU-USR-045-007,USR-045,Beverages,Cold Brew Coffee Concentrate,Ready-to-drink cold brew — premium arabica beans.,premium,national,True,premium,46.92,32 oz,Aisle 2–3 — Cooler & Shelf,3,17,0.123,383419451921,Global Consumer Goods
SKU-USR-045-008,USR-045,Dairy,Farm Fresh 2% Milk Gallon,Locally sourced milk — vitamin D fortified.,value,regional,True,value,8.18,24 ct,Aisle 1 — Cooler Wall,2,37,0.095,714535395190,Regional Foods LLC
SKU-USR-045-009,USR-045,Beverages,Sparkling Water 12-Pack,Zero calorie flavored seltzer — variety pack.,premium,national,True,premium,75.0,4-pack,Aisle 2–3 — Cooler & Shelf,5,17,0.115,343239297383,Global Consumer Goods
SKU-USR-045-010,USR-045,Dairy,Plant-Based Oat Milk,Barista blend oat milk — dairy-free alternative.,"premium,plant_based",regional,True,premium,38.69,4-pack,Aisle 1 — Cooler Wall,1,17,0.256,152746323049,Global Consumer Goods
SKU-USR-045-011,USR-045,Frozen,Frozen Vegetable Stir-Fry Blend,"Broccoli, peppers, snap peas — steam in bag.",value,national,True,value,11.17,1 lb,Aisle 23–25 — Freezer Bank,4,52,0.227,672247384703,National Brands Co
SKU-USR-045-012,USR-045,Fresh Produce,Bananas per lb,Everyday fruit staple — ripen at home.,value,national,True,value,12.77,16 oz,Produce Section — Front Perimeter,1,45,0.242,185912514955,National Brands Co
SKU-USR-045-013,USR-045,Dairy,Organic Greek Yogurt 4-Pack,"Thick strained yogurt, live cultures, no artificial sweeteners.","organic,premium",regional,True,premium,65.67,8 oz,Aisle 1 — Cooler Wall,5,23,0.239,981012361613,National Brands Co
SKU-USR-045-014,USR-045,Household,Concentrated Laundry Detergent,HE compatible — 64 load bottle.,value,national,True,value,11.78,12 oz,Aisle 15–17 — Household,1,41,0.106,150905707544,Global Consumer Goods
SKU-USR-045-015,USR-045,Health & Beauty,Organic Lip Balm 3-Pack,Beeswax and coconut oil — USDA organic.,"organic,premium",national,True,premium,72.85,2 lb,Aisle 18–22 — HBC,3,20,0.239,589453317568,National Brands Co
SKU-USR-045-016,USR-045,Household,Eco-Friendly Surface Cleaner,Plant-based spray — safe for kitchen counters.,"organic,premium",national,True,premium,30.29,10 oz,Aisle 15–17 — Household,2,21,0.109,230805701246,Global Consumer Goods
SKU-USR-046-001,USR-046,Fresh Produce,Bananas per lb,Everyday fruit staple — ripen at home.,value,regional,True,value,8.28,1 gallon,Produce Section — Front Perimeter,3,42,0.173,225310854950,Global Consumer Goods
SKU-USR-046-002,USR-046,Health & Beauty,Value Shampoo Family Size,Everyday clean formula — large bottle value pack.,value,national,True,value,2.36,24 ct,Aisle 18–22 — HBC,5,50,0.254,527471320634,Regional Foods LLC
SKU-USR-046-003,USR-046,Household,Paper Towels 8-Roll Pack,Absorbent sheets — store brand savings.,"private_label,value",private_label,False,value,10.79,12 oz,Aisle 15–17 — Household,1,41,0.183,753186385883,Publix DC
SKU-USR-046-004,USR-046,Health & Beauty,Sensitive Skin Moisturizer,Dermatologist tested — fragrance free daily lotion.,premium,national,True,premium,60.13,10 oz,Aisle 18–22 — HBC,1,19,0.129,516656986265,Global Consumer Goods
SKU-USR-046-005,USR-046,Frozen,Premium Ice Cream Pint,Super-premium butterfat — limited edition flavor.,premium,national,True,premium,75.4,32 oz,Aisle 23–25 — Freezer Bank,3,17,0.134,685403864439,Regional Foods LLC
SKU-USR-046-006,USR-046,Household,Eco-Friendly Surface Cleaner,Plant-based spray — safe for kitchen counters.,"organic,premium",regional,True,premium,30.82,6-pack,Aisle 15–17 — Household,3,17,0.083,865913852486,Regional Foods LLC
SKU-USR-046-007,USR-046,Beverages,Cold Brew Coffee Concentrate,Ready-to-drink cold brew — premium arabica beans.,premium,national,True,premium,58.66,32 oz,Aisle 2–3 — Cooler & Shelf,4,18,0.092,198630349777,National Brands Co
SKU-USR-046-008,USR-046,Snacks,Protein Trail Mix Grab & Go,"Almonds, cashews, dried cranberries — 10g protein per serving.",premium,national,True,premium,80.54,10 oz,Aisle 14 — Impulse / Endcap,3,17,0.107,234189524515,National Brands Co
SKU-USR-046-009,USR-046,Beverages,Cola 2-Liter Bottle,Classic cola — promotional multipack available.,value,national,False,value,12.82,2-liter,Aisle 2–3 — Cooler & Shelf,2,49,0.259,202952277870,Global Consumer Goods
SKU-USR-046-010,USR-046,Snacks,Classic Potato Chips Family Size,Crispy kettle chips — original sea salt flavor.,value,national,True,value,6.45,12 oz,Aisle 14 — Impulse / Endcap,3,52,0.229,211911452208,National Brands Co
SKU-USR-046-011,USR-046,Fresh Produce,Organic Baby Spinach 5oz,Triple washed organic greens — salad ready.,"organic,premium",national,True,premium,70.26,8 oz,Produce Section — Front Perimeter,5,24,0.094,512307784697,Regional Foods LLC
SKU-USR-046-012,USR-046,Grocery,Value White Bread,Soft sandwich bread — family pack at everyday low price.,value,national,True,value,7.94,24 ct,Aisle 4–12 — Center Store,3,43,0.141,811830764325,Regional Foods LLC
SKU-USR-046-013,USR-046,Grocery,Organic Whole Grain Bread,Artisan loaf baked daily with organic whole wheat flour.,"organic,premium",national,True,premium,20.02,10 oz,Aisle 4–12 — Center Store,4,23,0.244,653189609013,Global Consumer Goods
SKU-USR-046-014,USR-046,Household,Concentrated Laundry Detergent,HE compatible — 64 load bottle.,value,national,True,value,11.65,12 oz,Aisle 15–17 — Household,3,46,0.085,363279292965,Regional Foods LLC
SKU-USR-047-001,USR-047,Dairy,Organic Greek Yogurt 4-Pack,"Thick strained yogurt, live cultures, no artificial sweeteners.","organic,premium",regional,True,premium,24.97,8 oz,Aisle 1 — Cooler Wall,1,13,0.242,488121607165,Global Consumer Goods
SKU-USR-047-002,USR-047,Fresh Produce,Organic Heirloom Tomatoes,Peak-season produce — local farm partner.,"organic,seasonal,premium",regional,True,premium,25.29,4-pack,Produce Section — Front Perimeter,3,17,0.25,447262662479,National Brands Co
SKU-USR-047-003,USR-047,Grocery,Organic Whole Grain Bread,Artisan loaf baked daily with organic whole wheat flour.,"organic,premium",national,True,premium,88.15,8 oz,Aisle 4–12 — Center Store,2,16,0.143,787350986800,National Brands Co
SKU-USR-047-004,USR-047,Frozen,Premium Ice Cream Pint,Super-premium butterfat — limited edition flavor.,premium,national,True,premium,78.98,2 lb,Aisle 23–25 — Freezer Bank,5,17,0.231,167233122074,Global Consumer Goods
SKU-USR-047-005,USR-047,Grocery,Value White Bread,Soft sandwich bread — family pack at everyday low price.,value,national,True,value,10.39,12 oz,Aisle 4–12 — Center Store,2,38,0.202,992204699656,Regional Foods LLC
SKU-USR-047-006,USR-047,Health & Beauty,Organic Lip Balm 3-Pack,Beeswax and coconut oil — USDA organic.,"organic,premium",national,True,premium,79.81,4-pack,Aisle 18–22 — HBC,4,21,0.129,668309532345,Global Consumer Goods
SKU-USR-047-007,USR-047,Health & Beauty,Value Shampoo Family Size,Everyday clean formula — large bottle value pack.,value,national,True,value,11.86,24 ct,Aisle 18–22 — HBC,1,44,0.264,751779847444,Global Consumer Goods
SKU-USR-047-008,USR-047,Snacks,Classic Potato Chips Family Size,Crispy kettle chips — original sea salt flavor.,value,national,True,value,7.21,2-liter,Aisle 14 — Impulse / Endcap,2,35,0.114,633357195075,National Brands Co
SKU-USR-047-009,USR-047,Household,Paper Towels 8-Roll Pack,Absorbent sheets — store brand savings.,"private_label,value",private_label,True,value,12.54,1 lb,Aisle 15–17 — Household,4,46,0.399,451372870376,Whole Foods DC
SKU-USR-047-010,USR-047,Health & Beauty,Sensitive Skin Moisturizer,Dermatologist tested — fragrance free daily lotion.,premium,national,True,premium,81.55,32 oz,Aisle 18–22 — HBC,3,21,0.231,538593667808,Regional Foods LLC
SKU-USR-047-011,USR-047,Household,Concentrated Laundry Detergent,HE compatible — 64 load bottle.,value,national,True,value,3.5,16 oz,Aisle 15–17 — Household,3,52,0.14,201953314847,National Brands Co
SKU-USR-047-012,USR-047,Frozen,Frozen Vegetable Stir-Fry Blend,"Broccoli, peppers, snap peas — steam in bag.",value,national,False,value,4.98,12 oz,Aisle 23–25 — Freezer Bank,5,43,0.218,125900664422,Regional Foods LLC
SKU-USR-047-013,USR-047,Beverages,Cold Brew Coffee Concentrate,Ready-to-drink cold brew — premium arabica beans.,premium,national,True,premium,74.54,32 oz,Aisle 2–3 — Cooler & Shelf,2,22,0.267,905357472112,National Brands Co
SKU-USR-047-014,USR-047,Snacks,Protein Trail Mix Grab & Go,"Almonds, cashews, dried cranberries — 10g protein per serving.",premium,regional,True,premium,86.72,2 lb,Aisle 14 — Impulse / Endcap,1,24,0.232,701393767585,National Brands Co
SKU-USR-047-015,USR-047,Grocery,Gluten-Free Multigrain Loaf,Certified gluten-free bread with seeds and ancient grains.,"gluten_free,premium",national,True,premium,64.55,8 oz,Aisle 4–12 — Center Store,2,14,0.205,809442950147,Global Consumer Goods
SKU-USR-048-001,USR-048,Grocery,Gluten-Free Multigrain Loaf,Certified gluten-free bread with seeds and ancient grains.,"gluten_free,premium",national,True,premium,33.22,4-pack,Aisle 4–12 — Center Store,2,17,0.221,401612881074,Global Consumer Goods
SKU-USR-048-002,USR-048,Dairy,Organic Greek Yogurt 4-Pack,"Thick strained yogurt, live cultures, no artificial sweeteners.","organic,premium",national,True,premium,86.1,32 oz,Aisle 1 — Cooler Wall,2,16,0.189,617568834710,National Brands Co
SKU-USR-048-003,USR-048,Dairy,Plant-Based Oat Milk,Barista blend oat milk — dairy-free alternative.,"premium,plant_based",national,True,premium,14.73,2 lb,Aisle 1 — Cooler Wall,5,13,0.229,746831810935,Global Consumer Goods
SKU-USR-048-004,USR-048,Health & Beauty,Sensitive Skin Moisturizer,Dermatologist tested — fragrance free daily lotion.,premium,national,True,premium,84.94,10 oz,Aisle 18–22 — HBC,4,17,0.16,825760686872,National Brands Co
SKU-USR-048-005,USR-048,Health & Beauty,Prescription Generic Lisinopril 30ct,Pharmacy generic — high script volume.,value,regional,True,value,2.39,2-liter,Aisle 18–22 — HBC,1,46,0.111,852304894436,Regional Foods LLC
SKU-USR-048-006,USR-048,Fresh Produce,Bananas per lb,Everyday fruit staple — ripen at home.,value,national,True,value,3.87,12 oz,Produce Section — Front Perimeter,2,41,0.128,663890137123,Global Consumer Goods
SKU-USR-048-007,USR-048,Snacks,Protein Trail Mix Grab & Go,"Almonds, cashews, dried cranberries — 10g protein per serving.",premium,national,True,premium,83.43,10 oz,Aisle 14 — Impulse / Endcap,1,19,0.103,347453663713,National Brands Co
SKU-USR-048-008,USR-048,Snacks,Gold Emblem Abound Protein Bar,Private-label snack — checkout lane.,"private_label,premium",private_label,True,premium,16.32,32 oz,Aisle 14 — Impulse / Endcap,4,21,0.361,447433260188,CVS DC
SKU-USR-048-009,USR-048,Snacks,Store Brand Tortilla Chips,Restaurant style chips — great for parties.,"private_label,value",private_label,True,value,7.67,16 oz,Aisle 14 — Impulse / Endcap,5,40,0.168,295091216988,CVS DC
SKU-USR-048-010,USR-048,Health & Beauty,CVS Health Ibuprofen 200mg,Private-label pain relief — front-store anchor.,"private_label,value",private_label,True,value,7.63,16 oz,Aisle 18–22 — HBC,3,40,0.231,542653758510,CVS DC
SKU-USR-048-011,USR-048,Household,Paper Towels 8-Roll Pack,Absorbent sheets — store brand savings.,"private_label,value",private_label,True,value,8.61,1 lb,Aisle 15–17 — Household,4,37,0.169,596699146102,CVS DC
SKU-USR-048-012,USR-048,Grocery,Value White Bread,Soft sandwich bread — family pack at everyday low price.,value,national,True,value,10.46,1 gallon,Aisle 4–12 — Center Store,4,49,0.265,867198164706,National Brands Co
SKU-USR-048-013,USR-048,Household,Concentrated Laundry Detergent,HE compatible — 64 load bottle.,value,national,True,value,11.96,24 ct,Aisle 15–17 — Household,3,47,0.152,466621422460,Regional Foods LLC
SKU-USR-048-014,USR-048,Beverages,Cold Brew Coffee Concentrate,Ready-to-drink cold brew — premium arabica beans.,premium,regional,True,premium,66.39,6-pack,Aisle 2–3 — Cooler & Shelf,4,12,0.101,415694358510,Regional Foods LLC
SKU-USR-048-015,USR-048,Health & Beauty,Organic Lip Balm 3-Pack,Beeswax and coconut oil — USDA organic.,"organic,premium",national,False,premium,88.97,4-pack,Aisle 18–22 — HBC,4,22,0.245,866762823194,Global Consumer Goods
SKU-USR-048-016,USR-048,Fresh Produce,Organic Baby Spinach 5oz,Triple washed organic greens — salad ready.,"organic,premium",national,True,premium,12.59,8 oz,Produce Section — Front Perimeter,3,15,0.217,912504970013,Regional Foods LLC
SKU-USR-048-017,USR-048,Snacks,Classic Potato Chips Family Size,Crispy kettle chips — original sea salt flavor.,value,national,True,value,9.72,12 oz,Aisle 14 — Impulse / Endcap,1,51,0.275,818502921800,Global Consumer Goods
SKU-USR-048-018,USR-048,Dairy,Farm Fresh 2% Milk Gallon,Locally sourced milk — vitamin D fortified.,value,national,True,value,5.57,24 ct,Aisle 1 — Cooler Wall,4,44,0.195,791219465639,National Brands Co
SKU-USR-049-001,USR-049,Beverages,Cold Brew Coffee Concentrate,Ready-to-drink cold brew — premium arabica beans.,premium,national,True,premium,33.27,4-pack,Aisle 2–3 — Cooler & Shelf,4,14,0.259,305153664194,Global Consumer Goods
SKU-USR-049-002,USR-049,Grocery,Gluten-Free Multigrain Loaf,Certified gluten-free bread with seeds and ancient grains.,"gluten_free,premium",national,True,premium,80.56,10 oz,Aisle 4–12 — Center Store,3,16,0.195,515275146684,Regional Foods LLC
SKU-USR-049-003,USR-049,Snacks,Store Brand Tortilla Chips,Restaurant style chips — great for parties.,"private_label,value",private_label,True,value,7.94,16 oz,Aisle 14 — Impulse / Endcap,1,47,0.244,864076590199,Walgreens DC
SKU-USR-049-004,USR-049,Frozen,Premium Ice Cream Pint,Super-premium butterfat — limited edition flavor.,premium,regional,True,premium,82.86,2 lb,Aisle 23–25 — Freezer Bank,3,19,0.256,622571659249,Global Consumer Goods
SKU-USR-049-005,USR-049,Fresh Produce,Local Seasonal Berry Mix,Farm partnership program — peak season berries.,"seasonal,premium",national,True,premium,74.84,2 lb,Produce Section — Front Perimeter,2,25,0.148,513198996071,National Brands Co
SKU-USR-049-006,USR-049,Fresh Produce,Organic Baby Spinach 5oz,Triple washed organic greens — salad ready.,"organic,premium",national,True,premium,54.14,6-pack,Produce Section — Front Perimeter,4,9,0.12,737736880758,Regional Foods LLC
SKU-USR-049-007,USR-049,Snacks,Classic Potato Chips Family Size,Crispy kettle chips — original sea salt flavor.,value,national,True,value,10.31,12 oz,Aisle 14 — Impulse / Endcap,1,40,0.258,682450174218,Global Consumer Goods
SKU-USR-049-008,USR-049,Fresh Produce,Bananas per lb,Everyday fruit staple — ripen at home.,value,regional,False,value,6.82,24 ct,Produce Section — Front Perimeter,2,47,0.257,896944301974,Regional Foods LLC
SKU-USR-049-009,USR-049,Grocery,Value White Bread,Soft sandwich bread — family pack at everyday low price.,value,national,True,value,10.43,16 oz,Aisle 4–12 — Center Store,5,45,0.104,201383989911,Global Consumer Goods
SKU-USR-049-010,USR-049,Household,Concentrated Laundry Detergent,HE compatible — 64 load bottle.,value,national,True,value,10.26,1 lb,Aisle 15–17 — Household,1,42,0.084,622531153666,Global Consumer Goods
SKU-USR-049-011,USR-049,Beverages,Nice! Purified Water 24-Pack,Private-label beverage multipack.,"private_label,value",private_label,True,value,8.21,24 ct,Aisle 2–3 — Cooler & Shelf,5,46,0.297,982774767825,Walgreens DC
SKU-USR-049-012,USR-049,Dairy,Organic Greek Yogurt 4-Pack,"Thick strained yogurt, live cultures, no artificial sweeteners.","organic,premium",national,True,premium,35.58,32 oz,Aisle 1 — Cooler Wall,1,18,0.188,967040495178,National Brands Co
SKU-USR-049-013,USR-049,Health & Beauty,Value Shampoo Family Size,Everyday clean formula — large bottle value pack.,value,regional,True,value,2.03,2-liter,Aisle 18–22 — HBC,3,56,0.178,285254733434,National Brands Co
SKU-USR-049-014,USR-049,Health & Beauty,Organic Lip Balm 3-Pack,Beeswax and coconut oil — USDA organic.,"organic,premium",national,True,premium,40.51,32 oz,Aisle 18–22 — HBC,5,11,0.093,450841251626,Global Consumer Goods
SKU-USR-049-015,USR-049,Household,Photo Print 4x6 50-Pack,Photo service SKU — services attachment.,value,regional,True,value,11.42,12 oz,Aisle 15–17 — Household,2,52,0.247,380085114297,National Brands Co
SKU-USR-049-016,USR-049,Beverages,Sparkling Water 12-Pack,Zero calorie flavored seltzer — variety pack.,premium,national,True,premium,35.41,2 lb,Aisle 2–3 — Cooler & Shelf,1,15,0.166,334465516243,National Brands Co
SKU-USR-049-017,USR-049,Dairy,Plant-Based Oat Milk,Barista blend oat milk — dairy-free alternative.,"premium,plant_based",regional,True,premium,79.67,8 oz,Aisle 1 — Cooler Wall,3,18,0.127,274169315883,National Brands Co
SKU-USR-050-001,USR-050,Beverages,Sparkling Water 12-Pack,Zero calorie flavored seltzer — variety pack.,premium,regional,True,premium,62.32,32 oz,Aisle 2–3 — Cooler & Shelf,5,24,0.226,382460823849,Global Consumer Goods
SKU-USR-050-002,USR-050,Household,Concentrated Laundry Detergent,HE compatible — 64 load bottle.,value,national,True,value,1.82,1 lb,Aisle 15–17 — Household,2,65,0.178,331947863444,Global Consumer Goods
SKU-USR-050-003,USR-050,Health & Beauty,Value Shampoo Family Size,Everyday clean formula — large bottle value pack.,value,regional,True,value,11.04,24 ct,Aisle 18–22 — HBC,5,48,0.215,436255178306,Regional Foods LLC
SKU-USR-050-004,USR-050,Grocery,Organic Whole Grain Bread,Artisan loaf baked daily with organic whole wheat flour.,"organic,premium",national,True,premium,79.19,4-pack,Aisle 4–12 — Center Store,3,24,0.266,783433326277,Global Consumer Goods
SKU-USR-050-005,USR-050,Dairy,Plant-Based Oat Milk,Barista blend oat milk — dairy-free alternative.,"premium,plant_based",national,True,premium,64.43,2 lb,Aisle 1 — Cooler Wall,2,22,0.128,222122874966,Global Consumer Goods
SKU-USR-050-006,USR-050,Household,Ridgid 18V Drill/Driver Kit,Power tools — pro and DIY segment.,premium,regional,True,premium,55.0,8 oz,Aisle 15–17 — Household,5,24,0.115,303426895643,National Brands Co
SKU-USR-050-007,USR-050,Health & Beauty,Sensitive Skin Moisturizer,Dermatologist tested — fragrance free daily lotion.,premium,national,True,premium,34.13,2 lb,Aisle 18–22 — HBC,5,11,0.255,705958956688,Global Consumer Goods
SKU-USR-050-008,USR-050,Snacks,Protein Trail Mix Grab & Go,"Almonds, cashews, dried cranberries — 10g protein per serving.",premium,national,True,premium,38.19,6-pack,Aisle 14 — Impulse / Endcap,5,13,0.094,425565772630,Regional Foods LLC
SKU-USR-050-009,USR-050,Grocery,Gluten-Free Multigrain Loaf,Certified gluten-free bread with seeds and ancient grains.,"gluten_free,premium",regional,False,premium,57.23,4-pack,Aisle 4–12 — Center Store,2,15,0.137,607436829777,Regional Foods LLC
SKU-USR-050-010,USR-050,Dairy,Organic Greek Yogurt 4-Pack,"Thick strained yogurt, live cultures, no artificial sweeteners.","organic,premium",national,True,premium,14.66,32 oz,Aisle 1 — Cooler Wall,1,18,0.263,685353733705,National Brands Co
SKU-USR-050-011,USR-050,Household,Eco-Friendly Surface Cleaner,Plant-based spray — safe for kitchen counters.,"organic,premium",national,True,premium,38.89,2 lb,Aisle 15–17 — Household,2,20,0.203,390179569855,National Brands Co
SKU-USR-050-012,USR-050,Frozen,Family Pizza Night 3-Pack,"Frozen pizzas — cheese, pepperoni, veggie variety.",value,national,True,value,6.98,1 lb,Aisle 23–25 — Freezer Bank,2,48,0.266,573890272000,Global Consumer Goods
SKU-USR-051-001,USR-051,Dairy,Plant-Based Oat Milk,Barista blend oat milk — dairy-free alternative.,"premium,plant_based",national,True,premium,62.16,10 oz,Aisle 1 — Cooler Wall,5,27,0.135,261617777437,National Brands Co
SKU-USR-051-002,USR-051,Beverages,Cola 2-Liter Bottle,Classic cola — promotional multipack available.,value,regional,True,value,10.6,12 oz,Aisle 2–3 — Cooler & Shelf,1,49,0.158,650717552729,Global Consumer Goods
SKU-USR-051-003,USR-051,Frozen,Frozen Vegetable Stir-Fry Blend,"Broccoli, peppers, snap peas — steam in bag.",value,national,True,value,4.93,16 oz,Aisle 23–25 — Freezer Bank,2,35,0.185,715818648415,National Brands Co
SKU-USR-051-004,USR-051,Household,Eco-Friendly Surface Cleaner,Plant-based spray — safe for kitchen counters.,"organic,premium",national,True,premium,9.1,32 oz,Aisle 15–17 — Household,5,19,0.124,229433227361,National Brands Co
SKU-USR-051-005,USR-051,Frozen,Family Pizza Night 3-Pack,"Frozen pizzas — cheese, pepperoni, veggie variety.",value,national,True,value,2.68,1 lb,Aisle 23–25 — Freezer Bank,5,49,0.22,923399483913,Global Consumer Goods
SKU-USR-051-006,USR-051,Health & Beauty,Sensitive Skin Moisturizer,Dermatologist tested — fragrance free daily lotion.,premium,national,True,premium,10.17,8 oz,Aisle 18–22 — HBC,1,14,0.256,144071109763,Global Consumer Goods
SKU-USR-051-007,USR-051,Household,Allen + Roth Vanity Light,Private-label lighting — home décor.,"private_label,premium",private_label,True,premium,89.94,10 oz,Aisle 15–17 — Household,5,20,0.237,648120266510,Lowe's DC
SKU-USR-051-008,USR-051,Beverages,Sparkling Water 12-Pack,Zero calorie flavored seltzer — variety pack.,premium,national,True,premium,42.8,32 oz,Aisle 2–3 — Cooler & Shelf,5,22,0.235,916414872112,Global Consumer Goods
SKU-USR-051-009,USR-051,Snacks,Store Brand Tortilla Chips,Restaurant style chips — great for parties.,"private_label,value",private_label,True,value,3.72,2-liter,Aisle 14 — Impulse / Endcap,2,40,0.181,888252666027,Lowe's DC
SKU-USR-051-010,USR-051,Health & Beauty,Value Shampoo Family Size,Everyday clean formula — large bottle value pack.,value,regional,True,value,7.66,12 oz,Aisle 18–22 — HBC,2,41,0.134,641260145748,Global Consumer Goods
SKU-USR-051-011,USR-051,Snacks,Protein Trail Mix Grab & Go,"Almonds, cashews, dried cranberries — 10g protein per serving.",premium,national,True,premium,30.77,2 lb,Aisle 14 — Impulse / Endcap,5,22,0.14,746718988944,Global Consumer Goods
SKU-USR-051-012,USR-051,Frozen,Premium Ice Cream Pint,Super-premium butterfat — limited edition flavor.,premium,national,True,premium,67.87,10 oz,Aisle 23–25 — Freezer Bank,1,17,0.274,324321985419,Regional Foods LLC
SKU-USR-051-013,USR-051,Dairy,Organic Greek Yogurt 4-Pack,"Thick strained yogurt, live cultures, no artificial sweeteners.","organic,premium",national,True,premium,83.27,10 oz,Aisle 1 — Cooler Wall,3,13,0.169,581167705685,National Brands Co
SKU-USR-051-014,USR-051,Grocery,Gluten-Free Multigrain Loaf,Certified gluten-free bread with seeds and ancient grains.,"gluten_free,premium",national,True,premium,17.87,8 oz,Aisle 4–12 — Center Store,1,11,0.147,199329484808,Global Consumer Goods
SKU-USR-051-015,USR-051,Household,Concentrated Laundry Detergent,HE compatible — 64 load bottle.,value,national,True,value,12.81,1 lb,Aisle 15–17 — Household,5,52,0.092,351120184650,Regional Foods LLC
SKU-USR-051-016,USR-051,Grocery,Value White Bread,Soft sandwich bread — family pack at everyday low price.,value,national,True,value,12.04,16 oz,Aisle 4–12 — Center Store,4,48,0.155,528774153625,Regional Foods LLC
SKU-USR-052-001,USR-052,Beverages,Sparkling Water 12-Pack,Zero calorie flavored seltzer — variety pack.,premium,national,True,premium,10.65,8 oz,Aisle 2–3 — Cooler & Shelf,5,22,0.187,684298402046,National Brands Co
SKU-USR-052-002,USR-052,Health & Beauty,Sensitive Skin Moisturizer,Dermatologist tested — fragrance free daily lotion.,premium,national,True,premium,59.88,6-pack,Aisle 18–22 — HBC,1,25,0.139,115561959873,Global Consumer Goods
SKU-USR-052-003,USR-052,Snacks,Classic Potato Chips Family Size,Crispy kettle chips — original sea salt flavor.,value,regional,True,value,5.15,16 oz,Aisle 14 — Impulse / Endcap,3,46,0.274,402574836046,Global Consumer Goods
SKU-USR-052-004,USR-052,Frozen,Frozen Vegetable Stir-Fry Blend,"Broccoli, peppers, snap peas — steam in bag.",value,national,True,value,12.77,1 lb,Aisle 23–25 — Freezer Bank,1,49,0.183,731636979287,Global Consumer Goods
SKU-USR-052-005,USR-052,Dairy,Plant-Based Oat Milk,Barista blend oat milk — dairy-free alternative.,"premium,plant_based",regional,True,premium,66.88,8 oz,Aisle 1 — Cooler Wall,5,21,0.231,896441128303,Global Consumer Goods
SKU-USR-052-006,USR-052,Fresh Produce,Organic Baby Spinach 5oz,Triple washed organic greens — salad ready.,"organic,premium",regional,True,premium,68.91,10 oz,Produce Section — Front Perimeter,1,12,0.236,489876117536,Regional Foods LLC
SKU-USR-052-007,USR-052,Grocery,Value White Bread,Soft sandwich bread — family pack at everyday low price.,value,national,True,value,10.54,1 gallon,Aisle 4–12 — Center Store,3,45,0.278,243721399035,Regional Foods LLC
SKU-USR-052-008,USR-052,Dairy,Farm Fresh 2% Milk Gallon,Locally sourced milk — vitamin D fortified.,value,national,True,value,6.47,12 oz,Aisle 1 — Cooler Wall,2,49,0.156,808747324810,National Brands Co
SKU-USR-052-009,USR-052,Health & Beauty,Value Shampoo Family Size,Everyday clean formula — large bottle value pack.,value,national,True,value,9.95,12 oz,Aisle 18–22 — HBC,2,53,0.16,472091825716,Global Consumer Goods
SKU-USR-052-010,USR-052,Snacks,Protein Trail Mix Grab & Go,"Almonds, cashews, dried cranberries — 10g protein per serving.",premium,national,True,premium,63.51,10 oz,Aisle 14 — Impulse / Endcap,2,24,0.261,417350882527,Regional Foods LLC
SKU-USR-052-011,USR-052,Beverages,Cola 2-Liter Bottle,Classic cola — promotional multipack available.,value,national,True,value,5.05,1 lb,Aisle 2–3 — Cooler & Shelf,1,48,0.181,261736682411,Global Consumer Goods
SKU-USR-052-012,USR-052,Beverages,Cold Brew Coffee Concentrate,Ready-to-drink cold brew — premium arabica beans.,premium,national,True,premium,82.94,6-pack,Aisle 2–3 — Cooler & Shelf,1,16,0.195,587787274155,National Brands Co
SKU-USR-052-013,USR-052,Health & Beauty,Organic Lip Balm 3-Pack,Beeswax and coconut oil — USDA organic.,"organic,premium",national,False,premium,43.42,32 oz,Aisle 18–22 — HBC,2,23,0.162,578475604412,National Brands Co
SKU-USR-052-014,USR-052,Household,Paper Towels 8-Roll Pack,Absorbent sheets — store brand savings.,"private_label,value",private_label,True,value,8.84,24 ct,Aisle 15–17 — Household,4,40,0.319,390589467449,Best Buy DC
SKU-USR-052-015,USR-052,Frozen,Family Pizza Night 3-Pack,"Frozen pizzas — cheese, pepperoni, veggie variety.",value,national,True,value,10.55,24 ct,Aisle 23–25 — Freezer Bank,4,51,0.26,947864686465,Global Consumer Goods
SKU-USR-052-016,USR-052,Household,Concentrated Laundry Detergent,HE compatible — 64 load bottle.,value,national,True,value,12.85,2-liter,Aisle 15–17 — Household,4,41,0.106,945702477872,National Brands Co
SKU-USR-052-017,USR-052,Frozen,Premium Ice Cream Pint,Super-premium butterfat — limited edition flavor.,premium,national,True,premium,34.83,6-pack,Aisle 23–25 — Freezer Bank,3,17,0.271,642192501852,Regional Foods LLC
SKU-USR-053-001,USR-053,Dairy,Organic Greek Yogurt 4-Pack,"Thick strained yogurt, live cultures, no artificial sweeteners.","organic,premium",national,True,premium,89.59,2 lb,Aisle 1 — Cooler Wall,3,16,0.198,137038253502,Global Consumer Goods
SKU-USR-053-002,USR-053,Dairy,Farm Fresh 2% Milk Gallon,Locally sourced milk — vitamin D fortified.,value,national,True,value,10.02,1 lb,Aisle 1 — Cooler Wall,4,39,0.214,806624899405,National Brands Co
SKU-USR-053-003,USR-053,Grocery,Value White Bread,Soft sandwich bread — family pack at everyday low price.,value,national,False,value,12.82,1 lb,Aisle 4–12 — Center Store,3,58,0.086,812951908195,Global Consumer Goods
SKU-USR-053-004,USR-053,Health & Beauty,Sensitive Skin Moisturizer,Dermatologist tested — fragrance free daily lotion.,premium,national,True,premium,32.37,8 oz,Aisle 18–22 — HBC,2,19,0.223,558324218753,Global Consumer Goods
SKU-USR-053-005,USR-053,Snacks,Classic Potato Chips Family Size,Crispy kettle chips — original sea salt flavor.,value,national,True,value,4.42,1 gallon,Aisle 14 — Impulse / Endcap,5,48,0.268,734761446390,Regional Foods LLC
SKU-USR-053-006,USR-053,Dairy,Plant-Based Oat Milk,Barista blend oat milk — dairy-free alternative.,"premium,plant_based",national,True,premium,10.53,32 oz,Aisle 1 — Cooler Wall,4,18,0.198,640349530947,Regional Foods LLC
SKU-USR-053-007,USR-053,Snacks,Protein Trail Mix Grab & Go,"Almonds, cashews, dried cranberries — 10g protein per serving.",premium,national,True,premium,48.36,2 lb,Aisle 14 — Impulse / Endcap,1,19,0.233,264568976198,Regional Foods LLC
SKU-USR-053-008,USR-053,Beverages,Cold Brew Coffee Concentrate,Ready-to-drink cold brew — premium arabica beans.,premium,national,True,premium,73.4,8 oz,Aisle 2–3 — Cooler & Shelf,3,24,0.28,669173653508,Global Consumer Goods
SKU-USR-053-009,USR-053,Frozen,Premium Ice Cream Pint,Super-premium butterfat — limited edition flavor.,premium,national,True,premium,39.3,4-pack,Aisle 23–25 — Freezer Bank,1,26,0.112,760909809785,Regional Foods LLC
SKU-USR-053-010,USR-053,Grocery,Clover Valley Cereal 12oz,Private-label breakfast — penny-profit driver.,"private_label,value",private_label,True,value,9.81,24 ct,Aisle 4–12 — Center Store,1,46,0.33,999763897270,Dollar General DC
SKU-USR-053-011,USR-053,Frozen,Family Pizza Night 3-Pack,"Frozen pizzas — cheese, pepperoni, veggie variety.",value,national,True,value,3.79,1 gallon,Aisle 23–25 — Freezer Bank,4,54,0.195,656173928833,National Brands Co
SKU-USR-053-012,USR-053,Grocery,Gluten-Free Multigrain Loaf,Certified gluten-free bread with seeds and ancient grains.,"gluten_free,premium",regional,True,premium,82.79,2 lb,Aisle 4–12 — Center Store,1,10,0.204,740980177362,National Brands Co
SKU-USR-053-013,USR-053,Household,Eco-Friendly Surface Cleaner,Plant-based spray — safe for kitchen counters.,"organic,premium",national,True,premium,54.25,10 oz,Aisle 15–17 — Household,2,14,0.11,864123670291,Regional Foods LLC
SKU-USR-053-014,USR-053,Snacks,Store Brand Tortilla Chips,Restaurant style chips — great for parties.,"private_label,value",private_label,True,value,12.19,24 ct,Aisle 14 — Impulse / Endcap,5,31,0.412,318843672818,Dollar General DC
SKU-USR-053-015,USR-053,Household,Concentrated Laundry Detergent,HE compatible — 64 load bottle.,value,national,True,value,5.33,12 oz,Aisle 15–17 — Household,2,42,0.201,521050597944,Regional Foods LLC
SKU-USR-053-016,USR-053,Beverages,Cola 2-Liter Bottle,Classic cola — promotional multipack available.,value,regional,True,value,8.62,1 lb,Aisle 2–3 — Cooler & Shelf,5,44,0.231,978885865818,Regional Foods LLC
SKU-USR-054-001,USR-054,Beverages,Cold Brew Coffee Concentrate,Ready-to-drink cold brew — premium arabica beans.,premium,national,True,premium,79.41,2 lb,Aisle 2–3 — Cooler & Shelf,6,17,0.228,283539297603,Global Consumer Goods
SKU-USR-054-002,USR-054,Dairy,Plant-Based Oat Milk,Barista blend oat milk — dairy-free alternative.,"premium,plant_based",national,True,premium,60.86,6-pack,Aisle 1 — Cooler Wall,4,9,0.103,263045491766,Regional Foods LLC
SKU-USR-054-003,USR-054,Beverages,Member's Mark Purified Water 40-Pack,Bulk hydration — high basket attach rate.,"private_label,value",private_label,True,value,9.15,2-liter,Aisle 2–3 — Cooler & Shelf,6,38,0.244,179611238184,Sam's Club DC
SKU-USR-054-004,USR-054,Household,Concentrated Laundry Detergent,HE compatible — 64 load bottle.,value,national,True,value,11.99,2-liter,Aisle 15–17 — Household,5,44,0.106,429283464782,Regional Foods LLC
SKU-USR-054-005,USR-054,Dairy,Organic Greek Yogurt 4-Pack,"Thick strained yogurt, live cultures, no artificial sweeteners.","organic,premium",regional,True,premium,62.61,32 oz,Aisle 1 — Cooler Wall,2,21,0.277,162515447548,Regional Foods LLC
SKU-USR-054-006,USR-054,Household,Paper Towels 8-Roll Pack,Absorbent sheets — store brand savings.,"private_label,value",private_label,True,value,7.52,1 lb,Aisle 15–17 — Household,4,49,0.223,132584717485,Sam's Club DC
SKU-USR-054-007,USR-054,Grocery,Value White Bread,Soft sandwich bread — family pack at everyday low price.,value,regional,True,value,9.91,2-liter,Aisle 4–12 — Center Store,7,43,0.117,762689166934,National Brands Co
SKU-USR-054-008,USR-054,Health & Beauty,Value Shampoo Family Size,Everyday clean formula — large bottle value pack.,value,national,True,value,5.32,16 oz,Aisle 18–22 — HBC,7,35,0.123,445384798677,Global Consumer Goods
SKU-USR-054-009,USR-054,Health & Beauty,Sensitive Skin Moisturizer,Dermatologist tested — fragrance free daily lotion.,premium,regional,True,premium,27.03,4-pack,Aisle 18–22 — HBC,4,22,0.121,148988346247,Global Consumer Goods
SKU-USR-054-010,USR-054,Snacks,Protein Trail Mix Grab & Go,"Almonds, cashews, dried cranberries — 10g protein per serving.",premium,regional,True,premium,78.98,4-pack,Aisle 14 — Impulse / Endcap,3,14,0.272,520609493129,Regional Foods LLC
SKU-USR-054-011,USR-054,Household,Eco-Friendly Surface Cleaner,Plant-based spray — safe for kitchen counters.,"organic,premium",national,True,premium,68.25,6-pack,Aisle 15–17 — Household,6,12,0.252,640556869924,National Brands Co
SKU-USR-054-012,USR-054,Frozen,Frozen Vegetable Stir-Fry Blend,"Broccoli, peppers, snap peas — steam in bag.",value,national,True,value,5.85,2-liter,Aisle 23–25 — Freezer Bank,3,50,0.102,740770465222,Global Consumer Goods
SKU-USR-054-013,USR-054,Fresh Produce,Local Seasonal Berry Mix,Farm partnership program — peak season berries.,"seasonal,premium",national,True,premium,81.95,6-pack,Produce Section — Front Perimeter,7,15,0.192,304811380301,Regional Foods LLC
SKU-USR-054-014,USR-054,Fresh Produce,Organic Baby Spinach 5oz,Triple washed organic greens — salad ready.,"organic,premium",national,True,premium,60.11,4-pack,Produce Section — Front Perimeter,5,7,0.187,969110249946,National Brands Co
SKU-USR-054-015,USR-054,Snacks,Store Brand Tortilla Chips,Restaurant style chips — great for parties.,"private_label,value",private_label,True,value,4.1,12 oz,Aisle 14 — Impulse / Endcap,3,52,0.238,700535399403,Sam's Club DC
SKU-USR-054-016,USR-054,Beverages,Sparkling Water 12-Pack,Zero calorie flavored seltzer — variety pack.,premium,regional,True,premium,48.63,8 oz,Aisle 2–3 — Cooler & Shelf,5,14,0.25,281593923040,Regional Foods LLC
SKU-USR-054-017,USR-054,Snacks,Classic Potato Chips Family Size,Crispy kettle chips — original sea salt flavor.,value,regional,True,value,8.13,12 oz,Aisle 14 — Impulse / Endcap,6,24,0.219,129254928388,Regional Foods LLC
SKU-USR-054-018,USR-054,Grocery,Sam's Club Bakery Muffin 12-Pack,In-club bakery — morning traffic driver.,value,national,True,value,7.43,16 oz,Aisle 4–12 — Center Store,3,56,0.092,266229768323,Global Consumer Goods
SKU-USR-054-019,USR-054,Fresh Produce,Bananas per lb,Everyday fruit staple — ripen at home.,value,national,True,value,9.52,1 lb,Produce Section — Front Perimeter,4,49,0.119,399136980205,Regional Foods LLC
SKU-USR-054-020,USR-054,Grocery,Gluten-Free Multigrain Loaf,Certified gluten-free bread with seeds and ancient grains.,"gluten_free,premium",national,True,premium,78.05,10 oz,Aisle 4–12 — Center Store,4,14,0.101,225831555806,Regional Foods LLC
SKU-USR-055-001,USR-055,Fresh Produce,Bananas per lb,Everyday fruit staple — ripen at home.,value,national,True,value,7.54,12 oz,Produce Section — Front Perimeter,1,41,0.159,653600861088,Global Consumer Goods
SKU-USR-055-002,USR-055,Health & Beauty,Value Shampoo Family Size,Everyday clean formula — large bottle value pack.,value,national,True,value,5.97,1 gallon,Aisle 18–22 — HBC,3,39,0.155,827064143492,National Brands Co
SKU-USR-055-003,USR-055,Dairy,Farm Fresh 2% Milk Gallon,Locally sourced milk — vitamin D fortified.,value,national,True,value,6.15,16 oz,Aisle 1 — Cooler Wall,3,53,0.157,349628819942,Regional Foods LLC
SKU-USR-055-004,USR-055,Beverages,Sparkling Water 12-Pack,Zero calorie flavored seltzer — variety pack.,premium,national,True,premium,30.11,6-pack,Aisle 2–3 — Cooler & Shelf,2,16,0.269,135721976285,Global Consumer Goods
SKU-USR-055-005,USR-055,Fresh Produce,Local Seasonal Berry Mix,Farm partnership program — peak season berries.,"seasonal,premium",national,True,premium,53.38,6-pack,Produce Section — Front Perimeter,1,21,0.135,887238970821,Global Consumer Goods
SKU-USR-055-006,USR-055,Grocery,Gluten-Free Multigrain Loaf,Certified gluten-free bread with seeds and ancient grains.,"gluten_free,premium",national,True,premium,12.68,6-pack,Aisle 4–12 — Center Store,3,17,0.102,700754443864,Global Consumer Goods
SKU-USR-055-007,USR-055,Dairy,Plant-Based Oat Milk,Barista blend oat milk — dairy-free alternative.,"premium,plant_based",regional,True,premium,72.67,2 lb,Aisle 1 — Cooler Wall,3,9,0.194,104377618752,Regional Foods LLC
SKU-USR-055-008,USR-055,Frozen,Family Pizza Night 3-Pack,"Frozen pizzas — cheese, pepperoni, veggie variety.",value,regional,True,value,7.03,1 gallon,Aisle 23–25 — Freezer Bank,1,37,0.19,775560663865,Regional Foods LLC
SKU-USR-055-009,USR-055,Household,Concentrated Laundry Detergent,HE compatible — 64 load bottle.,value,national,True,value,1.96,12 oz,Aisle 15–17 — Household,5,46,0.185,967674878917,National Brands Co
SKU-USR-055-010,USR-055,Beverages,Cola 2-Liter Bottle,Classic cola — promotional multipack available.,value,national,True,value,7.32,1 gallon,Aisle 2–3 — Cooler & Shelf,1,55,0.133,367720217900,National Brands Co
SKU-USR-055-011,USR-055,Household,Paper Towels 8-Roll Pack,Absorbent sheets — store brand savings.,"private_label,value",private_label,True,value,11.73,1 gallon,Aisle 15–17 — Household,3,54,0.199,446554205060,Aldi DC
SKU-USR-055-012,USR-055,Snacks,Store Brand Tortilla Chips,Restaurant style chips — great for parties.,"private_label,value",private_label,True,value,6.05,12 oz,Aisle 14 — Impulse / Endcap,3,47,0.337,428576344862,Aldi DC
SKU-USR-055-013,USR-055,Beverages,Cold Brew Coffee Concentrate,Ready-to-drink cold brew — premium arabica beans.,premium,national,True,premium,31.97,10 oz,Aisle 2–3 — Cooler & Shelf,1,15,0.262,143455845812,National Brands Co
SKU-USR-055-014,USR-055,Frozen,Frozen Vegetable Stir-Fry Blend,"Broccoli, peppers, snap peas — steam in bag.",value,regional,True,value,6.36,12 oz,Aisle 23–25 — Freezer Bank,3,48,0.208,101330621393,Regional Foods LLC
SKU-USR-055-015,USR-055,Dairy,Friendly Farms Greek Yogurt,Dairy private label — weekly special.,"private_label,value",private_label,True,value,10.52,16 oz,Aisle 1 — Cooler Wall,1,36,0.188,462650419822,Aldi DC
SKU-USR-056-001,USR-056,Frozen,Premium Ice Cream Pint,Super-premium butterfat — limited edition flavor.,premium,national,True,premium,82.55,32 oz,Aisle 23–25 — Freezer Bank,4,15,0.148,122448460155,National Brands Co
SKU-USR-056-002,USR-056,Dairy,Plant-Based Oat Milk,Barista blend oat milk — dairy-free alternative.,"premium,plant_based",national,True,premium,49.3,32 oz,Aisle 1 — Cooler Wall,1,26,0.279,248403735523,National Brands Co
SKU-USR-056-003,USR-056,Beverages,Cola 2-Liter Bottle,Classic cola — promotional multipack available.,value,national,True,value,9.46,1 gallon,Aisle 2–3 — Cooler & Shelf,5,46,0.162,760138111586,Global Consumer Goods
SKU-USR-056-004,USR-056,Health & Beauty,Value Shampoo Family Size,Everyday clean formula — large bottle value pack.,value,national,True,value,8.39,24 ct,Aisle 18–22 — HBC,2,45,0.154,460839892460,National Brands Co
SKU-USR-056-005,USR-056,Grocery,Value White Bread,Soft sandwich bread — family pack at everyday low price.,value,national,True,value,1.99,12 oz,Aisle 4–12 — Center Store,5,44,0.199,757342696034,National Brands Co
SKU-USR-056-006,USR-056,Snacks,Protein Trail Mix Grab & Go,"Almonds, cashews, dried cranberries — 10g protein per serving.",premium,national,True,premium,75.88,32 oz,Aisle 14 — Impulse / Endcap,4,15,0.167,827089321890,Regional Foods LLC
SKU-USR-056-007,USR-056,Beverages,Sparkling Water 12-Pack,Zero calorie flavored seltzer — variety pack.,premium,national,True,premium,23.31,10 oz,Aisle 2–3 — Cooler & Shelf,3,10,0.122,676537441096,National Brands Co
SKU-USR-056-008,USR-056,Grocery,Gluten-Free Multigrain Loaf,Certified gluten-free bread with seeds and ancient grains.,"gluten_free,premium",national,True,premium,62.64,8 oz,Aisle 4–12 — Center Store,4,22,0.083,228767794424,National Brands Co
SKU-USR-056-009,USR-056,Fresh Produce,Organic Baby Spinach 5oz,Triple washed organic greens — salad ready.,"organic,premium",national,True,premium,16.09,32 oz,Produce Section — Front Perimeter,4,27,0.134,243754690293,Global Consumer Goods
SKU-USR-056-010,USR-056,Health & Beauty,Sensitive Skin Moisturizer,Dermatologist tested — fragrance free daily lotion.,premium,regional,True,premium,87.26,8 oz,Aisle 18–22 — HBC,5,15,0.267,352664544661,Regional Foods LLC
SKU-USR-056-011,USR-056,Dairy,Organic Greek Yogurt 4-Pack,"Thick strained yogurt, live cultures, no artificial sweeteners.","organic,premium",national,True,premium,71.87,32 oz,Aisle 1 — Cooler Wall,1,14,0.147,214792828481,Regional Foods LLC
SKU-USR-056-012,USR-056,Grocery,Organic Whole Grain Bread,Artisan loaf baked daily with organic whole wheat flour.,"organic,premium",regional,True,premium,49.61,32 oz,Aisle 4–12 — Center Store,5,21,0.223,256510679864,National Brands Co
SKU-USR-056-013,USR-056,Household,Eco-Friendly Surface Cleaner,Plant-based spray — safe for kitchen counters.,"organic,premium",national,True,premium,86.05,8 oz,Aisle 15–17 — Household,3,11,0.133,728287163285,Regional Foods LLC
SKU-USR-056-014,USR-056,Beverages,Cold Brew Coffee Concentrate,Ready-to-drink cold brew — premium arabica beans.,premium,regional,True,premium,16.47,8 oz,Aisle 2–3 — Cooler & Shelf,1,19,0.219,937576973486,Global Consumer Goods
SKU-USR-056-015,USR-056,Dairy,Farm Fresh 2% Milk Gallon,Locally sourced milk — vitamin D fortified.,value,regional,True,value,3.42,24 ct,Aisle 1 — Cooler Wall,4,42,0.236,564528379303,Regional Foods LLC
SKU-USR-056-016,USR-056,Household,Paper Towels 8-Roll Pack,Absorbent sheets — store brand savings.,"private_label,value",private_label,True,value,6.69,2-liter,Aisle 15–17 — Household,2,33,0.315,179639287126,H-E-B DC
SKU-USR-057-001,USR-057,Beverages,Sparkling Water 12-Pack,Zero calorie flavored seltzer — variety pack.,premium,national,True,premium,30.91,6-pack,Aisle 2–3 — Cooler & Shelf,1,24,0.106,118338394288,National Brands Co
SKU-USR-057-002,USR-057,Grocery,Gluten-Free Multigrain Loaf,Certified gluten-free bread with seeds and ancient grains.,"gluten_free,premium",national,True,premium,17.53,10 oz,Aisle 4–12 — Center Store,1,15,0.205,709337135019,National Brands Co
SKU-USR-057-003,USR-057,Health & Beauty,Sensitive Skin Moisturizer,Dermatologist tested — fragrance free daily lotion.,premium,national,True,premium,56.44,2 lb,Aisle 18–22 — HBC,1,25,0.209,380353976826,Regional Foods LLC
SKU-USR-057-004,USR-057,Household,Concentrated Laundry Detergent,HE compatible — 64 load bottle.,value,national,True,value,4.25,12 oz,Aisle 15–17 — Household,1,44,0.217,751327132580,Regional Foods LLC
SKU-USR-057-005,USR-057,Snacks,Store Brand Tortilla Chips,Restaurant style chips — great for parties.,"private_label,value",private_label,True,value,5.36,2-liter,Aisle 14 — Impulse / Endcap,1,40,0.134,416620206619,Meijer DC
SKU-USR-057-006,USR-057,Frozen,Premium Ice Cream Pint,Super-premium butterfat — limited edition flavor.,premium,national,True,premium,51.98,32 oz,Aisle 23–25 — Freezer Bank,2,16,0.085,947141590225,Global Consumer Goods
SKU-USR-057-007,USR-057,Beverages,Cold Brew Coffee Concentrate,Ready-to-drink cold brew — premium arabica beans.,premium,regional,True,premium,89.5,6-pack,Aisle 2–3 — Cooler & Shelf,4,18,0.165,751475649976,Global Consumer Goods
SKU-USR-057-008,USR-057,Fresh Produce,Local Seasonal Berry Mix,Farm partnership program — peak season berries.,"seasonal,premium",national,True,premium,77.47,6-pack,Produce Section — Front Perimeter,4,18,0.12,163430800787,National Brands Co
SKU-USR-057-009,USR-057,Grocery,Organic Whole Grain Bread,Artisan loaf baked daily with organic whole wheat flour.,"organic,premium",national,True,premium,58.41,10 oz,Aisle 4–12 — Center Store,2,22,0.116,649203581667,Regional Foods LLC
SKU-USR-057-010,USR-057,Dairy,Plant-Based Oat Milk,Barista blend oat milk — dairy-free alternative.,"premium,plant_based",national,True,premium,28.57,10 oz,Aisle 1 — Cooler Wall,2,23,0.256,899464552897,National Brands Co
SKU-USR-057-011,USR-057,Household,Paper Towels 8-Roll Pack,Absorbent sheets — store brand savings.,"private_label,value",private_label,True,value,11.32,2-liter,Aisle 15–17 — Household,4,55,0.167,929985696149,Meijer DC
SKU-USR-057-012,USR-057,Dairy,Farm Fresh 2% Milk Gallon,Locally sourced milk — vitamin D fortified.,value,national,True,value,12.77,16 oz,Aisle 1 — Cooler Wall,3,44,0.25,127131307233,National Brands Co
SKU-USR-057-013,USR-057,Household,Eco-Friendly Surface Cleaner,Plant-based spray — safe for kitchen counters.,"organic,premium",national,True,premium,43.51,8 oz,Aisle 15–17 — Household,1,15,0.177,702886502114,Global Consumer Goods
SKU-USR-057-014,USR-057,Dairy,Organic Greek Yogurt 4-Pack,"Thick strained yogurt, live cultures, no artificial sweeteners.","organic,premium",regional,True,premium,59.54,32 oz,Aisle 1 — Cooler Wall,5,10,0.188,109946621078,Global Consumer Goods
SKU-USR-057-015,USR-057,Frozen,Frozen Vegetable Stir-Fry Blend,"Broccoli, peppers, snap peas — steam in bag.",value,national,True,value,11.28,1 gallon,Aisle 23–25 — Freezer Bank,3,44,0.096,128562215337,National Brands Co
SKU-USR-057-016,USR-057,Snacks,Classic Potato Chips Family Size,Crispy kettle chips — original sea salt flavor.,value,national,True,value,4.58,12 oz,Aisle 14 — Impulse / Endcap,3,41,0.212,956621167132,Global Consumer Goods
SKU-USR-057-017,USR-057,Fresh Produce,Organic Baby Spinach 5oz,Triple washed organic greens — salad ready.,"organic,premium",national,True,premium,52.14,8 oz,Produce Section — Front Perimeter,2,17,0.145,366737749886,Regional Foods LLC
SKU-USR-057-018,USR-057,Snacks,Protein Trail Mix Grab & Go,"Almonds, cashews, dried cranberries — 10g protein per serving.",premium,national,True,premium,67.19,2 lb,Aisle 14 — Impulse / Endcap,4,19,0.147,293139956198,Regional Foods LLC
SKU-USR-058-001,USR-058,Household,Eco-Friendly Surface Cleaner,Plant-based spray — safe for kitchen counters.,"organic,premium",national,True,premium,86.05,10 oz,Aisle 15–17 — Household,2,14,0.098,918734380760,National Brands Co
SKU-USR-058-002,USR-058,Snacks,Protein Trail Mix Grab & Go,"Almonds, cashews, dried cranberries — 10g protein per serving.",premium,national,True,premium,28.38,2 lb,Aisle 14 — Impulse / Endcap,2,17,0.097,117506339018,National Brands Co
SKU-USR-058-003,USR-058,Dairy,Plant-Based Oat Milk,Barista blend oat milk — dairy-free alternative.,"premium,plant_based",regional,True,premium,41.95,10 oz,Aisle 1 — Cooler Wall,3,21,0.235,458752592750,Regional Foods LLC
SKU-USR-058-004,USR-058,Beverages,Cold Brew Coffee Concentrate,Ready-to-drink cold brew — premium arabica beans.,premium,national,True,premium,40.35,4-pack,Aisle 2–3 — Cooler & Shelf,5,10,0.188,279290303402,Global Consumer Goods
SKU-USR-058-005,USR-058,Fresh Produce,Local Seasonal Berry Mix,Farm partnership program — peak season berries.,"seasonal,premium",national,True,premium,67.09,4-pack,Produce Section — Front Perimeter,5,18,0.191,679595975203,Global Consumer Goods
SKU-USR-058-006,USR-058,Fresh Produce,Organic Baby Spinach 5oz,Triple washed organic greens — salad ready.,"organic,premium",regional,False,premium,53.3,6-pack,Produce Section — Front Perimeter,4,20,0.156,767357979755,National Brands Co
SKU-USR-058-007,USR-058,Health & Beauty,Sensitive Skin Moisturizer,Dermatologist tested — fragrance free daily lotion.,premium,national,True,premium,32.6,6-pack,Aisle 18–22 — HBC,5,9,0.253,139162407176,National Brands Co
SKU-USR-058-008,USR-058,Frozen,Frozen Vegetable Stir-Fry Blend,"Broccoli, peppers, snap peas — steam in bag.",value,national,True,value,4.49,24 ct,Aisle 23–25 — Freezer Bank,2,49,0.191,916909454296,Global Consumer Goods
SKU-USR-058-009,USR-058,Frozen,Premium Ice Cream Pint,Super-premium butterfat — limited edition flavor.,premium,national,True,premium,68.92,4-pack,Aisle 23–25 — Freezer Bank,4,12,0.203,880923609999,Regional Foods LLC
SKU-USR-058-010,USR-058,Snacks,Store Brand Tortilla Chips,Restaurant style chips — great for parties.,"private_label,value",private_label,True,value,4.06,1 gallon,Aisle 14 — Impulse / Endcap,2,44,0.232,116875879490,Safeway DC
SKU-USR-058-011,USR-058,Grocery,Organic Whole Grain Bread,Artisan loaf baked daily with organic whole wheat flour.,"organic,premium",national,True,premium,29.69,6-pack,Aisle 4–12 — Center Store,3,14,0.136,262636960422,Global Consumer Goods
SKU-USR-058-012,USR-058,Beverages,Cola 2-Liter Bottle,Classic cola — promotional multipack available.,value,national,True,value,10.74,16 oz,Aisle 2–3 — Cooler & Shelf,5,39,0.096,692079741563,Regional Foods LLC
SKU-USR-058-013,USR-058,Health & Beauty,Organic Lip Balm 3-Pack,Beeswax and coconut oil — USDA organic.,"organic,premium",national,True,premium,26.61,2 lb,Aisle 18–22 — HBC,3,13,0.264,432710380286,Regional Foods LLC
SKU-USR-058-014,USR-058,Health & Beauty,Value Shampoo Family Size,Everyday clean formula — large bottle value pack.,value,national,True,value,9.37,1 lb,Aisle 18–22 — HBC,3,43,0.251,599175916078,Regional Foods LLC
SKU-USR-058-015,USR-058,Fresh Produce,Bananas per lb,Everyday fruit staple — ripen at home.,value,national,True,value,7.47,16 oz,Produce Section — Front Perimeter,1,39,0.141,464197771641,National Brands Co
SKU-USR-058-016,USR-058,Grocery,Gluten-Free Multigrain Loaf,Certified gluten-free bread with seeds and ancient grains.,"gluten_free,premium",national,True,premium,36.67,2 lb,Aisle 4–12 — Center Store,3,11,0.21,652110311333,National Brands Co
SKU-USR-059-001,USR-059,Frozen,Frozen Vegetable Stir-Fry Blend,"Broccoli, peppers, snap peas — steam in bag.",value,national,True,value,12.18,12 oz,Aisle 23–25 — Freezer Bank,1,52,0.162,122459606160,Regional Foods LLC
SKU-USR-059-002,USR-059,Household,Eco-Friendly Surface Cleaner,Plant-based spray — safe for kitchen counters.,"organic,premium",national,True,premium,43.68,2 lb,Aisle 15–17 — Household,5,25,0.188,795313761434,Regional Foods LLC
SKU-USR-059-003,USR-059,Dairy,Farm Fresh 2% Milk Gallon,Locally sourced milk — vitamin D fortified.,value,national,True,value,6.66,2-liter,Aisle 1 — Cooler Wall,1,33,0.105,919431411010,Global Consumer Goods
SKU-USR-059-004,USR-059,Health & Beauty,Organic Lip Balm 3-Pack,Beeswax and coconut oil — USDA organic.,"organic,premium",national,True,premium,38.11,10 oz,Aisle 18–22 — HBC,3,22,0.206,830996593686,Global Consumer Goods
SKU-USR-059-005,USR-059,Fresh Produce,Organic Baby Spinach 5oz,Triple washed organic greens — salad ready.,"organic,premium",national,True,premium,89.51,6-pack,Produce Section — Front Perimeter,2,20,0.087,120408984466,Regional Foods LLC
SKU-USR-059-006,USR-059,Grocery,Gluten-Free Multigrain Loaf,Certified gluten-free bread with seeds and ancient grains.,"gluten_free,premium",regional,True,premium,55.4,10 oz,Aisle 4–12 — Center Store,5,20,0.253,391390945702,Global Consumer Goods
SKU-USR-059-007,USR-059,Dairy,Plant-Based Oat Milk,Barista blend oat milk — dairy-free alternative.,"premium,plant_based",national,True,premium,81.77,2 lb,Aisle 1 — Cooler Wall,3,19,0.226,411759497926,Global Consumer Goods
SKU-USR-059-008,USR-059,Beverages,Cold Brew Coffee Concentrate,Ready-to-drink cold brew — premium arabica beans.,premium,regional,True,premium,57.19,32 oz,Aisle 2–3 — Cooler & Shelf,4,14,0.226,652461810390,Regional Foods LLC
SKU-USR-059-009,USR-059,Snacks,Store Brand Tortilla Chips,Restaurant style chips — great for parties.,"private_label,value",private_label,True,value,8.89,12 oz,Aisle 14 — Impulse / Endcap,3,45,0.217,955053588580,Sprouts DC
SKU-USR-059-010,USR-059,Beverages,Cola 2-Liter Bottle,Classic cola — promotional multipack available.,value,national,True,value,7.2,2-liter,Aisle 2–3 — Cooler & Shelf,1,43,0.256,707520654893,Global Consumer Goods
SKU-USR-060-001,USR-060,Fresh Produce,Local Seasonal Berry Mix,Farm partnership program — peak season berries.,"seasonal,premium",national,True,premium,54.51,4-pack,Produce Section — Front Perimeter,4,24,0.276,407154820072,Global Consumer Goods
SKU-USR-060-002,USR-060,Dairy,Plant-Based Oat Milk,Barista blend oat milk — dairy-free alternative.,"premium,plant_based",regional,True,premium,56.56,8 oz,Aisle 1 — Cooler Wall,3,19,0.145,807833548426,Global Consumer Goods
SKU-USR-060-003,USR-060,Grocery,Organic Whole Grain Bread,Artisan loaf baked daily with organic whole wheat flour.,"organic,premium",national,True,premium,25.1,2 lb,Aisle 4–12 — Center Store,3,22,0.182,461508358618,Regional Foods LLC
SKU-USR-060-004,USR-060,Dairy,Farm Fresh 2% Milk Gallon,Locally sourced milk — vitamin D fortified.,value,national,True,value,12.01,2-liter,Aisle 1 — Cooler Wall,2,48,0.198,113733284548,Global Consumer Goods
SKU-USR-060-005,USR-060,Frozen,Frozen Vegetable Stir-Fry Blend,"Broccoli, peppers, snap peas — steam in bag.",value,national,True,value,3.34,12 oz,Aisle 23–25 — Freezer Bank,4,56,0.107,895700705203,National Brands Co
SKU-USR-060-006,USR-060,Household,Concentrated Laundry Detergent,HE compatible — 64 load bottle.,value,national,True,value,8.15,24 ct,Aisle 15–17 — Household,1,53,0.25,631984320445,National Brands Co
SKU-USR-060-007,USR-060,Household,Paper Towels 8-Roll Pack,Absorbent sheets — store brand savings.,"private_label,value",private_label,True,value,4.21,24 ct,Aisle 15–17 — Household,5,43,0.41,822524510941,Trader Joe's DC
SKU-USR-060-008,USR-060,Beverages,Cola 2-Liter Bottle,Classic cola — promotional multipack available.,value,national,True,value,6.27,12 oz,Aisle 2–3 — Cooler & Shelf,2,44,0.187,154531103391,Global Consumer Goods
SKU-USR-060-009,USR-060,Grocery,Gluten-Free Multigrain Loaf,Certified gluten-free bread with seeds and ancient grains.,"gluten_free,premium",national,True,premium,80.92,10 oz,Aisle 4–12 — Center Store,5,13,0.241,654171218351,Regional Foods LLC
SKU-USR-060-010,USR-060,Grocery,Everything But The Bagel Seasoning,Signature seasoning blend — social buzz SKU.,"premium,private_label",private_label,True,premium,45.19,32 oz,Aisle 4–12 — Center Store,2,18,0.124,777898988950,Trader Joe's DC
SKU-USR-060-011,USR-060,Frozen,Mandarin Orange Chicken,Frozen bestseller — high repeat purchase.,value,national,True,value,6.5,12 oz,Aisle 23–25 — Freezer Bank,2,48,0.124,856168944737,National Brands Co
SKU-USR-060-012,USR-060,Fresh Produce,Bananas per lb,Everyday fruit staple — ripen at home.,value,regional,True,value,4.27,16 oz,Produce Section — Front Perimeter,1,33,0.228,630589884103,Regional Foods LLC
SKU-USR-060-013,USR-060,Health & Beauty,Organic Lip Balm 3-Pack,Beeswax and coconut oil — USDA organic.,"organic,premium",national,True,premium,86.14,10 oz,Aisle 18–22 — HBC,2,17,0.239,491944847176,National Brands Co
SKU-USR-060-014,USR-060,Snacks,Protein Trail Mix Grab & Go,"Almonds, cashews, dried cranberries — 10g protein per serving.",premium,national,True,premium,38.73,4-pack,Aisle 14 — Impulse / Endcap,4,21,0.131,267581925907,Regional Foods LLC
SKU-USR-060-015,USR-060,Grocery,Value White Bread,Soft sandwich bread — family pack at everyday low price.,value,national,True,value,2.91,1 gallon,Aisle 4–12 — Center Store,4,34,0.155,659056820649,Regional Foods LLC
SKU-USR-060-016,USR-060,Frozen,Premium Ice Cream Pint,Super-premium butterfat — limited edition flavor.,premium,national,True,premium,16.46,8 oz,Aisle 23–25 — Freezer Bank,2,18,0.172,741791528692,Global Consumer Goods
SKU-USR-061-001,USR-061,Grocery,Gluten-Free Multigrain Loaf,Certified gluten-free bread with seeds and ancient grains.,"gluten_free,premium",national,True,premium,54.08,32 oz,Aisle 4–12 — Center Store,4,20,0.12,963509751003,National Brands Co
SKU-USR-061-002,USR-061,Household,Concentrated Laundry Detergent,HE compatible — 64 load bottle.,value,national,True,value,6.05,1 gallon,Aisle 15–17 — Household,5,43,0.277,329458647967,National Brands Co
SKU-USR-061-003,USR-061,Beverages,Sparkling Water 12-Pack,Zero calorie flavored seltzer — variety pack.,premium,national,True,premium,79.08,6-pack,Aisle 2–3 — Cooler & Shelf,5,25,0.251,977960435068,Global Consumer Goods
SKU-USR-061-004,USR-061,Beverages,Cold Brew Coffee Concentrate,Ready-to-drink cold brew — premium arabica beans.,premium,national,True,premium,53.61,8 oz,Aisle 2–3 — Cooler & Shelf,2,19,0.201,333529274598,National Brands Co
SKU-USR-061-005,USR-061,Frozen,Frozen Vegetable Stir-Fry Blend,"Broccoli, peppers, snap peas — steam in bag.",value,regional,True,value,1.99,1 gallon,Aisle 23–25 — Freezer Bank,3,46,0.201,845822733865,Global Consumer Goods
SKU-USR-061-006,USR-061,Household,Paper Towels 8-Roll Pack,Absorbent sheets — store brand savings.,"private_label,value",private_label,True,value,9.81,24 ct,Aisle 15–17 — Household,6,51,0.149,951089155713,Walmart DC
SKU-USR-061-007,USR-061,Snacks,Protein Trail Mix Grab & Go,"Almonds, cashews, dried cranberries — 10g protein per serving.",premium,national,True,premium,60.98,32 oz,Aisle 14 — Impulse / Endcap,6,16,0.121,334940344247,Global Consumer Goods
SKU-USR-061-008,USR-061,Grocery,Marketside Fresh Sub Kit,Deli sub ingredients — ready for assembly.,value,regional,True,value,5.95,16 oz,Aisle 4–12 — Center Store,4,43,0.249,285827354441,Regional Foods LLC
SKU-USR-061-009,USR-061,Snacks,Classic Potato Chips Family Size,Crispy kettle chips — original sea salt flavor.,value,national,True,value,9.16,24 ct,Aisle 14 — Impulse / Endcap,5,52,0.1,760582223994,National Brands Co
SKU-USR-061-010,USR-061,Snacks,Store Brand Tortilla Chips,Restaurant style chips — great for parties.,"private_label,value",private_label,True,value,8.18,1 lb,Aisle 14 — Impulse / Endcap,2,56,0.41,794524171759,Walmart DC
SKU-USR-061-011,USR-061,Household,Ozark Trail Camping Chair,Foldable outdoor chair — seasonal general merchandise.,value,national,False,value,11.26,1 gallon,Aisle 15–17 — Household,3,46,0.102,969283243148,National Brands Co
SKU-USR-061-012,USR-061,Health & Beauty,Sensitive Skin Moisturizer,Dermatologist tested — fragrance free daily lotion.,premium,national,True,premium,84.2,8 oz,Aisle 18–22 — HBC,3,19,0.172,225989450448,Regional Foods LLC
SKU-USR-061-013,USR-061,Health & Beauty,Organic Lip Balm 3-Pack,Beeswax and coconut oil — USDA organic.,"organic,premium",national,True,premium,24.02,6-pack,Aisle 18–22 — HBC,7,24,0.087,198854848792,Global Consumer Goods
SKU-USR-061-014,USR-061,Dairy,Organic Greek Yogurt 4-Pack,"Thick strained yogurt, live cultures, no artificial sweeteners.","organic,premium",regional,True,premium,31.75,2 lb,Aisle 1 — Cooler Wall,4,24,0.154,750815966857,Regional Foods LLC
SKU-USR-061-015,USR-061,Health & Beauty,Equate Pain Relief 200ct,Ibuprofen tablets — pharmacy aisle staple.,"private_label,value",private_label,True,value,6.58,16 oz,Aisle 18–22 — HBC,2,47,0.36,486958340835,Walmart DC
SKU-USR-061-016,USR-061,Dairy,Great Value Whole Milk Gallon,Store-brand vitamin D milk — everyday low price.,"private_label,value",private_label,True,value,4.54,16 oz,Aisle 1 — Cooler Wall,7,44,0.211,514513386592,Walmart DC
SKU-USR-061-017,USR-061,Dairy,Farm Fresh 2% Milk Gallon,Locally sourced milk — vitamin D fortified.,value,national,False,value,6.96,1 lb,Aisle 1 — Cooler Wall,4,45,0.113,278707976256,Global Consumer Goods
SKU-USR-061-018,USR-061,Frozen,Family Pizza Night 3-Pack,"Frozen pizzas — cheese, pepperoni, veggie variety.",value,national,True,value,12.23,1 gallon,Aisle 23–25 — Freezer Bank,5,64,0.206,648597300301,National Brands Co
SKU-USR-061-019,USR-061,Grocery,Organic Whole Grain Bread,Artisan loaf baked daily with organic whole wheat flour.,"organic,premium",national,True,premium,12.13,6-pack,Aisle 4–12 — Center Store,5,13,0.279,837594839081,Global Consumer Goods
SKU-USR-061-020,USR-061,Fresh Produce,Local Seasonal Berry Mix,Farm partnership program — peak season berries.,"seasonal,premium",national,True,premium,82.6,4-pack,Produce Section — Front Perimeter,6,21,0.25,968131628242,Regional Foods LLC
SKU-USR-061-021,USR-061,Household,Mainstays Bath Towel Set,Soft cotton towels — home basics collection.,"private_label,value",private_label,True,value,2.02,1 lb,Aisle 15–17 — Household,4,46,0.255,973815491664,Walmart DC
SKU-USR-061-022,USR-061,Grocery,Value White Bread,Soft sandwich bread — family pack at everyday low price.,value,national,True,value,4.5,24 ct,Aisle 4–12 — Center Store,6,39,0.192,370138583349,Regional Foods LLC
SKU-USR-062-001,USR-062,Grocery,Good & Gather Organic Pasta,Target-owned organic penne — clean label.,"organic,premium,private_label",private_label,True,premium,74.89,10 oz,Aisle 4–12 — Center Store,2,21,0.415,985048128124,Target DC
SKU-USR-062-002,USR-062,Frozen,Premium Ice Cream Pint,Super-premium butterfat — limited edition flavor.,premium,national,True,premium,56.49,10 oz,Aisle 23–25 — Freezer Bank,2,25,0.115,398857153956,Regional Foods LLC
SKU-USR-062-003,USR-062,Grocery,Organic Whole Grain Bread,Artisan loaf baked daily with organic whole wheat flour.,"organic,premium",regional,True,premium,78.06,8 oz,Aisle 4–12 — Center Store,4,17,0.142,724615188178,Regional Foods LLC
SKU-USR-062-004,USR-062,Snacks,Store Brand Tortilla Chips,Restaurant style chips — great for parties.,"private_label,value",private_label,True,value,8.9,1 lb,Aisle 14 — Impulse / Endcap,3,38,0.215,685679331868,Target DC
SKU-USR-062-005,USR-062,Health & Beauty,Sensitive Skin Moisturizer,Dermatologist tested — fragrance free daily lotion.,premium,national,True,premium,69.25,2 lb,Aisle 18–22 — HBC,2,18,0.125,822379335716,Global Consumer Goods
SKU-USR-062-006,USR-062,Fresh Produce,Local Seasonal Berry Mix,Farm partnership program — peak season berries.,"seasonal,premium",regional,True,premium,36.89,8 oz,Produce Section — Front Perimeter,4,29,0.149,174885287694,Regional Foods LLC
SKU-USR-062-007,USR-062,Snacks,Classic Potato Chips Family Size,Crispy kettle chips — original sea salt flavor.,value,national,True,value,2.82,1 lb,Aisle 14 — Impulse / Endcap,1,53,0.154,739505566347,Global Consumer Goods
SKU-USR-062-008,USR-062,Dairy,Organic Greek Yogurt 4-Pack,"Thick strained yogurt, live cultures, no artificial sweeteners.","organic,premium",national,True,premium,16.94,8 oz,Aisle 1 — Cooler Wall,3,13,0.242,771244700862,Global Consumer Goods
SKU-USR-062-009,USR-062,Household,Paper Towels 8-Roll Pack,Absorbent sheets — store brand savings.,"private_label,value",private_label,True,value,4.95,2-liter,Aisle 15–17 — Household,3,57,0.357,658799253809,Target DC
SKU-USR-062-010,USR-062,Grocery,Value White Bread,Soft sandwich bread — family pack at everyday low price.,value,regional,True,value,12.14,2-liter,Aisle 4–12 — Center Store,2,46,0.124,922734776253,Regional Foods LLC
SKU-USR-062-011,USR-062,Household,Up&Up Disinfecting Wipes 75ct,Private-label wipes — household essentials.,"private_label,value",private_label,True,value,9.01,2-liter,Aisle 15–17 — Household,3,37,0.265,983089354284,Target DC
SKU-USR-062-012,USR-062,Dairy,Farm Fresh 2% Milk Gallon,Locally sourced milk — vitamin D fortified.,value,national,True,value,1.64,16 oz,Aisle 1 — Cooler Wall,2,53,0.189,959211495193,Global Consumer Goods
SKU-USR-062-013,USR-062,Beverages,Sparkling Water 12-Pack,Zero calorie flavored seltzer — variety pack.,premium,national,True,premium,9.9,6-pack,Aisle 2–3 — Cooler & Shelf,3,19,0.263,517246478482,Regional Foods LLC
SKU-USR-062-014,USR-062,Snacks,Favorite Day Cookie Butter Cookies,Private-label snack — impulse endcap item.,"private_label,premium",private_label,True,premium,50.79,10 oz,Aisle 14 — Impulse / Endcap,2,27,0.327,408874781843,Target DC
SKU-USR-062-015,USR-062,Snacks,Protein Trail Mix Grab & Go,"Almonds, cashews, dried cranberries — 10g protein per serving.",premium,regional,True,premium,39.61,10 oz,Aisle 14 — Impulse / Endcap,2,19,0.14,882404529523,Global Consumer Goods
SKU-USR-062-016,USR-062,Frozen,Frozen Vegetable Stir-Fry Blend,"Broccoli, peppers, snap peas — steam in bag.",value,national,True,value,11.26,24 ct,Aisle 23–25 — Freezer Bank,3,59,0.195,899166347356,Regional Foods LLC
SKU-USR-062-017,USR-062,Beverages,Cola 2-Liter Bottle,Classic cola — promotional multipack available.,value,national,True,value,3.14,1 gallon,Aisle 2–3 — Cooler & Shelf,1,33,0.089,936102656291,Regional Foods LLC
SKU-USR-063-001,USR-063,Household,Concentrated Laundry Detergent,HE compatible — 64 load bottle.,value,regional,True,value,3.58,16 oz,Aisle 15–17 — Household,4,46,0.102,966311975724,Regional Foods LLC
SKU-USR-063-002,USR-063,Beverages,Cold Brew Coffee Concentrate,Ready-to-drink cold brew — premium arabica beans.,premium,national,True,premium,26.86,4-pack,Aisle 2–3 — Cooler & Shelf,5,20,0.151,999915345289,National Brands Co
SKU-USR-063-003,USR-063,Snacks,Store Brand Tortilla Chips,Restaurant style chips — great for parties.,"private_label,value",private_label,True,value,1.57,1 lb,Aisle 14 — Impulse / Endcap,2,56,0.264,513801634292,Kroger DC
SKU-USR-063-004,USR-063,Fresh Produce,Organic Baby Spinach 5oz,Triple washed organic greens — salad ready.,"organic,premium",national,False,premium,38.91,32 oz,Produce Section — Front Perimeter,1,21,0.21,251726266982,Global Consumer Goods
SKU-USR-063-005,USR-063,Fresh Produce,Local Seasonal Berry Mix,Farm partnership program — peak season berries.,"seasonal,premium",regional,True,premium,14.56,32 oz,Produce Section — Front Perimeter,3,23,0.144,800594798648,National Brands Co
SKU-USR-063-006,USR-063,Frozen,Premium Ice Cream Pint,Super-premium butterfat — limited edition flavor.,premium,national,True,premium,47.63,2 lb,Aisle 23–25 — Freezer Bank,5,18,0.101,550869304711,National Brands Co
SKU-USR-063-007,USR-063,Frozen,Family Pizza Night 3-Pack,"Frozen pizzas — cheese, pepperoni, veggie variety.",value,national,True,value,7.56,24 ct,Aisle 23–25 — Freezer Bank,2,46,0.089,792354404065,Global Consumer Goods
SKU-USR-063-008,USR-063,Snacks,Protein Trail Mix Grab & Go,"Almonds, cashews, dried cranberries — 10g protein per serving.",premium,national,True,premium,69.07,2 lb,Aisle 14 — Impulse / Endcap,5,19,0.278,873779805516,Global Consumer Goods
SKU-USR-063-009,USR-063,Grocery,Gluten-Free Multigrain Loaf,Certified gluten-free bread with seeds and ancient grains.,"gluten_free,premium",regional,True,premium,12.52,10 oz,Aisle 4–12 — Center Store,3,15,0.171,230020735570,Regional Foods LLC
SKU-USR-063-010,USR-063,Health & Beauty,Sensitive Skin Moisturizer,Dermatologist tested — fragrance free daily lotion.,premium,national,True,premium,50.53,8 oz,Aisle 18–22 — HBC,4,23,0.083,476605963114,Global Consumer Goods
SKU-USR-063-011,USR-063,Household,Eco-Friendly Surface Cleaner,Plant-based spray — safe for kitchen counters.,"organic,premium",regional,True,premium,31.68,8 oz,Aisle 15–17 — Household,2,19,0.223,672060417401,Regional Foods LLC
SKU-USR-063-012,USR-063,Snacks,Classic Potato Chips Family Size,Crispy kettle chips — original sea salt flavor.,value,national,True,value,5.92,16 oz,Aisle 14 — Impulse / Endcap,1,38,0.121,109050799377,National Brands Co
SKU-USR-063-013,USR-063,Dairy,Plant-Based Oat Milk,Barista blend oat milk — dairy-free alternative.,"premium,plant_based",national,True,premium,24.31,8 oz,Aisle 1 — Cooler Wall,2,14,0.184,346551555993,Global Consumer Goods
SKU-USR-063-014,USR-063,Grocery,Organic Whole Grain Bread,Artisan loaf baked daily with organic whole wheat flour.,"organic,premium",regional,True,premium,29.46,6-pack,Aisle 4–12 — Center Store,5,23,0.267,227574225519,Regional Foods LLC
SKU-USR-063-015,USR-063,Grocery,Value White Bread,Soft sandwich bread — family pack at everyday low price.,value,national,True,value,2.97,16 oz,Aisle 4–12 — Center Store,2,47,0.144,516256422597,National Brands Co
SKU-USR-063-016,USR-063,Health & Beauty,Organic Lip Balm 3-Pack,Beeswax and coconut oil — USDA organic.,"organic,premium",national,True,premium,45.79,10 oz,Aisle 18–22 — HBC,3,16,0.112,541843130764,Global Consumer Goods
SKU-USR-063-017,USR-063,Household,Paper Towels 8-Roll Pack,Absorbent sheets — store brand savings.,"private_label,value",private_label,True,value,9.53,2-liter,Aisle 15–17 — Household,4,35,0.293,997214327910,Kroger DC
SKU-USR-063-018,USR-063,Dairy,Organic Greek Yogurt 4-Pack,"Thick strained yogurt, live cultures, no artificial sweeteners.","organic,premium",regional,True,premium,56.73,8 oz,Aisle 1 — Cooler Wall,5,23,0.213,806636575677,Regional Foods LLC
SKU-USR-063-019,USR-063,Fresh Produce,Bananas per lb,Everyday fruit staple — ripen at home.,value,national,True,value,9.93,24 ct,Produce Section — Front Perimeter,4,51,0.119,515878664839,Global Consumer Goods
SKU-USR-064-001,USR-064,Dairy,Organic Greek Yogurt 4-Pack,"Thick strained yogurt, live cultures, no artificial sweeteners.","organic,premium",national,True,premium,82.15,32 oz,Aisle 1 — Cooler Wall,6,16,0.095,986580471610,Regional Foods LLC
SKU-USR-064-002,USR-064,Household,Paper Towels 8-Roll Pack,Absorbent sheets — store brand savings.,"private_label,value",private_label,True,value,7.37,1 gallon,Aisle 15–17 — Household,4,53,0.365,990332631393,Costco DC
SKU-USR-064-003,USR-064,Health & Beauty,Value Shampoo Family Size,Everyday clean formula — large bottle value pack.,value,national,True,value,4.81,24 ct,Aisle 18–22 — HBC,2,45,0.211,603825621019,National Brands Co
SKU-USR-064-004,USR-064,Fresh Produce,Organic Baby Spinach 5oz,Triple washed organic greens — salad ready.,"organic,premium",national,True,premium,66.26,4-pack,Produce Section — Front Perimeter,5,15,0.168,615353958502,Regional Foods LLC
SKU-USR-064-005,USR-064,Health & Beauty,Organic Lip Balm 3-Pack,Beeswax and coconut oil — USDA organic.,"organic,premium",national,True,premium,65.48,8 oz,Aisle 18–22 — HBC,5,17,0.174,539761730805,Regional Foods LLC
SKU-USR-064-006,USR-064,Household,Eco-Friendly Surface Cleaner,Plant-based spray — safe for kitchen counters.,"organic,premium",regional,True,premium,72.51,6-pack,Aisle 15–17 — Household,4,20,0.148,938944821293,Global Consumer Goods
SKU-USR-064-007,USR-064,Grocery,Kirkland Signature Olive Oil 2L,Extra virgin — pantry staple in club size.,"private_label,premium",private_label,True,premium,89.93,10 oz,Aisle 4–12 — Center Store,4,18,0.231,137779170998,Costco DC
SKU-USR-064-008,USR-064,Household,Concentrated Laundry Detergent,HE compatible — 64 load bottle.,value,national,True,value,5.01,1 gallon,Aisle 15–17 — Household,6,41,0.233,831278768394,National Brands Co
SKU-USR-064-009,USR-064,Health & Beauty,Sensitive Skin Moisturizer,Dermatologist tested — fragrance free daily lotion.,premium,national,True,premium,16.63,6-pack,Aisle 18–22 — HBC,4,16,0.153,804962470097,National Brands Co
SKU-USR-064-010,USR-064,Snacks,Protein Trail Mix Grab & Go,"Almonds, cashews, dried cranberries — 10g protein per serving.",premium,national,True,premium,20.63,6-pack,Aisle 14 — Impulse / Endcap,7,10,0.188,471364138643,Regional Foods LLC
SKU-USR-064-011,USR-064,Household,Kirkland Signature Paper Towels 12-Pack,Warehouse bulk pack — high-velocity SKU.,"private_label,premium",private_label,True,premium,37.9,10 oz,Aisle 15–17 — Household,7,20,0.358,400094897133,Costco DC
SKU-USR-064-012,USR-064,Fresh Produce,Local Seasonal Berry Mix,Farm partnership program — peak season berries.,"seasonal,premium",national,True,premium,13.4,32 oz,Produce Section — Front Perimeter,7,17,0.23,326840562931,National Brands Co
SKU-USR-064-013,USR-064,Beverages,Cold Brew Coffee Concentrate,Ready-to-drink cold brew — premium arabica beans.,premium,national,True,premium,28.32,32 oz,Aisle 2–3 — Cooler & Shelf,7,18,0.273,342455201368,Global Consumer Goods
SKU-USR-064-014,USR-064,Snacks,Classic Potato Chips Family Size,Crispy kettle chips — original sea salt flavor.,value,national,True,value,4.8,1 lb,Aisle 14 — Impulse / Endcap,6,41,0.228,166471312450,Regional Foods LLC
SKU-USR-064-015,USR-064,Dairy,Farm Fresh 2% Milk Gallon,Locally sourced milk — vitamin D fortified.,value,national,True,value,6.9,1 lb,Aisle 1 — Cooler Wall,5,42,0.083,718612953203,Regional Foods LLC
SKU-USR-064-016,USR-064,Grocery,Gluten-Free Multigrain Loaf,Certified gluten-free bread with seeds and ancient grains.,"gluten_free,premium",national,True,premium,21.79,32 oz,Aisle 4–12 — Center Store,7,11,0.182,346390573749,Regional Foods LLC
SKU-USR-064-017,USR-064,Dairy,Plant-Based Oat Milk,Barista blend oat milk — dairy-free alternative.,"premium,plant_based",regional,True,premium,71.32,8 oz,Aisle 1 — Cooler Wall,6,25,0.198,699628729673,Regional Foods LLC
SKU-USR-064-018,USR-064,Frozen,Premium Ice Cream Pint,Super-premium butterfat — limited edition flavor.,premium,national,True,premium,63.82,6-pack,Aisle 23–25 — Freezer Bank,6,19,0.247,750526778309,Regional Foods LLC
SKU-USR-064-019,USR-064,Beverages,Cola 2-Liter Bottle,Classic cola — promotional multipack available.,value,national,True,value,2.1,12 oz,Aisle 2–3 — Cooler & Shelf,7,50,0.091,474473666706,Global Consumer Goods
SKU-USR-065-001,USR-065,Fresh Produce,Bananas per lb,Everyday fruit staple — ripen at home.,value,national,False,value,4.64,12 oz,Produce Section — Front Perimeter,4,46,0.13,418059806880,Regional Foods LLC
SKU-USR-065-002,USR-065,Dairy,Farm Fresh 2% Milk Gallon,Locally sourced milk — vitamin D fortified.,value,national,True,value,2.41,2-liter,Aisle 1 — Cooler Wall,4,48,0.118,917963991643,Regional Foods LLC
SKU-USR-065-003,USR-065,Dairy,Organic Greek Yogurt 4-Pack,"Thick strained yogurt, live cultures, no artificial sweeteners.","organic,premium",national,True,premium,40.89,6-pack,Aisle 1 — Cooler Wall,5,18,0.124,561793502255,National Brands Co
SKU-USR-065-004,USR-065,Beverages,Sparkling Water 12-Pack,Zero calorie flavored seltzer — variety pack.,premium,national,True,premium,80.49,6-pack,Aisle 2–3 — Cooler & Shelf,1,13,0.265,646073794647,Global Consumer Goods
SKU-USR-065-005,USR-065,Grocery,Organic Whole Grain Bread,Artisan loaf baked daily with organic whole wheat flour.,"organic,premium",national,True,premium,70.4,6-pack,Aisle 4–12 — Center Store,4,13,0.177,819598712736,Global Consumer Goods
SKU-USR-065-006,USR-065,Health & Beauty,Organic Lip Balm 3-Pack,Beeswax and coconut oil — USDA organic.,"organic,premium",national,True,premium,62.05,8 oz,Aisle 18–22 — HBC,4,20,0.127,472878269712,National Brands Co
SKU-USR-065-007,USR-065,Frozen,Family Pizza Night 3-Pack,"Frozen pizzas — cheese, pepperoni, veggie variety.",value,national,True,value,9.53,12 oz,Aisle 23–25 — Freezer Bank,1,56,0.097,534315162066,Regional Foods LLC
SKU-USR-065-008,USR-065,Snacks,Classic Potato Chips Family Size,Crispy kettle chips — original sea salt flavor.,value,regional,True,value,12.53,12 oz,Aisle 14 — Impulse / Endcap,5,46,0.249,777156562071,National Brands Co
SKU-USR-065-009,USR-065,Dairy,Plant-Based Oat Milk,Barista blend oat milk — dairy-free alternative.,"premium,plant_based",national,True,premium,77.61,10 oz,Aisle 1 — Cooler Wall,4,15,0.154,721511583092,Global Consumer Goods
SKU-USR-065-010,USR-065,Household,Paper Towels 8-Roll Pack,Absorbent sheets — store brand savings.,"private_label,value",private_label,True,value,11.45,2-liter,Aisle 15–17 — Household,3,30,0.419,172440499941,Albertsons DC
SKU-USR-065-011,USR-065,Snacks,Store Brand Tortilla Chips,Restaurant style chips — great for parties.,"private_label,value",private_label,True,value,11.21,1 lb,Aisle 14 — Impulse / Endcap,1,54,0.385,375637551650,Albertsons DC
SKU-USR-065-012,USR-065,Beverages,Cola 2-Liter Bottle,Classic cola — promotional multipack available.,value,national,True,value,4.96,24 ct,Aisle 2–3 — Cooler & Shelf,1,41,0.242,855505589162,Regional Foods LLC
SKU-USR-065-013,USR-065,Frozen,Premium Ice Cream Pint,Super-premium butterfat — limited edition flavor.,premium,national,True,premium,73.18,8 oz,Aisle 23–25 — Freezer Bank,2,15,0.176,700615459898,Regional Foods LLC
SKU-USR-065-014,USR-065,Frozen,Frozen Vegetable Stir-Fry Blend,"Broccoli, peppers, snap peas — steam in bag.",value,national,True,value,7.76,12 oz,Aisle 23–25 — Freezer Bank,3,36,0.136,245812661189,National Brands Co
SKU-USR-065-015,USR-065,Beverages,Cold Brew Coffee Concentrate,Ready-to-drink cold brew — premium arabica beans.,premium,regional,True,premium,32.32,10 oz,Aisle 2–3 — Cooler & Shelf,1,24,0.251,809900543076,National Brands Co
SKU-USR-065-016,USR-065,Grocery,Gluten-Free Multigrain Loaf,Certified gluten-free bread with seeds and ancient grains.,"gluten_free,premium",national,True,premium,33.84,32 oz,Aisle 4–12 — Center Store,5,16,0.267,512174633326,Global Consumer Goods
SKU-USR-065-017,USR-065,Fresh Produce,Organic Baby Spinach 5oz,Triple washed organic greens — salad ready.,"organic,premium",national,True,premium,59.74,32 oz,Produce Section — Front Perimeter,5,9,0.14,441398973059,National Brands Co
SKU-USR-066-001,USR-066,Grocery,Organic Whole Grain Bread,Artisan loaf baked daily with organic whole wheat flour.,"organic,premium",national,True,premium,54.86,8 oz,Aisle 4–12 — Center Store,3,19,0.099,799021274858,National Brands Co
SKU-USR-066-002,USR-066,Grocery,Gluten-Free Multigrain Loaf,Certified gluten-free bread with seeds and ancient grains.,"gluten_free,premium",regional,True,premium,31.59,8 oz,Aisle 4–12 — Center Store,5,16,0.153,710182111294,Regional Foods LLC
SKU-USR-066-003,USR-066,Household,Paper Towels 8-Roll Pack,Absorbent sheets — store brand savings.,"private_label,value",private_label,True,value,6.76,24 ct,Aisle 15–17 — Household,4,40,0.338,551398568254,Publix DC
SKU-USR-066-004,USR-066,Fresh Produce,Local Seasonal Berry Mix,Farm partnership program — peak season berries.,"seasonal,premium",national,True,premium,65.62,8 oz,Produce Section — Front Perimeter,4,23,0.249,468635830232,Global Consumer Goods
SKU-USR-066-005,USR-066,Health & Beauty,Value Shampoo Family Size,Everyday clean formula — large bottle value pack.,value,national,True,value,2.4,24 ct,Aisle 18–22 — HBC,2,36,0.084,371196155542,Global Consumer Goods
SKU-USR-066-006,USR-066,Grocery,Value White Bread,Soft sandwich bread — family pack at everyday low price.,value,national,True,value,10.75,16 oz,Aisle 4–12 — Center Store,1,42,0.27,467380475893,Global Consumer Goods
SKU-USR-066-007,USR-066,Dairy,Farm Fresh 2% Milk Gallon,Locally sourced milk — vitamin D fortified.,value,national,True,value,6.27,1 gallon,Aisle 1 — Cooler Wall,2,50,0.127,204976935026,Regional Foods LLC
SKU-USR-066-008,USR-066,Beverages,Cola 2-Liter Bottle,Classic cola — promotional multipack available.,value,national,True,value,9.91,16 oz,Aisle 2–3 — Cooler & Shelf,5,39,0.088,647851580944,Global Consumer Goods
SKU-USR-066-009,USR-066,Household,Concentrated Laundry Detergent,HE compatible — 64 load bottle.,value,national,True,value,6.74,24 ct,Aisle 15–17 — Household,4,43,0.254,101657249618,Global Consumer Goods
SKU-USR-066-010,USR-066,Health & Beauty,Organic Lip Balm 3-Pack,Beeswax and coconut oil — USDA organic.,"organic,premium",national,True,premium,31.03,4-pack,Aisle 18–22 — HBC,2,14,0.254,422319458808,Global Consumer Goods
SKU-USR-066-011,USR-066,Frozen,Premium Ice Cream Pint,Super-premium butterfat — limited edition flavor.,premium,regional,True,premium,51.26,10 oz,Aisle 23–25 — Freezer Bank,1,25,0.149,203457512611,Global Consumer Goods
SKU-USR-066-012,USR-066,Frozen,Family Pizza Night 3-Pack,"Frozen pizzas — cheese, pepperoni, veggie variety.",value,regional,True,value,11.25,1 lb,Aisle 23–25 — Freezer Bank,3,51,0.084,160266357224,National Brands Co
SKU-USR-066-013,USR-066,Dairy,Plant-Based Oat Milk,Barista blend oat milk — dairy-free alternative.,"premium,plant_based",regional,True,premium,51.12,32 oz,Aisle 1 — Cooler Wall,1,14,0.154,631468444520,Global Consumer Goods
SKU-USR-066-014,USR-066,Fresh Produce,Bananas per lb,Everyday fruit staple — ripen at home.,value,national,True,value,7.44,24 ct,Produce Section — Front Perimeter,1,37,0.152,521879137195,Regional Foods LLC
SKU-USR-066-015,USR-066,Dairy,Organic Greek Yogurt 4-Pack,"Thick strained yogurt, live cultures, no artificial sweeteners.","organic,premium",regional,True,premium,78.63,10 oz,Aisle 1 — Cooler Wall,2,15,0.111,551415239016,Regional Foods LLC
SKU-USR-066-016,USR-066,Household,Eco-Friendly Surface Cleaner,Plant-based spray — safe for kitchen counters.,"organic,premium",national,True,premium,87.85,32 oz,Aisle 15–17 — Household,4,21,0.183,222772761800,Global Consumer Goods
SKU-USR-066-017,USR-066,Frozen,Frozen Vegetable Stir-Fry Blend,"Broccoli, peppers, snap peas — steam in bag.",value,national,True,value,4.43,12 oz,Aisle 23–25 — Freezer Bank,2,42,0.114,436178622825,National Brands Co
SKU-USR-067-001,USR-067,Fresh Produce,Wild-Caught Sockeye Salmon Fillet,Sustainable seafood — seafood counter.,"organic,premium",national,False,premium,83.59,32 oz,Produce Section — Front Perimeter,2,25,0.2,660355574142,National Brands Co
SKU-USR-067-002,USR-067,Fresh Produce,Organic Baby Spinach 5oz,Triple washed organic greens — salad ready.,"organic,premium",national,True,premium,67.5,10 oz,Produce Section — Front Perimeter,5,17,0.185,571879191539,Regional Foods LLC
SKU-USR-067-003,USR-067,Beverages,Sparkling Water 12-Pack,Zero calorie flavored seltzer — variety pack.,premium,national,True,premium,41.95,2 lb,Aisle 2–3 — Cooler & Shelf,1,17,0.161,694881394331,Global Consumer Goods
SKU-USR-067-004,USR-067,Fresh Produce,Organic Heirloom Tomatoes,Peak-season produce — local farm partner.,"organic,seasonal,premium",regional,True,premium,80.06,8 oz,Produce Section — Front Perimeter,3,19,0.149,685875401515,Global Consumer Goods
SKU-USR-067-005,USR-067,Grocery,365 Organic Almond Butter,House brand nut butter — clean ingredients.,"organic,premium,private_label",private_label,True,premium,70.32,32 oz,Aisle 4–12 — Center Store,3,14,0.304,967086688282,Whole Foods DC
SKU-USR-067-006,USR-067,Health & Beauty,Value Shampoo Family Size,Everyday clean formula — large bottle value pack.,value,regional,True,value,12.72,12 oz,Aisle 18–22 — HBC,4,52,0.083,570591416233,National Brands Co
SKU-USR-067-007,USR-067,Grocery,Gluten-Free Multigrain Loaf,Certified gluten-free bread with seeds and ancient grains.,"gluten_free,premium",national,True,premium,69.81,4-pack,Aisle 4–12 — Center Store,3,18,0.15,768741758698,Global Consumer Goods
SKU-USR-067-008,USR-067,Grocery,Value White Bread,Soft sandwich bread — family pack at everyday low price.,value,national,True,value,4.13,24 ct,Aisle 4–12 — Center Store,2,39,0.277,490675958655,Regional Foods LLC
SKU-USR-067-009,USR-067,Fresh Produce,Local Seasonal Berry Mix,Farm partnership program — peak season berries.,"seasonal,premium",national,True,premium,27.02,4-pack,Produce Section — Front Perimeter,4,20,0.169,590305953619,Global Consumer Goods
SKU-USR-067-010,USR-067,Frozen,Frozen Vegetable Stir-Fry Blend,"Broccoli, peppers, snap peas — steam in bag.",value,national,True,value,9.76,12 oz,Aisle 23–25 — Freezer Bank,3,36,0.122,615964719490,Regional Foods LLC
SKU-USR-067-011,USR-067,Beverages,Cola 2-Liter Bottle,Classic cola — promotional multipack available.,value,regional,True,value,4.23,1 lb,Aisle 2–3 — Cooler & Shelf,5,59,0.192,843281507671,Global Consumer Goods
SKU-USR-067-012,USR-067,Fresh Produce,Bananas per lb,Everyday fruit staple — ripen at home.,value,national,True,value,3.98,2-liter,Produce Section — Front Perimeter,4,41,0.199,648254547207,Global Consumer Goods
SKU-USR-067-013,USR-067,Snacks,Classic Potato Chips Family Size,Crispy kettle chips — original sea salt flavor.,value,regional,True,value,6.48,2-liter,Aisle 14 — Impulse / Endcap,5,55,0.241,426091767055,National Brands Co
SKU-USR-067-014,USR-067,Household,Eco-Friendly Surface Cleaner,Plant-based spray — safe for kitchen counters.,"organic,premium",national,True,premium,54.19,2 lb,Aisle 15–17 — Household,4,24,0.126,238438629140,Regional Foods LLC
SKU-USR-067-015,USR-067,Health & Beauty,Organic Lip Balm 3-Pack,Beeswax and coconut oil — USDA organic.,"organic,premium",national,True,premium,52.71,4-pack,Aisle 18–22 — HBC,1,27,0.099,972518500289,Global Consumer Goods
SKU-USR-068-001,USR-068,Grocery,Value White Bread,Soft sandwich bread — family pack at everyday low price.,value,regional,True,value,7.81,1 gallon,Aisle 4–12 — Center Store,3,50,0.225,224730915699,Global Consumer Goods
SKU-USR-068-002,USR-068,Dairy,Farm Fresh 2% Milk Gallon,Locally sourced milk — vitamin D fortified.,value,national,True,value,4.36,12 oz,Aisle 1 — Cooler Wall,2,46,0.102,751044873057,National Brands Co
SKU-USR-068-003,USR-068,Frozen,Family Pizza Night 3-Pack,"Frozen pizzas — cheese, pepperoni, veggie variety.",value,national,True,value,8.24,2-liter,Aisle 23–25 — Freezer Bank,3,41,0.212,141074113272,National Brands Co
SKU-USR-068-004,USR-068,Grocery,Gluten-Free Multigrain Loaf,Certified gluten-free bread with seeds and ancient grains.,"gluten_free,premium",national,True,premium,9.24,8 oz,Aisle 4–12 — Center Store,3,14,0.188,588631327670,National Brands Co
SKU-USR-068-005,USR-068,Health & Beauty,Sensitive Skin Moisturizer,Dermatologist tested — fragrance free daily lotion.,premium,national,True,premium,76.92,10 oz,Aisle 18–22 — HBC,5,20,0.102,691199325134,Regional Foods LLC
SKU-USR-068-006,USR-068,Fresh Produce,Bananas per lb,Everyday fruit staple — ripen at home.,value,regional,True,value,3.9,2-liter,Produce Section — Front Perimeter,3,50,0.224,429849553621,National Brands Co
SKU-USR-068-007,USR-068,Fresh Produce,Local Seasonal Berry Mix,Farm partnership program — peak season berries.,"seasonal,premium",regional,True,premium,28.18,10 oz,Produce Section — Front Perimeter,4,16,0.145,438855374691,Regional Foods LLC
SKU-USR-068-008,USR-068,Dairy,Plant-Based Oat Milk,Barista blend oat milk — dairy-free alternative.,"premium,plant_based",regional,True,premium,46.82,6-pack,Aisle 1 — Cooler Wall,1,18,0.228,784019185393,Global Consumer Goods
SKU-USR-068-009,USR-068,Snacks,Store Brand Tortilla Chips,Restaurant style chips — great for parties.,"private_label,value",private_label,True,value,3.28,24 ct,Aisle 14 — Impulse / Endcap,3,46,0.218,766081316229,CVS DC
SKU-USR-068-010,USR-068,Health & Beauty,Value Shampoo Family Size,Everyday clean formula — large bottle value pack.,value,national,False,value,10.83,1 lb,Aisle 18–22 — HBC,1,45,0.103,442342966666,Regional Foods LLC
SKU-USR-068-011,USR-068,Snacks,Classic Potato Chips Family Size,Crispy kettle chips — original sea salt flavor.,value,national,True,value,5.35,2-liter,Aisle 14 — Impulse / Endcap,1,35,0.121,406138228413,Regional Foods LLC
SKU-USR-068-012,USR-068,Dairy,Organic Greek Yogurt 4-Pack,"Thick strained yogurt, live cultures, no artificial sweeteners.","organic,premium",regional,True,premium,28.09,2 lb,Aisle 1 — Cooler Wall,1,21,0.191,667461684594,Regional Foods LLC
SKU-USR-068-013,USR-068,Frozen,Frozen Vegetable Stir-Fry Blend,"Broccoli, peppers, snap peas — steam in bag.",value,regional,True,value,8.28,1 lb,Aisle 23–25 — Freezer Bank,2,48,0.256,759210164633,Regional Foods LLC
SKU-USR-068-014,USR-068,Health & Beauty,Beauty 360 Facial Tissues,Soft tissues — health & wellness aisle.,"private_label,value",private_label,True,value,8.39,1 gallon,Aisle 18–22 — HBC,4,52,0.234,520461899827,CVS DC
SKU-USR-068-015,USR-068,Snacks,Protein Trail Mix Grab & Go,"Almonds, cashews, dried cranberries — 10g protein per serving.",premium,regional,True,premium,59.96,4-pack,Aisle 14 — Impulse / Endcap,3,19,0.275,103361983655,Global Consumer Goods
SKU-USR-068-016,USR-068,Health & Beauty,CVS Health Ibuprofen 200mg,Private-label pain relief — front-store anchor.,"private_label,value",private_label,True,value,3.48,16 oz,Aisle 18–22 — HBC,3,35,0.262,164093167735,CVS DC
SKU-USR-068-017,USR-068,Household,Eco-Friendly Surface Cleaner,Plant-based spray — safe for kitchen counters.,"organic,premium",national,True,premium,62.41,4-pack,Aisle 15–17 — Household,2,16,0.168,974796118969,Regional Foods LLC
SKU-USR-068-018,USR-068,Beverages,Cold Brew Coffee Concentrate,Ready-to-drink cold brew — premium arabica beans.,premium,national,True,premium,72.02,4-pack,Aisle 2–3 — Cooler & Shelf,2,15,0.229,605622320184,Global Consumer Goods
SKU-USR-069-001,USR-069,Fresh Produce,Bananas per lb,Everyday fruit staple — ripen at home.,value,regional,True,value,3.2,12 oz,Produce Section — Front Perimeter,1,43,0.212,934413888402,National Brands Co
SKU-USR-069-002,USR-069,Beverages,Nice! Purified Water 24-Pack,Private-label beverage multipack.,"private_label,value",private_label,True,value,4.44,16 oz,Aisle 2–3 — Cooler & Shelf,3,41,0.197,540317199502,Walgreens DC
SKU-USR-069-003,USR-069,Fresh Produce,Organic Baby Spinach 5oz,Triple washed organic greens — salad ready.,"organic,premium",national,True,premium,20.81,6-pack,Produce Section — Front Perimeter,3,14,0.125,351998142773,National Brands Co
SKU-USR-069-004,USR-069,Household,Photo Print 4x6 50-Pack,Photo service SKU — services attachment.,value,national,True,value,7.09,24 ct,Aisle 15–17 — Household,5,38,0.19,942768762785,National Brands Co
SKU-USR-069-005,USR-069,Dairy,Organic Greek Yogurt 4-Pack,"Thick strained yogurt, live cultures, no artificial sweeteners.","organic,premium",national,True,premium,62.03,32 oz,Aisle 1 — Cooler Wall,3,19,0.259,207277174316,Global Consumer Goods
SKU-USR-069-006,USR-069,Household,Concentrated Laundry Detergent,HE compatible — 64 load bottle.,value,national,True,value,10.59,2-liter,Aisle 15–17 — Household,2,48,0.167,435300373823,Global Consumer Goods
SKU-USR-069-007,USR-069,Household,Eco-Friendly Surface Cleaner,Plant-based spray — safe for kitchen counters.,"organic,premium",national,True,premium,66.37,32 oz,Aisle 15–17 — Household,4,15,0.109,981259280424,Regional Foods LLC
SKU-USR-069-008,USR-069,Beverages,Sparkling Water 12-Pack,Zero calorie flavored seltzer — variety pack.,premium,national,True,premium,51.73,4-pack,Aisle 2–3 — Cooler & Shelf,5,28,0.157,141100449204,Global Consumer Goods
SKU-USR-069-009,USR-069,Grocery,Gluten-Free Multigrain Loaf,Certified gluten-free bread with seeds and ancient grains.,"gluten_free,premium",national,False,premium,51.05,32 oz,Aisle 4–12 — Center Store,5,23,0.081,818840897525,Regional Foods LLC
SKU-USR-069-010,USR-069,Grocery,Value White Bread,Soft sandwich bread — family pack at everyday low price.,value,national,True,value,9.95,1 lb,Aisle 4–12 — Center Store,3,43,0.129,600801980374,Global Consumer Goods
SKU-USR-069-011,USR-069,Grocery,Organic Whole Grain Bread,Artisan loaf baked daily with organic whole wheat flour.,"organic,premium",national,True,premium,84.18,2 lb,Aisle 4–12 — Center Store,5,15,0.084,634836240006,Global Consumer Goods
SKU-USR-069-012,USR-069,Health & Beauty,Sensitive Skin Moisturizer,Dermatologist tested — fragrance free daily lotion.,premium,national,True,premium,27.95,10 oz,Aisle 18–22 — HBC,2,24,0.158,394604552668,National Brands Co
SKU-USR-069-013,USR-069,Household,Paper Towels 8-Roll Pack,Absorbent sheets — store brand savings.,"private_label,value",private_label,True,value,3.35,1 gallon,Aisle 15–17 — Household,4,51,0.171,881388533940,Walgreens DC
SKU-USR-069-014,USR-069,Beverages,Cola 2-Liter Bottle,Classic cola — promotional multipack available.,value,national,True,value,12.47,16 oz,Aisle 2–3 — Cooler & Shelf,4,46,0.089,557567453490,Global Consumer Goods
SKU-USR-069-015,USR-069,Dairy,Plant-Based Oat Milk,Barista blend oat milk — dairy-free alternative.,"premium,plant_based",national,True,premium,74.26,4-pack,Aisle 1 — Cooler Wall,1,15,0.278,914132315697,Global Consumer Goods
SKU-USR-069-016,USR-069,Snacks,Protein Trail Mix Grab & Go,"Almonds, cashews, dried cranberries — 10g protein per serving.",premium,national,True,premium,11.3,32 oz,Aisle 14 — Impulse / Endcap,2,20,0.216,648057553685,Global Consumer Goods
SKU-USR-069-017,USR-069,Dairy,Farm Fresh 2% Milk Gallon,Locally sourced milk — vitamin D fortified.,value,national,True,value,9.93,12 oz,Aisle 1 — Cooler Wall,3,57,0.269,939927307575,Global Consumer Goods
SKU-USR-070-001,USR-070,Health & Beauty,Sensitive Skin Moisturizer,Dermatologist tested — fragrance free daily lotion.,premium,national,True,premium,35.83,10 oz,Aisle 18–22 — HBC,2,20,0.091,921424758009,National Brands Co
SKU-USR-070-002,USR-070,Fresh Produce,Local Seasonal Berry Mix,Farm partnership program — peak season berries.,"seasonal,premium",national,True,premium,38.14,6-pack,Produce Section — Front Perimeter,1,19,0.184,675105403422,Global Consumer Goods
SKU-USR-070-003,USR-070,Frozen,Premium Ice Cream Pint,Super-premium butterfat — limited edition flavor.,premium,national,True,premium,14.85,32 oz,Aisle 23–25 — Freezer Bank,5,19,0.141,874471675360,National Brands Co
SKU-USR-070-004,USR-070,Household,Eco-Friendly Surface Cleaner,Plant-based spray — safe for kitchen counters.,"organic,premium",regional,True,premium,62.4,10 oz,Aisle 15–17 — Household,4,14,0.135,370133264812,Regional Foods LLC
SKU-USR-070-005,USR-070,Frozen,Frozen Vegetable Stir-Fry Blend,"Broccoli, peppers, snap peas — steam in bag.",value,national,True,value,12.1,12 oz,Aisle 23–25 — Freezer Bank,5,47,0.196,277872597065,Global Consumer Goods
SKU-USR-070-006,USR-070,Health & Beauty,Value Shampoo Family Size,Everyday clean formula — large bottle value pack.,value,regional,True,value,11.72,12 oz,Aisle 18–22 — HBC,5,49,0.146,803956903355,Global Consumer Goods
SKU-USR-070-007,USR-070,Snacks,Protein Trail Mix Grab & Go,"Almonds, cashews, dried cranberries — 10g protein per serving.",premium,national,False,premium,50.76,10 oz,Aisle 14 — Impulse / Endcap,4,19,0.196,731646261309,Global Consumer Goods
SKU-USR-070-008,USR-070,Dairy,Farm Fresh 2% Milk Gallon,Locally sourced milk — vitamin D fortified.,value,regional,True,value,9.27,1 gallon,Aisle 1 — Cooler Wall,3,54,0.275,295156378027,Regional Foods LLC
SKU-USR-070-009,USR-070,Household,Concentrated Laundry Detergent,HE compatible — 64 load bottle.,value,national,True,value,10.6,24 ct,Aisle 15–17 — Household,5,44,0.213,141825709776,National Brands Co
SKU-USR-070-010,USR-070,Household,Paper Towels 8-Roll Pack,Absorbent sheets — store brand savings.,"private_label,value",private_label,True,value,6.13,12 oz,Aisle 15–17 — Household,4,46,0.145,229729982692,Home Depot DC
SKU-USR-070-011,USR-070,Grocery,Organic Whole Grain Bread,Artisan loaf baked daily with organic whole wheat flour.,"organic,premium",national,True,premium,24.34,6-pack,Aisle 4–12 — Center Store,4,15,0.244,409679876731,Regional Foods LLC
SKU-USR-070-012,USR-070,Beverages,Cola 2-Liter Bottle,Classic cola — promotional multipack available.,value,national,True,value,11.31,24 ct,Aisle 2–3 — Cooler & Shelf,4,49,0.202,363217765440,Global Consumer Goods
SKU-USR-070-013,USR-070,Household,2x4 Stud Lumber 8ft,Framing lumber — building materials bay.,value,national,True,value,2.02,1 lb,Aisle 15–17 — Household,4,47,0.11,867565309475,National Brands Co
SKU-USR-070-014,USR-070,Grocery,Value White Bread,Soft sandwich bread — family pack at everyday low price.,value,national,True,value,10.9,24 ct,Aisle 4–12 — Center Store,4,42,0.097,736754593769,National Brands Co
SKU-USR-071-001,USR-071,Household,Sta-Green Lawn Fertilizer 15M,Lawn care — seasonal category.,value,national,True,value,2.53,1 lb,Aisle 15–17 — Household,5,41,0.213,940820601203,Regional Foods LLC
SKU-USR-071-002,USR-071,Frozen,Family Pizza Night 3-Pack,"Frozen pizzas — cheese, pepperoni, veggie variety.",value,regional,True,value,6.94,24 ct,Aisle 23–25 — Freezer Bank,1,56,0.23,780378616137,Regional Foods LLC
SKU-USR-071-003,USR-071,Health & Beauty,Sensitive Skin Moisturizer,Dermatologist tested — fragrance free daily lotion.,premium,national,False,premium,41.65,4-pack,Aisle 18–22 — HBC,4,16,0.21,486028329870,Regional Foods LLC
SKU-USR-071-004,USR-071,Health & Beauty,Value Shampoo Family Size,Everyday clean formula — large bottle value pack.,value,national,True,value,6.87,1 lb,Aisle 18–22 — HBC,1,49,0.205,162543784248,Regional Foods LLC
SKU-USR-071-005,USR-071,Snacks,Classic Potato Chips Family Size,Crispy kettle chips — original sea salt flavor.,value,national,True,value,7.83,12 oz,Aisle 14 — Impulse / Endcap,2,43,0.251,220146595273,Regional Foods LLC
SKU-USR-071-006,USR-071,Fresh Produce,Organic Baby Spinach 5oz,Triple washed organic greens — salad ready.,"organic,premium",national,True,premium,35.29,6-pack,Produce Section — Front Perimeter,3,8,0.094,388773975658,Global Consumer Goods
SKU-USR-071-007,USR-071,Fresh Produce,Local Seasonal Berry Mix,Farm partnership program — peak season berries.,"seasonal,premium",national,True,premium,47.71,8 oz,Produce Section — Front Perimeter,5,23,0.094,808821256023,National Brands Co
SKU-USR-071-008,USR-071,Household,Eco-Friendly Surface Cleaner,Plant-based spray — safe for kitchen counters.,"organic,premium",national,True,premium,17.68,6-pack,Aisle 15–17 — Household,1,15,0.106,277470680769,Global Consumer Goods
SKU-USR-071-009,USR-071,Grocery,Organic Whole Grain Bread,Artisan loaf baked daily with organic whole wheat flour.,"organic,premium",national,True,premium,39.36,8 oz,Aisle 4–12 — Center Store,2,22,0.194,102553284002,Regional Foods LLC
SKU-USR-071-010,USR-071,Grocery,Gluten-Free Multigrain Loaf,Certified gluten-free bread with seeds and ancient grains.,"gluten_free,premium",national,True,premium,89.17,2 lb,Aisle 4–12 — Center Store,1,19,0.199,685463763630,Regional Foods LLC
SKU-USR-071-011,USR-071,Household,Paper Towels 8-Roll Pack,Absorbent sheets — store brand savings.,"private_label,value",private_label,True,value,3.82,16 oz,Aisle 15–17 — Household,3,51,0.209,272180920690,Lowe's DC
SKU-USR-071-012,USR-071,Household,Concentrated Laundry Detergent,HE compatible — 64 load bottle.,value,national,True,value,7.01,24 ct,Aisle 15–17 — Household,4,31,0.2,905270534895,National Brands Co
SKU-USR-071-013,USR-071,Grocery,Value White Bread,Soft sandwich bread — family pack at everyday low price.,value,national,True,value,12.09,12 oz,Aisle 4–12 — Center Store,1,45,0.237,996200540116,Global Consumer Goods
SKU-USR-071-014,USR-071,Household,Allen + Roth Vanity Light,Private-label lighting — home décor.,"private_label,premium",private_label,True,premium,41.99,6-pack,Aisle 15–17 — Household,3,15,0.397,209460623372,Lowe's DC
SKU-USR-071-015,USR-071,Household,Kobalt 24V Cordless Mower,Private-label outdoor power — spring seasonal.,"private_label,premium",private_label,True,premium,45.47,8 oz,Aisle 15–17 — Household,1,18,0.262,127811700796,Lowe's DC
SKU-USR-071-016,USR-071,Fresh Produce,Bananas per lb,Everyday fruit staple — ripen at home.,value,national,True,value,10.96,1 lb,Produce Section — Front Perimeter,5,46,0.23,295020439788,Regional Foods LLC
SKU-USR-071-017,USR-071,Beverages,Sparkling Water 12-Pack,Zero calorie flavored seltzer — variety pack.,premium,national,True,premium,28.67,2 lb,Aisle 2–3 — Cooler & Shelf,3,14,0.216,920518465686,Regional Foods LLC
SKU-USR-071-018,USR-071,Dairy,Plant-Based Oat Milk,Barista blend oat milk — dairy-free alternative.,"premium,plant_based",national,True,premium,84.16,2 lb,Aisle 1 — Cooler Wall,1,10,0.201,252560849094,Global Consumer Goods
SKU-USR-072-001,USR-072,Beverages,Cola 2-Liter Bottle,Classic cola — promotional multipack available.,value,national,True,value,3.16,1 lb,Aisle 2–3 — Cooler & Shelf,3,44,0.209,524870464739,National Brands Co
SKU-USR-072-002,USR-072,Household,Samsung Galaxy S26 Unlocked,Mobile handset — carrier partnership bay.,premium,national,True,premium,74.33,32 oz,Aisle 15–17 — Household,3,20,0.244,710134404409,Regional Foods LLC
SKU-USR-072-003,USR-072,Beverages,Cold Brew Coffee Concentrate,Ready-to-drink cold brew — premium arabica beans.,premium,regional,True,premium,9.06,4-pack,Aisle 2–3 — Cooler & Shelf,1,16,0.169,198577755120,Regional Foods LLC
SKU-USR-072-004,USR-072,Grocery,Value White Bread,Soft sandwich bread — family pack at everyday low price.,value,regional,True,value,8.44,16 oz,Aisle 4–12 — Center Store,2,38,0.159,236061138768,Regional Foods LLC
SKU-USR-072-005,USR-072,Health & Beauty,Sensitive Skin Moisturizer,Dermatologist tested — fragrance free daily lotion.,premium,national,True,premium,62.24,4-pack,Aisle 18–22 — HBC,2,23,0.216,333029307185,Regional Foods LLC
SKU-USR-072-006,USR-072,Household,Eco-Friendly Surface Cleaner,Plant-based spray — safe for kitchen counters.,"organic,premium",national,True,premium,22.44,4-pack,Aisle 15–17 — Household,1,10,0.087,599106923542,Global Consumer Goods
SKU-USR-072-007,USR-072,Snacks,Store Brand Tortilla Chips,Restaurant style chips — great for parties.,"private_label,value",private_label,True,value,10.81,12 oz,Aisle 14 — Impulse / Endcap,1,60,0.269,516954207871,Best Buy DC
SKU-USR-072-008,USR-072,Snacks,Classic Potato Chips Family Size,Crispy kettle chips — original sea salt flavor.,value,national,True,value,6.46,16 oz,Aisle 14 — Impulse / Endcap,3,43,0.158,866251470011,National Brands Co
SKU-USR-072-009,USR-072,Fresh Produce,Bananas per lb,Everyday fruit staple — ripen at home.,value,national,True,value,12.25,12 oz,Produce Section — Front Perimeter,3,41,0.199,747684321547,Regional Foods LLC
SKU-USR-072-010,USR-072,Frozen,Premium Ice Cream Pint,Super-premium butterfat — limited edition flavor.,premium,regional,True,premium,51.52,8 oz,Aisle 23–25 — Freezer Bank,2,22,0.088,951655313399,National Brands Co
SKU-USR-072-011,USR-072,Health & Beauty,Organic Lip Balm 3-Pack,Beeswax and coconut oil — USDA organic.,"organic,premium",national,True,premium,57.9,8 oz,Aisle 18–22 — HBC,2,14,0.176,399492222903,Global Consumer Goods
SKU-USR-072-012,USR-072,Household,Apple AirPods Pro (3rd Gen),Flagship audio — traffic-driving CE.,premium,regional,True,premium,44.5,6-pack,Aisle 15–17 — Household,5,19,0.134,191882676643,Global Consumer Goods
SKU-USR-072-013,USR-072,Dairy,Organic Greek Yogurt 4-Pack,"Thick strained yogurt, live cultures, no artificial sweeteners.","organic,premium",national,True,premium,69.36,10 oz,Aisle 1 — Cooler Wall,1,17,0.279,271306758915,Regional Foods LLC
SKU-USR-073-001,USR-073,Fresh Produce,Bananas per lb,Everyday fruit staple — ripen at home.,value,national,True,value,5.76,24 ct,Produce Section — Front Perimeter,5,39,0.135,458423101727,Global Consumer Goods
SKU-USR-073-002,USR-073,Beverages,Cola 2-Liter Bottle,Classic cola — promotional multipack available.,value,national,True,value,11.97,16 oz,Aisle 2–3 — Cooler & Shelf,4,44,0.201,491982924437,National Brands Co
SKU-USR-073-003,USR-073,Grocery,Gluten-Free Multigrain Loaf,Certified gluten-free bread with seeds and ancient grains.,"gluten_free,premium",national,True,premium,33.55,6-pack,Aisle 4–12 — Center Store,1,25,0.117,403571352634,Global Consumer Goods
SKU-USR-073-004,USR-073,Health & Beauty,Organic Lip Balm 3-Pack,Beeswax and coconut oil — USDA organic.,"organic,premium",national,True,premium,42.0,4-pack,Aisle 18–22 — HBC,3,28,0.203,895103417253,National Brands Co
SKU-USR-073-005,USR-073,Dairy,Farm Fresh 2% Milk Gallon,Locally sourced milk — vitamin D fortified.,value,national,True,value,12.11,24 ct,Aisle 1 — Cooler Wall,5,51,0.268,302113733823,Global Consumer Goods
SKU-USR-073-006,USR-073,Dairy,Organic Greek Yogurt 4-Pack,"Thick strained yogurt, live cultures, no artificial sweeteners.","organic,premium",national,True,premium,12.17,6-pack,Aisle 1 — Cooler Wall,3,20,0.117,230567942785,National Brands Co
SKU-USR-073-007,USR-073,Household,DG Home Paper Plates 100ct,Value party supplies — small box format.,"private_label,value",private_label,True,value,9.72,1 lb,Aisle 15–17 — Household,2,52,0.416,821272639435,Dollar General DC
SKU-USR-073-008,USR-073,Grocery,Organic Whole Grain Bread,Artisan loaf baked daily with organic whole wheat flour.,"organic,premium",national,True,premium,63.2,2 lb,Aisle 4–12 — Center Store,3,13,0.156,110707757479,National Brands Co
SKU-USR-073-009,USR-073,Frozen,Family Pizza Night 3-Pack,"Frozen pizzas — cheese, pepperoni, veggie variety.",value,national,True,value,4.79,12 oz,Aisle 23–25 — Freezer Bank,2,39,0.082,497385256055,Global Consumer Goods
SKU-USR-073-010,USR-073,Dairy,Plant-Based Oat Milk,Barista blend oat milk — dairy-free alternative.,"premium,plant_based",regional,True,premium,23.75,6-pack,Aisle 1 — Cooler Wall,4,17,0.091,552084460900,National Brands Co
SKU-USR-073-011,USR-073,Fresh Produce,Organic Baby Spinach 5oz,Triple washed organic greens — salad ready.,"organic,premium",regional,True,premium,67.32,10 oz,Produce Section — Front Perimeter,1,15,0.255,905325758714,Global Consumer Goods
SKU-USR-073-012,USR-073,Snacks,Store Brand Tortilla Chips,Restaurant style chips — great for parties.,"private_label,value",private_label,True,value,12.33,12 oz,Aisle 14 — Impulse / Endcap,3,39,0.234,628660599178,Dollar General DC
SKU-USR-073-013,USR-073,Health & Beauty,DG Health Pain Relief 50ct,Small-count OTC — rural convenience.,"private_label,value",private_label,True,value,6.82,24 ct,Aisle 18–22 — HBC,3,59,0.3,556494420189,Dollar General DC
SKU-USR-074-001,USR-074,Fresh Produce,Local Seasonal Berry Mix,Farm partnership program — peak season berries.,"seasonal,premium",national,True,premium,61.32,6-pack,Produce Section — Front Perimeter,5,17,0.183,518697970331,National Brands Co
SKU-USR-074-002,USR-074,Grocery,Gluten-Free Multigrain Loaf,Certified gluten-free bread with seeds and ancient grains.,"gluten_free,premium",regional,True,premium,70.05,32 oz,Aisle 4–12 — Center Store,5,17,0.27,937315786677,National Brands Co
SKU-USR-074-003,USR-074,Frozen,Frozen Vegetable Stir-Fry Blend,"Broccoli, peppers, snap peas — steam in bag.",value,regional,True,value,11.56,16 oz,Aisle 23–25 — Freezer Bank,6,48,0.137,360310389719,Regional Foods LLC
SKU-USR-074-004,USR-074,Grocery,Organic Whole Grain Bread,Artisan loaf baked daily with organic whole wheat flour.,"organic,premium",national,True,premium,66.64,32 oz,Aisle 4–12 — Center Store,6,16,0.185,156345781589,National Brands Co
SKU-USR-074-005,USR-074,Snacks,Protein Trail Mix Grab & Go,"Almonds, cashews, dried cranberries — 10g protein per serving.",premium,regional,True,premium,72.71,2 lb,Aisle 14 — Impulse / Endcap,7,15,0.14,605320325172,National Brands Co
SKU-USR-074-006,USR-074,Health & Beauty,Value Shampoo Family Size,Everyday clean formula — large bottle value pack.,value,national,True,value,6.31,12 oz,Aisle 18–22 — HBC,7,51,0.229,113134407280,Regional Foods LLC
SKU-USR-074-007,USR-074,Dairy,Organic Greek Yogurt 4-Pack,"Thick strained yogurt, live cultures, no artificial sweeteners.","organic,premium",regional,True,premium,19.53,8 oz,Aisle 1 — Cooler Wall,3,23,0.224,392738457713,National Brands Co
SKU-USR-074-008,USR-074,Grocery,Sam's Club Bakery Muffin 12-Pack,In-club bakery — morning traffic driver.,value,regional,False,value,7.32,12 oz,Aisle 4–12 — Center Store,5,48,0.248,104003394514,National Brands Co
SKU-USR-074-009,USR-074,Frozen,Family Pizza Night 3-Pack,"Frozen pizzas — cheese, pepperoni, veggie variety.",value,national,True,value,8.94,1 gallon,Aisle 23–25 — Freezer Bank,7,35,0.233,954925933706,Regional Foods LLC
SKU-USR-074-010,USR-074,Beverages,Sparkling Water 12-Pack,Zero calorie flavored seltzer — variety pack.,premium,national,True,premium,40.07,10 oz,Aisle 2–3 — Cooler & Shelf,7,26,0.218,862649689389,National Brands Co
SKU-USR-074-011,USR-074,Frozen,Premium Ice Cream Pint,Super-premium butterfat — limited edition flavor.,premium,national,True,premium,78.39,4-pack,Aisle 23–25 — Freezer Bank,6,19,0.166,914809342987,Regional Foods LLC
SKU-USR-074-012,USR-074,Beverages,Cold Brew Coffee Concentrate,Ready-to-drink cold brew — premium arabica beans.,premium,national,True,premium,34.85,4-pack,Aisle 2–3 — Cooler & Shelf,4,22,0.248,516824139459,Regional Foods LLC
SKU-USR-074-013,USR-074,Beverages,Cola 2-Liter Bottle,Classic cola — promotional multipack available.,value,regional,True,value,11.86,24 ct,Aisle 2–3 — Cooler & Shelf,4,39,0.162,421979452380,Global Consumer Goods
SKU-USR-074-014,USR-074,Household,Eco-Friendly Surface Cleaner,Plant-based spray — safe for kitchen counters.,"organic,premium",national,True,premium,55.53,10 oz,Aisle 15–17 — Household,6,20,0.247,300857159166,National Brands Co
SKU-USR-074-015,USR-074,Fresh Produce,Organic Baby Spinach 5oz,Triple washed organic greens — salad ready.,"organic,premium",national,True,premium,61.28,8 oz,Produce Section — Front Perimeter,3,25,0.105,557475787781,National Brands Co
SKU-USR-074-016,USR-074,Grocery,Value White Bread,Soft sandwich bread — family pack at everyday low price.,value,regional,True,value,10.36,16 oz,Aisle 4–12 — Center Store,7,50,0.212,492015246672,National Brands Co
SKU-USR-074-017,USR-074,Health & Beauty,Organic Lip Balm 3-Pack,Beeswax and coconut oil — USDA organic.,"organic,premium",national,True,premium,87.3,10 oz,Aisle 18–22 — HBC,5,22,0.095,638414607143,Regional Foods LLC
SKU-USR-075-001,USR-075,Snacks,Store Brand Tortilla Chips,Restaurant style chips — great for parties.,"private_label,value",private_label,True,value,7.21,12 oz,Aisle 14 — Impulse / Endcap,5,54,0.323,268442751290,Aldi DC
SKU-USR-075-002,USR-075,Fresh Produce,Local Seasonal Berry Mix,Farm partnership program — peak season berries.,"seasonal,premium",national,True,premium,22.44,4-pack,Produce Section — Front Perimeter,2,16,0.273,164621800512,National Brands Co
SKU-USR-075-003,USR-075,Grocery,Organic Whole Grain Bread,Artisan loaf baked daily with organic whole wheat flour.,"organic,premium",regional,True,premium,32.82,2 lb,Aisle 4–12 — Center Store,1,19,0.165,937331717347,Global Consumer Goods
SKU-USR-075-004,USR-075,Health & Beauty,Value Shampoo Family Size,Everyday clean formula — large bottle value pack.,value,national,False,value,5.56,24 ct,Aisle 18–22 — HBC,5,49,0.155,406312598348,National Brands Co
SKU-USR-075-005,USR-075,Snacks,Classic Potato Chips Family Size,Crispy kettle chips — original sea salt flavor.,value,regional,False,value,6.12,12 oz,Aisle 14 — Impulse / Endcap,1,41,0.126,595352360915,Global Consumer Goods
SKU-USR-075-006,USR-075,Health & Beauty,Organic Lip Balm 3-Pack,Beeswax and coconut oil — USDA organic.,"organic,premium",national,True,premium,76.68,2 lb,Aisle 18–22 — HBC,4,19,0.098,312639993771,National Brands Co
SKU-USR-075-007,USR-075,Frozen,Frozen Vegetable Stir-Fry Blend,"Broccoli, peppers, snap peas — steam in bag.",value,national,True,value,12.73,1 lb,Aisle 23–25 — Freezer Bank,2,46,0.254,124499110176,National Brands Co
SKU-USR-075-008,USR-075,Dairy,Organic Greek Yogurt 4-Pack,"Thick strained yogurt, live cultures, no artificial sweeteners.","organic,premium",national,True,premium,27.6,32 oz,Aisle 1 — Cooler Wall,3,17,0.09,966943494591,Global Consumer Goods
SKU-USR-075-009,USR-075,Health & Beauty,Sensitive Skin Moisturizer,Dermatologist tested — fragrance free daily lotion.,premium,national,True,premium,14.71,4-pack,Aisle 18–22 — HBC,1,19,0.166,163470235927,Regional Foods LLC
SKU-USR-075-010,USR-075,Beverages,Sparkling Water 12-Pack,Zero calorie flavored seltzer — variety pack.,premium,national,False,premium,18.45,8 oz,Aisle 2–3 — Cooler & Shelf,3,20,0.139,201499102225,Global Consumer Goods
SKU-USR-075-011,USR-075,Household,Paper Towels 8-Roll Pack,Absorbent sheets — store brand savings.,"private_label,value",private_label,True,value,9.61,1 gallon,Aisle 15–17 — Household,2,47,0.417,116077577856,Aldi DC
SKU-USR-075-012,USR-075,Beverages,Cola 2-Liter Bottle,Classic cola — promotional multipack available.,value,national,False,value,12.41,2-liter,Aisle 2–3 — Cooler & Shelf,4,41,0.16,493814121440,National Brands Co
SKU-USR-075-013,USR-075,Snacks,Protein Trail Mix Grab & Go,"Almonds, cashews, dried cranberries — 10g protein per serving.",premium,national,True,premium,86.59,8 oz,Aisle 14 — Impulse / Endcap,2,21,0.207,418967239629,National Brands Co
SKU-USR-075-014,USR-075,Frozen,Family Pizza Night 3-Pack,"Frozen pizzas — cheese, pepperoni, veggie variety.",value,national,False,value,10.5,1 gallon,Aisle 23–25 — Freezer Bank,1,52,0.137,747216307664,National Brands Co
SKU-USR-075-015,USR-075,Snacks,Benton's Cookie Snack Packs,Impulse cookies — checkout cooler.,"private_label,value",private_label,True,value,11.42,1 lb,Aisle 14 — Impulse / Endcap,2,42,0.161,722274311578,Aldi DC
SKU-USR-075-016,USR-075,Household,Concentrated Laundry Detergent,HE compatible — 64 load bottle.,value,regional,True,value,8.72,16 oz,Aisle 15–17 — Household,4,34,0.274,245256250006,Global Consumer Goods
SKU-USR-076-001,USR-076,Fresh Produce,Bananas per lb,Everyday fruit staple — ripen at home.,value,regional,True,value,5.18,24 ct,Produce Section — Front Perimeter,3,49,0.154,406893438527,Global Consumer Goods
SKU-USR-076-002,USR-076,Snacks,Classic Potato Chips Family Size,Crispy kettle chips — original sea salt flavor.,value,national,True,value,12.38,24 ct,Aisle 14 — Impulse / Endcap,2,43,0.198,707119942810,Regional Foods LLC
SKU-USR-076-003,USR-076,Grocery,Value White Bread,Soft sandwich bread — family pack at everyday low price.,value,regional,True,value,8.58,12 oz,Aisle 4–12 — Center Store,3,35,0.257,717354310056,Global Consumer Goods
SKU-USR-076-004,USR-076,Beverages,Cold Brew Coffee Concentrate,Ready-to-drink cold brew — premium arabica beans.,premium,regional,True,premium,42.23,32 oz,Aisle 2–3 — Cooler & Shelf,1,18,0.093,991523392620,Regional Foods LLC
SKU-USR-076-005,USR-076,Dairy,Plant-Based Oat Milk,Barista blend oat milk — dairy-free alternative.,"premium,plant_based",national,True,premium,10.4,6-pack,Aisle 1 — Cooler Wall,4,19,0.151,704007392921,Regional Foods LLC
SKU-USR-076-006,USR-076,Household,Paper Towels 8-Roll Pack,Absorbent sheets — store brand savings.,"private_label,value",private_label,True,value,6.95,24 ct,Aisle 15–17 — Household,3,41,0.236,758913478212,H-E-B DC
SKU-USR-076-007,USR-076,Beverages,Cola 2-Liter Bottle,Classic cola — promotional multipack available.,value,national,True,value,9.3,1 gallon,Aisle 2–3 — Cooler & Shelf,3,44,0.245,122318450940,National Brands Co
SKU-USR-076-008,USR-076,Snacks,Store Brand Tortilla Chips,Restaurant style chips — great for parties.,"private_label,value",private_label,True,value,8.59,1 gallon,Aisle 14 — Impulse / Endcap,2,41,0.272,468240481163,H-E-B DC
SKU-USR-076-009,USR-076,Snacks,Protein Trail Mix Grab & Go,"Almonds, cashews, dried cranberries — 10g protein per serving.",premium,national,True,premium,29.75,4-pack,Aisle 14 — Impulse / Endcap,2,13,0.129,160139251960,National Brands Co
SKU-USR-076-010,USR-076,Health & Beauty,Value Shampoo Family Size,Everyday clean formula — large bottle value pack.,value,national,True,value,8.87,16 oz,Aisle 18–22 — HBC,4,44,0.234,312846190382,Global Consumer Goods
SKU-USR-076-011,USR-076,Household,Concentrated Laundry Detergent,HE compatible — 64 load bottle.,value,national,True,value,8.33,16 oz,Aisle 15–17 — Household,3,24,0.151,948159793230,National Brands Co
SKU-USR-076-012,USR-076,Grocery,Organic Whole Grain Bread,Artisan loaf baked daily with organic whole wheat flour.,"organic,premium",national,True,premium,74.7,4-pack,Aisle 4–12 — Center Store,3,20,0.203,106629857079,Global Consumer Goods
SKU-USR-076-013,USR-076,Frozen,Premium Ice Cream Pint,Super-premium butterfat — limited edition flavor.,premium,national,True,premium,86.9,32 oz,Aisle 23–25 — Freezer Bank,3,11,0.235,629946260022,Regional Foods LLC
SKU-USR-076-014,USR-076,Health & Beauty,Sensitive Skin Moisturizer,Dermatologist tested — fragrance free daily lotion.,premium,national,True,premium,82.72,10 oz,Aisle 18–22 — HBC,4,25,0.21,300868568850,National Brands Co
SKU-USR-076-015,USR-076,Fresh Produce,Organic Baby Spinach 5oz,Triple washed organic greens — salad ready.,"organic,premium",national,True,premium,89.39,10 oz,Produce Section — Front Perimeter,3,19,0.225,899680270764,National Brands Co
SKU-USR-076-016,USR-076,Grocery,Gluten-Free Multigrain Loaf,Certified gluten-free bread with seeds and ancient grains.,"gluten_free,premium",national,True,premium,67.58,32 oz,Aisle 4–12 — Center Store,4,25,0.204,579048274520,Regional Foods LLC
SKU-USR-076-017,USR-076,Frozen,Family Pizza Night 3-Pack,"Frozen pizzas — cheese, pepperoni, veggie variety.",value,national,True,value,1.62,2-liter,Aisle 23–25 — Freezer Bank,1,48,0.175,636353746282,Regional Foods LLC
SKU-USR-076-018,USR-076,Fresh Produce,Local Seasonal Berry Mix,Farm partnership program — peak season berries.,"seasonal,premium",national,True,premium,72.11,32 oz,Produce Section — Front Perimeter,4,17,0.188,941657195547,National Brands Co
SKU-USR-077-001,USR-077,Grocery,Organic Whole Grain Bread,Artisan loaf baked daily with organic whole wheat flour.,"organic,premium",national,True,premium,64.9,32 oz,Aisle 4–12 — Center Store,2,28,0.208,185571731876,National Brands Co
SKU-USR-077-002,USR-077,Frozen,Premium Ice Cream Pint,Super-premium butterfat — limited edition flavor.,premium,national,True,premium,74.99,10 oz,Aisle 23–25 — Freezer Bank,2,18,0.244,894269519781,National Brands Co
SKU-USR-077-003,USR-077,Snacks,Protein Trail Mix Grab & Go,"Almonds, cashews, dried cranberries — 10g protein per serving.",premium,national,False,premium,57.48,4-pack,Aisle 14 — Impulse / Endcap,5,14,0.082,239419160831,National Brands Co
SKU-USR-077-004,USR-077,Fresh Produce,Local Seasonal Berry Mix,Farm partnership program — peak season berries.,"seasonal,premium",regional,True,premium,69.37,6-pack,Produce Section — Front Perimeter,2,20,0.232,583064792288,Global Consumer Goods
SKU-USR-077-005,USR-077,Grocery,Gluten-Free Multigrain Loaf,Certified gluten-free bread with seeds and ancient grains.,"gluten_free,premium",national,True,premium,21.73,2 lb,Aisle 4–12 — Center Store,3,17,0.142,248129448136,Regional Foods LLC
SKU-USR-077-006,USR-077,Beverages,Sparkling Water 12-Pack,Zero calorie flavored seltzer — variety pack.,premium,national,True,premium,14.72,4-pack,Aisle 2–3 — Cooler & Shelf,1,10,0.222,429654526131,National Brands Co
SKU-USR-077-007,USR-077,Beverages,Cold Brew Coffee Concentrate,Ready-to-drink cold brew — premium arabica beans.,premium,national,True,premium,67.88,10 oz,Aisle 2–3 — Cooler & Shelf,5,20,0.14,724288735395,Regional Foods LLC
SKU-USR-077-008,USR-077,Grocery,Value White Bread,Soft sandwich bread — family pack at everyday low price.,value,national,True,value,1.54,1 gallon,Aisle 4–12 — Center Store,5,45,0.262,652204143072,Regional Foods LLC
SKU-USR-077-009,USR-077,Dairy,Organic Greek Yogurt 4-Pack,"Thick strained yogurt, live cultures, no artificial sweeteners.","organic,premium",national,True,premium,87.63,2 lb,Aisle 1 — Cooler Wall,2,16,0.181,815882186069,Global Consumer Goods
SKU-USR-077-010,USR-077,Health & Beauty,Sensitive Skin Moisturizer,Dermatologist tested — fragrance free daily lotion.,premium,regional,True,premium,12.15,10 oz,Aisle 18–22 — HBC,3,14,0.112,318043682091,Regional Foods LLC
SKU-USR-077-011,USR-077,Health & Beauty,Organic Lip Balm 3-Pack,Beeswax and coconut oil — USDA organic.,"organic,premium",national,True,premium,47.11,4-pack,Aisle 18–22 — HBC,1,23,0.118,293875949167,Global Consumer Goods
SKU-USR-077-012,USR-077,Snacks,Store Brand Tortilla Chips,Restaurant style chips — great for parties.,"private_label,value",private_label,True,value,10.73,1 lb,Aisle 14 — Impulse / Endcap,1,55,0.34,963138777224,Meijer DC
SKU-USR-077-013,USR-077,Fresh Produce,Organic Baby Spinach 5oz,Triple washed organic greens — salad ready.,"organic,premium",national,True,premium,53.17,8 oz,Produce Section — Front Perimeter,2,17,0.175,664012232828,Regional Foods LLC
SKU-USR-077-014,USR-077,Health & Beauty,Value Shampoo Family Size,Everyday clean formula — large bottle value pack.,value,national,False,value,10.63,12 oz,Aisle 18–22 — HBC,1,42,0.171,832935256078,Global Consumer Goods
SKU-USR-077-015,USR-077,Frozen,Frozen Vegetable Stir-Fry Blend,"Broccoli, peppers, snap peas — steam in bag.",value,national,True,value,4.16,24 ct,Aisle 23–25 — Freezer Bank,2,38,0.279,360642340014,Global Consumer Goods
SKU-USR-077-016,USR-077,Household,Eco-Friendly Surface Cleaner,Plant-based spray — safe for kitchen counters.,"organic,premium",regional,True,premium,16.48,10 oz,Aisle 15–17 — Household,4,14,0.221,595649310953,National Brands Co
SKU-USR-077-017,USR-077,Dairy,Farm Fresh 2% Milk Gallon,Locally sourced milk — vitamin D fortified.,value,national,True,value,4.43,24 ct,Aisle 1 — Cooler Wall,4,51,0.211,337879269782,Regional Foods LLC
SKU-USR-078-001,USR-078,Fresh Produce,Local Seasonal Berry Mix,Farm partnership program — peak season berries.,"seasonal,premium",national,True,premium,37.98,2 lb,Produce Section — Front Perimeter,2,17,0.124,672354382064,Global Consumer Goods
SKU-USR-078-002,USR-078,Household,Concentrated Laundry Detergent,HE compatible — 64 load bottle.,value,national,True,value,5.24,2-liter,Aisle 15–17 — Household,4,46,0.24,989619291883,Regional Foods LLC
SKU-USR-078-003,USR-078,Grocery,Organic Whole Grain Bread,Artisan loaf baked daily with organic whole wheat flour.,"organic,premium",regional,True,premium,24.28,32 oz,Aisle 4–12 — Center Store,5,16,0.218,112414744411,National Brands Co
SKU-USR-078-004,USR-078,Health & Beauty,Organic Lip Balm 3-Pack,Beeswax and coconut oil — USDA organic.,"organic,premium",national,True,premium,42.08,2 lb,Aisle 18–22 — HBC,4,23,0.212,568347461439,National Brands Co
SKU-USR-078-005,USR-078,Frozen,Premium Ice Cream Pint,Super-premium butterfat — limited edition flavor.,premium,regional,False,premium,45.92,2 lb,Aisle 23–25 — Freezer Bank,1,17,0.277,744873374024,National Brands Co
SKU-USR-078-006,USR-078,Frozen,Family Pizza Night 3-Pack,"Frozen pizzas — cheese, pepperoni, veggie variety.",value,national,True,value,5.22,16 oz,Aisle 23–25 — Freezer Bank,3,55,0.13,558961768904,Regional Foods LLC
SKU-USR-078-007,USR-078,Beverages,Sparkling Water 12-Pack,Zero calorie flavored seltzer — variety pack.,premium,regional,True,premium,66.94,6-pack,Aisle 2–3 — Cooler & Shelf,4,20,0.244,222541342671,Regional Foods LLC
SKU-USR-078-008,USR-078,Grocery,Gluten-Free Multigrain Loaf,Certified gluten-free bread with seeds and ancient grains.,"gluten_free,premium",national,True,premium,85.98,8 oz,Aisle 4–12 — Center Store,1,24,0.209,895238985287,Global Consumer Goods
SKU-USR-078-009,USR-078,Household,Paper Towels 8-Roll Pack,Absorbent sheets — store brand savings.,"private_label,value",private_label,True,value,4.61,24 ct,Aisle 15–17 — Household,2,60,0.298,887787310680,Safeway DC
SKU-USR-078-010,USR-078,Grocery,Value White Bread,Soft sandwich bread — family pack at everyday low price.,value,regional,True,value,3.52,12 oz,Aisle 4–12 — Center Store,5,48,0.11,562752383621,National Brands Co
SKU-USR-078-011,USR-078,Dairy,Farm Fresh 2% Milk Gallon,Locally sourced milk — vitamin D fortified.,value,regional,True,value,12.35,2-liter,Aisle 1 — Cooler Wall,3,45,0.231,534205943065,Global Consumer Goods
SKU-USR-078-012,USR-078,Beverages,Cola 2-Liter Bottle,Classic cola — promotional multipack available.,value,national,True,value,7.44,1 lb,Aisle 2–3 — Cooler & Shelf,4,53,0.255,797355409945,Global Consumer Goods
SKU-USR-078-013,USR-078,Snacks,Store Brand Tortilla Chips,Restaurant style chips — great for parties.,"private_label,value",private_label,True,value,3.01,1 gallon,Aisle 14 — Impulse / Endcap,1,40,0.398,531597247342,Safeway DC
SKU-USR-078-014,USR-078,Snacks,Protein Trail Mix Grab & Go,"Almonds, cashews, dried cranberries — 10g protein per serving.",premium,national,True,premium,50.47,2 lb,Aisle 14 — Impulse / Endcap,5,21,0.153,286758257324,National Brands Co
SKU-USR-078-015,USR-078,Beverages,Cold Brew Coffee Concentrate,Ready-to-drink cold brew — premium arabica beans.,premium,national,True,premium,82.17,10 oz,Aisle 2–3 — Cooler & Shelf,5,16,0.194,816249977295,National Brands Co
SKU-USR-078-016,USR-078,Household,Eco-Friendly Surface Cleaner,Plant-based spray — safe for kitchen counters.,"organic,premium",regional,True,premium,63.0,32 oz,Aisle 15–17 — Household,3,16,0.259,192937200141,Regional Foods LLC
SKU-USR-079-001,USR-079,Beverages,Sparkling Water 12-Pack,Zero calorie flavored seltzer — variety pack.,premium,national,True,premium,10.94,32 oz,Aisle 2–3 — Cooler & Shelf,1,19,0.125,132689763789,National Brands Co
SKU-USR-079-002,USR-079,Grocery,Value White Bread,Soft sandwich bread — family pack at everyday low price.,value,national,True,value,3.59,1 gallon,Aisle 4–12 — Center Store,4,43,0.273,281347665241,Regional Foods LLC
SKU-USR-079-003,USR-079,Snacks,Protein Trail Mix Grab & Go,"Almonds, cashews, dried cranberries — 10g protein per serving.",premium,national,True,premium,33.19,4-pack,Aisle 14 — Impulse / Endcap,1,11,0.175,200872947256,Global Consumer Goods
SKU-USR-079-004,USR-079,Household,Eco-Friendly Surface Cleaner,Plant-based spray — safe for kitchen counters.,"organic,premium",regional,True,premium,60.61,32 oz,Aisle 15–17 — Household,5,21,0.231,493895304024,National Brands Co
SKU-USR-079-005,USR-079,Dairy,Organic Greek Yogurt 4-Pack,"Thick strained yogurt, live cultures, no artificial sweeteners.","organic,premium",national,True,premium,89.1,10 oz,Aisle 1 — Cooler Wall,1,15,0.142,104244666230,National Brands Co
SKU-USR-079-006,USR-079,Fresh Produce,Bananas per lb,Everyday fruit staple — ripen at home.,value,national,True,value,3.3,12 oz,Produce Section — Front Perimeter,5,31,0.083,846443373312,National Brands Co
SKU-USR-079-007,USR-079,Frozen,Premium Ice Cream Pint,Super-premium butterfat — limited edition flavor.,premium,national,True,premium,44.72,10 oz,Aisle 23–25 — Freezer Bank,3,19,0.136,654532249720,Regional Foods LLC
SKU-USR-079-008,USR-079,Grocery,Gluten-Free Multigrain Loaf,Certified gluten-free bread with seeds and ancient grains.,"gluten_free,premium",regional,True,premium,63.14,8 oz,Aisle 4–12 — Center Store,4,20,0.185,295209530972,Global Consumer Goods
SKU-USR-079-009,USR-079,Household,Concentrated Laundry Detergent,HE compatible — 64 load bottle.,value,regional,True,value,2.86,1 lb,Aisle 15–17 — Household,1,40,0.151,187668152813,Global Consumer Goods
SKU-USR-079-010,USR-079,Grocery,Organic Whole Grain Bread,Artisan loaf baked daily with organic whole wheat flour.,"organic,premium",national,True,premium,58.35,6-pack,Aisle 4–12 — Center Store,5,17,0.211,846680487876,Regional Foods LLC
SKU-USR-079-011,USR-079,Fresh Produce,Organic Baby Spinach 5oz,Triple washed organic greens — salad ready.,"organic,premium",national,True,premium,31.8,10 oz,Produce Section — Front Perimeter,3,18,0.129,171091406223,Regional Foods LLC
SKU-USR-079-012,USR-079,Frozen,Frozen Vegetable Stir-Fry Blend,"Broccoli, peppers, snap peas — steam in bag.",value,national,True,value,6.28,1 lb,Aisle 23–25 — Freezer Bank,1,41,0.195,394647694573,Regional Foods LLC
SKU-USR-079-013,USR-079,Fresh Produce,Local Seasonal Berry Mix,Farm partnership program — peak season berries.,"seasonal,premium",national,True,premium,80.32,4-pack,Produce Section — Front Perimeter,3,14,0.095,861627388300,Global Consumer Goods
SKU-USR-079-014,USR-079,Frozen,Family Pizza Night 3-Pack,"Frozen pizzas — cheese, pepperoni, veggie variety.",value,regional,True,value,9.79,1 lb,Aisle 23–25 — Freezer Bank,2,49,0.131,663705619701,Regional Foods LLC
SKU-USR-079-015,USR-079,Household,Paper Towels 8-Roll Pack,Absorbent sheets — store brand savings.,"private_label,value",private_label,True,value,10.49,1 lb,Aisle 15–17 — Household,4,43,0.173,214900674241,Sprouts DC
SKU-USR-079-016,USR-079,Health & Beauty,Sensitive Skin Moisturizer,Dermatologist tested — fragrance free daily lotion.,premium,national,True,premium,69.88,32 oz,Aisle 18–22 — HBC,5,21,0.217,229118617197,National Brands Co
SKU-USR-080-001,USR-080,Health & Beauty,Value Shampoo Family Size,Everyday clean formula — large bottle value pack.,value,regional,True,value,12.82,1 lb,Aisle 18–22 — HBC,5,41,0.272,612799694947,Global Consumer Goods
SKU-USR-080-002,USR-080,Fresh Produce,Local Seasonal Berry Mix,Farm partnership program — peak season berries.,"seasonal,premium",regional,True,premium,53.3,6-pack,Produce Section — Front Perimeter,4,20,0.257,609042789723,Global Consumer Goods
SKU-USR-080-003,USR-080,Frozen,Family Pizza Night 3-Pack,"Frozen pizzas — cheese, pepperoni, veggie variety.",value,national,True,value,11.26,1 lb,Aisle 23–25 — Freezer Bank,5,45,0.243,922768413570,Global Consumer Goods
SKU-USR-080-004,USR-080,Health & Beauty,Organic Lip Balm 3-Pack,Beeswax and coconut oil — USDA organic.,"organic,premium",regional,True,premium,53.34,32 oz,Aisle 18–22 — HBC,4,20,0.081,674438351397,Regional Foods LLC
SKU-USR-080-005,USR-080,Household,Eco-Friendly Surface Cleaner,Plant-based spray — safe for kitchen counters.,"organic,premium",national,True,premium,48.25,8 oz,Aisle 15–17 — Household,3,22,0.272,324266710915,Regional Foods LLC
SKU-USR-080-006,USR-080,Dairy,Organic Greek Yogurt 4-Pack,"Thick strained yogurt, live cultures, no artificial sweeteners.","organic,premium",national,True,premium,48.99,10 oz,Aisle 1 — Cooler Wall,5,17,0.185,729772306473,Global Consumer Goods
SKU-USR-080-007,USR-080,Frozen,Premium Ice Cream Pint,Super-premium butterfat — limited edition flavor.,premium,national,True,premium,11.8,10 oz,Aisle 23–25 — Freezer Bank,5,15,0.145,485958613230,National Brands Co
SKU-USR-080-008,USR-080,Grocery,Value White Bread,Soft sandwich bread — family pack at everyday low price.,value,national,True,value,4.05,12 oz,Aisle 4–12 — Center Store,2,57,0.226,226550125278,Regional Foods LLC
SKU-USR-080-009,USR-080,Grocery,Gluten-Free Multigrain Loaf,Certified gluten-free bread with seeds and ancient grains.,"gluten_free,premium",national,True,premium,62.24,32 oz,Aisle 4–12 — Center Store,1,22,0.146,378421470761,National Brands Co
SKU-USR-080-010,USR-080,Dairy,Unexpected Cheddar,Flagship cheese — cult favorite private label.,"premium,private_label",private_label,True,premium,52.24,8 oz,Aisle 1 — Cooler Wall,5,12,0.231,945679273982,Trader Joe's DC
SKU-USR-080-011,USR-080,Frozen,Frozen Vegetable Stir-Fry Blend,"Broccoli, peppers, snap peas — steam in bag.",value,regional,True,value,10.48,12 oz,Aisle 23–25 — Freezer Bank,1,45,0.203,289743790175,Global Consumer Goods
SKU-USR-081-001,USR-081,Household,Mainstays Bath Towel Set,Soft cotton towels — home basics collection.,"private_label,value",private_label,True,value,11.64,24 ct,Aisle 15–17 — Household,2,27,0.388,491516281950,Walmart DC
SKU-USR-081-002,USR-081,Household,Eco-Friendly Surface Cleaner,Plant-based spray — safe for kitchen counters.,"organic,premium",national,True,premium,9.03,2 lb,Aisle 15–17 — Household,7,21,0.185,418416542407,Regional Foods LLC
SKU-USR-081-003,USR-081,Snacks,Classic Potato Chips Family Size,Crispy kettle chips — original sea salt flavor.,value,national,True,value,3.37,16 oz,Aisle 14 — Impulse / Endcap,7,49,0.115,846330947130,Regional Foods LLC
SKU-USR-081-004,USR-081,Dairy,Plant-Based Oat Milk,Barista blend oat milk — dairy-free alternative.,"premium,plant_based",national,True,premium,73.53,32 oz,Aisle 1 — Cooler Wall,4,16,0.269,790016142504,Regional Foods LLC
SKU-USR-081-005,USR-081,Dairy,Great Value Whole Milk Gallon,Store-brand vitamin D milk — everyday low price.,"private_label,value",private_label,True,value,9.4,16 oz,Aisle 1 — Cooler Wall,7,42,0.131,471041709594,Walmart DC
SKU-USR-081-006,USR-081,Grocery,Gluten-Free Multigrain Loaf,Certified gluten-free bread with seeds and ancient grains.,"gluten_free,premium",national,True,premium,66.31,32 oz,Aisle 4–12 — Center Store,7,13,0.088,102585140927,National Brands Co
SKU-USR-081-007,USR-081,Fresh Produce,Bananas per lb,Everyday fruit staple — ripen at home.,value,national,True,value,6.85,16 oz,Produce Section — Front Perimeter,5,60,0.152,841802600923,National Brands Co
SKU-USR-081-008,USR-081,Beverages,Cola 2-Liter Bottle,Classic cola — promotional multipack available.,value,national,True,value,10.63,24 ct,Aisle 2–3 — Cooler & Shelf,2,41,0.145,307836538531,Global Consumer Goods
SKU-USR-081-009,USR-081,Health & Beauty,Equate Pain Relief 200ct,Ibuprofen tablets — pharmacy aisle staple.,"private_label,value",private_label,True,value,8.73,16 oz,Aisle 18–22 — HBC,3,38,0.363,108408194183,Walmart DC
SKU-USR-081-010,USR-081,Snacks,Store Brand Tortilla Chips,Restaurant style chips — great for parties.,"private_label,value",private_label,True,value,2.61,24 ct,Aisle 14 — Impulse / Endcap,3,48,0.414,575939110389,Walmart DC
SKU-USR-081-011,USR-081,Grocery,Marketside Fresh Sub Kit,Deli sub ingredients — ready for assembly.,value,national,True,value,7.65,16 oz,Aisle 4–12 — Center Store,6,42,0.257,387555620895,Global Consumer Goods
SKU-USR-081-012,USR-081,Frozen,Family Pizza Night 3-Pack,"Frozen pizzas — cheese, pepperoni, veggie variety.",value,regional,True,value,12.89,16 oz,Aisle 23–25 — Freezer Bank,7,46,0.166,225422978430,National Brands Co
SKU-USR-081-013,USR-081,Dairy,Organic Greek Yogurt 4-Pack,"Thick strained yogurt, live cultures, no artificial sweeteners.","organic,premium",regional,True,premium,18.05,10 oz,Aisle 1 — Cooler Wall,2,16,0.135,537183969102,Global Consumer Goods
SKU-USR-081-014,USR-081,Grocery,Value White Bread,Soft sandwich bread — family pack at everyday low price.,value,national,True,value,5.13,16 oz,Aisle 4–12 — Center Store,7,42,0.172,656784843040,Global Consumer Goods
SKU-USR-081-015,USR-081,Household,Paper Towels 8-Roll Pack,Absorbent sheets — store brand savings.,"private_label,value",private_label,True,value,11.97,16 oz,Aisle 15–17 — Household,2,51,0.182,127393500647,Walmart DC
SKU-USR-081-016,USR-081,Fresh Produce,Local Seasonal Berry Mix,Farm partnership program — peak season berries.,"seasonal,premium",national,True,premium,10.63,4-pack,Produce Section — Front Perimeter,6,16,0.19,843631579518,Regional Foods LLC
SKU-USR-081-017,USR-081,Dairy,Farm Fresh 2% Milk Gallon,Locally sourced milk — vitamin D fortified.,value,national,True,value,8.04,1 gallon,Aisle 1 — Cooler Wall,3,47,0.247,497442369243,Regional Foods LLC
SKU-USR-081-018,USR-081,Grocery,Organic Whole Grain Bread,Artisan loaf baked daily with organic whole wheat flour.,"organic,premium",national,True,premium,85.14,6-pack,Aisle 4–12 — Center Store,5,15,0.268,614238589438,Regional Foods LLC
SKU-USR-082-001,USR-082,Beverages,Sparkling Water 12-Pack,Zero calorie flavored seltzer — variety pack.,premium,national,True,premium,14.82,4-pack,Aisle 2–3 — Cooler & Shelf,3,15,0.229,518775370109,Global Consumer Goods
SKU-USR-082-002,USR-082,Snacks,Favorite Day Cookie Butter Cookies,Private-label snack — impulse endcap item.,"private_label,premium",private_label,False,premium,41.9,6-pack,Aisle 14 — Impulse / Endcap,1,22,0.19,422571176303,Target DC
SKU-USR-082-003,USR-082,Fresh Produce,Bananas per lb,Everyday fruit staple — ripen at home.,value,national,True,value,10.68,12 oz,Produce Section — Front Perimeter,5,45,0.094,976901724241,Regional Foods LLC
SKU-USR-082-004,USR-082,Fresh Produce,Organic Baby Spinach 5oz,Triple washed organic greens — salad ready.,"organic,premium",regional,True,premium,24.01,4-pack,Produce Section — Front Perimeter,5,18,0.102,132436835961,Global Consumer Goods
SKU-USR-082-005,USR-082,Grocery,Cat & Jack Kids Tee,Soft cotton graphic tee — apparel cross-sell.,value,regional,True,value,4.64,1 gallon,Aisle 4–12 — Center Store,3,32,0.204,608495471616,National Brands Co
SKU-USR-082-006,USR-082,Dairy,Plant-Based Oat Milk,Barista blend oat milk — dairy-free alternative.,"premium,plant_based",national,True,premium,43.04,4-pack,Aisle 1 — Cooler Wall,2,15,0.136,822641559647,Global Consumer Goods
SKU-USR-082-007,USR-082,Health & Beauty,Value Shampoo Family Size,Everyday clean formula — large bottle value pack.,value,national,True,value,9.63,24 ct,Aisle 18–22 — HBC,3,53,0.181,455685672980,Regional Foods LLC
SKU-USR-082-008,USR-082,Snacks,Protein Trail Mix Grab & Go,"Almonds, cashews, dried cranberries — 10g protein per serving.",premium,national,True,premium,37.25,8 oz,Aisle 14 — Impulse / Endcap,4,12,0.224,618511997160,National Brands Co
SKU-USR-082-009,USR-082,Dairy,Organic Greek Yogurt 4-Pack,"Thick strained yogurt, live cultures, no artificial sweeteners.","organic,premium",national,True,premium,50.69,32 oz,Aisle 1 — Cooler Wall,3,22,0.219,657400184704,National Brands Co
SKU-USR-082-010,USR-082,Beverages,Cold Brew Coffee Concentrate,Ready-to-drink cold brew — premium arabica beans.,premium,regional,True,premium,73.59,32 oz,Aisle 2–3 — Cooler & Shelf,3,24,0.192,927022389754,Global Consumer Goods
SKU-USR-082-011,USR-082,Grocery,Gluten-Free Multigrain Loaf,Certified gluten-free bread with seeds and ancient grains.,"gluten_free,premium",national,True,premium,86.61,8 oz,Aisle 4–12 — Center Store,2,15,0.24,368444853918,National Brands Co
SKU-USR-082-012,USR-082,Frozen,Premium Ice Cream Pint,Super-premium butterfat — limited edition flavor.,premium,regional,True,premium,74.11,32 oz,Aisle 23–25 — Freezer Bank,3,15,0.158,721383580866,Global Consumer Goods
SKU-USR-082-013,USR-082,Household,Eco-Friendly Surface Cleaner,Plant-based spray — safe for kitchen counters.,"organic,premium",national,True,premium,68.11,8 oz,Aisle 15–17 — Household,5,17,0.101,950486344885,Regional Foods LLC
SKU-USR-083-001,USR-083,Frozen,Family Pizza Night 3-Pack,"Frozen pizzas — cheese, pepperoni, veggie variety.",value,national,True,value,5.98,16 oz,Aisle 23–25 — Freezer Bank,2,41,0.121,984964444373,National Brands Co
SKU-USR-083-002,USR-083,Dairy,Farm Fresh 2% Milk Gallon,Locally sourced milk — vitamin D fortified.,value,regional,True,value,4.96,2-liter,Aisle 1 — Cooler Wall,4,42,0.12,950706293380,Regional Foods LLC
SKU-USR-083-003,USR-083,Dairy,Organic Greek Yogurt 4-Pack,"Thick strained yogurt, live cultures, no artificial sweeteners.","organic,premium",national,True,premium,50.63,4-pack,Aisle 1 — Cooler Wall,2,20,0.123,170921362449,Regional Foods LLC
SKU-USR-083-004,USR-083,Beverages,Sparkling Water 12-Pack,Zero calorie flavored seltzer — variety pack.,premium,national,True,premium,26.54,2 lb,Aisle 2–3 — Cooler & Shelf,4,13,0.241,629423250279,National Brands Co
SKU-USR-083-005,USR-083,Beverages,Cold Brew Coffee Concentrate,Ready-to-drink cold brew — premium arabica beans.,premium,national,True,premium,44.45,4-pack,Aisle 2–3 — Cooler & Shelf,5,15,0.108,644259541206,Global Consumer Goods
SKU-USR-083-006,USR-083,Snacks,Protein Trail Mix Grab & Go,"Almonds, cashews, dried cranberries — 10g protein per serving.",premium,regional,True,premium,29.32,6-pack,Aisle 14 — Impulse / Endcap,4,20,0.115,151914792137,Regional Foods LLC
SKU-USR-083-007,USR-083,Health & Beauty,Organic Lip Balm 3-Pack,Beeswax and coconut oil — USDA organic.,"organic,premium",national,True,premium,36.07,10 oz,Aisle 18–22 — HBC,1,18,0.196,580255447014,Regional Foods LLC
SKU-USR-083-008,USR-083,Frozen,Premium Ice Cream Pint,Super-premium butterfat — limited edition flavor.,premium,national,True,premium,69.48,2 lb,Aisle 23–25 — Freezer Bank,1,21,0.219,832486732110,Regional Foods LLC
SKU-USR-083-009,USR-083,Dairy,Plant-Based Oat Milk,Barista blend oat milk — dairy-free alternative.,"premium,plant_based",national,True,premium,69.01,4-pack,Aisle 1 — Cooler Wall,2,14,0.114,363530801356,National Brands Co
SKU-USR-083-010,USR-083,Grocery,Organic Whole Grain Bread,Artisan loaf baked daily with organic whole wheat flour.,"organic,premium",national,True,premium,14.4,2 lb,Aisle 4–12 — Center Store,5,26,0.246,588939184275,Regional Foods LLC
SKU-USR-083-011,USR-083,Grocery,Gluten-Free Multigrain Loaf,Certified gluten-free bread with seeds and ancient grains.,"gluten_free,premium",national,True,premium,42.76,6-pack,Aisle 4–12 — Center Store,4,21,0.235,620292884319,Global Consumer Goods
SKU-USR-083-012,USR-083,Household,Eco-Friendly Surface Cleaner,Plant-based spray — safe for kitchen counters.,"organic,premium",national,True,premium,14.61,10 oz,Aisle 15–17 — Household,3,19,0.134,121552787734,National Brands Co
SKU-USR-083-013,USR-083,Snacks,Store Brand Tortilla Chips,Restaurant style chips — great for parties.,"private_label,value",private_label,True,value,2.58,1 gallon,Aisle 14 — Impulse / Endcap,3,41,0.149,105171863181,Kroger DC
SKU-USR-083-014,USR-083,Fresh Produce,Organic Baby Spinach 5oz,Triple washed organic greens — salad ready.,"organic,premium",national,True,premium,46.41,8 oz,Produce Section — Front Perimeter,1,25,0.218,367113959166,Regional Foods LLC
SKU-USR-083-015,USR-083,Fresh Produce,Local Seasonal Berry Mix,Farm partnership program — peak season berries.,"seasonal,premium",national,True,premium,24.62,8 oz,Produce Section — Front Perimeter,2,14,0.149,167712343971,National Brands Co
SKU-USR-083-016,USR-083,Household,Concentrated Laundry Detergent,HE compatible — 64 load bottle.,value,national,False,value,3.05,16 oz,Aisle 15–17 — Household,3,43,0.23,970489201528,National Brands Co
SKU-USR-083-017,USR-083,Frozen,Frozen Vegetable Stir-Fry Blend,"Broccoli, peppers, snap peas — steam in bag.",value,national,True,value,4.83,12 oz,Aisle 23–25 — Freezer Bank,5,53,0.203,862063751450,Global Consumer Goods
SKU-USR-084-001,USR-084,Frozen,Premium Ice Cream Pint,Super-premium butterfat — limited edition flavor.,premium,national,True,premium,46.23,4-pack,Aisle 23–25 — Freezer Bank,4,25,0.26,668865379486,National Brands Co
SKU-USR-084-002,USR-084,Dairy,Organic Greek Yogurt 4-Pack,"Thick strained yogurt, live cultures, no artificial sweeteners.","organic,premium",regional,True,premium,45.73,10 oz,Aisle 1 — Cooler Wall,2,24,0.099,140660412836,Regional Foods LLC
SKU-USR-084-003,USR-084,Grocery,Kirkland Signature Olive Oil 2L,Extra virgin — pantry staple in club size.,"private_label,premium",private_label,True,premium,28.59,2 lb,Aisle 4–12 — Center Store,6,8,0.253,637114408364,Costco DC
SKU-USR-084-004,USR-084,Beverages,Sparkling Water 12-Pack,Zero calorie flavored seltzer — variety pack.,premium,regional,True,premium,30.96,4-pack,Aisle 2–3 — Cooler & Shelf,3,25,0.182,274792928456,Global Consumer Goods
SKU-USR-084-005,USR-084,Snacks,Protein Trail Mix Grab & Go,"Almonds, cashews, dried cranberries — 10g protein per serving.",premium,national,True,premium,88.75,4-pack,Aisle 14 — Impulse / Endcap,2,27,0.151,708132258145,Global Consumer Goods
SKU-USR-084-006,USR-084,Fresh Produce,Local Seasonal Berry Mix,Farm partnership program — peak season berries.,"seasonal,premium",national,True,premium,42.63,8 oz,Produce Section — Front Perimeter,5,13,0.1,905626437062,Global Consumer Goods
SKU-USR-084-007,USR-084,Frozen,Frozen Vegetable Stir-Fry Blend,"Broccoli, peppers, snap peas — steam in bag.",value,regional,True,value,3.03,1 lb,Aisle 23–25 — Freezer Bank,5,47,0.228,740526664264,Regional Foods LLC
SKU-USR-084-008,USR-084,Household,Paper Towels 8-Roll Pack,Absorbent sheets — store brand savings.,"private_label,value",private_label,True,value,3.0,2-liter,Aisle 15–17 — Household,4,48,0.399,146661718930,Costco DC
SKU-USR-084-009,USR-084,Grocery,Organic Whole Grain Bread,Artisan loaf baked daily with organic whole wheat flour.,"organic,premium",national,True,premium,45.81,8 oz,Aisle 4–12 — Center Store,5,17,0.223,914494392507,Regional Foods LLC
SKU-USR-084-010,USR-084,Beverages,Cola 2-Liter Bottle,Classic cola — promotional multipack available.,value,national,False,value,8.76,12 oz,Aisle 2–3 — Cooler & Shelf,3,45,0.088,518074668844,Regional Foods LLC
SKU-USR-084-011,USR-084,Household,Concentrated Laundry Detergent,HE compatible — 64 load bottle.,value,national,True,value,10.61,1 lb,Aisle 15–17 — Household,2,44,0.12,612469729986,Regional Foods LLC
SKU-USR-084-012,USR-084,Household,Eco-Friendly Surface Cleaner,Plant-based spray — safe for kitchen counters.,"organic,premium",national,False,premium,14.56,4-pack,Aisle 15–17 — Household,7,17,0.179,938849822565,National Brands Co
SKU-USR-084-013,USR-084,Household,Kirkland Signature Paper Towels 12-Pack,Warehouse bulk pack — high-velocity SKU.,"private_label,premium",private_label,True,premium,33.75,32 oz,Aisle 15–17 — Household,5,14,0.322,517118270780,Costco DC
SKU-USR-084-014,USR-084,Health & Beauty,Sensitive Skin Moisturizer,Dermatologist tested — fragrance free daily lotion.,premium,national,True,premium,30.17,6-pack,Aisle 18–22 — HBC,6,20,0.147,257299338630,National Brands Co
SKU-USR-084-015,USR-084,Frozen,Family Pizza Night 3-Pack,"Frozen pizzas — cheese, pepperoni, veggie variety.",value,national,True,value,5.57,16 oz,Aisle 23–25 — Freezer Bank,2,38,0.128,754856160991,Regional Foods LLC
SKU-USR-084-016,USR-084,Snacks,Classic Potato Chips Family Size,Crispy kettle chips — original sea salt flavor.,value,regional,True,value,1.68,1 lb,Aisle 14 — Impulse / Endcap,7,48,0.114,108776165677,National Brands Co
SKU-USR-084-017,USR-084,Dairy,Plant-Based Oat Milk,Barista blend oat milk — dairy-free alternative.,"premium,plant_based",regional,True,premium,55.11,32 oz,Aisle 1 — Cooler Wall,3,11,0.214,942880368743,Global Consumer Goods
SKU-USR-084-018,USR-084,Grocery,Executive Membership Renewal,Annual membership fee SKU — loyalty driver.,premium,national,True,premium,74.43,2 lb,Aisle 4–12 — Center Store,2,26,0.225,798914754169,Regional Foods LLC
SKU-USR-084-019,USR-084,Fresh Produce,Rotisserie Chicken,Fresh prepared protein — member favorite.,value,national,True,value,7.98,1 gallon,Produce Section — Front Perimeter,3,59,0.224,625219418771,Global Consumer Goods
SKU-USR-085-001,USR-085,Beverages,Sparkling Water 12-Pack,Zero calorie flavored seltzer — variety pack.,premium,national,True,premium,45.24,4-pack,Aisle 2–3 — Cooler & Shelf,4,13,0.213,661147521142,National Brands Co
SKU-USR-085-002,USR-085,Snacks,Protein Trail Mix Grab & Go,"Almonds, cashews, dried cranberries — 10g protein per serving.",premium,national,True,premium,31.22,4-pack,Aisle 14 — Impulse / Endcap,4,18,0.278,815304356346,National Brands Co
SKU-USR-085-003,USR-085,Household,Concentrated Laundry Detergent,HE compatible — 64 load bottle.,value,national,True,value,12.64,12 oz,Aisle 15–17 — Household,5,53,0.081,876864928896,Regional Foods LLC
SKU-USR-085-004,USR-085,Beverages,Cold Brew Coffee Concentrate,Ready-to-drink cold brew — premium arabica beans.,premium,national,True,premium,18.33,8 oz,Aisle 2–3 — Cooler & Shelf,2,21,0.213,261703591900,Regional Foods LLC
SKU-USR-085-005,USR-085,Household,Paper Towels 8-Roll Pack,Absorbent sheets — store brand savings.,"private_label,value",private_label,True,value,8.22,2-liter,Aisle 15–17 — Household,1,42,0.348,708520523012,Albertsons DC
SKU-USR-085-006,USR-085,Grocery,Organic Whole Grain Bread,Artisan loaf baked daily with organic whole wheat flour.,"organic,premium",regional,True,premium,36.48,6-pack,Aisle 4–12 — Center Store,5,13,0.084,549997830506,National Brands Co
SKU-USR-085-007,USR-085,Health & Beauty,Value Shampoo Family Size,Everyday clean formula — large bottle value pack.,value,national,True,value,11.72,16 oz,Aisle 18–22 — HBC,5,45,0.276,973328701816,Global Consumer Goods
SKU-USR-085-008,USR-085,Frozen,Family Pizza Night 3-Pack,"Frozen pizzas — cheese, pepperoni, veggie variety.",value,regional,True,value,9.9,12 oz,Aisle 23–25 — Freezer Bank,2,44,0.112,534379987547,National Brands Co
SKU-USR-085-009,USR-085,Health & Beauty,Sensitive Skin Moisturizer,Dermatologist tested — fragrance free daily lotion.,premium,national,False,premium,54.53,2 lb,Aisle 18–22 — HBC,1,18,0.232,208195800986,Regional Foods LLC
SKU-USR-085-010,USR-085,Grocery,Gluten-Free Multigrain Loaf,Certified gluten-free bread with seeds and ancient grains.,"gluten_free,premium",national,True,premium,76.55,2 lb,Aisle 4–12 — Center Store,5,17,0.207,442950310476,National Brands Co
SKU-USR-085-011,USR-085,Beverages,Cola 2-Liter Bottle,Classic cola — promotional multipack available.,value,national,True,value,3.82,2-liter,Aisle 2–3 — Cooler & Shelf,5,43,0.228,900649615627,National Brands Co
SKU-USR-085-012,USR-085,Dairy,Plant-Based Oat Milk,Barista blend oat milk — dairy-free alternative.,"premium,plant_based",national,True,premium,11.71,6-pack,Aisle 1 — Cooler Wall,4,20,0.123,758142453430,Global Consumer Goods
SKU-USR-085-013,USR-085,Fresh Produce,Local Seasonal Berry Mix,Farm partnership program — peak season berries.,"seasonal,premium",regional,True,premium,81.52,2 lb,Produce Section — Front Perimeter,3,12,0.25,915234563512,National Brands Co
SKU-USR-085-014,USR-085,Grocery,Value White Bread,Soft sandwich bread — family pack at everyday low price.,value,national,True,value,11.33,1 lb,Aisle 4–12 — Center Store,2,42,0.17,416859333683,National Brands Co
SKU-USR-085-015,USR-085,Snacks,Store Brand Tortilla Chips,Restaurant style chips — great for parties.,"private_label,value",private_label,True,value,12.77,16 oz,Aisle 14 — Impulse / Endcap,5,40,0.226,668927312352,Albertsons DC
SKU-USR-085-016,USR-085,Frozen,Premium Ice Cream Pint,Super-premium butterfat — limited edition flavor.,premium,national,True,premium,74.41,32 oz,Aisle 23–25 — Freezer Bank,4,15,0.269,116665784154,Regional Foods LLC
SKU-USR-085-017,USR-085,Frozen,Frozen Vegetable Stir-Fry Blend,"Broccoli, peppers, snap peas — steam in bag.",value,national,True,value,8.3,1 gallon,Aisle 23–25 — Freezer Bank,5,40,0.087,767498722661,Global Consumer Goods
SKU-USR-085-018,USR-085,Snacks,Classic Potato Chips Family Size,Crispy kettle chips — original sea salt flavor.,value,national,True,value,6.17,2-liter,Aisle 14 — Impulse / Endcap,5,43,0.151,676987580527,Global Consumer Goods
SKU-USR-086-001,USR-086,Beverages,Sparkling Water 12-Pack,Zero calorie flavored seltzer — variety pack.,premium,national,False,premium,85.82,32 oz,Aisle 2–3 — Cooler & Shelf,5,23,0.237,952094424887,Regional Foods LLC
SKU-USR-086-002,USR-086,Health & Beauty,Sensitive Skin Moisturizer,Dermatologist tested — fragrance free daily lotion.,premium,national,True,premium,47.27,2 lb,Aisle 18–22 — HBC,2,18,0.239,413017669109,National Brands Co
SKU-USR-086-003,USR-086,Fresh Produce,Bananas per lb,Everyday fruit staple — ripen at home.,value,national,True,value,3.08,2-liter,Produce Section — Front Perimeter,5,52,0.141,935354378197,National Brands Co
SKU-USR-086-004,USR-086,Health & Beauty,Value Shampoo Family Size,Everyday clean formula — large bottle value pack.,value,national,True,value,9.76,1 lb,Aisle 18–22 — HBC,4,44,0.113,966794908128,Regional Foods LLC
SKU-USR-086-005,USR-086,Household,Paper Towels 8-Roll Pack,Absorbent sheets — store brand savings.,"private_label,value",private_label,True,value,4.44,12 oz,Aisle 15–17 — Household,3,43,0.273,747087641831,Publix DC
SKU-USR-086-006,USR-086,Dairy,Plant-Based Oat Milk,Barista blend oat milk — dairy-free alternative.,"premium,plant_based",regional,True,premium,76.93,8 oz,Aisle 1 — Cooler Wall,2,23,0.128,211606925058,Regional Foods LLC
SKU-USR-086-007,USR-086,Fresh Produce,Local Seasonal Berry Mix,Farm partnership program — peak season berries.,"seasonal,premium",regional,True,premium,51.24,6-pack,Produce Section — Front Perimeter,2,21,0.174,557404928119,Global Consumer Goods
SKU-USR-086-008,USR-086,Snacks,Classic Potato Chips Family Size,Crispy kettle chips — original sea salt flavor.,value,national,True,value,5.67,1 gallon,Aisle 14 — Impulse / Endcap,5,44,0.269,450605697869,Regional Foods LLC
SKU-USR-086-009,USR-086,Snacks,Store Brand Tortilla Chips,Restaurant style chips — great for parties.,"private_label,value",private_label,True,value,8.93,2-liter,Aisle 14 — Impulse / Endcap,2,42,0.149,499867121854,Publix DC
SKU-USR-086-010,USR-086,Household,Concentrated Laundry Detergent,HE compatible — 64 load bottle.,value,national,True,value,6.15,2-liter,Aisle 15–17 — Household,1,49,0.126,883094637482,Regional Foods LLC
SKU-USR-086-011,USR-086,Snacks,Protein Trail Mix Grab & Go,"Almonds, cashews, dried cranberries — 10g protein per serving.",premium,national,True,premium,30.35,6-pack,Aisle 14 — Impulse / Endcap,2,22,0.093,587115677067,Regional Foods LLC
SKU-USR-086-012,USR-086,Fresh Produce,Organic Baby Spinach 5oz,Triple washed organic greens — salad ready.,"organic,premium",national,True,premium,36.77,6-pack,Produce Section — Front Perimeter,3,23,0.187,434988866706,National Brands Co
SKU-USR-086-013,USR-086,Beverages,Cola 2-Liter Bottle,Classic cola — promotional multipack available.,value,regional,True,value,10.49,1 lb,Aisle 2–3 — Cooler & Shelf,5,42,0.207,756339954818,Global Consumer Goods
SKU-USR-086-014,USR-086,Dairy,Farm Fresh 2% Milk Gallon,Locally sourced milk — vitamin D fortified.,value,national,True,value,6.84,16 oz,Aisle 1 — Cooler Wall,2,63,0.088,368106388481,Regional Foods LLC
SKU-USR-086-015,USR-086,Health & Beauty,Organic Lip Balm 3-Pack,Beeswax and coconut oil — USDA organic.,"organic,premium",national,True,premium,40.59,8 oz,Aisle 18–22 — HBC,3,23,0.098,255439170762,Global Consumer Goods
SKU-USR-086-016,USR-086,Frozen,Frozen Vegetable Stir-Fry Blend,"Broccoli, peppers, snap peas — steam in bag.",value,national,False,value,6.6,2-liter,Aisle 23–25 — Freezer Bank,4,44,0.172,984248486087,Regional Foods LLC
SKU-USR-087-001,USR-087,Grocery,Gluten-Free Multigrain Loaf,Certified gluten-free bread with seeds and ancient grains.,"gluten_free,premium",national,True,premium,72.11,4-pack,Aisle 4–12 — Center Store,2,14,0.269,853598727638,Global Consumer Goods
SKU-USR-087-002,USR-087,Fresh Produce,Bananas per lb,Everyday fruit staple — ripen at home.,value,national,True,value,12.42,1 gallon,Produce Section — Front Perimeter,3,40,0.211,664180245705,National Brands Co
SKU-USR-087-003,USR-087,Grocery,Value White Bread,Soft sandwich bread — family pack at everyday low price.,value,national,True,value,3.92,1 gallon,Aisle 4–12 — Center Store,3,38,0.236,841482755338,Global Consumer Goods
SKU-USR-087-004,USR-087,Fresh Produce,Wild-Caught Sockeye Salmon Fillet,Sustainable seafood — seafood counter.,"organic,premium",national,True,premium,43.61,2 lb,Produce Section — Front Perimeter,4,23,0.273,842620401640,National Brands Co
SKU-USR-087-005,USR-087,Beverages,Cold Brew Coffee Concentrate,Ready-to-drink cold brew — premium arabica beans.,premium,national,True,premium,22.57,32 oz,Aisle 2–3 — Cooler & Shelf,5,22,0.15,914166682193,National Brands Co
SKU-USR-087-006,USR-087,Grocery,365 Organic Almond Butter,House brand nut butter — clean ingredients.,"organic,premium,private_label",private_label,True,premium,18.81,6-pack,Aisle 4–12 — Center Store,2,17,0.145,269190444561,Whole Foods DC
SKU-USR-087-007,USR-087,Health & Beauty,Sensitive Skin Moisturizer,Dermatologist tested — fragrance free daily lotion.,premium,national,True,premium,85.19,4-pack,Aisle 18–22 — HBC,3,14,0.14,950146941578,Global Consumer Goods
SKU-USR-087-008,USR-087,Snacks,Protein Trail Mix Grab & Go,"Almonds, cashews, dried cranberries — 10g protein per serving.",premium,regional,True,premium,85.57,2 lb,Aisle 14 — Impulse / Endcap,5,21,0.212,342782976882,National Brands Co
SKU-USR-087-009,USR-087,Snacks,Classic Potato Chips Family Size,Crispy kettle chips — original sea salt flavor.,value,regional,True,value,10.19,12 oz,Aisle 14 — Impulse / Endcap,3,51,0.168,751532827599,Global Consumer Goods
SKU-USR-087-010,USR-087,Beverages,Sparkling Water 12-Pack,Zero calorie flavored seltzer — variety pack.,premium,regional,True,premium,71.88,4-pack,Aisle 2–3 — Cooler & Shelf,1,20,0.11,187654731496,National Brands Co
SKU-USR-087-011,USR-087,Grocery,Organic Whole Grain Bread,Artisan loaf baked daily with organic whole wheat flour.,"organic,premium",regional,True,premium,70.47,8 oz,Aisle 4–12 — Center Store,1,15,0.205,584575920089,Global Consumer Goods
SKU-USR-087-012,USR-087,Frozen,Frozen Vegetable Stir-Fry Blend,"Broccoli, peppers, snap peas — steam in bag.",value,national,True,value,8.61,2-liter,Aisle 23–25 — Freezer Bank,2,34,0.109,196782890507,Global Consumer Goods
SKU-USR-087-013,USR-087,Fresh Produce,Organic Baby Spinach 5oz,Triple washed organic greens — salad ready.,"organic,premium",regional,True,premium,62.99,10 oz,Produce Section — Front Perimeter,1,16,0.142,115454772320,National Brands Co
SKU-USR-087-014,USR-087,Fresh Produce,Local Seasonal Berry Mix,Farm partnership program — peak season berries.,"seasonal,premium",regional,True,premium,45.16,32 oz,Produce Section — Front Perimeter,3,13,0.148,421857216033,Regional Foods LLC
SKU-USR-087-015,USR-087,Household,Concentrated Laundry Detergent,HE compatible — 64 load bottle.,value,national,True,value,4.07,12 oz,Aisle 15–17 — Household,5,42,0.16,886737345066,Global Consumer Goods
SKU-USR-088-001,USR-088,Beverages,Cola 2-Liter Bottle,Classic cola — promotional multipack available.,value,national,True,value,1.98,2-liter,Aisle 2–3 — Cooler & Shelf,5,40,0.232,290349776738,Global Consumer Goods
SKU-USR-088-002,USR-088,Fresh Produce,Organic Baby Spinach 5oz,Triple washed organic greens — salad ready.,"organic,premium",national,False,premium,78.4,2 lb,Produce Section — Front Perimeter,1,28,0.279,354237193388,Global Consumer Goods
SKU-USR-088-003,USR-088,Fresh Produce,Local Seasonal Berry Mix,Farm partnership program — peak season berries.,"seasonal,premium",regional,True,premium,70.74,6-pack,Produce Section — Front Perimeter,4,17,0.268,919315110337,National Brands Co
SKU-USR-088-004,USR-088,Snacks,Protein Trail Mix Grab & Go,"Almonds, cashews, dried cranberries — 10g protein per serving.",premium,national,True,premium,64.1,8 oz,Aisle 14 — Impulse / Endcap,1,14,0.149,158305485034,Regional Foods LLC
SKU-USR-088-005,USR-088,Health & Beauty,Beauty 360 Facial Tissues,Soft tissues — health & wellness aisle.,"private_label,value",private_label,True,value,6.03,2-liter,Aisle 18–22 — HBC,3,48,0.249,641726438963,CVS DC
SKU-USR-088-006,USR-088,Beverages,Cold Brew Coffee Concentrate,Ready-to-drink cold brew — premium arabica beans.,premium,national,True,premium,37.09,4-pack,Aisle 2–3 — Cooler & Shelf,2,22,0.099,313432795005,Global Consumer Goods
SKU-USR-088-007,USR-088,Health & Beauty,Organic Lip Balm 3-Pack,Beeswax and coconut oil — USDA organic.,"organic,premium",national,True,premium,57.14,8 oz,Aisle 18–22 — HBC,3,15,0.103,809624288058,National Brands Co
SKU-USR-088-008,USR-088,Dairy,Organic Greek Yogurt 4-Pack,"Thick strained yogurt, live cultures, no artificial sweeteners.","organic,premium",national,True,premium,16.91,4-pack,Aisle 1 — Cooler Wall,3,17,0.137,179569459813,Global Consumer Goods
SKU-USR-088-009,USR-088,Household,Eco-Friendly Surface Cleaner,Plant-based spray — safe for kitchen counters.,"organic,premium",national,True,premium,13.47,32 oz,Aisle 15–17 — Household,3,18,0.192,566497592160,Global Consumer Goods
SKU-USR-088-010,USR-088,Frozen,Frozen Vegetable Stir-Fry Blend,"Broccoli, peppers, snap peas — steam in bag.",value,national,True,value,12.17,1 lb,Aisle 23–25 — Freezer Bank,1,38,0.224,861596573543,Regional Foods LLC
SKU-USR-088-011,USR-088,Health & Beauty,Prescription Generic Lisinopril 30ct,Pharmacy generic — high script volume.,value,regional,True,value,3.94,2-liter,Aisle 18–22 — HBC,3,46,0.091,804333949634,Global Consumer Goods
SKU-USR-088-012,USR-088,Household,Paper Towels 8-Roll Pack,Absorbent sheets — store brand savings.,"private_label,value",private_label,True,value,3.39,2-liter,Aisle 15–17 — Household,2,38,0.351,751095676969,CVS DC
SKU-USR-088-013,USR-088,Dairy,Farm Fresh 2% Milk Gallon,Locally sourced milk — vitamin D fortified.,value,national,True,value,12.76,1 gallon,Aisle 1 — Cooler Wall,1,47,0.269,484734372988,National Brands Co
SKU-USR-088-014,USR-088,Household,Concentrated Laundry Detergent,HE compatible — 64 load bottle.,value,national,True,value,3.88,1 lb,Aisle 15–17 — Household,3,42,0.228,411575859650,Regional Foods LLC
SKU-USR-088-015,USR-088,Health & Beauty,CVS Health Ibuprofen 200mg,Private-label pain relief — front-store anchor.,"private_label,value",private_label,True,value,6.23,1 gallon,Aisle 18–22 — HBC,1,47,0.16,697479637418,CVS DC
SKU-USR-088-016,USR-088,Snacks,Store Brand Tortilla Chips,Restaurant style chips — great for parties.,"private_label,value",private_label,True,value,2.03,24 ct,Aisle 14 — Impulse / Endcap,4,48,0.403,844593816624,CVS DC
SKU-USR-089-001,USR-089,Dairy,Plant-Based Oat Milk,Barista blend oat milk — dairy-free alternative.,"premium,plant_based",national,True,premium,9.0,2 lb,Aisle 1 — Cooler Wall,5,28,0.21,948990876707,National Brands Co
SKU-USR-089-002,USR-089,Household,Paper Towels 8-Roll Pack,Absorbent sheets — store brand savings.,"private_label,value",private_label,True,value,2.38,2-liter,Aisle 15–17 — Household,4,36,0.346,846886276626,Walgreens DC
SKU-USR-089-003,USR-089,Health & Beauty,Sensitive Skin Moisturizer,Dermatologist tested — fragrance free daily lotion.,premium,regional,True,premium,68.73,10 oz,Aisle 18–22 — HBC,3,14,0.172,625364486964,National Brands Co
SKU-USR-089-004,USR-089,Health & Beauty,Value Shampoo Family Size,Everyday clean formula — large bottle value pack.,value,national,True,value,9.53,24 ct,Aisle 18–22 — HBC,4,50,0.265,894689600633,National Brands Co
SKU-USR-089-005,USR-089,Snacks,Store Brand Tortilla Chips,Restaurant style chips — great for parties.,"private_label,value",private_label,True,value,12.73,12 oz,Aisle 14 — Impulse / Endcap,4,38,0.198,727119175072,Walgreens DC
SKU-USR-089-006,USR-089,Beverages,Cold Brew Coffee Concentrate,Ready-to-drink cold brew — premium arabica beans.,premium,national,True,premium,89.31,6-pack,Aisle 2–3 — Cooler & Shelf,4,15,0.161,671475734989,National Brands Co
SKU-USR-089-007,USR-089,Grocery,Organic Whole Grain Bread,Artisan loaf baked daily with organic whole wheat flour.,"organic,premium",national,True,premium,71.1,6-pack,Aisle 4–12 — Center Store,3,13,0.141,605069637539,Global Consumer Goods
SKU-USR-089-008,USR-089,Frozen,Family Pizza Night 3-Pack,"Frozen pizzas — cheese, pepperoni, veggie variety.",value,national,False,value,8.41,24 ct,Aisle 23–25 — Freezer Bank,2,48,0.197,957341662570,National Brands Co
SKU-USR-089-009,USR-089,Grocery,Value White Bread,Soft sandwich bread — family pack at everyday low price.,value,national,True,value,8.16,12 oz,Aisle 4–12 — Center Store,3,49,0.2,388940916053,Global Consumer Goods
SKU-USR-089-010,USR-089,Frozen,Premium Ice Cream Pint,Super-premium butterfat — limited edition flavor.,premium,national,True,premium,66.33,6-pack,Aisle 23–25 — Freezer Bank,5,15,0.252,396078756366,National Brands Co
SKU-USR-089-011,USR-089,Beverages,Nice! Purified Water 24-Pack,Private-label beverage multipack.,"private_label,value",private_label,True,value,9.46,12 oz,Aisle 2–3 — Cooler & Shelf,2,47,0.263,378801883841,Walgreens DC
SKU-USR-089-012,USR-089,Fresh Produce,Local Seasonal Berry Mix,Farm partnership program — peak season berries.,"seasonal,premium",national,True,premium,78.8,32 oz,Produce Section — Front Perimeter,1,18,0.085,858356995989,National Brands Co
SKU-USR-089-013,USR-089,Health & Beauty,Organic Lip Balm 3-Pack,Beeswax and coconut oil — USDA organic.,"organic,premium",national,False,premium,46.23,2 lb,Aisle 18–22 — HBC,4,19,0.201,909861441728,Global Consumer Goods
SKU-USR-089-014,USR-089,Grocery,Gluten-Free Multigrain Loaf,Certified gluten-free bread with seeds and ancient grains.,"gluten_free,premium",national,True,premium,72.02,2 lb,Aisle 4–12 — Center Store,3,11,0.119,945995107524,Global Consumer Goods
SKU-USR-089-015,USR-089,Household,Eco-Friendly Surface Cleaner,Plant-based spray — safe for kitchen counters.,"organic,premium",national,True,premium,51.79,2 lb,Aisle 15–17 — Household,1,16,0.137,496296851580,National Brands Co
SKU-USR-089-016,USR-089,Snacks,Protein Trail Mix Grab & Go,"Almonds, cashews, dried cranberries — 10g protein per serving.",premium,national,True,premium,55.31,10 oz,Aisle 14 — Impulse / Endcap,3,9,0.248,982086956710,Global Consumer Goods
SKU-USR-089-017,USR-089,Beverages,Sparkling Water 12-Pack,Zero calorie flavored seltzer — variety pack.,premium,regional,False,premium,20.71,32 oz,Aisle 2–3 — Cooler & Shelf,1,13,0.228,932197614150,Regional Foods LLC
SKU-USR-090-001,USR-090,Beverages,Cold Brew Coffee Concentrate,Ready-to-drink cold brew — premium arabica beans.,premium,national,True,premium,39.41,10 oz,Aisle 2–3 — Cooler & Shelf,4,22,0.118,937405558138,Global Consumer Goods
SKU-USR-090-002,USR-090,Dairy,Plant-Based Oat Milk,Barista blend oat milk — dairy-free alternative.,"premium,plant_based",national,True,premium,50.65,32 oz,Aisle 1 — Cooler Wall,2,18,0.25,820215404484,Global Consumer Goods
SKU-USR-090-003,USR-090,Health & Beauty,Organic Lip Balm 3-Pack,Beeswax and coconut oil — USDA organic.,"organic,premium",national,True,premium,14.48,6-pack,Aisle 18–22 — HBC,4,14,0.217,700447791708,Regional Foods LLC
SKU-USR-090-004,USR-090,Fresh Produce,Organic Baby Spinach 5oz,Triple washed organic greens — salad ready.,"organic,premium",national,True,premium,14.21,8 oz,Produce Section — Front Perimeter,5,21,0.08,955021495134,National Brands Co
SKU-USR-090-005,USR-090,Snacks,Store Brand Tortilla Chips,Restaurant style chips — great for parties.,"private_label,value",private_label,True,value,6.37,12 oz,Aisle 14 — Impulse / Endcap,2,53,0.26,953625585115,Home Depot DC
SKU-USR-090-006,USR-090,Beverages,Sparkling Water 12-Pack,Zero calorie flavored seltzer — variety pack.,premium,national,True,premium,82.29,2 lb,Aisle 2–3 — Cooler & Shelf,3,23,0.259,881619909211,Regional Foods LLC
SKU-USR-090-007,USR-090,Beverages,Cola 2-Liter Bottle,Classic cola — promotional multipack available.,value,regional,True,value,6.63,1 lb,Aisle 2–3 — Cooler & Shelf,1,41,0.131,529323644633,Global Consumer Goods
SKU-USR-090-008,USR-090,Snacks,Protein Trail Mix Grab & Go,"Almonds, cashews, dried cranberries — 10g protein per serving.",premium,regional,True,premium,13.69,8 oz,Aisle 14 — Impulse / Endcap,2,17,0.17,319009343412,National Brands Co
SKU-USR-090-009,USR-090,Dairy,Organic Greek Yogurt 4-Pack,"Thick strained yogurt, live cultures, no artificial sweeteners.","organic,premium",national,True,premium,22.59,6-pack,Aisle 1 — Cooler Wall,5,18,0.15,594174593098,Global Consumer Goods
SKU-USR-090-010,USR-090,Dairy,Farm Fresh 2% Milk Gallon,Locally sourced milk — vitamin D fortified.,value,regional,True,value,5.04,2-liter,Aisle 1 — Cooler Wall,5,49,0.216,586137975391,National Brands Co
SKU-USR-090-011,USR-090,Household,2x4 Stud Lumber 8ft,Framing lumber — building materials bay.,value,national,True,value,10.87,1 lb,Aisle 15–17 — Household,1,46,0.167,414264480002,Regional Foods LLC
SKU-USR-090-012,USR-090,Grocery,Gluten-Free Multigrain Loaf,Certified gluten-free bread with seeds and ancient grains.,"gluten_free,premium",regional,True,premium,18.34,4-pack,Aisle 4–12 — Center Store,1,20,0.274,929761636865,Regional Foods LLC
SKU-USR-090-013,USR-090,Health & Beauty,Sensitive Skin Moisturizer,Dermatologist tested — fragrance free daily lotion.,premium,national,True,premium,76.44,10 oz,Aisle 18–22 — HBC,2,19,0.113,683871806674,National Brands Co
SKU-USR-090-014,USR-090,Fresh Produce,Local Seasonal Berry Mix,Farm partnership program — peak season berries.,"seasonal,premium",national,True,premium,83.36,8 oz,Produce Section — Front Perimeter,4,23,0.218,409780519780,Regional Foods LLC
SKU-USR-091-001,USR-091,Household,Eco-Friendly Surface Cleaner,Plant-based spray — safe for kitchen counters.,"organic,premium",national,True,premium,55.63,10 oz,Aisle 15–17 — Household,4,21,0.101,722215902353,Regional Foods LLC
SKU-USR-091-002,USR-091,Frozen,Family Pizza Night 3-Pack,"Frozen pizzas — cheese, pepperoni, veggie variety.",value,national,True,value,1.82,16 oz,Aisle 23–25 — Freezer Bank,1,48,0.21,977910579463,Global Consumer Goods
SKU-USR-091-003,USR-091,Health & Beauty,Value Shampoo Family Size,Everyday clean formula — large bottle value pack.,value,regional,True,value,6.84,2-liter,Aisle 18–22 — HBC,5,44,0.105,417315887756,National Brands Co
SKU-USR-091-004,USR-091,Frozen,Premium Ice Cream Pint,Super-premium butterfat — limited edition flavor.,premium,national,True,premium,54.46,32 oz,Aisle 23–25 — Freezer Bank,5,11,0.276,750234204588,Regional Foods LLC
SKU-USR-091-005,USR-091,Fresh Produce,Organic Baby Spinach 5oz,Triple washed organic greens — salad ready.,"organic,premium",national,True,premium,64.12,8 oz,Produce Section — Front Perimeter,3,21,0.118,834623660251,Global Consumer Goods
SKU-USR-091-006,USR-091,Dairy,Farm Fresh 2% Milk Gallon,Locally sourced milk — vitamin D fortified.,value,national,True,value,10.65,1 gallon,Aisle 1 — Cooler Wall,1,46,0.144,410443880114,National Brands Co
SKU-USR-091-007,USR-091,Beverages,Cold Brew Coffee Concentrate,Ready-to-drink cold brew — premium arabica beans.,premium,national,True,premium,33.3,2 lb,Aisle 2–3 — Cooler & Shelf,1,20,0.198,704442509058,Regional Foods LLC
SKU-USR-091-008,USR-091,Snacks,Classic Potato Chips Family Size,Crispy kettle chips — original sea salt flavor.,value,national,True,value,10.27,24 ct,Aisle 14 — Impulse / Endcap,5,40,0.111,426827659501,Regional Foods LLC
SKU-USR-091-009,USR-091,Snacks,Protein Trail Mix Grab & Go,"Almonds, cashews, dried cranberries — 10g protein per serving.",premium,national,True,premium,37.65,4-pack,Aisle 14 — Impulse / Endcap,3,21,0.27,872314163814,Global Consumer Goods
SKU-USR-091-010,USR-091,Frozen,Frozen Vegetable Stir-Fry Blend,"Broccoli, peppers, snap peas — steam in bag.",value,regional,True,value,9.12,1 lb,Aisle 23–25 — Freezer Bank,5,55,0.237,893528544403,Regional Foods LLC
SKU-USR-091-011,USR-091,Dairy,Plant-Based Oat Milk,Barista blend oat milk — dairy-free alternative.,"premium,plant_based",national,True,premium,50.63,10 oz,Aisle 1 — Cooler Wall,5,21,0.086,743719216032,Regional Foods LLC
SKU-USR-091-012,USR-091,Grocery,Gluten-Free Multigrain Loaf,Certified gluten-free bread with seeds and ancient grains.,"gluten_free,premium",national,True,premium,36.96,10 oz,Aisle 4–12 — Center Store,1,16,0.176,381034404809,Regional Foods LLC
SKU-USR-091-013,USR-091,Household,Paper Towels 8-Roll Pack,Absorbent sheets — store brand savings.,"private_label,value",private_label,True,value,10.72,2-liter,Aisle 15–17 — Household,4,37,0.351,141621488579,Lowe's DC
SKU-USR-091-014,USR-091,Grocery,Organic Whole Grain Bread,Artisan loaf baked daily with organic whole wheat flour.,"organic,premium",national,True,premium,72.77,6-pack,Aisle 4–12 — Center Store,3,17,0.278,894115403217,Regional Foods LLC
SKU-USR-091-015,USR-091,Fresh Produce,Bananas per lb,Everyday fruit staple — ripen at home.,value,national,True,value,1.94,2-liter,Produce Section — Front Perimeter,1,52,0.108,426629534067,National Brands Co
SKU-USR-091-016,USR-091,Beverages,Sparkling Water 12-Pack,Zero calorie flavored seltzer — variety pack.,premium,regional,True,premium,36.27,2 lb,Aisle 2–3 — Cooler & Shelf,3,18,0.127,324599673943,Regional Foods LLC
SKU-USR-092-001,USR-092,Household,"Insignia 55"" 4K Fire TV",Private-label electronics — margin-friendly TV.,"private_label,premium",private_label,True,premium,26.71,6-pack,Aisle 15–17 — Household,5,15,0.165,528260341310,Best Buy DC
SKU-USR-092-002,USR-092,Grocery,Organic Whole Grain Bread,Artisan loaf baked daily with organic whole wheat flour.,"organic,premium",regional,True,premium,75.17,4-pack,Aisle 4–12 — Center Store,2,17,0.109,239185635088,Global Consumer Goods
SKU-USR-092-003,USR-092,Dairy,Farm Fresh 2% Milk Gallon,Locally sourced milk — vitamin D fortified.,value,regional,True,value,4.32,2-liter,Aisle 1 — Cooler Wall,4,44,0.163,990114796954,Global Consumer Goods
SKU-USR-092-004,USR-092,Household,Samsung Galaxy S26 Unlocked,Mobile handset — carrier partnership bay.,premium,national,True,premium,16.83,8 oz,Aisle 15–17 — Household,3,15,0.101,247852424577,National Brands Co
SKU-USR-092-005,USR-092,Fresh Produce,Organic Baby Spinach 5oz,Triple washed organic greens — salad ready.,"organic,premium",national,True,premium,43.29,2 lb,Produce Section — Front Perimeter,2,16,0.117,876456614156,Regional Foods LLC
SKU-USR-092-006,USR-092,Dairy,Plant-Based Oat Milk,Barista blend oat milk — dairy-free alternative.,"premium,plant_based",regional,True,premium,52.7,4-pack,Aisle 1 — Cooler Wall,5,20,0.145,948957847035,National Brands Co
SKU-USR-092-007,USR-092,Health & Beauty,Sensitive Skin Moisturizer,Dermatologist tested — fragrance free daily lotion.,premium,national,True,premium,48.6,10 oz,Aisle 18–22 — HBC,2,15,0.142,980158669716,Regional Foods LLC
SKU-USR-092-008,USR-092,Beverages,Cold Brew Coffee Concentrate,Ready-to-drink cold brew — premium arabica beans.,premium,national,True,premium,29.97,4-pack,Aisle 2–3 — Cooler & Shelf,5,21,0.186,635029728297,Regional Foods LLC
SKU-USR-092-009,USR-092,Household,Apple AirPods Pro (3rd Gen),Flagship audio — traffic-driving CE.,premium,national,True,premium,66.55,10 oz,Aisle 15–17 — Household,3,18,0.13,846107270301,National Brands Co
SKU-USR-092-010,USR-092,Health & Beauty,Value Shampoo Family Size,Everyday clean formula — large bottle value pack.,value,regional,True,value,7.08,1 gallon,Aisle 18–22 — HBC,1,47,0.099,208277903832,Regional Foods LLC
SKU-USR-092-011,USR-092,Frozen,Frozen Vegetable Stir-Fry Blend,"Broccoli, peppers, snap peas — steam in bag.",value,regional,True,value,5.45,1 lb,Aisle 23–25 — Freezer Bank,2,48,0.234,904770166508,National Brands Co
SKU-USR-092-012,USR-092,Fresh Produce,Local Seasonal Berry Mix,Farm partnership program — peak season berries.,"seasonal,premium",national,True,premium,81.65,6-pack,Produce Section — Front Perimeter,2,29,0.223,846134551581,Global Consumer Goods
SKU-USR-092-013,USR-092,Grocery,Gluten-Free Multigrain Loaf,Certified gluten-free bread with seeds and ancient grains.,"gluten_free,premium",national,True,premium,16.1,2 lb,Aisle 4–12 — Center Store,3,15,0.265,880782856468,Global Consumer Goods
SKU-USR-092-014,USR-092,Dairy,Organic Greek Yogurt 4-Pack,"Thick strained yogurt, live cultures, no artificial sweeteners.","organic,premium",national,True,premium,15.58,2 lb,Aisle 1 — Cooler Wall,4,14,0.089,189426935073,National Brands Co
SKU-USR-092-015,USR-092,Frozen,Family Pizza Night 3-Pack,"Frozen pizzas — cheese, pepperoni, veggie variety.",value,national,True,value,6.45,16 oz,Aisle 23–25 — Freezer Bank,2,41,0.18,868595875359,Regional Foods LLC
SKU-USR-092-016,USR-092,Health & Beauty,Organic Lip Balm 3-Pack,Beeswax and coconut oil — USDA organic.,"organic,premium",national,True,premium,83.82,6-pack,Aisle 18–22 — HBC,1,16,0.192,249833607208,Regional Foods LLC
SKU-USR-092-017,USR-092,Beverages,Cola 2-Liter Bottle,Classic cola — promotional multipack available.,value,national,True,value,9.27,24 ct,Aisle 2–3 — Cooler & Shelf,3,52,0.238,362902146597,Global Consumer Goods
SKU-USR-093-001,USR-093,Frozen,Frozen Vegetable Stir-Fry Blend,"Broccoli, peppers, snap peas — steam in bag.",value,national,False,value,11.59,16 oz,Aisle 23–25 — Freezer Bank,3,50,0.219,169186332456,Global Consumer Goods
SKU-USR-093-002,USR-093,Frozen,Family Pizza Night 3-Pack,"Frozen pizzas — cheese, pepperoni, veggie variety.",value,national,False,value,10.81,1 lb,Aisle 23–25 — Freezer Bank,1,55,0.208,984401436723,Global Consumer Goods
SKU-USR-093-003,USR-093,Health & Beauty,Sensitive Skin Moisturizer,Dermatologist tested — fragrance free daily lotion.,premium,national,True,premium,47.66,8 oz,Aisle 18–22 — HBC,5,17,0.166,210708706235,National Brands Co
SKU-USR-093-004,USR-093,Household,DG Home Paper Plates 100ct,Value party supplies — small box format.,"private_label,value",private_label,True,value,11.42,1 lb,Aisle 15–17 — Household,3,51,0.345,251883829502,Dollar General DC
SKU-USR-093-005,USR-093,Household,Paper Towels 8-Roll Pack,Absorbent sheets — store brand savings.,"private_label,value",private_label,True,value,9.08,1 lb,Aisle 15–17 — Household,4,35,0.414,510734733695,Dollar General DC
SKU-USR-093-006,USR-093,Snacks,Classic Potato Chips Family Size,Crispy kettle chips — original sea salt flavor.,value,national,True,value,10.97,24 ct,Aisle 14 — Impulse / Endcap,2,52,0.244,517547511120,Regional Foods LLC
SKU-USR-093-007,USR-093,Health & Beauty,Value Shampoo Family Size,Everyday clean formula — large bottle value pack.,value,national,False,value,2.38,1 lb,Aisle 18–22 — HBC,2,42,0.177,861359674751,Regional Foods LLC
SKU-USR-093-008,USR-093,Health & Beauty,Organic Lip Balm 3-Pack,Beeswax and coconut oil — USDA organic.,"organic,premium",national,False,premium,56.2,32 oz,Aisle 18–22 — HBC,5,15,0.258,501370941221,Regional Foods LLC
SKU-USR-093-009,USR-093,Health & Beauty,DG Health Pain Relief 50ct,Small-count OTC — rural convenience.,"private_label,value",private_label,True,value,6.84,1 gallon,Aisle 18–22 — HBC,5,40,0.216,173094226735,Dollar General DC
SKU-USR-093-010,USR-093,Dairy,Organic Greek Yogurt 4-Pack,"Thick strained yogurt, live cultures, no artificial sweeteners.","organic,premium",national,True,premium,17.25,4-pack,Aisle 1 — Cooler Wall,4,18,0.249,675181310776,Global Consumer Goods
SKU-USR-093-011,USR-093,Snacks,Protein Trail Mix Grab & Go,"Almonds, cashews, dried cranberries — 10g protein per serving.",premium,national,False,premium,87.64,4-pack,Aisle 14 — Impulse / Endcap,4,18,0.202,138496547290,Regional Foods LLC
SKU-USR-093-012,USR-093,Fresh Produce,Bananas per lb,Everyday fruit staple — ripen at home.,value,national,True,value,4.89,12 oz,Produce Section — Front Perimeter,3,51,0.194,981003651866,Global Consumer Goods
SKU-USR-093-013,USR-093,Dairy,Plant-Based Oat Milk,Barista blend oat milk — dairy-free alternative.,"premium,plant_based",regional,True,premium,38.85,2 lb,Aisle 1 — Cooler Wall,2,26,0.241,595455247465,National Brands Co
SKU-USR-093-014,USR-093,Grocery,Value White Bread,Soft sandwich bread — family pack at everyday low price.,value,national,True,value,12.28,1 gallon,Aisle 4–12 — Center Store,1,36,0.224,368320785004,Global Consumer Goods
SKU-USR-093-015,USR-093,Fresh Produce,Organic Baby Spinach 5oz,Triple washed organic greens — salad ready.,"organic,premium",national,True,premium,34.68,2 lb,Produce Section — Front Perimeter,2,19,0.175,589333765782,Global Consumer Goods
SKU-USR-093-016,USR-093,Household,Concentrated Laundry Detergent,HE compatible — 64 load bottle.,value,national,True,value,4.84,24 ct,Aisle 15–17 — Household,4,46,0.278,717301763802,Global Consumer Goods
SKU-USR-094-001,USR-094,Fresh Produce,Bananas per lb,Everyday fruit staple — ripen at home.,value,national,True,value,8.38,1 gallon,Produce Section — Front Perimeter,5,52,0.114,223147576140,Regional Foods LLC
SKU-USR-094-002,USR-094,Beverages,Sparkling Water 12-Pack,Zero calorie flavored seltzer — variety pack.,premium,national,True,premium,85.42,32 oz,Aisle 2–3 — Cooler & Shelf,4,11,0.22,558028544285,Global Consumer Goods
SKU-USR-094-003,USR-094,Frozen,Frozen Vegetable Stir-Fry Blend,"Broccoli, peppers, snap peas — steam in bag.",value,national,True,value,2.94,24 ct,Aisle 23–25 — Freezer Bank,4,59,0.258,153007991580,National Brands Co
SKU-USR-094-004,USR-094,Dairy,Farm Fresh 2% Milk Gallon,Locally sourced milk — vitamin D fortified.,value,national,True,value,2.89,1 lb,Aisle 1 — Cooler Wall,7,38,0.222,419657203281,Regional Foods LLC
SKU-USR-094-005,USR-094,Snacks,Protein Trail Mix Grab & Go,"Almonds, cashews, dried cranberries — 10g protein per serving.",premium,national,True,premium,50.91,10 oz,Aisle 14 — Impulse / Endcap,7,27,0.237,688937383222,Regional Foods LLC
SKU-USR-094-006,USR-094,Household,Concentrated Laundry Detergent,HE compatible — 64 load bottle.,value,national,True,value,9.04,1 gallon,Aisle 15–17 — Household,5,48,0.248,337078475528,National Brands Co
SKU-USR-094-007,USR-094,Household,Eco-Friendly Surface Cleaner,Plant-based spray — safe for kitchen counters.,"organic,premium",national,True,premium,89.7,2 lb,Aisle 15–17 — Household,2,15,0.1,548122930396,National Brands Co
SKU-USR-094-008,USR-094,Fresh Produce,Organic Baby Spinach 5oz,Triple washed organic greens — salad ready.,"organic,premium",national,True,premium,26.36,32 oz,Produce Section — Front Perimeter,6,19,0.141,871881172597,Regional Foods LLC
SKU-USR-094-009,USR-094,Grocery,Organic Whole Grain Bread,Artisan loaf baked daily with organic whole wheat flour.,"organic,premium",national,True,premium,13.96,4-pack,Aisle 4–12 — Center Store,5,22,0.138,203641741102,Regional Foods LLC
SKU-USR-094-010,USR-094,Health & Beauty,Organic Lip Balm 3-Pack,Beeswax and coconut oil — USDA organic.,"organic,premium",national,True,premium,20.15,2 lb,Aisle 18–22 — HBC,3,18,0.263,442138257723,Regional Foods LLC
SKU-USR-094-011,USR-094,Dairy,Organic Greek Yogurt 4-Pack,"Thick strained yogurt, live cultures, no artificial sweeteners.","organic,premium",regional,True,premium,59.2,2 lb,Aisle 1 — Cooler Wall,6,12,0.263,350395997383,National Brands Co
SKU-USR-094-012,USR-094,Beverages,Member's Mark Purified Water 40-Pack,Bulk hydration — high basket attach rate.,"private_label,value",private_label,True,value,6.12,1 gallon,Aisle 2–3 — Cooler & Shelf,4,61,0.348,921688641927,Sam's Club DC
SKU-USR-094-013,USR-094,Frozen,Premium Ice Cream Pint,Super-premium butterfat — limited edition flavor.,premium,regional,True,premium,71.26,8 oz,Aisle 23–25 — Freezer Bank,2,15,0.17,476538275107,Global Consumer Goods
SKU-USR-094-014,USR-094,Grocery,Gluten-Free Multigrain Loaf,Certified gluten-free bread with seeds and ancient grains.,"gluten_free,premium",national,True,premium,26.73,6-pack,Aisle 4–12 — Center Store,2,22,0.238,482536140745,Regional Foods LLC
SKU-USR-094-015,USR-094,Fresh Produce,Local Seasonal Berry Mix,Farm partnership program — peak season berries.,"seasonal,premium",national,True,premium,67.88,4-pack,Produce Section — Front Perimeter,3,16,0.181,895121368251,Regional Foods LLC
SKU-USR-094-016,USR-094,Beverages,Cold Brew Coffee Concentrate,Ready-to-drink cold brew — premium arabica beans.,premium,national,True,premium,78.25,10 oz,Aisle 2–3 — Cooler & Shelf,2,25,0.161,771578515531,National Brands Co
SKU-USR-094-017,USR-094,Grocery,Value White Bread,Soft sandwich bread — family pack at everyday low price.,value,regional,True,value,10.17,1 gallon,Aisle 4–12 — Center Store,4,43,0.163,101885398965,Regional Foods LLC
SKU-USR-094-018,USR-094,Health & Beauty,Sensitive Skin Moisturizer,Dermatologist tested — fragrance free daily lotion.,premium,national,True,premium,78.06,4-pack,Aisle 18–22 — HBC,2,17,0.113,551549829208,National Brands Co
SKU-USR-094-019,USR-094,Snacks,Classic Potato Chips Family Size,Crispy kettle chips — original sea salt flavor.,value,national,True,value,1.84,24 ct,Aisle 14 — Impulse / Endcap,3,41,0.106,703695477519,Regional Foods LLC
SKU-USR-094-020,USR-094,Grocery,Sam's Club Bakery Muffin 12-Pack,In-club bakery — morning traffic driver.,value,national,True,value,6.71,2-liter,Aisle 4–12 — Center Store,6,47,0.221,710785110425,Regional Foods LLC
SKU-USR-095-001,USR-095,Grocery,Value White Bread,Soft sandwich bread — family pack at everyday low price.,value,national,True,value,1.61,12 oz,Aisle 4–12 — Center Store,2,45,0.111,250993507964,Global Consumer Goods
SKU-USR-095-002,USR-095,Beverages,Cold Brew Coffee Concentrate,Ready-to-drink cold brew — premium arabica beans.,premium,national,True,premium,23.62,32 oz,Aisle 2–3 — Cooler & Shelf,3,21,0.278,736120402003,National Brands Co
SKU-USR-095-003,USR-095,Snacks,Classic Potato Chips Family Size,Crispy kettle chips — original sea salt flavor.,value,national,True,value,2.74,2-liter,Aisle 14 — Impulse / Endcap,1,48,0.091,412622814378,Global Consumer Goods
SKU-USR-095-004,USR-095,Fresh Produce,Local Seasonal Berry Mix,Farm partnership program — peak season berries.,"seasonal,premium",national,True,premium,12.61,2 lb,Produce Section — Front Perimeter,2,14,0.199,737986409878,Global Consumer Goods
SKU-USR-095-005,USR-095,Snacks,Protein Trail Mix Grab & Go,"Almonds, cashews, dried cranberries — 10g protein per serving.",premium,national,True,premium,36.61,8 oz,Aisle 14 — Impulse / Endcap,3,16,0.142,674818629107,Regional Foods LLC
SKU-USR-095-006,USR-095,Snacks,Store Brand Tortilla Chips,Restaurant style chips — great for parties.,"private_label,value",private_label,True,value,10.9,1 lb,Aisle 14 — Impulse / Endcap,2,43,0.221,383096852351,Aldi DC
SKU-USR-095-007,USR-095,Grocery,Organic Whole Grain Bread,Artisan loaf baked daily with organic whole wheat flour.,"organic,premium",national,True,premium,51.35,4-pack,Aisle 4–12 — Center Store,5,15,0.179,470563951073,National Brands Co
SKU-USR-095-008,USR-095,Dairy,Farm Fresh 2% Milk Gallon,Locally sourced milk — vitamin D fortified.,value,national,True,value,10.73,12 oz,Aisle 1 — Cooler Wall,4,44,0.21,302496806999,National Brands Co
SKU-USR-095-009,USR-095,Grocery,Gluten-Free Multigrain Loaf,Certified gluten-free bread with seeds and ancient grains.,"gluten_free,premium",national,True,premium,63.03,8 oz,Aisle 4–12 — Center Store,2,10,0.104,811670898958,National Brands Co
SKU-USR-095-010,USR-095,Household,Paper Towels 8-Roll Pack,Absorbent sheets — store brand savings.,"private_label,value",private_label,True,value,2.87,2-liter,Aisle 15–17 — Household,4,46,0.134,787027378276,Aldi DC
SKU-USR-095-011,USR-095,Beverages,Cola 2-Liter Bottle,Classic cola — promotional multipack available.,value,national,True,value,2.92,1 gallon,Aisle 2–3 — Cooler & Shelf,4,45,0.169,489288321885,Regional Foods LLC
SKU-USR-095-012,USR-095,Dairy,Friendly Farms Greek Yogurt,Dairy private label — weekly special.,"private_label,value",private_label,True,value,10.24,24 ct,Aisle 1 — Cooler Wall,3,41,0.354,167112346317,Aldi DC
SKU-USR-096-001,USR-096,Household,Concentrated Laundry Detergent,HE compatible — 64 load bottle.,value,regional,True,value,12.63,24 ct,Aisle 15–17 — Household,1,38,0.21,344259514134,Regional Foods LLC
SKU-USR-096-002,USR-096,Beverages,Sparkling Water 12-Pack,Zero calorie flavored seltzer — variety pack.,premium,national,True,premium,28.14,4-pack,Aisle 2–3 — Cooler & Shelf,5,19,0.267,681133516028,National Brands Co
SKU-USR-096-003,USR-096,Snacks,Protein Trail Mix Grab & Go,"Almonds, cashews, dried cranberries — 10g protein per serving.",premium,national,True,premium,60.42,8 oz,Aisle 14 — Impulse / Endcap,2,20,0.191,382048436811,National Brands Co
SKU-USR-096-004,USR-096,Frozen,Family Pizza Night 3-Pack,"Frozen pizzas — cheese, pepperoni, veggie variety.",value,national,True,value,6.86,12 oz,Aisle 23–25 — Freezer Bank,3,49,0.132,750606739547,Global Consumer Goods
SKU-USR-096-005,USR-096,Fresh Produce,Local Seasonal Berry Mix,Farm partnership program — peak season berries.,"seasonal,premium",regional,True,premium,81.46,4-pack,Produce Section — Front Perimeter,2,18,0.19,471165522627,National Brands Co
SKU-USR-096-006,USR-096,Fresh Produce,Bananas per lb,Everyday fruit staple — ripen at home.,value,regional,True,value,6.47,2-liter,Produce Section — Front Perimeter,5,40,0.115,540614590500,Regional Foods LLC
SKU-USR-096-007,USR-096,Health & Beauty,Organic Lip Balm 3-Pack,Beeswax and coconut oil — USDA organic.,"organic,premium",national,True,premium,74.15,10 oz,Aisle 18–22 — HBC,5,14,0.167,936874119646,Regional Foods LLC
SKU-USR-096-008,USR-096,Health & Beauty,Sensitive Skin Moisturizer,Dermatologist tested — fragrance free daily lotion.,premium,national,True,premium,21.32,10 oz,Aisle 18–22 — HBC,1,15,0.199,594447364930,Global Consumer Goods
SKU-USR-096-009,USR-096,Dairy,Plant-Based Oat Milk,Barista blend oat milk — dairy-free alternative.,"premium,plant_based",national,True,premium,19.29,10 oz,Aisle 1 — Cooler Wall,3,15,0.241,128795173290,Regional Foods LLC
SKU-USR-096-010,USR-096,Grocery,Organic Whole Grain Bread,Artisan loaf baked daily with organic whole wheat flour.,"organic,premium",national,True,premium,75.01,4-pack,Aisle 4–12 — Center Store,2,18,0.137,953235880212,Regional Foods LLC
SKU-USR-096-011,USR-096,Health & Beauty,Value Shampoo Family Size,Everyday clean formula — large bottle value pack.,value,regional,True,value,5.64,2-liter,Aisle 18–22 — HBC,1,55,0.144,611591899188,Regional Foods LLC
SKU-USR-096-012,USR-096,Household,Paper Towels 8-Roll Pack,Absorbent sheets — store brand savings.,"private_label,value",private_label,True,value,5.06,1 lb,Aisle 15–17 — Household,1,41,0.319,575954920682,H-E-B DC
SKU-USR-096-013,USR-096,Dairy,Organic Greek Yogurt 4-Pack,"Thick strained yogurt, live cultures, no artificial sweeteners.","organic,premium",regional,True,premium,23.46,6-pack,Aisle 1 — Cooler Wall,1,16,0.219,925478488483,National Brands Co
SKU-USR-096-014,USR-096,Beverages,Cold Brew Coffee Concentrate,Ready-to-drink cold brew — premium arabica beans.,premium,national,True,premium,81.9,2 lb,Aisle 2–3 — Cooler & Shelf,2,21,0.225,991946988298,Global Consumer Goods
SKU-USR-097-001,USR-097,Household,Eco-Friendly Surface Cleaner,Plant-based spray — safe for kitchen counters.,"organic,premium",national,True,premium,25.04,2 lb,Aisle 15–17 — Household,5,10,0.085,906458538815,National Brands Co
SKU-USR-097-002,USR-097,Snacks,Classic Potato Chips Family Size,Crispy kettle chips — original sea salt flavor.,value,national,True,value,4.69,1 gallon,Aisle 14 — Impulse / Endcap,2,40,0.138,784793755207,National Brands Co
SKU-USR-097-003,USR-097,Dairy,Farm Fresh 2% Milk Gallon,Locally sourced milk — vitamin D fortified.,value,national,True,value,2.83,1 gallon,Aisle 1 — Cooler Wall,4,49,0.28,700222232751,Global Consumer Goods
SKU-USR-097-004,USR-097,Health & Beauty,Sensitive Skin Moisturizer,Dermatologist tested — fragrance free daily lotion.,premium,national,True,premium,55.49,10 oz,Aisle 18–22 — HBC,4,17,0.235,572434296247,Global Consumer Goods
SKU-USR-097-005,USR-097,Frozen,Premium Ice Cream Pint,Super-premium butterfat — limited edition flavor.,premium,national,True,premium,57.84,8 oz,Aisle 23–25 — Freezer Bank,5,13,0.276,799932712265,Global Consumer Goods
SKU-USR-097-006,USR-097,Fresh Produce,Bananas per lb,Everyday fruit staple — ripen at home.,value,national,True,value,6.64,16 oz,Produce Section — Front Perimeter,3,32,0.13,112373902343,Global Consumer Goods
SKU-USR-097-007,USR-097,Dairy,Plant-Based Oat Milk,Barista blend oat milk — dairy-free alternative.,"premium,plant_based",national,True,premium,73.02,8 oz,Aisle 1 — Cooler Wall,4,17,0.272,889648570948,Global Consumer Goods
SKU-USR-097-008,USR-097,Fresh Produce,Organic Baby Spinach 5oz,Triple washed organic greens — salad ready.,"organic,premium",national,True,premium,78.46,10 oz,Produce Section — Front Perimeter,5,16,0.104,337203729941,Global Consumer Goods
SKU-USR-097-009,USR-097,Snacks,Store Brand Tortilla Chips,Restaurant style chips — great for parties.,"private_label,value",private_label,True,value,2.25,12 oz,Aisle 14 — Impulse / Endcap,1,42,0.245,785864681919,Meijer DC
SKU-USR-097-010,USR-097,Dairy,Organic Greek Yogurt 4-Pack,"Thick strained yogurt, live cultures, no artificial sweeteners.","organic,premium",national,True,premium,13.95,6-pack,Aisle 1 — Cooler Wall,4,9,0.118,336281575427,Regional Foods LLC
SKU-USR-097-011,USR-097,Health & Beauty,Organic Lip Balm 3-Pack,Beeswax and coconut oil — USDA organic.,"organic,premium",national,True,premium,88.71,4-pack,Aisle 18–22 — HBC,2,16,0.206,538178109383,Regional Foods LLC
SKU-USR-097-012,USR-097,Fresh Produce,Local Seasonal Berry Mix,Farm partnership program — peak season berries.,"seasonal,premium",national,True,premium,23.57,32 oz,Produce Section — Front Perimeter,2,21,0.112,417631346879,Regional Foods LLC
SKU-USR-097-013,USR-097,Snacks,Protein Trail Mix Grab & Go,"Almonds, cashews, dried cranberries — 10g protein per serving.",premium,national,False,premium,37.16,6-pack,Aisle 14 — Impulse / Endcap,2,19,0.163,178286734225,National Brands Co
SKU-USR-097-014,USR-097,Grocery,Organic Whole Grain Bread,Artisan loaf baked daily with organic whole wheat flour.,"organic,premium",national,True,premium,29.88,32 oz,Aisle 4–12 — Center Store,3,14,0.095,294989641306,Regional Foods LLC
SKU-USR-097-015,USR-097,Household,Concentrated Laundry Detergent,HE compatible — 64 load bottle.,value,national,True,value,7.81,16 oz,Aisle 15–17 — Household,1,53,0.227,823802693569,Regional Foods LLC
SKU-USR-098-001,USR-098,Fresh Produce,Bananas per lb,Everyday fruit staple — ripen at home.,value,national,True,value,11.74,2-liter,Produce Section — Front Perimeter,1,41,0.207,952623994681,Global Consumer Goods
SKU-USR-098-002,USR-098,Snacks,Protein Trail Mix Grab & Go,"Almonds, cashews, dried cranberries — 10g protein per serving.",premium,national,True,premium,54.83,8 oz,Aisle 14 — Impulse / Endcap,4,18,0.099,548414802036,Regional Foods LLC
SKU-USR-098-003,USR-098,Dairy,Farm Fresh 2% Milk Gallon,Locally sourced milk — vitamin D fortified.,value,regional,True,value,8.52,2-liter,Aisle 1 — Cooler Wall,2,52,0.119,857393464231,Global Consumer Goods
SKU-USR-098-004,USR-098,Dairy,Organic Greek Yogurt 4-Pack,"Thick strained yogurt, live cultures, no artificial sweeteners.","organic,premium",national,True,premium,44.56,32 oz,Aisle 1 — Cooler Wall,3,21,0.211,413477398394,Global Consumer Goods
SKU-USR-098-005,USR-098,Fresh Produce,Local Seasonal Berry Mix,Farm partnership program — peak season berries.,"seasonal,premium",national,True,premium,68.75,4-pack,Produce Section — Front Perimeter,2,15,0.263,593460478513,National Brands Co
SKU-USR-098-006,USR-098,Fresh Produce,Organic Baby Spinach 5oz,Triple washed organic greens — salad ready.,"organic,premium",national,True,premium,54.83,8 oz,Produce Section — Front Perimeter,4,21,0.24,111845569842,National Brands Co
SKU-USR-098-007,USR-098,Grocery,Organic Whole Grain Bread,Artisan loaf baked daily with organic whole wheat flour.,"organic,premium",national,True,premium,77.47,2 lb,Aisle 4–12 — Center Store,2,16,0.195,588933800886,National Brands Co
SKU-USR-098-008,USR-098,Beverages,Sparkling Water 12-Pack,Zero calorie flavored seltzer — variety pack.,premium,national,True,premium,61.79,4-pack,Aisle 2–3 — Cooler & Shelf,5,9,0.115,697061627809,National Brands Co
SKU-USR-098-009,USR-098,Snacks,Store Brand Tortilla Chips,Restaurant style chips — great for parties.,"private_label,value",private_label,True,value,7.74,24 ct,Aisle 14 — Impulse / Endcap,1,38,0.254,770251889068,Safeway DC
SKU-USR-098-010,USR-098,Beverages,Cold Brew Coffee Concentrate,Ready-to-drink cold brew — premium arabica beans.,premium,national,True,premium,30.25,8 oz,Aisle 2–3 — Cooler & Shelf,5,11,0.112,753940471387,Regional Foods LLC
SKU-USR-098-011,USR-098,Household,Eco-Friendly Surface Cleaner,Plant-based spray — safe for kitchen counters.,"organic,premium",national,False,premium,11.18,4-pack,Aisle 15–17 — Household,4,20,0.167,176037987915,Global Consumer Goods
SKU-USR-098-012,USR-098,Beverages,Cola 2-Liter Bottle,Classic cola — promotional multipack available.,value,national,True,value,8.6,16 oz,Aisle 2–3 — Cooler & Shelf,4,39,0.103,211360348724,National Brands Co
SKU-USR-098-013,USR-098,Frozen,Family Pizza Night 3-Pack,"Frozen pizzas — cheese, pepperoni, veggie variety.",value,regional,True,value,6.05,24 ct,Aisle 23–25 — Freezer Bank,3,45,0.211,480345808150,National Brands Co
SKU-USR-098-014,USR-098,Household,Paper Towels 8-Roll Pack,Absorbent sheets — store brand savings.,"private_label,value",private_label,True,value,9.53,1 lb,Aisle 15–17 — Household,5,43,0.258,734324201931,Safeway DC
SKU-USR-098-015,USR-098,Grocery,Value White Bread,Soft sandwich bread — family pack at everyday low price.,value,regional,True,value,5.58,24 ct,Aisle 4–12 — Center Store,2,51,0.189,584087533433,National Brands Co
SKU-USR-098-016,USR-098,Health & Beauty,Sensitive Skin Moisturizer,Dermatologist tested — fragrance free daily lotion.,premium,national,True,premium,61.89,6-pack,Aisle 18–22 — HBC,5,17,0.083,569261362289,National Brands Co
SKU-USR-098-017,USR-098,Snacks,Classic Potato Chips Family Size,Crispy kettle chips — original sea salt flavor.,value,regional,True,value,7.37,12 oz,Aisle 14 — Impulse / Endcap,4,47,0.094,127564471137,Global Consumer Goods
SKU-USR-098-018,USR-098,Health & Beauty,Organic Lip Balm 3-Pack,Beeswax and coconut oil — USDA organic.,"organic,premium",national,True,premium,15.88,32 oz,Aisle 18–22 — HBC,2,18,0.141,446090300046,National Brands Co
SKU-USR-099-001,USR-099,Fresh Produce,Organic Baby Spinach 5oz,Triple washed organic greens — salad ready.,"organic,premium",regional,True,premium,50.02,2 lb,Produce Section — Front Perimeter,5,18,0.13,382647517885,Global Consumer Goods
SKU-USR-099-002,USR-099,Beverages,Cola 2-Liter Bottle,Classic cola — promotional multipack available.,value,national,True,value,11.21,2-liter,Aisle 2–3 — Cooler & Shelf,3,38,0.244,384309273178,National Brands Co
SKU-USR-099-003,USR-099,Beverages,Sparkling Water 12-Pack,Zero calorie flavored seltzer — variety pack.,premium,regional,True,premium,67.25,10 oz,Aisle 2–3 — Cooler & Shelf,2,21,0.266,602047666978,Global Consumer Goods
SKU-USR-099-004,USR-099,Health & Beauty,Sensitive Skin Moisturizer,Dermatologist tested — fragrance free daily lotion.,premium,national,True,premium,67.52,6-pack,Aisle 18–22 — HBC,3,20,0.224,832216350138,Global Consumer Goods
SKU-USR-099-005,USR-099,Health & Beauty,Value Shampoo Family Size,Everyday clean formula — large bottle value pack.,value,national,True,value,3.87,2-liter,Aisle 18–22 — HBC,4,42,0.26,137798156919,National Brands Co
SKU-USR-099-006,USR-099,Household,Eco-Friendly Surface Cleaner,Plant-based spray — safe for kitchen counters.,"organic,premium",national,False,premium,29.89,4-pack,Aisle 15–17 — Household,5,23,0.143,277884727857,National Brands Co
SKU-USR-099-007,USR-099,Grocery,Gluten-Free Multigrain Loaf,Certified gluten-free bread with seeds and ancient grains.,"gluten_free,premium",regional,True,premium,26.84,32 oz,Aisle 4–12 — Center Store,2,20,0.186,447462144372,National Brands Co
SKU-USR-099-008,USR-099,Frozen,Premium Ice Cream Pint,Super-premium butterfat — limited edition flavor.,premium,national,True,premium,68.18,8 oz,Aisle 23–25 — Freezer Bank,1,20,0.245,854348539548,National Brands Co
SKU-USR-099-009,USR-099,Beverages,Cold Brew Coffee Concentrate,Ready-to-drink cold brew — premium arabica beans.,premium,national,True,premium,57.38,8 oz,Aisle 2–3 — Cooler & Shelf,5,16,0.167,242485703187,National Brands Co
SKU-USR-099-010,USR-099,Snacks,Protein Trail Mix Grab & Go,"Almonds, cashews, dried cranberries — 10g protein per serving.",premium,national,True,premium,36.98,4-pack,Aisle 14 — Impulse / Endcap,5,28,0.126,923298479936,National Brands Co
SKU-USR-099-011,USR-099,Grocery,Organic Whole Grain Bread,Artisan loaf baked daily with organic whole wheat flour.,"organic,premium",regional,True,premium,58.02,6-pack,Aisle 4–12 — Center Store,1,18,0.263,638939663664,Global Consumer Goods
SKU-USR-099-012,USR-099,Grocery,Value White Bread,Soft sandwich bread — family pack at everyday low price.,value,regional,True,value,7.43,16 oz,Aisle 4–12 — Center Store,1,45,0.086,903669171025,National Brands Co
SKU-USR-099-013,USR-099,Household,Concentrated Laundry Detergent,HE compatible — 64 load bottle.,value,national,True,value,12.81,12 oz,Aisle 15–17 — Household,2,36,0.09,122064335018,Regional Foods LLC
SKU-USR-099-014,USR-099,Dairy,Farm Fresh 2% Milk Gallon,Locally sourced milk — vitamin D fortified.,value,national,True,value,6.19,12 oz,Aisle 1 — Cooler Wall,2,43,0.213,152313522564,National Brands Co
SKU-USR-099-015,USR-099,Frozen,Family Pizza Night 3-Pack,"Frozen pizzas — cheese, pepperoni, veggie variety.",value,regional,True,value,7.29,1 gallon,Aisle 23–25 — Freezer Bank,1,45,0.278,803627548957,Global Consumer Goods
SKU-USR-099-016,USR-099,Dairy,Organic Greek Yogurt 4-Pack,"Thick strained yogurt, live cultures, no artificial sweeteners.","organic,premium",national,True,premium,79.11,2 lb,Aisle 1 — Cooler Wall,2,22,0.255,803063207940,Global Consumer Goods
SKU-USR-100-001,USR-100,Dairy,Unexpected Cheddar,Flagship cheese — cult favorite private label.,"premium,private_label",private_label,True,premium,41.3,32 oz,Aisle 1 — Cooler Wall,2,14,0.35,243245556107,Trader Joe's DC
SKU-USR-100-002,USR-100,Frozen,Frozen Vegetable Stir-Fry Blend,"Broccoli, peppers, snap peas — steam in bag.",value,national,True,value,7.24,12 oz,Aisle 23–25 — Freezer Bank,2,54,0.1,396604859257,Global Consumer Goods
SKU-USR-100-003,USR-100,Frozen,Mandarin Orange Chicken,Frozen bestseller — high repeat purchase.,value,national,True,value,3.4,1 lb,Aisle 23–25 — Freezer Bank,4,42,0.168,691253411867,Global Consumer Goods
SKU-USR-100-004,USR-100,Grocery,Gluten-Free Multigrain Loaf,Certified gluten-free bread with seeds and ancient grains.,"gluten_free,premium",regional,True,premium,50.36,32 oz,Aisle 4–12 — Center Store,4,25,0.178,483061536333,Regional Foods LLC
SKU-USR-100-005,USR-100,Health & Beauty,Sensitive Skin Moisturizer,Dermatologist tested — fragrance free daily lotion.,premium,national,True,premium,33.73,10 oz,Aisle 18–22 — HBC,4,15,0.124,370804983691,Regional Foods LLC
SKU-USR-100-006,USR-100,Dairy,Farm Fresh 2% Milk Gallon,Locally sourced milk — vitamin D fortified.,value,regional,True,value,5.32,12 oz,Aisle 1 — Cooler Wall,3,39,0.255,905939818700,National Brands Co
SKU-USR-100-007,USR-100,Beverages,Cold Brew Coffee Concentrate,Ready-to-drink cold brew — premium arabica beans.,premium,national,True,premium,43.24,6-pack,Aisle 2–3 — Cooler & Shelf,4,20,0.118,860696942031,National Brands Co
SKU-USR-100-008,USR-100,Household,Eco-Friendly Surface Cleaner,Plant-based spray — safe for kitchen counters.,"organic,premium",national,True,premium,53.31,10 oz,Aisle 15–17 — Household,4,18,0.273,648432770160,Global Consumer Goods
SKU-USR-100-009,USR-100,Frozen,Family Pizza Night 3-Pack,"Frozen pizzas — cheese, pepperoni, veggie variety.",value,national,True,value,4.49,1 lb,Aisle 23–25 — Freezer Bank,2,31,0.117,312629153451,Global Consumer Goods
SKU-USR-100-010,USR-100,Dairy,Plant-Based Oat Milk,Barista blend oat milk — dairy-free alternative.,"premium,plant_based",national,True,premium,17.77,10 oz,Aisle 1 — Cooler Wall,2,22,0.249,317526741927,Regional Foods LLC
SKU-USR-100-011,USR-100,Health & Beauty,Organic Lip Balm 3-Pack,Beeswax and coconut oil — USDA organic.,"organic,premium",national,True,premium,65.6,32 oz,Aisle 18–22 — HBC,1,19,0.198,749597690490,National Brands Co
SKU-USR-100-012,USR-100,Dairy,Organic Greek Yogurt 4-Pack,"Thick strained yogurt, live cultures, no artificial sweeteners.","organic,premium",regional,True,premium,66.5,10 oz,Aisle 1 — Cooler Wall,4,10,0.172,537370442915,Global Consumer Goods
SKU-USR-100-013,USR-100,Snacks,Store Brand Tortilla Chips,Restaurant style chips — great for parties.,"private_label,value",private_label,True,value,5.51,1 gallon,Aisle 14 — Impulse / Endcap,4,51,0.316,703331698445,Trader Joe's DC
SKU-USR-100-014,USR-100,Household,Paper Towels 8-Roll Pack,Absorbent sheets — store brand savings.,"private_label,value",private_label,True,value,5.26,1 gallon,Aisle 15–17 — Household,3,56,0.257,692971292844,Trader Joe's DC
SKU-USR-100-015,USR-100,Grocery,Everything But The Bagel Seasoning,Signature seasoning blend — social buzz SKU.,"premium,private_label",private_label,True,premium,35.14,4-pack,Aisle 4–12 — Center Store,2,25,0.314,559662169471,Trader Joe's DC
SKU-USR-100-016,USR-100,Household,Concentrated Laundry Detergent,HE compatible — 64 load bottle.,value,regional,True,value,10.94,1 lb,Aisle 15–17 — Household,2,39,0.215,401350593804,Global Consumer Goods
SKU-USR-100-017,USR-100,Beverages,Cola 2-Liter Bottle,Classic cola — promotional multipack available.,value,national,True,value,3.78,24 ct,Aisle 2–3 — Cooler & Shelf,3,40,0.183,497145347342,Global Consumer Goods
