review_id,store_id,review_date,source,rating,sentiment,review_text,complaint_tags
REV-USR-001-SITE-001,USR-001,2026-06-23,sitejabber,,neutral,"Walmart's reputation is mixed, with customers appreciating its wide product selection and competitive pricing, which enhance accessibility and affordability.",
REV-USR-001-SITE-002,USR-001,2026-06-23,sitejabber,,positive,"While some customers express loyalty and satisfaction with the overall shopping experience, others report feeling undervalued and dissatisfied, suggesting a need for improvements in communication, order management, and customer support to enhance overall service and restore confidence among shoppers.",
REV-USR-001-SITE-003,USR-001,2026-06-23,sitejabber,,negative,"While Walmart ultimately provided refunds in some cases, my primary concern is not the refund itself but the apparent lack of investigation into the root causes of these problems.",
REV-USR-001-SITE-004,USR-001,2026-06-23,sitejabber,,neutral,"Initially, I was told that delivery had been confirmed.",
REV-USR-001-SITE-005,USR-001,2026-06-23,sitejabber,,negative,"The matter was eventually resolved with a refund, but I was left wondering what investigation had actually taken place before the original conclusion was reached.",
REV-USR-001-SITE-006,USR-001,2026-06-23,sitejabber,,neutral,I repeatedly provided this evidence to customer service and asked that it be reviewed as part of a meaningful investigation.,
REV-USR-001-SITE-007,USR-001,2026-06-23,sitejabber,,neutral,"I was also repeatedly encouraged to dispute the charges with my bank, which I did not believe was an appropriate solution when the issues appeared to originate from Walmart's fulfillment or delivery process.",
REV-USR-001-SITE-008,USR-001,2026-06-23,sitejabber,,negative,"As a customer, my expectation is simple: either deliver the correct item and quantity ordered or issue a refund when that does not happen.",
REV-USR-001-GOOG-001,USR-001,2026-06-23,google_news_reviews,,negative,"3 Best And 3 Worst Walmart Marketside Subs, According To Customer Reviews - Food Republic.",
REV-USR-001-GOOG-002,USR-001,2026-06-23,google_news_reviews,,negative,"3 Best And 3 Worst Walmart Marketside Subs, According To Customer Reviews Food Republic",
REV-USR-001-GOOG-003,USR-001,2026-06-23,google_news_reviews,,neutral,You Can Spend Thousands of Dollars on Diapers. But You Don’t Have To. - The New York Times. You Can Spend Thousands of Dollars on Diapers. But You Don’t Have To. The New York Times,
REV-USR-001-GOOG-004,USR-001,2026-06-23,google_news_reviews,,positive,'Absolutely Delectable' — The Walmart Steak Customers Love Splurging On - Tasting Table.,
REV-USR-001-GOOG-005,USR-001,2026-06-23,google_news_reviews,,positive,'Absolutely Delectable' — The Walmart Steak Customers Love Splurging On Tasting Table,
REV-USR-001-GOOG-006,USR-001,2026-06-23,google_news_reviews,,neutral,"Why Walmart, Target and Costco are axing more self-checkouts — as states and NYC push limits - New York Post. Why Walmart, Target and Costco are axing more self-checkouts — as states and NYC push limits New York Post",
REV-USR-001-GOOG-007,USR-001,2026-06-23,google_news_reviews,,neutral,Walmart’s Marketplace boom: How lax vetting came with identity theft and fakes - CNBC. Walmart’s Marketplace boom: How lax vetting came with identity theft and fakes CNBC,
REV-USR-001-GOOG-008,USR-001,2026-06-23,google_news_reviews,,neutral,"For the First Time in 10 Years, We Have a New Favorite Air Purifier - The New York Times. For the First Time in 10 Years, We Have a New Favorite Air Purifier The New York Times",
REV-USR-001-GOOG-009,USR-001,2026-06-23,google_news_reviews,,neutral,"Walmart's 18 Best Bakery Items, According To Customers - Tasting Table.",
REV-USR-001-GOOG-010,USR-001,2026-06-23,google_news_reviews,,neutral,"Walmart's 18 Best Bakery Items, According To Customers Tasting Table",
REV-USR-001-GOOG-011,USR-001,2026-06-23,google_news_reviews,,neutral,The Great Walmart Radioactive Shrimp Recall of 2025 - National Review. The Great Walmart Radioactive Shrimp Recall of 2025 National Review,
REV-USR-002-SITE-001,USR-002,2026-06-23,sitejabber,,positive,"Customers appreciate the convenience, product variety, and competitive pricing, particularly praising the store's layout and exclusive brands.",
REV-USR-002-SITE-002,USR-002,2026-06-23,sitejabber,,neutral,I was given a target gift card and when I couldnt get the balance online I called *******869 and ive been on hold for 30 minutes and then some.,
REV-USR-002-SITE-003,USR-002,2026-06-23,sitejabber,,negative,Worst customer service I've ever encountered.,
REV-USR-002-SITE-004,USR-002,2026-06-23,sitejabber,,neutral,With customer service like this no wonder their closing stores everywhere.,
REV-USR-002-SITE-005,USR-002,2026-06-23,sitejabber,,positive,"When I asked a simple and polite question I was coldly answered, it was really awkward and unpleasant.",
REV-USR-002-SITE-006,USR-002,2026-06-23,sitejabber,,neutral,"This store NEVER, EVER answers the phone for Customer Service…….",
REV-USR-002-SITE-007,USR-002,2026-06-23,sitejabber,,negative,"Time and again, I've had issues with incorrect deliveries and order pickups where items were missing, only to be met with uncaring and demeaning customer service that places all the blame on me.",
REV-USR-002-SITE-008,USR-002,2026-06-23,sitejabber,,neutral,"They claim they tried to reach me and I was ""unavailable"".",
REV-USR-002-GOOG-001,USR-002,2026-06-23,google_news_reviews,,neutral,Bacteria found in Target baby wipes could be life-threatening to infants; recall underway - Los Angeles Times. Bacteria found in Target baby wipes could be life-threatening to infants; recall underway Los Angeles Times,
REV-USR-002-GOOG-002,USR-002,2026-06-23,google_news_reviews,,neutral,Cravings by Chrissy Teigen Available at Target This May; Chrissy Teigen Comments - Deli Market News. Cravings by Chrissy Teigen Available at Target This May; Chrissy Teigen Comments Deli Market News,
REV-USR-002-GOOG-003,USR-002,2026-06-23,google_news_reviews,,neutral,Concert review: Brandi Carlile proclaims her love for Minnesotans at joyous Target Center show - Pioneer Press. Concert review: Brandi Carlile proclaims her love for Minnesotans at joyous Target Center show Pioneer Press,
REV-USR-002-GOOG-004,USR-002,2026-06-23,google_news_reviews,,neutral,"Restaurant review: Despite quality ingredients, Bread Head’s sandwiches fail to live up to prices - Daily Bruin. Restaurant review: Despite quality ingredients, Bread Head’s sandwiches fail to live up to prices Daily Bruin",
REV-USR-002-GOOG-005,USR-002,2026-06-23,google_news_reviews,,neutral,"The ‘Target Husk’ in Hollywood Opens at Last, 12 Years After Work Began - LAmag. The ‘Target Husk’ in Hollywood Opens at Last, 12 Years After Work Began LAmag",
REV-USR-002-GOOG-006,USR-002,2026-06-23,google_news_reviews,,neutral,Federal lawmakers target states' use of unclaimed property after CBS California investigation - CBS News. Federal lawmakers target states' use of unclaimed property after CBS California investigation CBS News,
REV-USR-002-GOOG-007,USR-002,2026-06-23,google_news_reviews,,neutral,The Very Best Blackout Curtains To Block Out Light - The New York Times. The Very Best Blackout Curtains To Block Out Light The New York Times,
REV-USR-002-GOOG-008,USR-002,2026-06-23,google_news_reviews,,neutral,Los Angeles aims to ban single-use printer cartridges — new ordinance will target ink and toner that can't be properly recycled - Tom's Hardware. Los Angeles aims to ban single-use printer cartridges — new ordinance will target ink and toner that can't be properly recycled Tom's Hardware,
REV-USR-003-SITE-001,USR-003,2026-06-23,sitejabber,1.5,positive,"Kroger has a rating of 1.5 stars from 346 reviews, indicating that most customers are generally dissatisfied with their purchases.",
REV-USR-003-SITE-002,USR-003,2026-06-23,sitejabber,,positive,"Reviewers dissatisfied with Kroger most frequently mention customer service, self checkout and many times.",
REV-USR-003-SITE-003,USR-003,2026-06-23,sitejabber,,neutral,"Kroger's Struggles and Customer Relations Issues Kroger, one of America's largest grocery chains, has been facing severe challenges following a failed merger.",
REV-USR-003-SITE-004,USR-003,2026-06-23,sitejabber,,neutral,"Pressure from competitors only adds to the strain, but many of Kroger's difficulties stem from its own management decisions and poor customer-service practices.",
REV-USR-003-SITE-005,USR-003,2026-06-23,sitejabber,,negative,Chronic Out-of-Stock Problems One of the biggest frustrations for customers is Kroger's inability to keep popular items in stock.,
REV-USR-003-SITE-006,USR-003,2026-06-23,sitejabber,,neutral,"When customers escalate complaints to Kroger's corporate office, the issue is simply routed back to the same store management, and rarely addressed in good faith.",
REV-USR-003-SITE-007,USR-003,2026-06-23,sitejabber,,neutral,"Most other retailers allow repeat use during the promotion period, but Kroger's restrictive rule forces customers to either make multiple trips or miss out entirely.",
REV-USR-003-SITE-008,USR-003,2026-06-23,sitejabber,,negative,Customer Service Barriers Adding to the frustration is Kroger's limited customer service hours.,
REV-USR-003-GOOG-001,USR-003,2026-06-23,google_news_reviews,,neutral,Skip This Store-Bought Chicken Salad — It Has The Texture Of Mashed Potatoes - Tasting Table. Skip This Store-Bought Chicken Salad — It Has The Texture Of Mashed Potatoes Tasting Table,
REV-USR-003-GOOG-002,USR-003,2026-06-23,google_news_reviews,,neutral,"8 Supermarket Chains With The Most Unhelpful Staff, According To Reviews - Chowhound. 8 Supermarket Chains With The Most Unhelpful Staff, According To Reviews Chowhound",
REV-USR-003-GOOG-003,USR-003,2026-06-23,google_news_reviews,,neutral,‘Customers are being duped’: how murky grocery sales tactics are squeezing some Kroger shoppers - The Guardian.,
REV-USR-003-GOOG-004,USR-003,2026-06-23,google_news_reviews,,neutral,‘Customers are being duped’: how murky grocery sales tactics are squeezing some Kroger shoppers The Guardian,
REV-USR-003-GOOG-005,USR-003,2026-06-23,google_news_reviews,,neutral,"Shoppers at major US grocery chain being charged full-price for sale items, investigation finds - NBC 5 Chicago. Shoppers at major US grocery chain being charged full-price for sale items, investigation finds NBC 5 Chicago",
REV-USR-003-GOOG-006,USR-003,2026-06-23,google_news_reviews,,neutral,"Kroger overcharges customers for items marked as being on sale, Consumer Reports finds - CBS News.",
REV-USR-003-GOOG-007,USR-003,2026-06-23,google_news_reviews,,neutral,"Kroger overcharges customers for items marked as being on sale, Consumer Reports finds CBS News",
REV-USR-003-GOOG-008,USR-003,2026-06-23,google_news_reviews,,neutral,"7 Grocery Store Chains With The Best Steaks, According To Shoppers - Tasting Table. 7 Grocery Store Chains With The Best Steaks, According To Shoppers Tasting Table",
REV-USR-003-GOOG-009,USR-003,2026-06-23,google_news_reviews,,neutral,"The Ultimate Ranking Of Grocery Store Rotisserie Chickens, According To Customers - The Takeout.",
REV-USR-003-GOOG-010,USR-003,2026-06-23,google_news_reviews,,neutral,"The Ultimate Ranking Of Grocery Store Rotisserie Chickens, According To Customers The Takeout",
REV-USR-003-GOOG-011,USR-003,2026-06-23,google_news_reviews,,neutral,The 6 Best And 3 Worst Grocery Stores For Sushi - Tasting Table. The 6 Best And 3 Worst Grocery Stores For Sushi Tasting Table,
REV-USR-004-SITE-001,USR-004,2026-06-23,sitejabber,,neutral,"I was told that there'd be no problems going back to that store with the laptop, after it had been returned from Acer.",
REV-USR-004-SITE-002,USR-004,2026-06-23,sitejabber,,neutral,I'll never deal with Acer again and I think their customer service stinks.,
REV-USR-004-SITE-003,USR-004,2026-06-23,sitejabber,,neutral,Costco has some of the best products and I am there every week.,
REV-USR-004-SITE-004,USR-004,2026-06-23,sitejabber,,neutral,Said what I was doing was fraud- told me the call was being recorded- about 15 times.,
REV-USR-004-SITE-005,USR-004,2026-06-23,sitejabber,,positive,"Costco then tells my purchases to the police so that it stays in a police report that anyone can view now
Melissa Osgood decided to state to the cops that I was verbally abusing her at the Roseville Michigan store.",
REV-USR-004-SITE-006,USR-004,2026-06-23,sitejabber,,neutral,"The video recording does not have any verbal abuse
I was only trespassed for not signing a form.",
REV-USR-004-SITE-007,USR-004,2026-06-23,sitejabber,,positive,I only wonder if telling the police I was a Hispanic creating a disturbance was only to try and get a faster response.,
REV-USR-004-SITE-008,USR-004,2026-06-23,sitejabber,,neutral,"The first time I was shorted pills at Costco I said nothing, but documented my pill usage like a hawk after that.",
REV-USR-004-GOOG-001,USR-004,2026-06-23,google_news_reviews,,neutral,Costco Coupon Book June 2026 - Yahoo. Costco Coupon Book June 2026 Yahoo,
REV-USR-004-GOOG-002,USR-004,2026-06-23,google_news_reviews,,neutral,Costco tests new 'automated pay stations' to ease checkout lines - KHOU. Costco tests new 'automated pay stations' to ease checkout lines KHOU,
REV-USR-004-GOOG-003,USR-004,2026-06-23,google_news_reviews,,neutral,Costco’s Revenue Per Store: What the Numbers Show - Investopedia. Costco’s Revenue Per Store: What the Numbers Show Investopedia,
REV-USR-004-GOOG-004,USR-004,2026-06-23,google_news_reviews,,neutral,Ensueño(R) Laundry Launches New Liquid Detergent Exclusively at Costco Stores - Cleburne Times-Review. Ensueño(R) Laundry Launches New Liquid Detergent Exclusively at Costco Stores Cleburne Times-Review,
REV-USR-004-GOOG-005,USR-004,2026-06-23,google_news_reviews,,neutral,Looking for a New Fridge? Start With Our Favorite Retailers - The Spruce. Looking for a New Fridge? Start With Our Favorite Retailers The Spruce,
REV-USR-004-GOOG-006,USR-004,2026-06-23,google_news_reviews,,neutral,Cheap Tire Installation: Walmart vs. Costco vs. Discount Tire - Cheapism. Cheap Tire Installation: Walmart vs. Costco vs. Discount Tire Cheapism,
REV-USR-004-GOOG-007,USR-004,2026-06-23,google_news_reviews,,neutral,Texas educators face fallout over viral posts on Charlie Kirk shooting - Chron. Texas educators face fallout over viral posts on Charlie Kirk shooting Chron,
REV-USR-004-GOOG-008,USR-004,2026-06-23,google_news_reviews,,neutral,"Costco vs. Sam’s Club: We Compared Membership Fees, Return Policies, Prices, and Even Food Courts - The Kitchn. Costco vs. Sam’s Club: We Compared Membership Fees, Return Policies, Prices, and Even Food Courts The Kitchn",
REV-USR-005-SITE-001,USR-005,2026-06-23,sitejabber,,neutral,They use Safeway for customer support and they are the lowest of the lowest bottom tier customer service I purchased a $100 gift card and they referred me to their customer support and they just ignore me.,
REV-USR-005-SITE-002,USR-005,2026-06-23,sitejabber,,neutral,Albertsons messed up two online delivery orders and promised to make them right after speaking with customer service and them acknowledging their error.,
REV-USR-005-SITE-003,USR-005,2026-06-23,sitejabber,,neutral,"The dairy it expired or very close to it with in a day or two, I have received milk that was not expired but was soured which means it was handled in correctly and unsafely and yet they still send it out to customers for home delivery.",
REV-USR-005-SITE-004,USR-005,2026-06-23,sitejabber,,neutral,I called customer service because me entire order was was over charged $26.49.,
REV-USR-005-SITE-005,USR-005,2026-06-23,sitejabber,,neutral,The representive decided to start with the orange 45 minutes of his saying I was charged right and him putting me on hold so he could check.,
REV-USR-005-SITE-006,USR-005,2026-06-23,sitejabber,,negative,He put me on hold came back and said as a one time customer courtesy he would refund my money.,
REV-USR-005-SITE-007,USR-005,2026-06-23,sitejabber,,neutral,But at least a dollar or two of over charge and like me I am sure 1000's of people everyday just don't feel it's worth the hassle to try get it back.,
REV-USR-005-SITE-008,USR-005,2026-06-23,sitejabber,,neutral,"As a cashier, her job is to help and assist customers; if she doesn't like it, she shouldn't work in that role.""
I got excited when I found an item that is hard to find.",
REV-USR-005-GOOG-001,USR-005,2026-06-23,google_news_reviews,,neutral,New grocery store under construction in North Las Vegas - Las Vegas Review-Journal. New grocery store under construction in North Las Vegas Las Vegas Review-Journal,
REV-USR-006-SITE-001,USR-006,2026-06-23,sitejabber,,neutral,I interrupted them to say as a customer I should not be hearing this.,
REV-USR-006-SITE-002,USR-006,2026-06-23,sitejabber,,neutral,I followed up the next day and in the 3 weeks since I tried 3 times calling Corporate and asked for someone from Publix contact me regarding this treatment of a 10 year customer.,
REV-USR-006-SITE-003,USR-006,2026-06-23,sitejabber,,positive,Each time I was told someone will follow up with you I now see how Publix employees are because the management doesn't even feel it necessary to take a few minutes to call what was a good customer.,
REV-USR-006-SITE-004,USR-006,2026-06-23,sitejabber,,positive,"I guess upper management also feels it's OK for employees to threaten a customer for calling a MAN a HE Publix lost a good customer I'm sure they wont miss my 100 bucks a week but hopefully others see this and decide too that this nonsense is not where we want to shop
I had to send a foodstuff to the quality control division due to it being expired, not pulled off the shelves at my local Publix and ingesting it making me sick.",
REV-USR-006-SITE-005,USR-006,2026-06-23,sitejabber,,negative,"I dealt with Brianna in that department and she lacks customer service skills, is rude and robotic.",
REV-USR-006-SITE-006,USR-006,2026-06-23,sitejabber,,neutral,I was told by the manager that Publix would identify the issue that made me sick.,
REV-USR-006-SITE-007,USR-006,2026-06-23,sitejabber,,negative,The young man lied and said he did it b/c I was rude.,
REV-USR-006-SITE-008,USR-006,2026-06-23,sitejabber,,neutral,"I have no proof of purchase as I did not buy anything, I was told my dog was not a service dog.",
REV-USR-006-GOOG-001,USR-006,2026-06-23,google_news_reviews,,neutral,Want to Cash In Your Coins? Your Bank May Be the Best Place - U.S. News & World Report. Want to Cash In Your Coins? Your Bank May Be the Best Place U.S. News & World Report,
REV-USR-006-GOOG-002,USR-006,2026-06-23,google_news_reviews,,neutral,"These Are the Best Pub Subs, According to a Floridian - Sporked. These Are the Best Pub Subs, According to a Floridian Sporked",
REV-USR-006-GOOG-003,USR-006,2026-06-23,google_news_reviews,,neutral,"The 7 Best Grocery Store Deli Subs, According To Reviews - Food Republic. The 7 Best Grocery Store Deli Subs, According To Reviews Food Republic",
REV-USR-006-GOOG-004,USR-006,2026-06-23,google_news_reviews,,neutral,Publix Vs Walmart: Where Should You Be Shopping For Groceries? - The Takeout. Publix Vs Walmart: Where Should You Be Shopping For Groceries? The Takeout,
REV-USR-006-GOOG-005,USR-006,2026-06-23,google_news_reviews,,neutral,Are Publix Subs Actually Any Good? Here’s Our Honest Review - Yahoo. Are Publix Subs Actually Any Good? Here’s Our Honest Review Yahoo,
REV-USR-006-GOOG-006,USR-006,2026-06-23,google_news_reviews,,neutral,Marshalls NPS & Customer Reviews - Comparably. Marshalls NPS & Customer Reviews Comparably,
REV-USR-006-GOOG-007,USR-006,2026-06-23,google_news_reviews,,neutral,The Ultimate Ranking Of Store-Bought Cheesecakes - Daily Meal. The Ultimate Ranking Of Store-Bought Cheesecakes Daily Meal,
REV-USR-006-GOOG-008,USR-006,2026-06-23,google_news_reviews,,neutral,"The Ultimate Ranking Of Grocery Store Rotisserie Chickens, According To Customers - The Takeout.",
REV-USR-006-GOOG-009,USR-006,2026-06-23,google_news_reviews,,neutral,"The Ultimate Ranking Of Grocery Store Rotisserie Chickens, According To Customers The Takeout",
REV-USR-007-SITE-001,USR-007,2026-06-23,sitejabber,,negative,The last time I was able to use the chat I had asked for a refund for the fake counterfit item (amazon sold and shipped) they sent to me.,
REV-USR-007-SITE-002,USR-007,2026-06-23,sitejabber,,neutral,"I was unnecessarily transferred to a ""member of the leadership team"" named Meghna.",
REV-USR-007-SITE-003,USR-007,2026-06-23,sitejabber,,neutral,We all need to put our blocked chat encounters up here and trust pilot with the name of the amazon employee responsible so we can shed light on and make it known the shady things amazon employees do to their customers out of retaliation.,
REV-USR-007-SITE-004,USR-007,2026-06-23,sitejabber,,negative,"Find the Amazon screen and prompts to speak with a person, not AI assistance 2: Find access to a customer care email (still can't find one) 3: Follow up on my reported complaint as I have received no communication despite Amazon promising it would be resolved (twice now) 4: Proide a bad review on Amazon within their own site, you can only rate products purchased or do an internal complaint.",
REV-USR-007-SITE-005,USR-007,2026-06-23,sitejabber,,neutral,"This was clearly a returned item that Amazon's quality control completely ignored and resold as ""New.""
To make matters worse, I am currently in another country.",
REV-USR-007-SITE-006,USR-007,2026-06-23,sitejabber,,neutral,"I have been a loyal customer and have even bought this exact model before without issues, but this experience has been a total scam.",
REV-USR-007-SITE-007,USR-007,2026-06-23,sitejabber,,neutral,"So I recommend that long term amzn users begin to diversify to other sellers because the slight""bad luck"" streak, even for a 20 year plus, good customer, means nothing to the amzn algorithm.",
REV-USR-007-SITE-008,USR-007,2026-06-23,sitejabber,,neutral,"Plus, I've learned from Gemini and Chat both, that amzn initiated newer, brutal standards to ban 10% or more of its customer base, saying they're crooks, when they're not.",
REV-USR-007-GOOG-001,USR-007,2026-06-23,google_news_reviews,,neutral,I Tried Hungryroot for 4 Weeks in a Row — The Meal Kit Is “Perfect” for Busy Home Cooks - The Kitchn. I Tried Hungryroot for 4 Weeks in a Row — The Meal Kit Is “Perfect” for Busy Home Cooks The Kitchn,
REV-USR-007-GOOG-002,USR-007,2026-06-23,google_news_reviews,,neutral,"What’s open, closed on Easter in the San Antonio area - KSAT. What’s open, closed on Easter in the San Antonio area KSAT",
REV-USR-007-GOOG-003,USR-007,2026-06-23,google_news_reviews,,neutral,"This Charlotte restaurant ranks among the 100 best in the US, Yelp says. See why - Charlotte Observer. This Charlotte restaurant ranks among the 100 best in the US, Yelp says. See why Charlotte Observer",
REV-USR-007-GOOG-004,USR-007,2026-06-23,google_news_reviews,,neutral,The Best H-E-B Store-Brand Products According To Customer Reviews - The Takeout.,
REV-USR-007-GOOG-005,USR-007,2026-06-23,google_news_reviews,,neutral,The Best H-E-B Store-Brand Products According To Customer Reviews The Takeout,
REV-USR-007-GOOG-006,USR-007,2026-06-23,google_news_reviews,,neutral,Total Bowel Release Review 2026: Does It Work for Constipation? - newswire.com. Total Bowel Release Review 2026: Does It Work for Constipation? newswire.com,
REV-USR-007-GOOG-007,USR-007,2026-06-23,google_news_reviews,,neutral,17 San Antonio-area retailers affected by nationwide frozen dessert recall - KSAT. 17 San Antonio-area retailers affected by nationwide frozen dessert recall KSAT,
REV-USR-007-GOOG-008,USR-007,2026-06-23,google_news_reviews,,neutral,"After Taste-Testing The Top 10 Jarred Salsas, My Days Of Grabbing A Jar ""At Random"" Are 100% Over - BuzzFeed. After Taste-Testing The Top 10 Jarred Salsas, My Days Of Grabbing A Jar ""At Random"" Are 100% Over BuzzFeed",
REV-USR-007-GOOG-009,USR-007,2026-06-23,google_news_reviews,,neutral,"Disappointed With $500 Lechon, This Filipino Family Started Its Own Food Truck - Texas Monthly. Disappointed With $500 Lechon, This Filipino Family Started Its Own Food Truck Texas Monthly",
REV-USR-008-SITE-001,USR-008,2026-06-23,sitejabber,,neutral,My 87-year-old mom is a loyal long-time CVS customer who spends thousands of dollars in prescriptions and merchandise each year.,
REV-USR-008-SITE-002,USR-008,2026-06-23,sitejabber,,neutral,Next I spoke to a customer service rep with a heavy accent who was extremely difficult to understand.,
REV-USR-008-SITE-003,USR-008,2026-06-23,sitejabber,,neutral,I was informed they could not do anything to help me.,
REV-USR-008-SITE-004,USR-008,2026-06-23,sitejabber,,neutral,It is obvious CVS does not care about their customers.,
REV-USR-008-SITE-005,USR-008,2026-06-23,sitejabber,,neutral,"I believe the CVS and its employees have forgotten why they are in business, to serve customers.",
REV-USR-008-SITE-006,USR-008,2026-06-23,sitejabber,,negative,NO response from Customer Service after my specific complaint.,
REV-USR-008-SITE-007,USR-008,2026-06-23,sitejabber,,neutral,I am an ExtraCare Plus member (pay a fee monthly or yearly and receive $10 ExtraCare bucks added to your account monthly)...,
REV-USR-008-SITE-008,USR-008,2026-06-23,sitejabber,,neutral,The deal I thought I was getting was spend $30 get $10 ExtraCare bucks back...,
REV-USR-008-GOOG-001,USR-008,2026-06-23,google_news_reviews,,neutral,"Eli Lilly drops CVS drug plan for staff after Novo obesity deal, Bloomberg News reports - Reuters. Eli Lilly drops CVS drug plan for staff after Novo obesity deal, Bloomberg News reports Reuters",
REV-USR-008-GOOG-002,USR-008,2026-06-23,google_news_reviews,,neutral,List shows all Medicare Advantage plans' overall star ratings for 2026 - Healthcare Finance News. List shows all Medicare Advantage plans' overall star ratings for 2026 Healthcare Finance News,
REV-USR-008-GOOG-003,USR-008,2026-06-23,google_news_reviews,,neutral,Prevent Chafing with 12 Creams and Sticks That Actually Work - Health: Trusted and Empathetic Health and Wellness Information. Prevent Chafing with 12 Creams and Sticks That Actually Work Health: Trusted and Empathetic Health and Wellness Information,
REV-USR-008-GOOG-004,USR-008,2026-06-23,google_news_reviews,,neutral,Food Review: Doughboy’s Grill in Ocean Beach - OB Rag. Food Review: Doughboy’s Grill in Ocean Beach OB Rag,
REV-USR-008-GOOG-005,USR-008,2026-06-23,google_news_reviews,,neutral,San Diego woman says CVS pharmacist refused to fill misoprostol prescription - San Diego Union-Tribune. San Diego woman says CVS pharmacist refused to fill misoprostol prescription San Diego Union-Tribune,
REV-USR-008-GOOG-006,USR-008,2026-06-23,google_news_reviews,,neutral,CVS Is Closing 270 Stores This Year — Here's What to Know - Good Housekeeping. CVS Is Closing 270 Stores This Year — Here's What to Know Good Housekeeping,
REV-USR-008-GOOG-007,USR-008,2026-06-23,google_news_reviews,,neutral,The 2024 Revised McDonald Criteria: AAN 2025 Highlights - EMJ. The 2024 Revised McDonald Criteria: AAN 2025 Highlights EMJ,
REV-USR-008-GOOG-008,USR-008,2026-06-23,google_news_reviews,,neutral,Disney Gets Serious with the Live ‘Hunchback of Notre Dame’ - San Diego Magazine. Disney Gets Serious with the Live ‘Hunchback of Notre Dame’ San Diego Magazine,
REV-USR-009-SITE-001,USR-009,2026-06-23,sitejabber,,neutral,Would it better if I take them somewhere else because I am going to need them tonight?,
REV-USR-009-SITE-002,USR-009,2026-06-23,sitejabber,,neutral,"www.medallia.com
From:
*******@app.medallia.com
To:
Customer
Tue, Dec 30 at 8:29 AM
Dear Customer
Thank you for sharing about your recent experience at Walgreens.",
REV-USR-009-SITE-003,USR-009,2026-06-23,sitejabber,,neutral,We will use your feedback to ensure customers do not experience this same issue in the future.,
REV-USR-009-SITE-004,USR-009,2026-06-23,sitejabber,,neutral,"Also, if we cannot fulfill a prescription, and the customer needs it quick, we can recommend the customer to get it at another Walgreens location and/or go to another pharmacy and we can transfer them the prescription.",
REV-USR-009-SITE-005,USR-009,2026-06-23,sitejabber,,neutral,I'm transferring my medication to my local CVS and will be sharing my experience with others.,
REV-USR-009-SITE-006,USR-009,2026-06-23,sitejabber,,neutral,"Walgreens makes tens of millions with their commissions and the $6 charge added to the cost of each fake card, and when you call Walgreens ten times trying to get help getting your money back, Walgreens transfers you to some number in Asia where no one speaks English or Walgreens customer service disconnects you with their vile malice and giggles, knowing you are just one more of their millions of victims.",
REV-USR-009-SITE-007,USR-009,2026-06-23,sitejabber,,neutral,"At the very end I was asked to provide ""contact information"" as if that hadn't already been done.",
REV-USR-009-SITE-008,USR-009,2026-06-23,sitejabber,,neutral,"Customer service saying they have not added it yet,but I can use it in the store I will not!",
REV-USR-009-GOOG-001,USR-009,2026-06-23,google_news_reviews,,neutral,Atmos settlement would raise average Dallas residential gas bill by $9.46 monthly - Dallas News. Atmos settlement would raise average Dallas residential gas bill by $9.46 monthly Dallas News,
REV-USR-009-GOOG-002,USR-009,2026-06-23,google_news_reviews,,neutral,Viagra Dallas TX: A Practical Guide to ED Treatment Options in North Texas - Portal CNJ. Viagra Dallas TX: A Practical Guide to ED Treatment Options in North Texas Portal CNJ,
REV-USR-009-GOOG-003,USR-009,2026-06-23,google_news_reviews,,neutral,Green Otter Cbd Gummies For Ed Reviews A Users Perspective - stat.gov.pl. Green Otter Cbd Gummies For Ed Reviews A Users Perspective stat.gov.pl,
REV-USR-009-GOOG-004,USR-009,2026-06-23,google_news_reviews,,neutral,Walgreens customer overcharged $682 for prescription - NBC 5 Dallas-Fort Worth.,
REV-USR-009-GOOG-005,USR-009,2026-06-23,google_news_reviews,,neutral,Walgreens customer overcharged $682 for prescription NBC 5 Dallas-Fort Worth,
REV-USR-009-GOOG-006,USR-009,2026-06-23,google_news_reviews,,neutral,Walgreens testing more small-format concept stores - Chain Drug Review. Walgreens testing more small-format concept stores Chain Drug Review,
REV-USR-009-GOOG-007,USR-009,2026-06-23,google_news_reviews,,neutral,"Lessons Learned From Walmart, Amazon, and Walgreens: Healthcare’s Retail Reset - D Magazine. Lessons Learned From Walmart, Amazon, and Walgreens: Healthcare’s Retail Reset D Magazine",
REV-USR-010-SITE-001,USR-010,2026-06-23,sitejabber,,neutral,Home Depot's reputation is marked by a mix of positive and negative customer experiences.,
REV-USR-010-SITE-002,USR-010,2026-06-23,sitejabber,,negative,I moved to Moncton in 2019 and purchased everything for my home and all my customers until some of the staff there started getting very rude.,
REV-USR-010-SITE-003,USR-010,2026-06-23,sitejabber,,neutral,So just too let you know that I spent $1200.00 today in their store and that is where I will be doing business for my customers and I don't care if you are giving stuff away I will never set foot in any of your locations again.,
REV-USR-010-SITE-004,USR-010,2026-06-23,sitejabber,,neutral,I was informed that without a receipt and because I paid cash they would not take it back.,
REV-USR-010-SITE-005,USR-010,2026-06-23,sitejabber,,neutral,As our refrigerator went out while on vacation we needed an item immediately.,
REV-USR-010-SITE-006,USR-010,2026-06-23,sitejabber,,neutral,I posted the short review moments ago thinking I was only allowed to write 100 words.,
REV-USR-010-SITE-007,USR-010,2026-06-23,sitejabber,,neutral,"Realizing that my assumption was wrong, I am now going to provide more detail so that people will know why I made the previous remarks.",
REV-USR-010-SITE-008,USR-010,2026-06-23,sitejabber,,neutral,I went to customer service and confirmed another date.,
REV-USR-010-GOOG-001,USR-010,2026-06-23,google_news_reviews,,neutral,"8 Best Air Purifiers of 2026, Tested by Our Experts - Consumer Reports. 8 Best Air Purifiers of 2026, Tested by Our Experts Consumer Reports",
REV-USR-010-GOOG-002,USR-010,2026-06-23,google_news_reviews,,neutral,Leaving the Door Wide Open: Flock Surveillance Systems Expose Washington Data to Immigration Enforcement - The Henry M. Jackson School of International Studies. Leaving the Door Wide Open: Flock Surveillance Systems Expose Washington Data to Immigration Enforcement The Henry M. Jackson School of International Studies,
REV-USR-010-GOOG-003,USR-010,2026-06-23,google_news_reviews,,neutral,"The Best Weed and Feed Products for a Thicker, Greener, Weed-Free Lawn—Tested and Reviewed - bobvila.com. The Best Weed and Feed Products for a Thicker, Greener, Weed-Free Lawn—Tested and Reviewed bobvila.com",
REV-USR-010-GOOG-004,USR-010,2026-06-23,google_news_reviews,,neutral,Upgrading Your Bathroom? Start With One of Our Best Bathtubs for a Spa-Like Feel Right at Home - The Spruce. Upgrading Your Bathroom? Start With One of Our Best Bathtubs for a Spa-Like Feel Right at Home The Spruce,
REV-USR-010-GOOG-005,USR-010,2026-06-23,google_news_reviews,,neutral,The 3 Best Soldering Irons of 2026 | Reviews by Wirecutter - The New York Times. The 3 Best Soldering Irons of 2026 | Reviews by Wirecutter The New York Times,
REV-USR-010-GOOG-006,USR-010,2026-06-23,google_news_reviews,,neutral,Behr Paint Company Launches BEHR PREMIUM PLUS ECOMIX - Coatings World. Behr Paint Company Launches BEHR PREMIUM PLUS ECOMIX Coatings World,
REV-USR-010-GOOG-007,USR-010,2026-06-23,google_news_reviews,,neutral,"3 Best Storm Doors of 2026, Lab-Tested and Reviewed - Consumer Reports. 3 Best Storm Doors of 2026, Lab-Tested and Reviewed Consumer Reports",
REV-USR-010-GOOG-008,USR-010,2026-06-23,google_news_reviews,,neutral,"The Best Interior Paints, According to Expert Testing - Good Housekeeping. The Best Interior Paints, According to Expert Testing Good Housekeeping",
REV-USR-011-SITE-001,USR-011,2026-06-23,sitejabber,,negative,The first time I was given bad advice by store personnel causing me to have to return the product which is an hour round trip for me (not including the hassle of returning a product).,
REV-USR-011-SITE-002,USR-011,2026-06-23,sitejabber,,negative,"The second time I purchased a grill with assembly and curbside pick-up, it was not assembled; I ended up waiting while they tried to quickly assemble it.",
REV-USR-011-SITE-003,USR-011,2026-06-23,sitejabber,,neutral,"I was transferred to the store (and a human) but was hung up on 5 times, placed on hold multiple times, transferred to wrong departments 3 times.",
REV-USR-011-SITE-004,USR-011,2026-06-23,sitejabber,,neutral,All-in-all I spent over 1.5 hours on the phone before I was told the message was received and I'd receive a call back.,
REV-USR-011-SITE-005,USR-011,2026-06-23,sitejabber,,neutral,I was called back 5 hours later and told they would not deliver my purchase on the same day because I didn't notify them in time.,
REV-USR-011-SITE-006,USR-011,2026-06-23,sitejabber,,negative,"I understand people have bad days, but you don't treat your customers like that.",
REV-USR-011-SITE-007,USR-011,2026-06-23,sitejabber,,neutral,"I have been a private customer of my local Lowes store in lake City, Fl for several years.",
REV-USR-011-SITE-008,USR-011,2026-06-23,sitejabber,,neutral,I pointed out the on-line statement and the CSR contacted Kobalt customer service.,
REV-USR-011-GOOG-001,USR-011,2026-06-23,google_news_reviews,,neutral,Lowe’s Home Center in review near Beachwalk - Jacksonville Daily Record. Lowe’s Home Center in review near Beachwalk Jacksonville Daily Record,
REV-USR-011-GOOG-002,USR-011,2026-06-23,google_news_reviews,,neutral,Lowes Foods unveils upgraded West Ashley supermarket to rave reviews after 2-day facelift - Post and Courier. Lowes Foods unveils upgraded West Ashley supermarket to rave reviews after 2-day facelift Post and Courier,
REV-USR-012-SITE-001,USR-012,2026-06-23,sitejabber,,neutral,"29th while checking our account, there where two charges for Best Buy.",
REV-USR-012-SITE-002,USR-012,2026-06-23,sitejabber,,neutral,"My bank rep told me that ""several customers have called in with the same issues concerning Best Buy"".",
REV-USR-012-SITE-003,USR-012,2026-06-23,sitejabber,,neutral,The next day when I went to return it the customer service manager refused to at least exchange it.,
REV-USR-012-SITE-004,USR-012,2026-06-23,sitejabber,,neutral,9 days ago I was told I'd receive a call back within 24 hours to schedule a free in home consultation to add a stereo system in my shed and a home theater system in my house.,
REV-USR-012-SITE-005,USR-012,2026-06-23,sitejabber,,neutral,"Today, while trying to inquire and/or speak to a manager, I was transferred 9 times and spent over an hour on the call and still didn't get anywhere.",
REV-USR-012-SITE-006,USR-012,2026-06-23,sitejabber,,neutral,I am a manager myself and I will say this has been one of the most painful and mis-managed processes I've ever experienced.,
REV-USR-012-SITE-007,USR-012,2026-06-23,sitejabber,,neutral,I was offered to purchase another phone as a resolution.,
REV-USR-012-SITE-008,USR-012,2026-06-23,sitejabber,,neutral,"Overall, while Best Buy offers convenience and a wide selection of products, improvements in delivery reliability and order accuracy would enhance the overall experience.",
REV-USR-012-GOOG-001,USR-012,2026-06-23,google_news_reviews,,neutral,These are the best binoculars for stargazing in 2026 ahead of Prime Day - Space. These are the best binoculars for stargazing in 2026 ahead of Prime Day Space,
REV-USR-012-GOOG-002,USR-012,2026-06-23,google_news_reviews,,neutral,The Best Wi-Fi Routers We've Benchmarked in 2026: the best of Wi-Fi 7 from budget to premium - Tom's Hardware. The Best Wi-Fi Routers We've Benchmarked in 2026: the best of Wi-Fi 7 from budget to premium Tom's Hardware,
REV-USR-012-GOOG-003,USR-012,2026-06-23,google_news_reviews,,neutral,The Best Smart Thermostats of 2026: Prepare for the Heat - CNET. The Best Smart Thermostats of 2026: Prepare for the Heat CNET,
REV-USR-012-GOOG-004,USR-012,2026-06-23,google_news_reviews,,neutral,Has the LG G6 OLED made it onto our list of the best TVs you can buy right now? - What Hi-Fi?. Has the LG G6 OLED made it onto our list of the best TVs you can buy right now? What Hi-Fi?,
REV-USR-012-GOOG-005,USR-012,2026-06-23,google_news_reviews,,neutral,Grab the best monocular in 2025 and leave the bulky binos at home - Digital Camera World. Grab the best monocular in 2025 and leave the bulky binos at home Digital Camera World,
REV-USR-012-GOOG-006,USR-012,2026-06-23,google_news_reviews,,neutral,"8 Best Air Purifiers of 2026, Tested by Our Experts - Consumer Reports. 8 Best Air Purifiers of 2026, Tested by Our Experts Consumer Reports",
REV-USR-012-GOOG-007,USR-012,2026-06-23,google_news_reviews,,neutral,Our round-up of the best telescopes in 2026 ahead of Amazon Prime Day - Space. Our round-up of the best telescopes in 2026 ahead of Amazon Prime Day Space,
REV-USR-012-GOOG-008,USR-012,2026-06-23,google_news_reviews,,neutral,These Security Systems Can Watch Your Home When You Can’t. - The New York Times. These Security Systems Can Watch Your Home When You Can’t. The New York Times,
REV-USR-013-SITE-001,USR-013,2026-06-23,sitejabber,,negative,"Overall, there is a notable trend of frustration among customers, indicating a need for improved employee training, better management practices, and enhanced customer support to restore trust and satisfaction.",
REV-USR-013-SITE-002,USR-013,2026-06-23,sitejabber,,neutral,"I was shopping there and picked up what I believed to be a a sale item, brand of shampoo in two different spots in the store with conflicting prices.",
REV-USR-013-SITE-003,USR-013,2026-06-23,sitejabber,,neutral,"I was pushing my cart towards her after unloading my groceries, she was pushing another cart in from the lot.",
REV-USR-013-SITE-004,USR-013,2026-06-23,sitejabber,,neutral,"I was expecting she would take the cart from me, she was smoking a cigarette so I knew she wasnt going back in the store yet.",
REV-USR-013-SITE-005,USR-013,2026-06-23,sitejabber,,neutral,"I was clearly pushing the cart to her, but she completely ignored me, so I left the cart close to the front door.",
REV-USR-013-SITE-006,USR-013,2026-06-23,sitejabber,,neutral,I was over charged on an item I purchased today.,
REV-USR-013-SITE-007,USR-013,2026-06-23,sitejabber,,neutral,When I got to the car I added the ticket up and I was not given the sale price.,
REV-USR-013-SITE-008,USR-013,2026-06-23,sitejabber,,neutral,I live on Social Security and if that is how Dollar General treats there customers I don't have to shop there.,
REV-USR-013-GOOG-001,USR-013,2026-06-23,google_news_reviews,,neutral,"Dollar General boards windows, then changes course - Supermarket News. Dollar General boards windows, then changes course Supermarket News",
REV-USR-013-GOOG-002,USR-013,2026-06-23,google_news_reviews,,neutral,Dollar General announces plans to close 96 locations - 10TV. Dollar General announces plans to close 96 locations 10TV,
REV-USR-013-GOOG-003,USR-013,2026-06-23,google_news_reviews,,neutral,Dollar General must pay $1 million after charging customers too much at checkout - Business Insider.,
REV-USR-013-GOOG-004,USR-013,2026-06-23,google_news_reviews,,neutral,Dollar General must pay $1 million after charging customers too much at checkout Business Insider,
REV-USR-013-GOOG-005,USR-013,2026-06-23,google_news_reviews,,neutral,"Dollar General, pOpshelf closing over 100 stores soon. Are any in Ohio? What we know - Cincinnati Enquirer. Dollar General, pOpshelf closing over 100 stores soon. Are any in Ohio? What we know Cincinnati Enquirer",
REV-USR-013-GOOG-006,USR-013,2026-06-23,google_news_reviews,,neutral,'This is not OK': Residents concerned over potential Dollar General in Harrison Township - The Newark Advocate. 'This is not OK': Residents concerned over potential Dollar General in Harrison Township The Newark Advocate,
REV-USR-013-GOOG-007,USR-013,2026-06-23,google_news_reviews,,neutral,Dollar General to close nearly 100 stores throughout United States - Pocono Record. Dollar General to close nearly 100 stores throughout United States Pocono Record,
REV-USR-013-GOOG-008,USR-013,2026-06-23,google_news_reviews,,neutral,Dollar General opens second location south on Columbus Road - Deming Headlight. Dollar General opens second location south on Columbus Road Deming Headlight,
REV-USR-013-GOOG-009,USR-013,2026-06-23,google_news_reviews,,neutral,Are the New Ice Cream Sandwich Chips Ahoy Cookies as Good as They Sound? - Sporked. Are the New Ice Cream Sandwich Chips Ahoy Cookies as Good as They Sound? Sporked,
REV-USR-014-SITE-001,USR-014,2026-06-23,sitejabber,,neutral,"I am deaf and do not have a cell phone, so was unable to buy gas or accomplish what I had planned.",
REV-USR-014-SITE-002,USR-014,2026-06-23,sitejabber,,negative,"I canceled my Sam's Club membership on Feb 4,2025, and was told by their customer service that I would receive my $117.29 refund within 7 to 10 business days.",
REV-USR-014-SITE-003,USR-014,2026-06-23,sitejabber,,positive,I will attempt in this communication to explain what has transpired with my recent transaction and why I am so dissatisfied with my recent experience.,
REV-USR-014-SITE-004,USR-014,2026-06-23,sitejabber,,neutral,I am responsible for caring for my mother who has Parkinson's.,
REV-USR-014-SITE-005,USR-014,2026-06-23,sitejabber,,neutral,I was willing to pay a premium for this service.,
REV-USR-014-SITE-006,USR-014,2026-06-23,sitejabber,,neutral,I was worried at this point because our school day was finishing.,
REV-USR-014-SITE-007,USR-014,2026-06-23,sitejabber,,neutral,"Several minutes later, I was told that no contact had been made, and no one was even picking up the phone.",
REV-USR-014-SITE-008,USR-014,2026-06-23,sitejabber,,negative,"I was told that I needed to wait because delivery would be ""coming shortly."" This process repeated with another representative.",
REV-USR-014-GOOG-001,USR-014,2026-06-23,google_news_reviews,,neutral,This Charlotte warehouse club just changed its opening hours. What to know - Charlotte Observer. This Charlotte warehouse club just changed its opening hours. What to know Charlotte Observer,
REV-USR-014-GOOG-002,USR-014,2026-06-23,google_news_reviews,,neutral,Feds say Venezuelan immigrant took Homeland Security agent’s gun in struggle outside Metro Detroit store - WILX. Feds say Venezuelan immigrant took Homeland Security agent’s gun in struggle outside Metro Detroit store WILX,
REV-USR-014-GOOG-003,USR-014,2026-06-23,google_news_reviews,,neutral,"Charlotte elementary teacher arrested after punching woman, using racial slur at Sam's Club - WCNC. Charlotte elementary teacher arrested after punching woman, using racial slur at Sam's Club WCNC",
REV-USR-014-GOOG-004,USR-014,2026-06-23,google_news_reviews,,neutral,What's open and closed on New Year's Day 2026? Here's what to know - USA Today. What's open and closed on New Year's Day 2026? Here's what to know USA Today,
REV-USR-014-GOOG-005,USR-014,2026-06-23,google_news_reviews,,neutral,Sam’s Club Has Food That Tastes Like Chick-Fil-A And I Want It - k1047.com. Sam’s Club Has Food That Tastes Like Chick-Fil-A And I Want It k1047.com,
REV-USR-014-GOOG-006,USR-014,2026-06-23,google_news_reviews,,neutral,Sam's Club Food Items That Have Cult Followings - Mashed. Sam's Club Food Items That Have Cult Followings Mashed,
REV-USR-014-GOOG-007,USR-014,2026-06-23,google_news_reviews,,neutral,Sam's Club raises its annual membership fee - WCNC. Sam's Club raises its annual membership fee WCNC,
REV-USR-014-GOOG-008,USR-014,2026-06-23,google_news_reviews,,neutral,Expert-Tested: Fairlife Protein Shake Review (2026) - Garage Gym Reviews. Expert-Tested: Fairlife Protein Shake Review (2026) Garage Gym Reviews,
REV-USR-015-SITE-001,USR-015,2026-06-23,sitejabber,3.5,positive,"ALDI South Group has a rating of 3.5 stars from 12 reviews, indicating that most customers are generally satisfied with their purchases.",
REV-USR-015-SITE-002,USR-015,2026-06-23,sitejabber,,neutral,I am quite sure the remaining employees are not being compensated for these additional duties.,
REV-USR-015-SITE-003,USR-015,2026-06-23,sitejabber,,neutral,This keeps employees attentive to customers and stocking in store rather than gathering carts.,
REV-USR-015-SITE-004,USR-015,2026-06-23,sitejabber,,positive,They also have good trash bags that are better then some of the name brands I was use to buying back in the days.,
REV-USR-015-SITE-005,USR-015,2026-06-23,sitejabber,,positive,Love the products and customer service and all the awesome prices that I can afford without feeling I am getting ripped off.,
REV-USR-015-SITE-006,USR-015,2026-06-23,sitejabber,,neutral,"Aldi is a small grocery store, small enough to be efficient for customer.",
REV-USR-015-SITE-007,USR-015,2026-06-23,sitejabber,,positive,"Maybe I just walked through a time tunnel where carrying about the customer, great products and kindness is the mission.",
REV-USR-015-SITE-008,USR-015,2026-06-23,sitejabber,,neutral,"Who ever is running this chain of stores must of taken notes from Costco management, its about the customer dummy not the billionaire owner.",
REV-USR-015-GOOG-001,USR-015,2026-06-23,google_news_reviews,,neutral,The $2.55 ALDI Find My Husband Adds To Our Grocery List Every Time - Southern Living. The $2.55 ALDI Find My Husband Adds To Our Grocery List Every Time Southern Living,
REV-USR-015-GOOG-002,USR-015,2026-06-23,google_news_reviews,,neutral,The $1.55 ALDI Find I Always Buy At Least 6 Of At A Time - Southern Living. The $1.55 ALDI Find I Always Buy At Least 6 Of At A Time Southern Living,
REV-USR-015-GOOG-003,USR-015,2026-06-23,google_news_reviews,,neutral,This $9.75 ALDI Freezer Find Is My Most-Trusted Solution For Busy Weeknights - Southern Living. This $9.75 ALDI Freezer Find Is My Most-Trusted Solution For Busy Weeknights Southern Living,
REV-USR-015-GOOG-004,USR-015,2026-06-23,google_news_reviews,,neutral,Don't Skip This Fan-Favorite Aldi Freezer Find That Was Made For Your Air Fryer - Tasting Table. Don't Skip This Fan-Favorite Aldi Freezer Find That Was Made For Your Air Fryer Tasting Table,
REV-USR-015-GOOG-005,USR-015,2026-06-23,google_news_reviews,,neutral,This $2.99 Sweet-Salty ALDI Treat Is My Favorite Seasonal Buy - Southern Living. This $2.99 Sweet-Salty ALDI Treat Is My Favorite Seasonal Buy Southern Living,
REV-USR-015-GOOG-006,USR-015,2026-06-23,google_news_reviews,,neutral,The $3.29 ALDI Product I Always Keep Stocked In My Pantry - Southern Living. The $3.29 ALDI Product I Always Keep Stocked In My Pantry Southern Living,
REV-USR-016-SITE-001,USR-016,2026-06-23,sitejabber,1.4,positive,"H-E-B Grocery has a rating of 1.4 stars from 15 reviews, indicating that most customers are generally dissatisfied with their purchases.",
REV-USR-016-SITE-002,USR-016,2026-06-23,sitejabber,,positive,Reviewers dissatisfied with H-E-B Grocery most frequently mention and customer service.,
REV-USR-016-SITE-003,USR-016,2026-06-23,sitejabber,,neutral,"Even the ""Review our website"" button (bottom of picture)under ""Customer service"" doesn't do anything either.",
REV-USR-016-SITE-004,USR-016,2026-06-23,sitejabber,,positive,"These stores are always cost effective, have the products that I need the majority of the time, and the customer service is almost always great.",
REV-USR-016-SITE-005,USR-016,2026-06-23,sitejabber,,negative,For the past 3 to 5 years I've been totally disappointed at H-E-B's customer service.,
REV-USR-016-SITE-006,USR-016,2026-06-23,sitejabber,,neutral,When I ask for crabs from the freezer I was told there was no more when I later passed by the crabs were replenished.,
REV-USR-016-SITE-007,USR-016,2026-06-23,sitejabber,,negative,I'll file complaint with H‑E‑B corporate just because this is one of the worst customer experiences I have had.,
REV-USR-016-SITE-008,USR-016,2026-06-23,sitejabber,,neutral,"I am going to call out one particular store, The HEB on Waldon Rd in Corpus Christi.",
REV-USR-017-SITE-001,USR-017,2026-06-23,sitejabber,,neutral,I was thinking that rib eye steaks would be a special treat but I hesitated when I looked at the price/lb.,
REV-USR-017-SITE-002,USR-017,2026-06-23,sitejabber,,neutral,I just wanted to thank Meijers for taking advantage of loyal customers!,
REV-USR-017-SITE-003,USR-017,2026-06-23,sitejabber,,neutral,I feel she needs to be trained on what customer service is supposed to look like.,
REV-USR-017-SITE-004,USR-017,2026-06-23,sitejabber,,neutral,I am tired of having to constantly police your charges and if my M Perk coupons come off my overall charges.,
REV-USR-017-SITE-005,USR-017,2026-06-23,sitejabber,,neutral,When I brought it up at the checkout the cashier stated she could not do anything about it and I would need to go to Customer Service.,
REV-USR-017-SITE-006,USR-017,2026-06-23,sitejabber,,neutral,When I showed the Customer Service clerk my receipt along with my MPerks on my phone she states well look it is not pre-made salads but just chopped lettuce.,
REV-USR-017-SITE-007,USR-017,2026-06-23,sitejabber,,neutral,"When contacting customer service (3 times), I was
Eventually told that gas mperks were only a one time limited offer and wouldn't appear.",
REV-USR-017-SITE-008,USR-017,2026-06-23,sitejabber,,neutral,I view this as an insult to all loyal customers.,
REV-USR-017-GOOG-001,USR-017,2026-06-23,google_news_reviews,,neutral,"8 Supermarket Chains With The Most Unhelpful Staff, According To Reviews - Chowhound. 8 Supermarket Chains With The Most Unhelpful Staff, According To Reviews Chowhound",
REV-USR-017-GOOG-002,USR-017,2026-06-23,google_news_reviews,,neutral,"12 Popular Chain Grocery Stores For Cheese, Ranked Worst To Best - Tasting Table. 12 Popular Chain Grocery Stores For Cheese, Ranked Worst To Best Tasting Table",
REV-USR-018-SITE-001,USR-018,2026-06-23,sitejabber,,negative,Now thier Chocolate flavor has changed for the worst so I am going to buy my ice cream from another store.,
REV-USR-018-SITE-002,USR-018,2026-06-23,sitejabber,,neutral,"When Athena called Greg, he claimed I was already a member, which is why I didn't receive the new-member discount.",
REV-USR-018-SITE-003,USR-018,2026-06-23,sitejabber,,neutral,I explained that I had to register again because I was told I wasn't a member earlier.,
REV-USR-018-SITE-004,USR-018,2026-06-23,sitejabber,,neutral,He insisted I take all my items to Customer Service to redo the entire process.,
REV-USR-018-SITE-005,USR-018,2026-06-23,sitejabber,,negative,"When I voiced my frustration, Greg raised his voice, told me I was ""done here,"" and said I was not welcome at Safeway.",
REV-USR-018-SITE-006,USR-018,2026-06-23,sitejabber,,negative,I'm sharing my experience to warn others about the poor treatment I received so they can avoid the same frustration and disrespect.,
REV-USR-018-SITE-007,USR-018,2026-06-23,sitejabber,,neutral,I am absolutely discussed there is so much greed you can'teven have one cashier on duty.,
REV-USR-018-SITE-008,USR-018,2026-06-23,sitejabber,,neutral,What happened to having some customer service when I am paying a premium!,
REV-USR-018-GOOG-001,USR-018,2026-06-23,google_news_reviews,,neutral,"The 7 Best Grocery Store Deli Subs, According To Reviews - Food Republic. The 7 Best Grocery Store Deli Subs, According To Reviews Food Republic",
REV-USR-018-GOOG-002,USR-018,2026-06-23,google_news_reviews,,neutral,Our Favorite Boston Market Frozen Meal Is So Good We'd Buy It On Repeat - Tasting Table. Our Favorite Boston Market Frozen Meal Is So Good We'd Buy It On Repeat Tasting Table,
REV-USR-018-GOOG-003,USR-018,2026-06-23,google_news_reviews,,positive,"Grocery Store Chains With The Least Helpful Employees, According To Customers - The Takeout.",
REV-USR-018-GOOG-004,USR-018,2026-06-23,google_news_reviews,,positive,"Grocery Store Chains With The Least Helpful Employees, According To Customers The Takeout",
REV-USR-018-GOOG-005,USR-018,2026-06-23,google_news_reviews,,neutral,"12 Popular Chain Grocery Stores For Cheese, Ranked Worst To Best - Tasting Table. 12 Popular Chain Grocery Stores For Cheese, Ranked Worst To Best Tasting Table",
REV-USR-018-GOOG-006,USR-018,2026-06-23,google_news_reviews,,neutral,"The Ultimate Ranking Of Grocery Store Rotisserie Chickens, According To Customers - The Takeout.",
REV-USR-018-GOOG-007,USR-018,2026-06-23,google_news_reviews,,neutral,"The Ultimate Ranking Of Grocery Store Rotisserie Chickens, According To Customers The Takeout",
REV-USR-019-SITE-001,USR-019,2026-06-23,sitejabber,3.0,positive,"Sprouts Farmers Market has a rating of 3 stars from 3 reviews, indicating that most customers are generally dissatisfied with their purchases.",
REV-USR-020-SITE-001,USR-020,2026-06-23,sitejabber,,neutral,I have been a loyal customer for over three years and regularly shop at this location because I work nearby.,
REV-USR-020-SITE-002,USR-020,2026-06-23,sitejabber,,neutral,I have spent a significant amount of money at this store and have always believed I was following the return policy appropriately.,
REV-USR-020-SITE-003,USR-020,2026-06-23,sitejabber,,neutral,"During my most recent visit, I was stopped by the manager, Prince, as I was walking out of the store and told that I would no longer be allowed to make returns because I had made ""too many."" This was said to me publicly and without prior warning.",
REV-USR-020-SITE-004,USR-020,2026-06-23,sitejabber,,neutral,"At no point was I previously informed that I was violating any policy, nor was I given any explanation beyond that statement.",
REV-USR-020-SITE-005,USR-020,2026-06-23,sitejabber,,neutral,"As a long-time customer, I expected respectful communication, not to be stopped on my way out and made to feel as though I had done something wrong.",
REV-USR-020-SITE-006,USR-020,2026-06-23,sitejabber,,neutral,"This situation needs to be addressed, and I hope management takes customer treatment more seriously moving forward.",
REV-USR-020-SITE-007,USR-020,2026-06-23,sitejabber,,neutral,"I am writing because I have been shopping at your Lynnwood, WA store for years, and the harassment and discrimination continues.",
REV-USR-020-SITE-008,USR-020,2026-06-23,sitejabber,,neutral,"As an Autistic woman, I am used to being mocked, pointed at, made fun of, and harassed, but your store goes above and beyond with ensuring I receive this treatment every time I come into the store.",
REV-USR-020-GOOG-001,USR-020,2026-06-23,google_news_reviews,,neutral,"21 Best Sunscreens of 2026, Lab-Tested and Reviewed - Consumer Reports. 21 Best Sunscreens of 2026, Lab-Tested and Reviewed Consumer Reports",
REV-USR-020-GOOG-002,USR-020,2026-06-23,google_news_reviews,,neutral,The 9 Best Frozen Pizzas of 2026 | Reviews by Wirecutter - The New York Times. The 9 Best Frozen Pizzas of 2026 | Reviews by Wirecutter The New York Times,
REV-USR-021-SITE-001,USR-021,2026-06-23,sitejabber,,neutral,"Walmart's reputation is mixed, with customers appreciating its wide product selection and competitive pricing, which enhance accessibility and affordability.",
REV-USR-021-SITE-002,USR-021,2026-06-23,sitejabber,,positive,"While some customers express loyalty and satisfaction with the overall shopping experience, others report feeling undervalued and dissatisfied, suggesting a need for improvements in communication, order management, and customer support to enhance overall service and restore confidence among shoppers.",
REV-USR-021-SITE-003,USR-021,2026-06-23,sitejabber,,negative,"While Walmart ultimately provided refunds in some cases, my primary concern is not the refund itself but the apparent lack of investigation into the root causes of these problems.",
REV-USR-021-SITE-004,USR-021,2026-06-23,sitejabber,,neutral,"Initially, I was told that delivery had been confirmed.",
REV-USR-021-SITE-005,USR-021,2026-06-23,sitejabber,,negative,"The matter was eventually resolved with a refund, but I was left wondering what investigation had actually taken place before the original conclusion was reached.",
REV-USR-021-SITE-006,USR-021,2026-06-23,sitejabber,,neutral,I repeatedly provided this evidence to customer service and asked that it be reviewed as part of a meaningful investigation.,
REV-USR-021-SITE-007,USR-021,2026-06-23,sitejabber,,neutral,"I was also repeatedly encouraged to dispute the charges with my bank, which I did not believe was an appropriate solution when the issues appeared to originate from Walmart's fulfillment or delivery process.",
REV-USR-021-SITE-008,USR-021,2026-06-23,sitejabber,,negative,"As a customer, my expectation is simple: either deliver the correct item and quantity ordered or issue a refund when that does not happen.",
REV-USR-021-GOOG-001,USR-021,2026-06-23,google_news_reviews,,negative,"3 Best And 3 Worst Walmart Marketside Subs, According To Customer Reviews - Food Republic.",
REV-USR-021-GOOG-002,USR-021,2026-06-23,google_news_reviews,,negative,"3 Best And 3 Worst Walmart Marketside Subs, According To Customer Reviews Food Republic",
REV-USR-021-GOOG-003,USR-021,2026-06-23,google_news_reviews,,neutral,10 Walmart Gadgets Under $50 That Are Actually Worth Buying - bgr.com. 10 Walmart Gadgets Under $50 That Are Actually Worth Buying bgr.com,
REV-USR-021-GOOG-004,USR-021,2026-06-23,google_news_reviews,,negative,12 Walmart Products That Have Horrible Customer Reviews - AOL.com.,
REV-USR-021-GOOG-005,USR-021,2026-06-23,google_news_reviews,,negative,12 Walmart Products That Have Horrible Customer Reviews AOL.com,
REV-USR-021-GOOG-006,USR-021,2026-06-23,google_news_reviews,,neutral,Customers Are Calling These 3 Items The Best New Frozen Foods At Walmart In 2026 So Far - Mashed.,
REV-USR-021-GOOG-007,USR-021,2026-06-23,google_news_reviews,,neutral,Customers Are Calling These 3 Items The Best New Frozen Foods At Walmart In 2026 So Far Mashed,
REV-USR-021-GOOG-008,USR-021,2026-06-23,google_news_reviews,,positive,Capital One Walmart Rewards® Mastercard® review: Great rewards for customers of one of the largest retail chains - Bankrate.,
REV-USR-021-GOOG-009,USR-021,2026-06-23,google_news_reviews,,positive,Capital One Walmart Rewards® Mastercard® review: Great rewards for customers of one of the largest retail chains Bankrate,
REV-USR-021-GOOG-010,USR-021,2026-06-23,google_news_reviews,,neutral,"9 Overpriced Items At Walmart's Bakery, According To Customers - Tasting Table.",
REV-USR-021-GOOG-011,USR-021,2026-06-23,google_news_reviews,,neutral,"9 Overpriced Items At Walmart's Bakery, According To Customers Tasting Table",
REV-USR-021-GOOG-012,USR-021,2026-06-23,google_news_reviews,,neutral,Portland General Electric 2025 rate review seeks 7.4 percent average customer rate increase amid modernization push - Daily Energy Insider. Portland General Electric 2025 rate review seeks 7.4 percent average customer rate increase amid modernization push Daily Energy Insider,
REV-USR-021-GOOG-013,USR-021,2026-06-23,google_news_reviews,,neutral,Walmart Quarterly Business Review - NIQ. Walmart Quarterly Business Review NIQ,
REV-USR-022-SITE-001,USR-022,2026-06-23,sitejabber,,positive,"Customers appreciate the convenience, product variety, and competitive pricing, particularly praising the store's layout and exclusive brands.",
REV-USR-022-SITE-002,USR-022,2026-06-23,sitejabber,,neutral,I was given a target gift card and when I couldnt get the balance online I called *******869 and ive been on hold for 30 minutes and then some.,
REV-USR-022-SITE-003,USR-022,2026-06-23,sitejabber,,negative,Worst customer service I've ever encountered.,
REV-USR-022-SITE-004,USR-022,2026-06-23,sitejabber,,neutral,With customer service like this no wonder their closing stores everywhere.,
REV-USR-022-SITE-005,USR-022,2026-06-23,sitejabber,,positive,"When I asked a simple and polite question I was coldly answered, it was really awkward and unpleasant.",
REV-USR-022-SITE-006,USR-022,2026-06-23,sitejabber,,neutral,"This store NEVER, EVER answers the phone for Customer Service…….",
REV-USR-022-SITE-007,USR-022,2026-06-23,sitejabber,,negative,"Time and again, I've had issues with incorrect deliveries and order pickups where items were missing, only to be met with uncaring and demeaning customer service that places all the blame on me.",
REV-USR-022-SITE-008,USR-022,2026-06-23,sitejabber,,neutral,"They claim they tried to reach me and I was ""unavailable"".",
REV-USR-023-SITE-001,USR-023,2026-06-23,sitejabber,1.5,positive,"Kroger has a rating of 1.5 stars from 346 reviews, indicating that most customers are generally dissatisfied with their purchases.",
REV-USR-023-SITE-002,USR-023,2026-06-23,sitejabber,,positive,"Reviewers dissatisfied with Kroger most frequently mention customer service, self checkout and many times.",
REV-USR-023-SITE-003,USR-023,2026-06-23,sitejabber,,neutral,"Kroger's Struggles and Customer Relations Issues Kroger, one of America's largest grocery chains, has been facing severe challenges following a failed merger.",
REV-USR-023-SITE-004,USR-023,2026-06-23,sitejabber,,neutral,"Pressure from competitors only adds to the strain, but many of Kroger's difficulties stem from its own management decisions and poor customer-service practices.",
REV-USR-023-SITE-005,USR-023,2026-06-23,sitejabber,,negative,Chronic Out-of-Stock Problems One of the biggest frustrations for customers is Kroger's inability to keep popular items in stock.,
REV-USR-023-SITE-006,USR-023,2026-06-23,sitejabber,,neutral,"When customers escalate complaints to Kroger's corporate office, the issue is simply routed back to the same store management, and rarely addressed in good faith.",
REV-USR-023-SITE-007,USR-023,2026-06-23,sitejabber,,neutral,"Most other retailers allow repeat use during the promotion period, but Kroger's restrictive rule forces customers to either make multiple trips or miss out entirely.",
REV-USR-023-SITE-008,USR-023,2026-06-23,sitejabber,,negative,Customer Service Barriers Adding to the frustration is Kroger's limited customer service hours.,
REV-USR-023-GOOG-001,USR-023,2026-06-23,google_news_reviews,,neutral,Planning Committee reviews 288-unit Patchen Wilkes development plan - The Lexington Times. Planning Committee reviews 288-unit Patchen Wilkes development plan The Lexington Times,
REV-USR-023-GOOG-002,USR-023,2026-06-23,google_news_reviews,,neutral,"Kroger ending delivery in Florida, closing Lake County fulfillment center - WKMG. Kroger ending delivery in Florida, closing Lake County fulfillment center WKMG",
REV-USR-023-GOOG-003,USR-023,2026-06-23,google_news_reviews,,neutral,Kroger closing three fulfillment centers as it shifts to hybrid e-commerce model - WLWT. Kroger closing three fulfillment centers as it shifts to hybrid e-commerce model WLWT,
REV-USR-023-GOOG-004,USR-023,2026-06-23,google_news_reviews,,neutral,Woman speaks out after ‘racist’s fav drink’ was written on Starbucks cup - WAVE News. Woman speaks out after ‘racist’s fav drink’ was written on Starbucks cup WAVE News,
REV-USR-023-GOOG-005,USR-023,2026-06-23,google_news_reviews,,neutral,Louisville charity stepping in to help customers of closed Kroger store - WDRB.,
REV-USR-023-GOOG-006,USR-023,2026-06-23,google_news_reviews,,neutral,Louisville charity stepping in to help customers of closed Kroger store WDRB,
REV-USR-023-GOOG-007,USR-023,2026-06-23,google_news_reviews,,neutral,"Here’s what Kroger’s DoorDash deal could mean for Ocado partnership, customer delivery - The Business Journals.",
REV-USR-023-GOOG-008,USR-023,2026-06-23,google_news_reviews,,neutral,"Here’s what Kroger’s DoorDash deal could mean for Ocado partnership, customer delivery The Business Journals",
REV-USR-023-GOOG-009,USR-023,2026-06-23,google_news_reviews,,neutral,LG&E/KU customers will pay more though not as much as utility wanted - LEO Weekly | Louisville Eccentric Observer. LG&E/KU customers will pay more though not as much as utility wanted LEO Weekly | Louisville Eccentric Observer,
REV-USR-023-GOOG-010,USR-023,2026-06-23,google_news_reviews,,neutral,"Metro Detroit Kroger stores overcharging customers, investigation finds - CBS News.",
REV-USR-023-GOOG-011,USR-023,2026-06-23,google_news_reviews,,neutral,"Metro Detroit Kroger stores overcharging customers, investigation finds CBS News",
REV-USR-024-SITE-001,USR-024,2026-06-23,sitejabber,,neutral,"I was told that there'd be no problems going back to that store with the laptop, after it had been returned from Acer.",
REV-USR-024-SITE-002,USR-024,2026-06-23,sitejabber,,neutral,I'll never deal with Acer again and I think their customer service stinks.,
REV-USR-024-SITE-003,USR-024,2026-06-23,sitejabber,,neutral,Costco has some of the best products and I am there every week.,
REV-USR-024-SITE-004,USR-024,2026-06-23,sitejabber,,neutral,Said what I was doing was fraud- told me the call was being recorded- about 15 times.,
REV-USR-024-SITE-005,USR-024,2026-06-23,sitejabber,,positive,"Costco then tells my purchases to the police so that it stays in a police report that anyone can view now
Melissa Osgood decided to state to the cops that I was verbally abusing her at the Roseville Michigan store.",
REV-USR-024-SITE-006,USR-024,2026-06-23,sitejabber,,neutral,"The video recording does not have any verbal abuse
I was only trespassed for not signing a form.",
REV-USR-024-SITE-007,USR-024,2026-06-23,sitejabber,,positive,I only wonder if telling the police I was a Hispanic creating a disturbance was only to try and get a faster response.,
REV-USR-024-SITE-008,USR-024,2026-06-23,sitejabber,,neutral,"The first time I was shorted pills at Costco I said nothing, but documented my pill usage like a hawk after that.",
REV-USR-024-GOOG-001,USR-024,2026-06-23,google_news_reviews,,neutral,"The Most Overpriced Frozen Entrees At Costco, According To Customers - The Takeout.",
REV-USR-024-GOOG-002,USR-024,2026-06-23,google_news_reviews,,neutral,"The Most Overpriced Frozen Entrees At Costco, According To Customers The Takeout",
REV-USR-024-GOOG-003,USR-024,2026-06-23,google_news_reviews,,neutral,"‘Systemic failings’ in BGE customer call center haven’t been addressed, state finds - Baltimore Sun. ‘Systemic failings’ in BGE customer call center haven’t been addressed, state finds Baltimore Sun",
REV-USR-024-GOOG-004,USR-024,2026-06-23,google_news_reviews,,neutral,"These MD Grocery Stores Among Worst In U.S. For Quality, Lines - Patch. These MD Grocery Stores Among Worst In U.S. For Quality, Lines Patch",
REV-USR-024-GOOG-005,USR-024,2026-06-23,google_news_reviews,,neutral,The Delicious Costco Freezer Find I Always Rely on for a Last-Minute Easy Dinner - The Kitchn. The Delicious Costco Freezer Find I Always Rely on for a Last-Minute Easy Dinner The Kitchn,
REV-USR-024-GOOG-006,USR-024,2026-06-23,google_news_reviews,,neutral,Costco allegedly locking up crabmeat like jewelry - SeafoodSource. Costco allegedly locking up crabmeat like jewelry SeafoodSource,
REV-USR-024-GOOG-007,USR-024,2026-06-23,google_news_reviews,,neutral,"Proposed car wash at Bel Air Costco focuses on high throughput and traffic, planners say - Baltimore Sun. Proposed car wash at Bel Air Costco focuses on high throughput and traffic, planners say Baltimore Sun",
REV-USR-024-GOOG-008,USR-024,2026-06-23,google_news_reviews,,neutral,The Best Costco in Every State - Eat This Not That. The Best Costco in Every State Eat This Not That,
REV-USR-024-GOOG-009,USR-024,2026-06-23,google_news_reviews,,neutral,Best Home Saunas 2026 - Everyday Health. Best Home Saunas 2026 Everyday Health,
REV-USR-025-SITE-001,USR-025,2026-06-23,sitejabber,,neutral,They use Safeway for customer support and they are the lowest of the lowest bottom tier customer service I purchased a $100 gift card and they referred me to their customer support and they just ignore me.,
REV-USR-025-SITE-002,USR-025,2026-06-23,sitejabber,,neutral,Albertsons messed up two online delivery orders and promised to make them right after speaking with customer service and them acknowledging their error.,
REV-USR-025-SITE-003,USR-025,2026-06-23,sitejabber,,neutral,"The dairy it expired or very close to it with in a day or two, I have received milk that was not expired but was soured which means it was handled in correctly and unsafely and yet they still send it out to customers for home delivery.",
REV-USR-025-SITE-004,USR-025,2026-06-23,sitejabber,,neutral,I called customer service because me entire order was was over charged $26.49.,
REV-USR-025-SITE-005,USR-025,2026-06-23,sitejabber,,neutral,The representive decided to start with the orange 45 minutes of his saying I was charged right and him putting me on hold so he could check.,
REV-USR-025-SITE-006,USR-025,2026-06-23,sitejabber,,negative,He put me on hold came back and said as a one time customer courtesy he would refund my money.,
REV-USR-025-SITE-007,USR-025,2026-06-23,sitejabber,,neutral,But at least a dollar or two of over charge and like me I am sure 1000's of people everyday just don't feel it's worth the hassle to try get it back.,
REV-USR-025-SITE-008,USR-025,2026-06-23,sitejabber,,neutral,"As a cashier, her job is to help and assist customers; if she doesn't like it, she shouldn't work in that role.""
I got excited when I found an item that is hard to find.",
REV-USR-026-SITE-001,USR-026,2026-06-23,sitejabber,,neutral,I interrupted them to say as a customer I should not be hearing this.,
REV-USR-026-SITE-002,USR-026,2026-06-23,sitejabber,,neutral,I followed up the next day and in the 3 weeks since I tried 3 times calling Corporate and asked for someone from Publix contact me regarding this treatment of a 10 year customer.,
REV-USR-026-SITE-003,USR-026,2026-06-23,sitejabber,,positive,Each time I was told someone will follow up with you I now see how Publix employees are because the management doesn't even feel it necessary to take a few minutes to call what was a good customer.,
REV-USR-026-SITE-004,USR-026,2026-06-23,sitejabber,,positive,"I guess upper management also feels it's OK for employees to threaten a customer for calling a MAN a HE Publix lost a good customer I'm sure they wont miss my 100 bucks a week but hopefully others see this and decide too that this nonsense is not where we want to shop
I had to send a foodstuff to the quality control division due to it being expired, not pulled off the shelves at my local Publix and ingesting it making me sick.",
REV-USR-026-SITE-005,USR-026,2026-06-23,sitejabber,,negative,"I dealt with Brianna in that department and she lacks customer service skills, is rude and robotic.",
REV-USR-026-SITE-006,USR-026,2026-06-23,sitejabber,,neutral,I was told by the manager that Publix would identify the issue that made me sick.,
REV-USR-026-SITE-007,USR-026,2026-06-23,sitejabber,,negative,The young man lied and said he did it b/c I was rude.,
REV-USR-026-SITE-008,USR-026,2026-06-23,sitejabber,,neutral,"I have no proof of purchase as I did not buy anything, I was told my dog was not a service dog.",
REV-USR-027-SITE-001,USR-027,2026-06-23,sitejabber,,negative,The last time I was able to use the chat I had asked for a refund for the fake counterfit item (amazon sold and shipped) they sent to me.,
REV-USR-027-SITE-002,USR-027,2026-06-23,sitejabber,,neutral,"I was unnecessarily transferred to a ""member of the leadership team"" named Meghna.",
REV-USR-027-SITE-003,USR-027,2026-06-23,sitejabber,,neutral,We all need to put our blocked chat encounters up here and trust pilot with the name of the amazon employee responsible so we can shed light on and make it known the shady things amazon employees do to their customers out of retaliation.,
REV-USR-027-SITE-004,USR-027,2026-06-23,sitejabber,,negative,"Find the Amazon screen and prompts to speak with a person, not AI assistance 2: Find access to a customer care email (still can't find one) 3: Follow up on my reported complaint as I have received no communication despite Amazon promising it would be resolved (twice now) 4: Proide a bad review on Amazon within their own site, you can only rate products purchased or do an internal complaint.",
REV-USR-027-SITE-005,USR-027,2026-06-23,sitejabber,,neutral,"This was clearly a returned item that Amazon's quality control completely ignored and resold as ""New.""
To make matters worse, I am currently in another country.",
REV-USR-027-SITE-006,USR-027,2026-06-23,sitejabber,,neutral,"I have been a loyal customer and have even bought this exact model before without issues, but this experience has been a total scam.",
REV-USR-027-SITE-007,USR-027,2026-06-23,sitejabber,,neutral,"So I recommend that long term amzn users begin to diversify to other sellers because the slight""bad luck"" streak, even for a 20 year plus, good customer, means nothing to the amzn algorithm.",
REV-USR-027-SITE-008,USR-027,2026-06-23,sitejabber,,neutral,"Plus, I've learned from Gemini and Chat both, that amzn initiated newer, brutal standards to ban 10% or more of its customer base, saying they're crooks, when they're not.",
REV-USR-027-GOOG-001,USR-027,2026-06-23,google_news_reviews,,neutral,I Tried Hungryroot for 4 Weeks in a Row — The Meal Kit Is “Perfect” for Busy Home Cooks - The Kitchn. I Tried Hungryroot for 4 Weeks in a Row — The Meal Kit Is “Perfect” for Busy Home Cooks The Kitchn,
REV-USR-027-GOOG-002,USR-027,2026-06-23,google_news_reviews,,neutral,"Hidden Hearth: Punk’s Not Dead, It’s Bread - Tucson Foodie. Hidden Hearth: Punk’s Not Dead, It’s Bread Tucson Foodie",
REV-USR-027-GOOG-003,USR-027,2026-06-23,google_news_reviews,,neutral,This Is the Only Store-Bought Pumpkin Pie Worth Buying - Simply Recipes. This Is the Only Store-Bought Pumpkin Pie Worth Buying Simply Recipes,
REV-USR-027-GOOG-004,USR-027,2026-06-23,google_news_reviews,,neutral,The Best Grocery Store Thanksgiving Meal Deals To Grab In 2025 - Mashed. The Best Grocery Store Thanksgiving Meal Deals To Grab In 2025 Mashed,
REV-USR-027-GOOG-005,USR-027,2026-06-23,google_news_reviews,,neutral,"8 Store-Bought Potato Salads, Ranked - Tasting Table. 8 Store-Bought Potato Salads, Ranked Tasting Table",
REV-USR-027-GOOG-006,USR-027,2026-06-23,google_news_reviews,,neutral,Where to get the lowest price on Thanksgiving turkey in 2025 - Living On The Cheap. Where to get the lowest price on Thanksgiving turkey in 2025 Living On The Cheap,
REV-USR-027-GOOG-007,USR-027,2026-06-23,google_news_reviews,,neutral,Miramonte brings midcentury style and late night menu to Midtown - Tucson Foodie. Miramonte brings midcentury style and late night menu to Midtown Tucson Foodie,
REV-USR-027-GOOG-008,USR-027,2026-06-23,google_news_reviews,,neutral,I’m an RD Who Tried Mom’s Meals for a Week to Find Out How My Aging Parents Liked It - Everyday Health. I’m an RD Who Tried Mom’s Meals for a Week to Find Out How My Aging Parents Liked It Everyday Health,
REV-USR-028-SITE-001,USR-028,2026-06-23,sitejabber,,neutral,My 87-year-old mom is a loyal long-time CVS customer who spends thousands of dollars in prescriptions and merchandise each year.,
REV-USR-028-SITE-002,USR-028,2026-06-23,sitejabber,,neutral,Next I spoke to a customer service rep with a heavy accent who was extremely difficult to understand.,
REV-USR-028-SITE-003,USR-028,2026-06-23,sitejabber,,neutral,I was informed they could not do anything to help me.,
REV-USR-028-SITE-004,USR-028,2026-06-23,sitejabber,,neutral,It is obvious CVS does not care about their customers.,
REV-USR-028-SITE-005,USR-028,2026-06-23,sitejabber,,neutral,"I believe the CVS and its employees have forgotten why they are in business, to serve customers.",
REV-USR-028-SITE-006,USR-028,2026-06-23,sitejabber,,negative,NO response from Customer Service after my specific complaint.,
REV-USR-028-SITE-007,USR-028,2026-06-23,sitejabber,,neutral,I am an ExtraCare Plus member (pay a fee monthly or yearly and receive $10 ExtraCare bucks added to your account monthly)...,
REV-USR-028-SITE-008,USR-028,2026-06-23,sitejabber,,neutral,The deal I thought I was getting was spend $30 get $10 ExtraCare bucks back...,
REV-USR-029-SITE-001,USR-029,2026-06-23,sitejabber,,neutral,Would it better if I take them somewhere else because I am going to need them tonight?,
REV-USR-029-SITE-002,USR-029,2026-06-23,sitejabber,,neutral,"www.medallia.com
From:
*******@app.medallia.com
To:
Customer
Tue, Dec 30 at 8:29 AM
Dear Customer
Thank you for sharing about your recent experience at Walgreens.",
REV-USR-029-SITE-003,USR-029,2026-06-23,sitejabber,,neutral,We will use your feedback to ensure customers do not experience this same issue in the future.,
REV-USR-029-SITE-004,USR-029,2026-06-23,sitejabber,,neutral,"Also, if we cannot fulfill a prescription, and the customer needs it quick, we can recommend the customer to get it at another Walgreens location and/or go to another pharmacy and we can transfer them the prescription.",
REV-USR-029-SITE-005,USR-029,2026-06-23,sitejabber,,neutral,I'm transferring my medication to my local CVS and will be sharing my experience with others.,
REV-USR-029-SITE-006,USR-029,2026-06-23,sitejabber,,neutral,"Walgreens makes tens of millions with their commissions and the $6 charge added to the cost of each fake card, and when you call Walgreens ten times trying to get help getting your money back, Walgreens transfers you to some number in Asia where no one speaks English or Walgreens customer service disconnects you with their vile malice and giggles, knowing you are just one more of their millions of victims.",
REV-USR-029-SITE-007,USR-029,2026-06-23,sitejabber,,neutral,"At the very end I was asked to provide ""contact information"" as if that hadn't already been done.",
REV-USR-029-SITE-008,USR-029,2026-06-23,sitejabber,,neutral,"Customer service saying they have not added it yet,but I can use it in the store I will not!",
REV-USR-029-GOOG-001,USR-029,2026-06-23,google_news_reviews,,neutral,"Harmful, Deadly Pharmacy Errors Persist During Pandemic, CA Complaints Allege - NBC Bay Area. Harmful, Deadly Pharmacy Errors Persist During Pandemic, CA Complaints Allege NBC Bay Area",
REV-USR-029-GOOG-002,USR-029,2026-06-23,google_news_reviews,,neutral,CVS Is Closing 270 Stores This Year — Here's What to Know - Good Housekeeping. CVS Is Closing 270 Stores This Year — Here's What to Know Good Housekeeping,
REV-USR-030-SITE-001,USR-030,2026-06-23,sitejabber,,neutral,Home Depot's reputation is marked by a mix of positive and negative customer experiences.,
REV-USR-030-SITE-002,USR-030,2026-06-23,sitejabber,,negative,I moved to Moncton in 2019 and purchased everything for my home and all my customers until some of the staff there started getting very rude.,
REV-USR-030-SITE-003,USR-030,2026-06-23,sitejabber,,neutral,So just too let you know that I spent $1200.00 today in their store and that is where I will be doing business for my customers and I don't care if you are giving stuff away I will never set foot in any of your locations again.,
REV-USR-030-SITE-004,USR-030,2026-06-23,sitejabber,,neutral,I was informed that without a receipt and because I paid cash they would not take it back.,
REV-USR-030-SITE-005,USR-030,2026-06-23,sitejabber,,neutral,As our refrigerator went out while on vacation we needed an item immediately.,
REV-USR-030-SITE-006,USR-030,2026-06-23,sitejabber,,neutral,I posted the short review moments ago thinking I was only allowed to write 100 words.,
REV-USR-030-SITE-007,USR-030,2026-06-23,sitejabber,,neutral,"Realizing that my assumption was wrong, I am now going to provide more detail so that people will know why I made the previous remarks.",
REV-USR-030-SITE-008,USR-030,2026-06-23,sitejabber,,neutral,I went to customer service and confirmed another date.,
REV-USR-030-GOOG-001,USR-030,2026-06-23,google_news_reviews,,neutral,"What’s happening with Midtown KC Costco? Nobody’s sure, but city’s taking action - Kansas City Star. What’s happening with Midtown KC Costco? Nobody’s sure, but city’s taking action Kansas City Star",
REV-USR-030-GOOG-002,USR-030,2026-06-23,google_news_reviews,,neutral,The Best Dive Bar In Every US State - Tasting Table. The Best Dive Bar In Every US State Tasting Table,
REV-USR-031-SITE-001,USR-031,2026-06-23,sitejabber,,negative,The first time I was given bad advice by store personnel causing me to have to return the product which is an hour round trip for me (not including the hassle of returning a product).,
REV-USR-031-SITE-002,USR-031,2026-06-23,sitejabber,,negative,"The second time I purchased a grill with assembly and curbside pick-up, it was not assembled; I ended up waiting while they tried to quickly assemble it.",
REV-USR-031-SITE-003,USR-031,2026-06-23,sitejabber,,neutral,"I was transferred to the store (and a human) but was hung up on 5 times, placed on hold multiple times, transferred to wrong departments 3 times.",
REV-USR-031-SITE-004,USR-031,2026-06-23,sitejabber,,neutral,All-in-all I spent over 1.5 hours on the phone before I was told the message was received and I'd receive a call back.,
REV-USR-031-SITE-005,USR-031,2026-06-23,sitejabber,,neutral,I was called back 5 hours later and told they would not deliver my purchase on the same day because I didn't notify them in time.,
REV-USR-031-SITE-006,USR-031,2026-06-23,sitejabber,,negative,"I understand people have bad days, but you don't treat your customers like that.",
REV-USR-031-SITE-007,USR-031,2026-06-23,sitejabber,,neutral,"I have been a private customer of my local Lowes store in lake City, Fl for several years.",
REV-USR-031-SITE-008,USR-031,2026-06-23,sitejabber,,neutral,I pointed out the on-line statement and the CSR contacted Kobalt customer service.,
REV-USR-031-GOOG-001,USR-031,2026-06-23,google_news_reviews,,neutral,Bodycam captures arrest of armed Lowe’s customer who fired at suspected shoplifter - WSB-TV. Bodycam captures arrest of armed Lowe’s customer who fired at suspected shoplifter WSB-TV,
REV-USR-031-GOOG-002,USR-031,2026-06-23,google_news_reviews,,neutral,Looking for a New Fridge? Start With Our Favorite Retailers - The Spruce. Looking for a New Fridge? Start With Our Favorite Retailers The Spruce,
REV-USR-031-GOOG-003,USR-031,2026-06-23,google_news_reviews,,neutral,Marietta used car dealership closes following Atlanta News First investigation - Atlanta News First. Marietta used car dealership closes following Atlanta News First investigation Atlanta News First,
REV-USR-031-GOOG-004,USR-031,2026-06-23,google_news_reviews,,neutral,Loews Atlanta – Hotel Review - Condé Nast Traveler. Loews Atlanta – Hotel Review Condé Nast Traveler,
REV-USR-031-GOOG-005,USR-031,2026-06-23,google_news_reviews,,neutral,News: Bill Lowe Gallery plans to continue operations after founder’s death - ARTS ATL. News: Bill Lowe Gallery plans to continue operations after founder’s death ARTS ATL,
REV-USR-031-GOOG-006,USR-031,2026-06-23,google_news_reviews,,neutral,Lowe’s protection plan class action lawsuit sent to arbitration - Class Action Lawsuits. Lowe’s protection plan class action lawsuit sent to arbitration Class Action Lawsuits,
REV-USR-031-GOOG-007,USR-031,2026-06-23,google_news_reviews,,neutral,"Review: Michael David reflects on masters, inspirations, friends at Johnson Lowe - AJC.com. Review: Michael David reflects on masters, inspirations, friends at Johnson Lowe AJC.com",
REV-USR-031-GOOG-008,USR-031,2026-06-23,google_news_reviews,,neutral,"Lowe’s Advantage Credit Card Reviews () - ""Is It Worth It?"" - CardRates.com. Lowe’s Advantage Credit Card Reviews () - ""Is It Worth It?"" CardRates.com",
REV-USR-032-SITE-001,USR-032,2026-06-23,sitejabber,,neutral,"29th while checking our account, there where two charges for Best Buy.",
REV-USR-032-SITE-002,USR-032,2026-06-23,sitejabber,,neutral,"My bank rep told me that ""several customers have called in with the same issues concerning Best Buy"".",
REV-USR-032-SITE-003,USR-032,2026-06-23,sitejabber,,neutral,The next day when I went to return it the customer service manager refused to at least exchange it.,
REV-USR-032-SITE-004,USR-032,2026-06-23,sitejabber,,neutral,9 days ago I was told I'd receive a call back within 24 hours to schedule a free in home consultation to add a stereo system in my shed and a home theater system in my house.,
REV-USR-032-SITE-005,USR-032,2026-06-23,sitejabber,,neutral,"Today, while trying to inquire and/or speak to a manager, I was transferred 9 times and spent over an hour on the call and still didn't get anywhere.",
REV-USR-032-SITE-006,USR-032,2026-06-23,sitejabber,,neutral,I am a manager myself and I will say this has been one of the most painful and mis-managed processes I've ever experienced.,
REV-USR-032-SITE-007,USR-032,2026-06-23,sitejabber,,neutral,I was offered to purchase another phone as a resolution.,
REV-USR-032-SITE-008,USR-032,2026-06-23,sitejabber,,neutral,"Overall, while Best Buy offers convenience and a wide selection of products, improvements in delivery reliability and order accuracy would enhance the overall experience.",
REV-USR-032-GOOG-001,USR-032,2026-06-23,google_news_reviews,,neutral,"Best Refrigerators of 2026, Lab-Tested by Our Experts - Consumer Reports. Best Refrigerators of 2026, Lab-Tested by Our Experts Consumer Reports",
REV-USR-032-GOOG-002,USR-032,2026-06-23,google_news_reviews,,neutral,"The Best Dehumidifiers, Proven Over 6 Months In Southern Humidity - Southern Living. The Best Dehumidifiers, Proven Over 6 Months In Southern Humidity Southern Living",
REV-USR-032-GOOG-003,USR-032,2026-06-23,google_news_reviews,,neutral,"The 9 Best Electric Ranges, According To Reviews - Chowhound. The 9 Best Electric Ranges, According To Reviews Chowhound",
REV-USR-032-GOOG-004,USR-032,2026-06-23,google_news_reviews,,neutral,These 100-inch TVs are the perfect upgrade for World Cup watch parties - Business Insider. These 100-inch TVs are the perfect upgrade for World Cup watch parties Business Insider,
REV-USR-032-GOOG-005,USR-032,2026-06-23,google_news_reviews,,neutral,The 4 Best Sunscreens of 2026 | Reviews by Wirecutter - The New York Times. The 4 Best Sunscreens of 2026 | Reviews by Wirecutter The New York Times,
REV-USR-032-GOOG-006,USR-032,2026-06-23,google_news_reviews,,neutral,5 Best Long-Term Care Insurance Companies of June 2026 - money.com. 5 Best Long-Term Care Insurance Companies of June 2026 money.com,
REV-USR-032-GOOG-007,USR-032,2026-06-23,google_news_reviews,,neutral,"I Found Toys at the Beach and Change at the Park, Testing These Expert-Approved Metal Detectors - Popular Mechanics. I Found Toys at the Beach and Change at the Park, Testing These Expert-Approved Metal Detectors Popular Mechanics",
REV-USR-032-GOOG-008,USR-032,2026-06-23,google_news_reviews,,neutral,Best life insurance companies for seniors of June 2026 - CNBC. Best life insurance companies for seniors of June 2026 CNBC,
REV-USR-033-SITE-001,USR-033,2026-06-23,sitejabber,,negative,"Overall, there is a notable trend of frustration among customers, indicating a need for improved employee training, better management practices, and enhanced customer support to restore trust and satisfaction.",
REV-USR-033-SITE-002,USR-033,2026-06-23,sitejabber,,neutral,"I was shopping there and picked up what I believed to be a a sale item, brand of shampoo in two different spots in the store with conflicting prices.",
REV-USR-033-SITE-003,USR-033,2026-06-23,sitejabber,,neutral,"I was pushing my cart towards her after unloading my groceries, she was pushing another cart in from the lot.",
REV-USR-033-SITE-004,USR-033,2026-06-23,sitejabber,,neutral,"I was expecting she would take the cart from me, she was smoking a cigarette so I knew she wasnt going back in the store yet.",
REV-USR-033-SITE-005,USR-033,2026-06-23,sitejabber,,neutral,"I was clearly pushing the cart to her, but she completely ignored me, so I left the cart close to the front door.",
REV-USR-033-SITE-006,USR-033,2026-06-23,sitejabber,,neutral,I was over charged on an item I purchased today.,
REV-USR-033-SITE-007,USR-033,2026-06-23,sitejabber,,neutral,When I got to the car I added the ticket up and I was not given the sale price.,
REV-USR-033-SITE-008,USR-033,2026-06-23,sitejabber,,neutral,I live on Social Security and if that is how Dollar General treats there customers I don't have to shop there.,
REV-USR-033-GOOG-001,USR-033,2026-06-23,google_news_reviews,,neutral,"What We Know About The Trump Foundation's Donation to Florida AG Pam Bondi's Fundraisers - ABC News - Breaking News, Latest News and Videos. What We Know About The Trump Foundation's Donation to Florida AG Pam Bondi's Fundraisers ABC News - Breaking News, Latest News and Videos",
REV-USR-033-GOOG-002,USR-033,2026-06-23,google_news_reviews,,neutral,Dollar General To Close Dozens Of Stores: What To Know In FL - Patch. Dollar General To Close Dozens Of Stores: What To Know In FL Patch,
REV-USR-033-GOOG-003,USR-033,2026-06-23,google_news_reviews,,neutral,Cost estimate nearly doubles to $70.4M for Dollar General cold storage facility - The Business Journals. Cost estimate nearly doubles to $70.4M for Dollar General cold storage facility The Business Journals,
REV-USR-033-GOOG-004,USR-033,2026-06-23,google_news_reviews,,neutral,How a Dollar General Employee Went Viral on TikTok (Published 2022) - The New York Times. How a Dollar General Employee Went Viral on TikTok (Published 2022) The New York Times,
REV-USR-033-GOOG-005,USR-033,2026-06-23,google_news_reviews,,neutral,"State Attorney: No charges for officers who shot, killed man following Dollar General robbery - wtsp.com. State Attorney: No charges for officers who shot, killed man following Dollar General robbery wtsp.com",
REV-USR-033-GOOG-006,USR-033,2026-06-23,google_news_reviews,,neutral,St. Petersburg grocery store named ‘best overall’ in America: study - WFLA. St. Petersburg grocery store named ‘best overall’ in America: study WFLA,
REV-USR-033-GOOG-007,USR-033,2026-06-23,google_news_reviews,,neutral,Dollar General wants to open another distribution center in Montgomery County - The Business Journals. Dollar General wants to open another distribution center in Montgomery County The Business Journals,
REV-USR-034-SITE-001,USR-034,2026-06-23,sitejabber,,neutral,"I am deaf and do not have a cell phone, so was unable to buy gas or accomplish what I had planned.",
REV-USR-034-SITE-002,USR-034,2026-06-23,sitejabber,,negative,"I canceled my Sam's Club membership on Feb 4,2025, and was told by their customer service that I would receive my $117.29 refund within 7 to 10 business days.",
REV-USR-034-SITE-003,USR-034,2026-06-23,sitejabber,,positive,I will attempt in this communication to explain what has transpired with my recent transaction and why I am so dissatisfied with my recent experience.,
REV-USR-034-SITE-004,USR-034,2026-06-23,sitejabber,,neutral,I am responsible for caring for my mother who has Parkinson's.,
REV-USR-034-SITE-005,USR-034,2026-06-23,sitejabber,,neutral,I was willing to pay a premium for this service.,
REV-USR-034-SITE-006,USR-034,2026-06-23,sitejabber,,neutral,I was worried at this point because our school day was finishing.,
REV-USR-034-SITE-007,USR-034,2026-06-23,sitejabber,,neutral,"Several minutes later, I was told that no contact had been made, and no one was even picking up the phone.",
REV-USR-034-SITE-008,USR-034,2026-06-23,sitejabber,,negative,"I was told that I needed to wait because delivery would be ""coming shortly."" This process repeated with another representative.",
REV-USR-034-GOOG-001,USR-034,2026-06-23,google_news_reviews,,neutral,The 6 Best Ways to Buy Discount Universal Tickets - NerdWallet. The 6 Best Ways to Buy Discount Universal Tickets NerdWallet,
REV-USR-034-GOOG-002,USR-034,2026-06-23,google_news_reviews,,neutral,"Florida allows open carry of guns, so Publix will too, workers say - Sun Sentinel. Florida allows open carry of guns, so Publix will too, workers say Sun Sentinel",
REV-USR-034-GOOG-003,USR-034,2026-06-23,google_news_reviews,,neutral,"Publix, Walmart, hospitals, courts, campuses: Where is open carry allowed in Florida now? - Daytona Beach News-Journal. Publix, Walmart, hospitals, courts, campuses: Where is open carry allowed in Florida now? Daytona Beach News-Journal",
REV-USR-034-GOOG-004,USR-034,2026-06-23,google_news_reviews,,neutral,"Costco vs. Sam’s Club: We Compared Membership Fees, Return Policies, Prices, and Even Food Courts - The Kitchn. Costco vs. Sam’s Club: We Compared Membership Fees, Return Policies, Prices, and Even Food Courts The Kitchn",
REV-USR-034-GOOG-005,USR-034,2026-06-23,google_news_reviews,,neutral,Poll results: Was Publix right to let grocery-store customers carry guns openly?,
REV-USR-034-GOOG-006,USR-034,2026-06-23,google_news_reviews,,neutral,11 Sam’s Club Products Shoppers Say They Will Never Buy Again - Eat This Not That. 11 Sam’s Club Products Shoppers Say They Will Never Buy Again Eat This Not That,
REV-USR-034-GOOG-007,USR-034,2026-06-23,google_news_reviews,,neutral,"Two Door Cinema Club at House of Blues in Orlando, FL - Loud Hailer Magazine. Two Door Cinema Club at House of Blues in Orlando, FL Loud Hailer Magazine",
REV-USR-034-GOOG-008,USR-034,2026-06-23,google_news_reviews,,neutral,Walmart closing dozens of Sam's Clubs across the country - The Florida Times-Union. Walmart closing dozens of Sam's Clubs across the country The Florida Times-Union,
REV-USR-035-SITE-001,USR-035,2026-06-23,sitejabber,3.5,positive,"ALDI South Group has a rating of 3.5 stars from 12 reviews, indicating that most customers are generally satisfied with their purchases.",
REV-USR-035-SITE-002,USR-035,2026-06-23,sitejabber,,neutral,I am quite sure the remaining employees are not being compensated for these additional duties.,
REV-USR-035-SITE-003,USR-035,2026-06-23,sitejabber,,neutral,This keeps employees attentive to customers and stocking in store rather than gathering carts.,
REV-USR-035-SITE-004,USR-035,2026-06-23,sitejabber,,positive,They also have good trash bags that are better then some of the name brands I was use to buying back in the days.,
REV-USR-035-SITE-005,USR-035,2026-06-23,sitejabber,,positive,Love the products and customer service and all the awesome prices that I can afford without feeling I am getting ripped off.,
REV-USR-035-SITE-006,USR-035,2026-06-23,sitejabber,,neutral,"Aldi is a small grocery store, small enough to be efficient for customer.",
REV-USR-035-SITE-007,USR-035,2026-06-23,sitejabber,,positive,"Maybe I just walked through a time tunnel where carrying about the customer, great products and kindness is the mission.",
REV-USR-035-SITE-008,USR-035,2026-06-23,sitejabber,,neutral,"Who ever is running this chain of stores must of taken notes from Costco management, its about the customer dummy not the billionaire owner.",
REV-USR-035-GOOG-001,USR-035,2026-06-23,google_news_reviews,,neutral,"Trader Joe’s, Sam’s Club, Aldi rank high in favorite supermarket list - Cleveland.com. Trader Joe’s, Sam’s Club, Aldi rank high in favorite supermarket list Cleveland.com",
REV-USR-035-GOOG-002,USR-035,2026-06-23,google_news_reviews,,neutral,Shoppers say advertised grocery deals disappeared before they could buy them - News 5 Cleveland WEWS. Shoppers say advertised grocery deals disappeared before they could buy them News 5 Cleveland WEWS,
REV-USR-035-GOOG-003,USR-035,2026-06-23,google_news_reviews,,neutral,This major grocery chain wants customers to pay with exact change - Cleveland.com. This major grocery chain wants customers to pay with exact change Cleveland.com,
REV-USR-035-GOOG-004,USR-035,2026-06-23,google_news_reviews,,neutral,"Aldi relocates Streetsboro store, improves layout, offers giveaways - Cleveland.com. Aldi relocates Streetsboro store, improves layout, offers giveaways Cleveland.com",
REV-USR-035-GOOG-005,USR-035,2026-06-23,google_news_reviews,,neutral,"Aldi opens new store in Parma, with grocery giveaways - Cleveland.com. Aldi opens new store in Parma, with grocery giveaways Cleveland.com",
REV-USR-035-GOOG-006,USR-035,2026-06-23,google_news_reviews,,neutral,Aldi gets plan approval for construction at Waterstone Building site in University Heights - Cleveland.com. Aldi gets plan approval for construction at Waterstone Building site in University Heights Cleveland.com,
REV-USR-035-GOOG-007,USR-035,2026-06-23,google_news_reviews,,neutral,Middleburg Heights OKs preliminary plan for new Aldi - Cleveland.com. Middleburg Heights OKs preliminary plan for new Aldi Cleveland.com,
REV-USR-035-GOOG-008,USR-035,2026-06-23,google_news_reviews,,neutral,Aldi opens its 125th Ohio grocery store at Steelyard Commons in Cleveland - Cleveland.com. Aldi opens its 125th Ohio grocery store at Steelyard Commons in Cleveland Cleveland.com,
REV-USR-036-SITE-001,USR-036,2026-06-23,sitejabber,1.4,positive,"H-E-B Grocery has a rating of 1.4 stars from 15 reviews, indicating that most customers are generally dissatisfied with their purchases.",
REV-USR-036-SITE-002,USR-036,2026-06-23,sitejabber,,positive,Reviewers dissatisfied with H-E-B Grocery most frequently mention and customer service.,
REV-USR-036-SITE-003,USR-036,2026-06-23,sitejabber,,neutral,"Even the ""Review our website"" button (bottom of picture)under ""Customer service"" doesn't do anything either.",
REV-USR-036-SITE-004,USR-036,2026-06-23,sitejabber,,positive,"These stores are always cost effective, have the products that I need the majority of the time, and the customer service is almost always great.",
REV-USR-036-SITE-005,USR-036,2026-06-23,sitejabber,,negative,For the past 3 to 5 years I've been totally disappointed at H-E-B's customer service.,
REV-USR-036-SITE-006,USR-036,2026-06-23,sitejabber,,neutral,When I ask for crabs from the freezer I was told there was no more when I later passed by the crabs were replenished.,
REV-USR-036-SITE-007,USR-036,2026-06-23,sitejabber,,negative,I'll file complaint with H‑E‑B corporate just because this is one of the worst customer experiences I have had.,
REV-USR-036-SITE-008,USR-036,2026-06-23,sitejabber,,neutral,"I am going to call out one particular store, The HEB on Waldon Rd in Corpus Christi.",
REV-USR-036-GOOG-001,USR-036,2026-06-23,google_news_reviews,,neutral,Southwest Airlines works to address issues with new assigned seating as customers fume - Dallas News. Southwest Airlines works to address issues with new assigned seating as customers fume Dallas News,
REV-USR-036-GOOG-002,USR-036,2026-06-23,google_news_reviews,,neutral,Best and Worst Grocery Chains in the US - Kiplinger. Best and Worst Grocery Chains in the US Kiplinger,
REV-USR-037-SITE-001,USR-037,2026-06-23,sitejabber,,neutral,I was thinking that rib eye steaks would be a special treat but I hesitated when I looked at the price/lb.,
REV-USR-037-SITE-002,USR-037,2026-06-23,sitejabber,,neutral,I just wanted to thank Meijers for taking advantage of loyal customers!,
REV-USR-037-SITE-003,USR-037,2026-06-23,sitejabber,,neutral,I feel she needs to be trained on what customer service is supposed to look like.,
REV-USR-037-SITE-004,USR-037,2026-06-23,sitejabber,,neutral,I am tired of having to constantly police your charges and if my M Perk coupons come off my overall charges.,
REV-USR-037-SITE-005,USR-037,2026-06-23,sitejabber,,neutral,When I brought it up at the checkout the cashier stated she could not do anything about it and I would need to go to Customer Service.,
REV-USR-037-SITE-006,USR-037,2026-06-23,sitejabber,,neutral,When I showed the Customer Service clerk my receipt along with my MPerks on my phone she states well look it is not pre-made salads but just chopped lettuce.,
REV-USR-037-SITE-007,USR-037,2026-06-23,sitejabber,,neutral,"When contacting customer service (3 times), I was
Eventually told that gas mperks were only a one time limited offer and wouldn't appear.",
REV-USR-037-SITE-008,USR-037,2026-06-23,sitejabber,,neutral,I view this as an insult to all loyal customers.,
REV-USR-038-SITE-001,USR-038,2026-06-23,sitejabber,,negative,Now thier Chocolate flavor has changed for the worst so I am going to buy my ice cream from another store.,
REV-USR-038-SITE-002,USR-038,2026-06-23,sitejabber,,neutral,"When Athena called Greg, he claimed I was already a member, which is why I didn't receive the new-member discount.",
REV-USR-038-SITE-003,USR-038,2026-06-23,sitejabber,,neutral,I explained that I had to register again because I was told I wasn't a member earlier.,
REV-USR-038-SITE-004,USR-038,2026-06-23,sitejabber,,neutral,He insisted I take all my items to Customer Service to redo the entire process.,
REV-USR-038-SITE-005,USR-038,2026-06-23,sitejabber,,negative,"When I voiced my frustration, Greg raised his voice, told me I was ""done here,"" and said I was not welcome at Safeway.",
REV-USR-038-SITE-006,USR-038,2026-06-23,sitejabber,,negative,I'm sharing my experience to warn others about the poor treatment I received so they can avoid the same frustration and disrespect.,
REV-USR-038-SITE-007,USR-038,2026-06-23,sitejabber,,neutral,I am absolutely discussed there is so much greed you can'teven have one cashier on duty.,
REV-USR-038-SITE-008,USR-038,2026-06-23,sitejabber,,neutral,What happened to having some customer service when I am paying a premium!,
REV-USR-038-GOOG-001,USR-038,2026-06-23,google_news_reviews,,neutral,Washington grocery workers may strike following union vote - The Spokesman-Review. Washington grocery workers may strike following union vote The Spokesman-Review,
REV-USR-038-GOOG-002,USR-038,2026-06-23,google_news_reviews,,neutral,Ohio Has Two of the Worst Grocery Stores in the U.S. - WKFR. Ohio Has Two of the Worst Grocery Stores in the U.S. WKFR,
REV-USR-039-SITE-001,USR-039,2026-06-23,sitejabber,3.0,positive,"Sprouts Farmers Market has a rating of 3 stars from 3 reviews, indicating that most customers are generally dissatisfied with their purchases.",
REV-USR-039-GOOG-001,USR-039,2026-06-23,google_news_reviews,,neutral,National burger plans third Raleigh location - The Business Journals. National burger plans third Raleigh location The Business Journals,
REV-USR-039-GOOG-002,USR-039,2026-06-23,google_news_reviews,,neutral,Tired of high prices? These 11 reports will help you navigate Triangle grocery shopping - Raleigh News & Observer. Tired of high prices? These 11 reports will help you navigate Triangle grocery shopping Raleigh News & Observer,
REV-USR-040-SITE-001,USR-040,2026-06-23,sitejabber,,neutral,I have been a loyal customer for over three years and regularly shop at this location because I work nearby.,
REV-USR-040-SITE-002,USR-040,2026-06-23,sitejabber,,neutral,I have spent a significant amount of money at this store and have always believed I was following the return policy appropriately.,
REV-USR-040-SITE-003,USR-040,2026-06-23,sitejabber,,neutral,"During my most recent visit, I was stopped by the manager, Prince, as I was walking out of the store and told that I would no longer be allowed to make returns because I had made ""too many."" This was said to me publicly and without prior warning.",
REV-USR-040-SITE-004,USR-040,2026-06-23,sitejabber,,neutral,"At no point was I previously informed that I was violating any policy, nor was I given any explanation beyond that statement.",
REV-USR-040-SITE-005,USR-040,2026-06-23,sitejabber,,neutral,"As a long-time customer, I expected respectful communication, not to be stopped on my way out and made to feel as though I had done something wrong.",
REV-USR-040-SITE-006,USR-040,2026-06-23,sitejabber,,neutral,"This situation needs to be addressed, and I hope management takes customer treatment more seriously moving forward.",
REV-USR-040-SITE-007,USR-040,2026-06-23,sitejabber,,neutral,"I am writing because I have been shopping at your Lynnwood, WA store for years, and the harassment and discrimination continues.",
REV-USR-040-SITE-008,USR-040,2026-06-23,sitejabber,,neutral,"As an Autistic woman, I am used to being mocked, pointed at, made fun of, and harassed, but your store goes above and beyond with ensuring I receive this treatment every time I come into the store.",
REV-USR-040-GOOG-001,USR-040,2026-06-23,google_news_reviews,,neutral,I Tried Trader Joe's Frozen Jambalaya And It's So Good - The Kitchn. I Tried Trader Joe's Frozen Jambalaya And It's So Good The Kitchn,
REV-USR-040-GOOG-002,USR-040,2026-06-23,google_news_reviews,,neutral,Trader Joe’s Announced New Store Openings—Are Any In Your Neighborhood? - Good Housekeeping. Trader Joe’s Announced New Store Openings—Are Any In Your Neighborhood? Good Housekeeping,
REV-USR-040-GOOG-003,USR-040,2026-06-23,google_news_reviews,,neutral,A new Trader Joe’s location is rumored to be coming soon to Louisiana - New Orleans CityBusiness. A new Trader Joe’s location is rumored to be coming soon to Louisiana New Orleans CityBusiness,
REV-USR-040-GOOG-004,USR-040,2026-06-23,google_news_reviews,,neutral,Trader Joe’s Just Announced 18 New Stores in 12 States—Here’s Exactly Where to Find Them - VegNews.com. Trader Joe’s Just Announced 18 New Stores in 12 States—Here’s Exactly Where to Find Them VegNews.com,
REV-USR-040-GOOG-005,USR-040,2026-06-23,google_news_reviews,,neutral,Trader Joe’s opening two locations in New Orleans - fox8live.com. Trader Joe’s opening two locations in New Orleans fox8live.com,
REV-USR-040-GOOG-006,USR-040,2026-06-23,google_news_reviews,,neutral,"21 Best Sunscreens of 2026, Lab-Tested and Reviewed - Consumer Reports. 21 Best Sunscreens of 2026, Lab-Tested and Reviewed Consumer Reports",
REV-USR-040-GOOG-007,USR-040,2026-06-23,google_news_reviews,,neutral,Trader Joe’s set to open 25 new stores across 14 states this year - inkl. Trader Joe’s set to open 25 new stores across 14 states this year inkl,
REV-USR-040-GOOG-008,USR-040,2026-06-23,google_news_reviews,,neutral,Are Louisiana Trader Joe’s impacted by recall of 10M pounds of food? - New Orleans CityBusiness. Are Louisiana Trader Joe’s impacted by recall of 10M pounds of food? New Orleans CityBusiness,
REV-USR-041-SITE-001,USR-041,2026-06-23,sitejabber,,neutral,"Walmart's reputation is mixed, with customers appreciating its wide product selection and competitive pricing, which enhance accessibility and affordability.",
REV-USR-041-SITE-002,USR-041,2026-06-23,sitejabber,,positive,"While some customers express loyalty and satisfaction with the overall shopping experience, others report feeling undervalued and dissatisfied, suggesting a need for improvements in communication, order management, and customer support to enhance overall service and restore confidence among shoppers.",
REV-USR-041-SITE-003,USR-041,2026-06-23,sitejabber,,negative,"While Walmart ultimately provided refunds in some cases, my primary concern is not the refund itself but the apparent lack of investigation into the root causes of these problems.",
REV-USR-041-SITE-004,USR-041,2026-06-23,sitejabber,,neutral,"Initially, I was told that delivery had been confirmed.",
REV-USR-041-SITE-005,USR-041,2026-06-23,sitejabber,,negative,"The matter was eventually resolved with a refund, but I was left wondering what investigation had actually taken place before the original conclusion was reached.",
REV-USR-041-SITE-006,USR-041,2026-06-23,sitejabber,,neutral,I repeatedly provided this evidence to customer service and asked that it be reviewed as part of a meaningful investigation.,
REV-USR-041-SITE-007,USR-041,2026-06-23,sitejabber,,neutral,"I was also repeatedly encouraged to dispute the charges with my bank, which I did not believe was an appropriate solution when the issues appeared to originate from Walmart's fulfillment or delivery process.",
REV-USR-041-SITE-008,USR-041,2026-06-23,sitejabber,,negative,"As a customer, my expectation is simple: either deliver the correct item and quantity ordered or issue a refund when that does not happen.",
REV-USR-041-GOOG-001,USR-041,2026-06-23,google_news_reviews,,neutral,New Fast EV Chargers Planned At Walmarts In 19 US States - CleanTechnica. New Fast EV Chargers Planned At Walmarts In 19 US States CleanTechnica,
REV-USR-041-GOOG-002,USR-041,2026-06-23,google_news_reviews,,neutral,These Beats Solo Headphones Are Just $79 for Cyber Monday - Lifehacker. These Beats Solo Headphones Are Just $79 for Cyber Monday Lifehacker,
REV-USR-041-GOOG-003,USR-041,2026-06-23,google_news_reviews,,neutral,Walmart bringing InHome Delivery to Salt Lake City in 2022 - ABC4 Utah. Walmart bringing InHome Delivery to Salt Lake City in 2022 ABC4 Utah,
REV-USR-041-GOOG-004,USR-041,2026-06-23,google_news_reviews,,neutral,"Walmart, Costco and other companies rethink self-checkout - KSL News. Walmart, Costco and other companies rethink self-checkout KSL News",
REV-USR-041-GOOG-005,USR-041,2026-06-23,google_news_reviews,,neutral,'Economic Blackout' to place spotlight on local Utah businesses instead of big corporations - FOX 13 News Utah. 'Economic Blackout' to place spotlight on local Utah businesses instead of big corporations FOX 13 News Utah,
REV-USR-041-GOOG-006,USR-041,2026-06-23,google_news_reviews,,neutral,Walmart launches drone delivery in Utah - Axios. Walmart launches drone delivery in Utah Axios,
REV-USR-041-GOOG-007,USR-041,2026-06-23,google_news_reviews,,neutral,Largest Employer by State 2026 - World Population Review. Largest Employer by State 2026 World Population Review,
REV-USR-041-GOOG-008,USR-041,2026-06-23,google_news_reviews,,neutral,The problem with the war against Temu and Shein - Fortune. The problem with the war against Temu and Shein Fortune,
REV-USR-042-SITE-001,USR-042,2026-06-23,sitejabber,,positive,"Customers appreciate the convenience, product variety, and competitive pricing, particularly praising the store's layout and exclusive brands.",
REV-USR-042-SITE-002,USR-042,2026-06-23,sitejabber,,neutral,I was given a target gift card and when I couldnt get the balance online I called *******869 and ive been on hold for 30 minutes and then some.,
REV-USR-042-SITE-003,USR-042,2026-06-23,sitejabber,,negative,Worst customer service I've ever encountered.,
REV-USR-042-SITE-004,USR-042,2026-06-23,sitejabber,,neutral,With customer service like this no wonder their closing stores everywhere.,
REV-USR-042-SITE-005,USR-042,2026-06-23,sitejabber,,positive,"When I asked a simple and polite question I was coldly answered, it was really awkward and unpleasant.",
REV-USR-042-SITE-006,USR-042,2026-06-23,sitejabber,,neutral,"This store NEVER, EVER answers the phone for Customer Service…….",
REV-USR-042-SITE-007,USR-042,2026-06-23,sitejabber,,negative,"Time and again, I've had issues with incorrect deliveries and order pickups where items were missing, only to be met with uncaring and demeaning customer service that places all the blame on me.",
REV-USR-042-SITE-008,USR-042,2026-06-23,sitejabber,,neutral,"They claim they tried to reach me and I was ""unavailable"".",
REV-USR-042-GOOG-001,USR-042,2026-06-23,google_news_reviews,,neutral,Review: BRANDI CARLILE: BE HUMAN TOUR at Target Center Minneapolis - BroadwayWorld. Review: BRANDI CARLILE: BE HUMAN TOUR at Target Center Minneapolis BroadwayWorld,
REV-USR-042-GOOG-002,USR-042,2026-06-23,google_news_reviews,,neutral,"These are the best (and worst) grocery stores in the U.S., survey shows - AL.com. These are the best (and worst) grocery stores in the U.S., survey shows AL.com",
REV-USR-042-GOOG-003,USR-042,2026-06-23,google_news_reviews,,neutral,Patriots draft profile: Tim Keenan III has the density of a neutron star - Pats Pulpit. Patriots draft profile: Tim Keenan III has the density of a neutron star Pats Pulpit,
REV-USR-042-GOOG-004,USR-042,2026-06-23,google_news_reviews,,neutral,My Favorite Wrinkle Serums and Creams Are Almost as Good as a Botox Injection - Cosmopolitan. My Favorite Wrinkle Serums and Creams Are Almost as Good as a Botox Injection Cosmopolitan,
REV-USR-042-GOOG-005,USR-042,2026-06-23,google_news_reviews,,neutral,I’ve Been Using Shipt to Order My Groceries — Is It Worth It? - The Kitchn. I’ve Been Using Shipt to Order My Groceries — Is It Worth It? The Kitchn,
REV-USR-042-GOOG-006,USR-042,2026-06-23,google_news_reviews,,neutral,Therapeutic strategies for COVID-19: progress and lessons learned - Nature. Therapeutic strategies for COVID-19: progress and lessons learned Nature,
REV-USR-042-GOOG-007,USR-042,2026-06-23,google_news_reviews,,neutral,"Buy Eyeglasses Like a Pro: Expert Advice on Frames, Lenses, Coatings, and More - Consumer Reports. Buy Eyeglasses Like a Pro: Expert Advice on Frames, Lenses, Coatings, and More Consumer Reports",
REV-USR-042-GOOG-008,USR-042,2026-06-23,google_news_reviews,,neutral,Brain macrophage in Parkinson's disease neuroinflammation - Drug Target Review. Brain macrophage in Parkinson's disease neuroinflammation Drug Target Review,
REV-USR-043-SITE-001,USR-043,2026-06-23,sitejabber,1.5,positive,"Kroger has a rating of 1.5 stars from 346 reviews, indicating that most customers are generally dissatisfied with their purchases.",
REV-USR-043-SITE-002,USR-043,2026-06-23,sitejabber,,positive,"Reviewers dissatisfied with Kroger most frequently mention customer service, self checkout and many times.",
REV-USR-043-SITE-003,USR-043,2026-06-23,sitejabber,,neutral,"Kroger's Struggles and Customer Relations Issues Kroger, one of America's largest grocery chains, has been facing severe challenges following a failed merger.",
REV-USR-043-SITE-004,USR-043,2026-06-23,sitejabber,,neutral,"Pressure from competitors only adds to the strain, but many of Kroger's difficulties stem from its own management decisions and poor customer-service practices.",
REV-USR-043-SITE-005,USR-043,2026-06-23,sitejabber,,negative,Chronic Out-of-Stock Problems One of the biggest frustrations for customers is Kroger's inability to keep popular items in stock.,
REV-USR-043-SITE-006,USR-043,2026-06-23,sitejabber,,neutral,"When customers escalate complaints to Kroger's corporate office, the issue is simply routed back to the same store management, and rarely addressed in good faith.",
REV-USR-043-SITE-007,USR-043,2026-06-23,sitejabber,,neutral,"Most other retailers allow repeat use during the promotion period, but Kroger's restrictive rule forces customers to either make multiple trips or miss out entirely.",
REV-USR-043-SITE-008,USR-043,2026-06-23,sitejabber,,negative,Customer Service Barriers Adding to the frustration is Kroger's limited customer service hours.,
REV-USR-043-GOOG-001,USR-043,2026-06-23,google_news_reviews,,neutral,Kroger Expands Partnership With Food Surplus Platform Flashfood to Over 100 Stores - Progressive Grocer. Kroger Expands Partnership With Food Surplus Platform Flashfood to Over 100 Stores Progressive Grocer,
REV-USR-043-GOOG-002,USR-043,2026-06-23,google_news_reviews,,neutral,"8 Best Publix Bakery Items, According To Customers - Tasting Table. 8 Best Publix Bakery Items, According To Customers Tasting Table",
REV-USR-043-GOOG-003,USR-043,2026-06-23,google_news_reviews,,neutral,The Richmond Lombardy Kroger was named one of the worst grocery stores in America - Axios. The Richmond Lombardy Kroger was named one of the worst grocery stores in America Axios,
REV-USR-043-GOOG-004,USR-043,2026-06-23,google_news_reviews,,neutral,Wal-Mart hasn’t figured out how to sell a crucial product - Business Insider. Wal-Mart hasn’t figured out how to sell a crucial product Business Insider,
REV-USR-043-GOOG-005,USR-043,2026-06-23,google_news_reviews,,neutral,Kroger adds online ordering at South Bend store - South Bend Tribune. Kroger adds online ordering at South Bend store South Bend Tribune,
REV-USR-044-SITE-001,USR-044,2026-06-23,sitejabber,,neutral,"I was told that there'd be no problems going back to that store with the laptop, after it had been returned from Acer.",
REV-USR-044-SITE-002,USR-044,2026-06-23,sitejabber,,neutral,I'll never deal with Acer again and I think their customer service stinks.,
REV-USR-044-SITE-003,USR-044,2026-06-23,sitejabber,,neutral,Costco has some of the best products and I am there every week.,
REV-USR-044-SITE-004,USR-044,2026-06-23,sitejabber,,neutral,Said what I was doing was fraud- told me the call was being recorded- about 15 times.,
REV-USR-044-SITE-005,USR-044,2026-06-23,sitejabber,,positive,"Costco then tells my purchases to the police so that it stays in a police report that anyone can view now
Melissa Osgood decided to state to the cops that I was verbally abusing her at the Roseville Michigan store.",
REV-USR-044-SITE-006,USR-044,2026-06-23,sitejabber,,neutral,"The video recording does not have any verbal abuse
I was only trespassed for not signing a form.",
REV-USR-044-SITE-007,USR-044,2026-06-23,sitejabber,,positive,I only wonder if telling the police I was a Hispanic creating a disturbance was only to try and get a faster response.,
REV-USR-044-SITE-008,USR-044,2026-06-23,sitejabber,,neutral,"The first time I was shorted pills at Costco I said nothing, but documented my pill usage like a hawk after that.",
REV-USR-044-GOOG-001,USR-044,2026-06-23,google_news_reviews,,neutral,"The 9 Best Costco Locations In The US, According To Reviews - Tasting Table. The 9 Best Costco Locations In The US, According To Reviews Tasting Table",
REV-USR-044-GOOG-002,USR-044,2026-06-23,google_news_reviews,,neutral,Discover the Best Costco Hearing Aids - The National Council on Aging (NCOA). Discover the Best Costco Hearing Aids The National Council on Aging (NCOA),
REV-USR-044-GOOG-003,USR-044,2026-06-23,google_news_reviews,,neutral,This Idaho Costco Just Ranked Top Nine - 107.9 LITE FM. This Idaho Costco Just Ranked Top Nine 107.9 LITE FM,
REV-USR-044-GOOG-004,USR-044,2026-06-23,google_news_reviews,,neutral,"I tried 13 desserts from Costco, and there are 9 I'd buy again - Business Insider. I tried 13 desserts from Costco, and there are 9 I'd buy again Business Insider",
REV-USR-044-GOOG-005,USR-044,2026-06-23,google_news_reviews,,neutral,This Beloved Boise-Based Chain Was Ranked The Most Trustworthy Grocery Store - Tasting Table. This Beloved Boise-Based Chain Was Ranked The Most Trustworthy Grocery Store Tasting Table,
REV-USR-044-GOOG-006,USR-044,2026-06-23,google_news_reviews,,neutral,"Biz ‘Bite:’ Falcon storage condos, mixed-use project coming near Boise Costco - Idaho Business Review. Biz ‘Bite:’ Falcon storage condos, mixed-use project coming near Boise Costco Idaho Business Review",
REV-USR-044-GOOG-007,USR-044,2026-06-23,google_news_reviews,,neutral,Clearwater Analytics NPS & Customer Reviews - Comparably. Clearwater Analytics NPS & Customer Reviews Comparably,
REV-USR-044-GOOG-008,USR-044,2026-06-23,google_news_reviews,,neutral,These Are The Best Costcos In Every State—Did Yours Make The List? - Delish. These Are The Best Costcos In Every State—Did Yours Make The List? Delish,
REV-USR-045-SITE-001,USR-045,2026-06-23,sitejabber,,neutral,They use Safeway for customer support and they are the lowest of the lowest bottom tier customer service I purchased a $100 gift card and they referred me to their customer support and they just ignore me.,
REV-USR-045-SITE-002,USR-045,2026-06-23,sitejabber,,neutral,Albertsons messed up two online delivery orders and promised to make them right after speaking with customer service and them acknowledging their error.,
REV-USR-045-SITE-003,USR-045,2026-06-23,sitejabber,,neutral,"The dairy it expired or very close to it with in a day or two, I have received milk that was not expired but was soured which means it was handled in correctly and unsafely and yet they still send it out to customers for home delivery.",
REV-USR-045-SITE-004,USR-045,2026-06-23,sitejabber,,neutral,I called customer service because me entire order was was over charged $26.49.,
REV-USR-045-SITE-005,USR-045,2026-06-23,sitejabber,,neutral,The representive decided to start with the orange 45 minutes of his saying I was charged right and him putting me on hold so he could check.,
REV-USR-045-SITE-006,USR-045,2026-06-23,sitejabber,,negative,He put me on hold came back and said as a one time customer courtesy he would refund my money.,
REV-USR-045-SITE-007,USR-045,2026-06-23,sitejabber,,neutral,But at least a dollar or two of over charge and like me I am sure 1000's of people everyday just don't feel it's worth the hassle to try get it back.,
REV-USR-045-SITE-008,USR-045,2026-06-23,sitejabber,,neutral,"As a cashier, her job is to help and assist customers; if she doesn't like it, she shouldn't work in that role.""
I got excited when I found an item that is hard to find.",
REV-USR-045-GOOG-001,USR-045,2026-06-23,google_news_reviews,,neutral,"Omaha City Council upholds towing contract denial after several incidents, one that hurt officer - WOWT. Omaha City Council upholds towing contract denial after several incidents, one that hurt officer WOWT",
REV-USR-045-GOOG-002,USR-045,2026-06-23,google_news_reviews,,neutral,"19 Spiral Ham Brands, Ranked Worst To Best - Tasting Table. 19 Spiral Ham Brands, Ranked Worst To Best Tasting Table",
REV-USR-046-SITE-001,USR-046,2026-06-23,sitejabber,,neutral,I interrupted them to say as a customer I should not be hearing this.,
REV-USR-046-SITE-002,USR-046,2026-06-23,sitejabber,,neutral,I followed up the next day and in the 3 weeks since I tried 3 times calling Corporate and asked for someone from Publix contact me regarding this treatment of a 10 year customer.,
REV-USR-046-SITE-003,USR-046,2026-06-23,sitejabber,,positive,Each time I was told someone will follow up with you I now see how Publix employees are because the management doesn't even feel it necessary to take a few minutes to call what was a good customer.,
REV-USR-046-SITE-004,USR-046,2026-06-23,sitejabber,,positive,"I guess upper management also feels it's OK for employees to threaten a customer for calling a MAN a HE Publix lost a good customer I'm sure they wont miss my 100 bucks a week but hopefully others see this and decide too that this nonsense is not where we want to shop
I had to send a foodstuff to the quality control division due to it being expired, not pulled off the shelves at my local Publix and ingesting it making me sick.",
REV-USR-046-SITE-005,USR-046,2026-06-23,sitejabber,,negative,"I dealt with Brianna in that department and she lacks customer service skills, is rude and robotic.",
REV-USR-046-SITE-006,USR-046,2026-06-23,sitejabber,,neutral,I was told by the manager that Publix would identify the issue that made me sick.,
REV-USR-046-SITE-007,USR-046,2026-06-23,sitejabber,,negative,The young man lied and said he did it b/c I was rude.,
REV-USR-046-SITE-008,USR-046,2026-06-23,sitejabber,,neutral,"I have no proof of purchase as I did not buy anything, I was told my dog was not a service dog.",
REV-USR-047-SITE-001,USR-047,2026-06-23,sitejabber,,negative,The last time I was able to use the chat I had asked for a refund for the fake counterfit item (amazon sold and shipped) they sent to me.,
REV-USR-047-SITE-002,USR-047,2026-06-23,sitejabber,,neutral,"I was unnecessarily transferred to a ""member of the leadership team"" named Meghna.",
REV-USR-047-SITE-003,USR-047,2026-06-23,sitejabber,,neutral,We all need to put our blocked chat encounters up here and trust pilot with the name of the amazon employee responsible so we can shed light on and make it known the shady things amazon employees do to their customers out of retaliation.,
REV-USR-047-SITE-004,USR-047,2026-06-23,sitejabber,,negative,"Find the Amazon screen and prompts to speak with a person, not AI assistance 2: Find access to a customer care email (still can't find one) 3: Follow up on my reported complaint as I have received no communication despite Amazon promising it would be resolved (twice now) 4: Proide a bad review on Amazon within their own site, you can only rate products purchased or do an internal complaint.",
REV-USR-047-SITE-005,USR-047,2026-06-23,sitejabber,,neutral,"This was clearly a returned item that Amazon's quality control completely ignored and resold as ""New.""
To make matters worse, I am currently in another country.",
REV-USR-047-SITE-006,USR-047,2026-06-23,sitejabber,,neutral,"I have been a loyal customer and have even bought this exact model before without issues, but this experience has been a total scam.",
REV-USR-047-SITE-007,USR-047,2026-06-23,sitejabber,,neutral,"So I recommend that long term amzn users begin to diversify to other sellers because the slight""bad luck"" streak, even for a 20 year plus, good customer, means nothing to the amzn algorithm.",
REV-USR-047-SITE-008,USR-047,2026-06-23,sitejabber,,neutral,"Plus, I've learned from Gemini and Chat both, that amzn initiated newer, brutal standards to ban 10% or more of its customer base, saying they're crooks, when they're not.",
REV-USR-047-GOOG-001,USR-047,2026-06-23,google_news_reviews,,neutral,Target revamps grocery strategy as more customers opt for budget or premium chains - Star Tribune. Target revamps grocery strategy as more customers opt for budget or premium chains Star Tribune,
REV-USR-047-GOOG-002,USR-047,2026-06-23,google_news_reviews,,neutral,Reviewing All the New Minnesota State Fair Foods in 2025 - Mpls.St.Paul Magazine. Reviewing All the New Minnesota State Fair Foods in 2025 Mpls.St.Paul Magazine,
REV-USR-047-GOOG-003,USR-047,2026-06-23,google_news_reviews,,neutral,Trump defends ICE officer who shot and killed Minneapolis woman and Russia reacts to seized oil tanker: Morning Rundown - NBC News. Trump defends ICE officer who shot and killed Minneapolis woman and Russia reacts to seized oil tanker: Morning Rundown NBC News,
REV-USR-047-GOOG-004,USR-047,2026-06-23,google_news_reviews,,neutral,"Meet Minnesota's fraud ‘mastermind’ accused of playing ‘God,' wielding ‘fake' racism claims in Somali scandal - Fox News. Meet Minnesota's fraud ‘mastermind’ accused of playing ‘God,' wielding ‘fake' racism claims in Somali scandal Fox News",
REV-USR-047-GOOG-005,USR-047,2026-06-23,google_news_reviews,,neutral,Judge Blocks Trump Officials From Freezing Billions in Social Services Funds - The New York Times. Judge Blocks Trump Officials From Freezing Billions in Social Services Funds The New York Times,
REV-USR-047-GOOG-006,USR-047,2026-06-23,google_news_reviews,,neutral,The best retro diner in every state | lovefood.com - lovefood.com. The best retro diner in every state | lovefood.com lovefood.com,
REV-USR-047-GOOG-007,USR-047,2026-06-23,google_news_reviews,,neutral,Minnesota State Fair New Foods Guide 2021 - Mpls.St.Paul Magazine. Minnesota State Fair New Foods Guide 2021 Mpls.St.Paul Magazine,
REV-USR-047-GOOG-008,USR-047,2026-06-23,google_news_reviews,,neutral,"KARE 11 Investigates: Missing records, fraud allegations, and a flawed state investigation - kare11.com. KARE 11 Investigates: Missing records, fraud allegations, and a flawed state investigation kare11.com",
REV-USR-048-SITE-001,USR-048,2026-06-23,sitejabber,,neutral,My 87-year-old mom is a loyal long-time CVS customer who spends thousands of dollars in prescriptions and merchandise each year.,
REV-USR-048-SITE-002,USR-048,2026-06-23,sitejabber,,neutral,Next I spoke to a customer service rep with a heavy accent who was extremely difficult to understand.,
REV-USR-048-SITE-003,USR-048,2026-06-23,sitejabber,,neutral,I was informed they could not do anything to help me.,
REV-USR-048-SITE-004,USR-048,2026-06-23,sitejabber,,neutral,It is obvious CVS does not care about their customers.,
REV-USR-048-SITE-005,USR-048,2026-06-23,sitejabber,,neutral,"I believe the CVS and its employees have forgotten why they are in business, to serve customers.",
REV-USR-048-SITE-006,USR-048,2026-06-23,sitejabber,,negative,NO response from Customer Service after my specific complaint.,
REV-USR-048-SITE-007,USR-048,2026-06-23,sitejabber,,neutral,I am an ExtraCare Plus member (pay a fee monthly or yearly and receive $10 ExtraCare bucks added to your account monthly)...,
REV-USR-048-SITE-008,USR-048,2026-06-23,sitejabber,,neutral,The deal I thought I was getting was spend $30 get $10 ExtraCare bucks back...,
REV-USR-048-GOOG-001,USR-048,2026-06-23,google_news_reviews,,neutral,The central vein sign and its clinical evaluation for the diagnosis of multiple sclerosis: a consensus statement from the North American Imaging in Multiple Sclerosis Cooperative - Nature. The central vein sign and its clinical evaluation for the diagnosis of multiple sclerosis: a consensus statement from the North American Imaging in Multiple Sclerosis Cooperative Nature,
REV-USR-048-GOOG-002,USR-048,2026-06-23,google_news_reviews,,neutral,Best Cvs Pharmacy Target Buffalo Mn Options: Adult Buyer's Guide 2025 - Revista Central. Best Cvs Pharmacy Target Buffalo Mn Options: Adult Buyer's Guide 2025 Revista Central,
REV-USR-049-SITE-001,USR-049,2026-06-23,sitejabber,,neutral,Would it better if I take them somewhere else because I am going to need them tonight?,
REV-USR-049-SITE-002,USR-049,2026-06-23,sitejabber,,neutral,"www.medallia.com
From:
*******@app.medallia.com
To:
Customer
Tue, Dec 30 at 8:29 AM
Dear Customer
Thank you for sharing about your recent experience at Walgreens.",
REV-USR-049-SITE-003,USR-049,2026-06-23,sitejabber,,neutral,We will use your feedback to ensure customers do not experience this same issue in the future.,
REV-USR-049-SITE-004,USR-049,2026-06-23,sitejabber,,neutral,"Also, if we cannot fulfill a prescription, and the customer needs it quick, we can recommend the customer to get it at another Walgreens location and/or go to another pharmacy and we can transfer them the prescription.",
REV-USR-049-SITE-005,USR-049,2026-06-23,sitejabber,,neutral,I'm transferring my medication to my local CVS and will be sharing my experience with others.,
REV-USR-049-SITE-006,USR-049,2026-06-23,sitejabber,,neutral,"Walgreens makes tens of millions with their commissions and the $6 charge added to the cost of each fake card, and when you call Walgreens ten times trying to get help getting your money back, Walgreens transfers you to some number in Asia where no one speaks English or Walgreens customer service disconnects you with their vile malice and giggles, knowing you are just one more of their millions of victims.",
REV-USR-049-SITE-007,USR-049,2026-06-23,sitejabber,,neutral,"At the very end I was asked to provide ""contact information"" as if that hadn't already been done.",
REV-USR-049-SITE-008,USR-049,2026-06-23,sitejabber,,neutral,"Customer service saying they have not added it yet,but I can use it in the store I will not!",
REV-USR-049-GOOG-001,USR-049,2026-06-23,google_news_reviews,,neutral,"We Found 25 Little-Known Senior Discounts on Food, Amazon and More - Good Housekeeping. We Found 25 Little-Known Senior Discounts on Food, Amazon and More Good Housekeeping",
REV-USR-049-GOOG-002,USR-049,2026-06-23,google_news_reviews,,neutral,Walgreens sues Wegmans over logo - Chain Drug Review. Walgreens sues Wegmans over logo Chain Drug Review,
REV-USR-049-GOOG-003,USR-049,2026-06-23,google_news_reviews,,neutral,Here's Every Store That's Open and Closed on Christmas - Good Housekeeping. Here's Every Store That's Open and Closed on Christmas Good Housekeeping,
REV-USR-050-SITE-001,USR-050,2026-06-23,sitejabber,,neutral,Home Depot's reputation is marked by a mix of positive and negative customer experiences.,
REV-USR-050-SITE-002,USR-050,2026-06-23,sitejabber,,negative,I moved to Moncton in 2019 and purchased everything for my home and all my customers until some of the staff there started getting very rude.,
REV-USR-050-SITE-003,USR-050,2026-06-23,sitejabber,,neutral,So just too let you know that I spent $1200.00 today in their store and that is where I will be doing business for my customers and I don't care if you are giving stuff away I will never set foot in any of your locations again.,
REV-USR-050-SITE-004,USR-050,2026-06-23,sitejabber,,neutral,I was informed that without a receipt and because I paid cash they would not take it back.,
REV-USR-050-SITE-005,USR-050,2026-06-23,sitejabber,,neutral,As our refrigerator went out while on vacation we needed an item immediately.,
REV-USR-050-SITE-006,USR-050,2026-06-23,sitejabber,,neutral,I posted the short review moments ago thinking I was only allowed to write 100 words.,
REV-USR-050-SITE-007,USR-050,2026-06-23,sitejabber,,neutral,"Realizing that my assumption was wrong, I am now going to provide more detail so that people will know why I made the previous remarks.",
REV-USR-050-SITE-008,USR-050,2026-06-23,sitejabber,,neutral,I went to customer service and confirmed another date.,
REV-USR-050-GOOG-001,USR-050,2026-06-23,google_news_reviews,,neutral,The Best Portable ACs That Will Keep Your Home Comfortable Year-Round - Forbes. The Best Portable ACs That Will Keep Your Home Comfortable Year-Round Forbes,
REV-USR-050-GOOG-002,USR-050,2026-06-23,google_news_reviews,,neutral,Leaving the Door Wide Open: Flock Surveillance Systems Expose Washington Data to Immigration Enforcement - The Henry M. Jackson School of International Studies. Leaving the Door Wide Open: Flock Surveillance Systems Expose Washington Data to Immigration Enforcement The Henry M. Jackson School of International Studies,
REV-USR-050-GOOG-003,USR-050,2026-06-23,google_news_reviews,,neutral,We Tested the Best Chest Freezers to Hold an Entire Costco Run - Food & Wine. We Tested the Best Chest Freezers to Hold an Entire Costco Run Food & Wine,
REV-USR-050-GOOG-004,USR-050,2026-06-23,google_news_reviews,,neutral,"After 5 Hours of Hands-On Testing, These Are Our Favorite Grout Removal Tools for DIY Renovations - bobvila.com. After 5 Hours of Hands-On Testing, These Are Our Favorite Grout Removal Tools for DIY Renovations bobvila.com",
REV-USR-050-GOOG-005,USR-050,2026-06-23,google_news_reviews,,neutral,The Home Depot’s $99 Pro Storage Grip Tote Fits Your Skelly - Apartment Therapy. The Home Depot’s $99 Pro Storage Grip Tote Fits Your Skelly Apartment Therapy,
REV-USR-050-GOOG-006,USR-050,2026-06-23,google_news_reviews,,neutral,Two long-awaited South Hill developments progress - Spokane Journal of Business. Two long-awaited South Hill developments progress Spokane Journal of Business,
REV-USR-050-GOOG-007,USR-050,2026-06-23,google_news_reviews,,neutral,North Spokane Walmart not sold on self-checkout - The Spokesman-Review. North Spokane Walmart not sold on self-checkout The Spokesman-Review,
REV-USR-050-GOOG-008,USR-050,2026-06-23,google_news_reviews,,neutral,"She paid $18,500 for a WA service dog but became the dog’s ‘emotional support human’ instead - The Seattle Times. She paid $18,500 for a WA service dog but became the dog’s ‘emotional support human’ instead The Seattle Times",
REV-USR-051-SITE-001,USR-051,2026-06-23,sitejabber,,negative,The first time I was given bad advice by store personnel causing me to have to return the product which is an hour round trip for me (not including the hassle of returning a product).,
REV-USR-051-SITE-002,USR-051,2026-06-23,sitejabber,,negative,"The second time I purchased a grill with assembly and curbside pick-up, it was not assembled; I ended up waiting while they tried to quickly assemble it.",
REV-USR-051-SITE-003,USR-051,2026-06-23,sitejabber,,neutral,"I was transferred to the store (and a human) but was hung up on 5 times, placed on hold multiple times, transferred to wrong departments 3 times.",
REV-USR-051-SITE-004,USR-051,2026-06-23,sitejabber,,neutral,All-in-all I spent over 1.5 hours on the phone before I was told the message was received and I'd receive a call back.,
REV-USR-051-SITE-005,USR-051,2026-06-23,sitejabber,,neutral,I was called back 5 hours later and told they would not deliver my purchase on the same day because I didn't notify them in time.,
REV-USR-051-SITE-006,USR-051,2026-06-23,sitejabber,,negative,"I understand people have bad days, but you don't treat your customers like that.",
REV-USR-051-SITE-007,USR-051,2026-06-23,sitejabber,,neutral,"I have been a private customer of my local Lowes store in lake City, Fl for several years.",
REV-USR-051-SITE-008,USR-051,2026-06-23,sitejabber,,neutral,I pointed out the on-line statement and the CSR contacted Kobalt customer service.,
REV-USR-051-GOOG-001,USR-051,2026-06-23,google_news_reviews,,neutral,"Seeking jail solutions, OK County commissioner submits 5/8-cent sales tax proposal for review - NonDoc. Seeking jail solutions, OK County commissioner submits 5/8-cent sales tax proposal for review NonDoc",
REV-USR-051-GOOG-002,USR-051,2026-06-23,google_news_reviews,,neutral,"US housing-related stocks drop after downbeat comments from Lowe’s, Home Depot By Reuters - Investing.com. US housing-related stocks drop after downbeat comments from Lowe’s, Home Depot By Reuters Investing.com",
REV-USR-051-GOOG-003,USR-051,2026-06-23,google_news_reviews,,neutral,"The Best Weed and Feed Products for a Thicker, Greener, Weed-Free Lawn—Tested and Reviewed - bobvila.com. The Best Weed and Feed Products for a Thicker, Greener, Weed-Free Lawn—Tested and Reviewed bobvila.com",
REV-USR-051-GOOG-004,USR-051,2026-06-23,google_news_reviews,,neutral,What I Learned Shopping for Replacement Windows - Consumer Reports. What I Learned Shopping for Replacement Windows Consumer Reports,
REV-USR-052-SITE-001,USR-052,2026-06-23,sitejabber,,neutral,"29th while checking our account, there where two charges for Best Buy.",
REV-USR-052-SITE-002,USR-052,2026-06-23,sitejabber,,neutral,"My bank rep told me that ""several customers have called in with the same issues concerning Best Buy"".",
REV-USR-052-SITE-003,USR-052,2026-06-23,sitejabber,,neutral,The next day when I went to return it the customer service manager refused to at least exchange it.,
REV-USR-052-SITE-004,USR-052,2026-06-23,sitejabber,,neutral,9 days ago I was told I'd receive a call back within 24 hours to schedule a free in home consultation to add a stereo system in my shed and a home theater system in my house.,
REV-USR-052-SITE-005,USR-052,2026-06-23,sitejabber,,neutral,"Today, while trying to inquire and/or speak to a manager, I was transferred 9 times and spent over an hour on the call and still didn't get anywhere.",
REV-USR-052-SITE-006,USR-052,2026-06-23,sitejabber,,neutral,I am a manager myself and I will say this has been one of the most painful and mis-managed processes I've ever experienced.,
REV-USR-052-SITE-007,USR-052,2026-06-23,sitejabber,,neutral,I was offered to purchase another phone as a resolution.,
REV-USR-052-SITE-008,USR-052,2026-06-23,sitejabber,,neutral,"Overall, while Best Buy offers convenience and a wide selection of products, improvements in delivery reliability and order accuracy would enhance the overall experience.",
REV-USR-052-GOOG-001,USR-052,2026-06-23,google_news_reviews,,neutral,The 3 Best Home Warranties in Hawaii of 2026 - ConsumerAffairs. The 3 Best Home Warranties in Hawaii of 2026 ConsumerAffairs,
REV-USR-052-GOOG-002,USR-052,2026-06-23,google_news_reviews,,neutral,Best Window Air Conditioners of 2026 - Consumer Reports. Best Window Air Conditioners of 2026 Consumer Reports,
REV-USR-052-GOOG-003,USR-052,2026-06-23,google_news_reviews,,neutral,We Never Know What Weather Will Come. But We Do Know These 7 Umbrellas Will Hold Up in a Storm. - The New York Times. We Never Know What Weather Will Come. But We Do Know These 7 Umbrellas Will Hold Up in a Storm. The New York Times,
REV-USR-052-GOOG-004,USR-052,2026-06-23,google_news_reviews,,neutral,The best ways to travel to Hawaii with points and miles - The Points Guy. The best ways to travel to Hawaii with points and miles The Points Guy,
REV-USR-052-GOOG-005,USR-052,2026-06-23,google_news_reviews,,neutral,Four Seasons Oahu Review: How to Book VIP & Who It’s Best For - La Jolla Mom. Four Seasons Oahu Review: How to Book VIP & Who It’s Best For La Jolla Mom,
REV-USR-052-GOOG-006,USR-052,2026-06-23,google_news_reviews,,neutral,Best Home Warranty Companies in Hawaii (June 2026) - MarketWatch. Best Home Warranty Companies in Hawaii (June 2026) MarketWatch,
REV-USR-052-GOOG-007,USR-052,2026-06-23,google_news_reviews,,neutral,The Best Fried Fish Joint In Every State - Chowhound. The Best Fried Fish Joint In Every State Chowhound,
REV-USR-052-GOOG-008,USR-052,2026-06-23,google_news_reviews,,neutral,Best Medicare Advantage Plans in Hawaii 2026 - Forbes. Best Medicare Advantage Plans in Hawaii 2026 Forbes,
REV-USR-053-SITE-001,USR-053,2026-06-23,sitejabber,,negative,"Overall, there is a notable trend of frustration among customers, indicating a need for improved employee training, better management practices, and enhanced customer support to restore trust and satisfaction.",
REV-USR-053-SITE-002,USR-053,2026-06-23,sitejabber,,neutral,"I was shopping there and picked up what I believed to be a a sale item, brand of shampoo in two different spots in the store with conflicting prices.",
REV-USR-053-SITE-003,USR-053,2026-06-23,sitejabber,,neutral,"I was pushing my cart towards her after unloading my groceries, she was pushing another cart in from the lot.",
REV-USR-053-SITE-004,USR-053,2026-06-23,sitejabber,,neutral,"I was expecting she would take the cart from me, she was smoking a cigarette so I knew she wasnt going back in the store yet.",
REV-USR-053-SITE-005,USR-053,2026-06-23,sitejabber,,neutral,"I was clearly pushing the cart to her, but she completely ignored me, so I left the cart close to the front door.",
REV-USR-053-SITE-006,USR-053,2026-06-23,sitejabber,,neutral,I was over charged on an item I purchased today.,
REV-USR-053-SITE-007,USR-053,2026-06-23,sitejabber,,neutral,When I got to the car I added the ticket up and I was not given the sale price.,
REV-USR-053-SITE-008,USR-053,2026-06-23,sitejabber,,neutral,I live on Social Security and if that is how Dollar General treats there customers I don't have to shop there.,
REV-USR-053-GOOG-001,USR-053,2026-06-23,google_news_reviews,,neutral,Retailers Are Making Expensive Bets That Shoppers Still Want to Go to Stores - The New York Times. Retailers Are Making Expensive Bets That Shoppers Still Want to Go to Stores The New York Times,
REV-USR-053-GOOG-002,USR-053,2026-06-23,google_news_reviews,,neutral,Dollar General Market opens in Cochecton - The River Reporter. Dollar General Market opens in Cochecton The River Reporter,
REV-USR-053-GOOG-003,USR-053,2026-06-23,google_news_reviews,,neutral,"Legal roundup: Krigel convicted, judge cleared, ‘Hao Chen organization’ indicted - NonDoc. Legal roundup: Krigel convicted, judge cleared, ‘Hao Chen organization’ indicted NonDoc",
REV-USR-053-GOOG-004,USR-053,2026-06-23,google_news_reviews,,neutral,Chain Drug Review and Mass Market Retailers honor 2025 “People Who Made a Difference” - Chain Drug Review. Chain Drug Review and Mass Market Retailers honor 2025 “People Who Made a Difference” Chain Drug Review,
REV-USR-053-GOOG-005,USR-053,2026-06-23,google_news_reviews,,neutral,"What to Expect in Markets This Week: Christmas Holiday, GDP, Consumer Confidence, Jobless Claims - Investopedia. What to Expect in Markets This Week: Christmas Holiday, GDP, Consumer Confidence, Jobless Claims Investopedia",
REV-USR-053-GOOG-006,USR-053,2026-06-23,google_news_reviews,,neutral,"Why Walmart, Target and Costco are axing more self-checkouts — as states and NYC push limits - New York Post. Why Walmart, Target and Costco are axing more self-checkouts — as states and NYC push limits New York Post",
REV-USR-053-GOOG-007,USR-053,2026-06-23,google_news_reviews,,neutral,These Dangerous Substances Just Found In New York Coffee - Hudson Valley Post. These Dangerous Substances Just Found In New York Coffee Hudson Valley Post,
REV-USR-053-GOOG-008,USR-053,2026-06-23,google_news_reviews,,neutral,Dollar General sees shift in customer behavior - Yahoo Finance.,
REV-USR-053-GOOG-009,USR-053,2026-06-23,google_news_reviews,,neutral,Dollar General sees shift in customer behavior Yahoo Finance,
REV-USR-054-SITE-001,USR-054,2026-06-23,sitejabber,,neutral,"I am deaf and do not have a cell phone, so was unable to buy gas or accomplish what I had planned.",
REV-USR-054-SITE-002,USR-054,2026-06-23,sitejabber,,negative,"I canceled my Sam's Club membership on Feb 4,2025, and was told by their customer service that I would receive my $117.29 refund within 7 to 10 business days.",
REV-USR-054-SITE-003,USR-054,2026-06-23,sitejabber,,positive,I will attempt in this communication to explain what has transpired with my recent transaction and why I am so dissatisfied with my recent experience.,
REV-USR-054-SITE-004,USR-054,2026-06-23,sitejabber,,neutral,I am responsible for caring for my mother who has Parkinson's.,
REV-USR-054-SITE-005,USR-054,2026-06-23,sitejabber,,neutral,I was willing to pay a premium for this service.,
REV-USR-054-SITE-006,USR-054,2026-06-23,sitejabber,,neutral,I was worried at this point because our school day was finishing.,
REV-USR-054-SITE-007,USR-054,2026-06-23,sitejabber,,neutral,"Several minutes later, I was told that no contact had been made, and no one was even picking up the phone.",
REV-USR-054-SITE-008,USR-054,2026-06-23,sitejabber,,negative,"I was told that I needed to wait because delivery would be ""coming shortly."" This process repeated with another representative.",
REV-USR-054-GOOG-001,USR-054,2026-06-23,google_news_reviews,,neutral,The 6 Best Ways to Buy Discount Universal Tickets - NerdWallet. The 6 Best Ways to Buy Discount Universal Tickets NerdWallet,
REV-USR-054-GOOG-002,USR-054,2026-06-23,google_news_reviews,,neutral,Best and Worst Tire Retailers for 2026 - Consumer Reports. Best and Worst Tire Retailers for 2026 Consumer Reports,
REV-USR-054-GOOG-003,USR-054,2026-06-23,google_news_reviews,,neutral,Missouri Man Goes To Sam’s Club. Then He Finds Something Stomach-Turning In His Lamb Meat: ‘Sam’s Club Is Walmart. I Don’t Trust Them’ - BroBible. Missouri Man Goes To Sam’s Club. Then He Finds Something Stomach-Turning In His Lamb Meat: ‘Sam’s Club Is Walmart. I Don’t Trust Them’ BroBible,
REV-USR-054-GOOG-004,USR-054,2026-06-23,google_news_reviews,,neutral,Who Actually Makes Sam's Club's Member's Mark Coffee? - Chowhound. Who Actually Makes Sam's Club's Member's Mark Coffee? Chowhound,
REV-USR-054-GOOG-005,USR-054,2026-06-23,google_news_reviews,,neutral,Sam's Club is adding AI to the shopping experience. Why are privacy advocacy groups worried? - Los Angeles Times. Sam's Club is adding AI to the shopping experience. Why are privacy advocacy groups worried? Los Angeles Times,
REV-USR-054-GOOG-006,USR-054,2026-06-23,google_news_reviews,,neutral,"What Is Synchrony Bank, and Are Its Credit Cards Right for You? - NerdWallet. What Is Synchrony Bank, and Are Its Credit Cards Right for You? NerdWallet",
REV-USR-054-GOOG-007,USR-054,2026-06-23,google_news_reviews,,neutral,Cheap Tire Installation: Walmart vs. Costco vs. Discount Tire - Cheapism. Cheap Tire Installation: Walmart vs. Costco vs. Discount Tire Cheapism,
REV-USR-054-GOOG-008,USR-054,2026-06-23,google_news_reviews,,neutral,OnePay CashRewards Card review: Full details - The Points Guy. OnePay CashRewards Card review: Full details The Points Guy,
REV-USR-055-SITE-001,USR-055,2026-06-23,sitejabber,3.5,positive,"ALDI South Group has a rating of 3.5 stars from 12 reviews, indicating that most customers are generally satisfied with their purchases.",
REV-USR-055-SITE-002,USR-055,2026-06-23,sitejabber,,neutral,I am quite sure the remaining employees are not being compensated for these additional duties.,
REV-USR-055-SITE-003,USR-055,2026-06-23,sitejabber,,neutral,This keeps employees attentive to customers and stocking in store rather than gathering carts.,
REV-USR-055-SITE-004,USR-055,2026-06-23,sitejabber,,positive,They also have good trash bags that are better then some of the name brands I was use to buying back in the days.,
REV-USR-055-SITE-005,USR-055,2026-06-23,sitejabber,,positive,Love the products and customer service and all the awesome prices that I can afford without feeling I am getting ripped off.,
REV-USR-055-SITE-006,USR-055,2026-06-23,sitejabber,,neutral,"Aldi is a small grocery store, small enough to be efficient for customer.",
REV-USR-055-SITE-007,USR-055,2026-06-23,sitejabber,,positive,"Maybe I just walked through a time tunnel where carrying about the customer, great products and kindness is the mission.",
REV-USR-055-SITE-008,USR-055,2026-06-23,sitejabber,,neutral,"Who ever is running this chain of stores must of taken notes from Costco management, its about the customer dummy not the billionaire owner.",
REV-USR-055-GOOG-001,USR-055,2026-06-23,google_news_reviews,,neutral,Aldi showcases Midtown Manhattan store as expansion accelerates - Mass Market Retailers. Aldi showcases Midtown Manhattan store as expansion accelerates Mass Market Retailers,
REV-USR-055-GOOG-002,USR-055,2026-06-23,google_news_reviews,,negative,10 Frequent Complaints Customers Make About Aldi - Tasting Table.,
REV-USR-055-GOOG-003,USR-055,2026-06-23,google_news_reviews,,negative,10 Frequent Complaints Customers Make About Aldi Tasting Table,
REV-USR-055-GOOG-004,USR-055,2026-06-23,google_news_reviews,,neutral,"The Aldi Deli Meat That's Worth Paying Extra For, According To Shoppers - Chowhound. The Aldi Deli Meat That's Worth Paying Extra For, According To Shoppers Chowhound",
REV-USR-055-GOOG-005,USR-055,2026-06-23,google_news_reviews,,neutral,Aldi's self-checkout removals rings up strong reactions - Axios. Aldi's self-checkout removals rings up strong reactions Axios,
REV-USR-055-GOOG-006,USR-055,2026-06-23,google_news_reviews,,neutral,New Grocery Store in Chicago Opens with Big Savings and Exclusive Giveaways - WhatNow. New Grocery Store in Chicago Opens with Big Savings and Exclusive Giveaways WhatNow,
REV-USR-055-GOOG-007,USR-055,2026-06-23,google_news_reviews,,neutral,The Worst Grocery Store Bakery Cinnamon Roll Comes From A Popular Budget-Friendly Chain - Tasting Table. The Worst Grocery Store Bakery Cinnamon Roll Comes From A Popular Budget-Friendly Chain Tasting Table,
REV-USR-055-GOOG-008,USR-055,2026-06-23,google_news_reviews,,positive,Aldi Customers Used To Love These Frozen Fries That Some Now 'Refuse To Touch' According To Reddit - Chowhound.,
REV-USR-055-GOOG-009,USR-055,2026-06-23,google_news_reviews,,positive,Aldi Customers Used To Love These Frozen Fries That Some Now 'Refuse To Touch' According To Reddit Chowhound,
REV-USR-055-GOOG-010,USR-055,2026-06-23,google_news_reviews,,neutral,The Worst Aldi Park Street Deli Prepared Meat Is Straight-Up Unappetizing - Tasting Table. The Worst Aldi Park Street Deli Prepared Meat Is Straight-Up Unappetizing Tasting Table,
REV-USR-056-SITE-001,USR-056,2026-06-23,sitejabber,1.4,positive,"H-E-B Grocery has a rating of 1.4 stars from 15 reviews, indicating that most customers are generally dissatisfied with their purchases.",
REV-USR-056-SITE-002,USR-056,2026-06-23,sitejabber,,positive,Reviewers dissatisfied with H-E-B Grocery most frequently mention and customer service.,
REV-USR-056-SITE-003,USR-056,2026-06-23,sitejabber,,neutral,"Even the ""Review our website"" button (bottom of picture)under ""Customer service"" doesn't do anything either.",
REV-USR-056-SITE-004,USR-056,2026-06-23,sitejabber,,positive,"These stores are always cost effective, have the products that I need the majority of the time, and the customer service is almost always great.",
REV-USR-056-SITE-005,USR-056,2026-06-23,sitejabber,,negative,For the past 3 to 5 years I've been totally disappointed at H-E-B's customer service.,
REV-USR-056-SITE-006,USR-056,2026-06-23,sitejabber,,neutral,When I ask for crabs from the freezer I was told there was no more when I later passed by the crabs were replenished.,
REV-USR-056-SITE-007,USR-056,2026-06-23,sitejabber,,negative,I'll file complaint with H‑E‑B corporate just because this is one of the worst customer experiences I have had.,
REV-USR-056-SITE-008,USR-056,2026-06-23,sitejabber,,neutral,"I am going to call out one particular store, The HEB on Waldon Rd in Corpus Christi.",
REV-USR-056-GOOG-001,USR-056,2026-06-23,google_news_reviews,,neutral,'Bless your heart': Texans rally after transplant slams H-E-B online - Chron. 'Bless your heart': Texans rally after transplant slams H-E-B online Chron,
REV-USR-056-GOOG-002,USR-056,2026-06-23,google_news_reviews,,neutral,Texas grocer H-E-B bags No. 1 ranking as America's best supermarket - CultureMap Dallas. Texas grocer H-E-B bags No. 1 ranking as America's best supermarket CultureMap Dallas,
REV-USR-056-GOOG-003,USR-056,2026-06-23,google_news_reviews,,neutral,The Best H-E-B Store-Brand Products According To Customer Reviews - The Takeout.,
REV-USR-056-GOOG-004,USR-056,2026-06-23,google_news_reviews,,neutral,The Best H-E-B Store-Brand Products According To Customer Reviews The Takeout,
REV-USR-056-GOOG-005,USR-056,2026-06-23,google_news_reviews,,neutral,‘Way to go HEB!’ Computer glitch leads to free groceries for North Texas shoppers - Fort Worth Star-Telegram. ‘Way to go HEB!’ Computer glitch leads to free groceries for North Texas shoppers Fort Worth Star-Telegram,
REV-USR-056-GOOG-006,USR-056,2026-06-23,google_news_reviews,,neutral,San Antonio councilman wants H-E-B to improve East Side store - San Antonio Express-News. San Antonio councilman wants H-E-B to improve East Side store San Antonio Express-News,
REV-USR-056-GOOG-007,USR-056,2026-06-23,google_news_reviews,,neutral,H-E-B Opens Store in Manor to Texas-Sized Crowd of 750 Excited Customers; Cathy Harm Comments - Deli Market News.,
REV-USR-056-GOOG-008,USR-056,2026-06-23,google_news_reviews,,neutral,H-E-B Opens Store in Manor to Texas-Sized Crowd of 750 Excited Customers; Cathy Harm Comments Deli Market News,
REV-USR-056-GOOG-009,USR-056,2026-06-23,google_news_reviews,,neutral,"15 Must-Buy Items At H-E-B, According To Customers - Tasting Table.",
REV-USR-056-GOOG-010,USR-056,2026-06-23,google_news_reviews,,neutral,"15 Must-Buy Items At H-E-B, According To Customers Tasting Table",
REV-USR-056-GOOG-011,USR-056,2026-06-23,google_news_reviews,,neutral,Popular coastal H-E-B slated for $200K makeover - MySA. Popular coastal H-E-B slated for $200K makeover MySA,
REV-USR-057-SITE-001,USR-057,2026-06-23,sitejabber,,neutral,I was thinking that rib eye steaks would be a special treat but I hesitated when I looked at the price/lb.,
REV-USR-057-SITE-002,USR-057,2026-06-23,sitejabber,,neutral,I just wanted to thank Meijers for taking advantage of loyal customers!,
REV-USR-057-SITE-003,USR-057,2026-06-23,sitejabber,,neutral,I feel she needs to be trained on what customer service is supposed to look like.,
REV-USR-057-SITE-004,USR-057,2026-06-23,sitejabber,,neutral,I am tired of having to constantly police your charges and if my M Perk coupons come off my overall charges.,
REV-USR-057-SITE-005,USR-057,2026-06-23,sitejabber,,neutral,When I brought it up at the checkout the cashier stated she could not do anything about it and I would need to go to Customer Service.,
REV-USR-057-SITE-006,USR-057,2026-06-23,sitejabber,,neutral,When I showed the Customer Service clerk my receipt along with my MPerks on my phone she states well look it is not pre-made salads but just chopped lettuce.,
REV-USR-057-SITE-007,USR-057,2026-06-23,sitejabber,,neutral,"When contacting customer service (3 times), I was
Eventually told that gas mperks were only a one time limited offer and wouldn't appear.",
REV-USR-057-SITE-008,USR-057,2026-06-23,sitejabber,,neutral,I view this as an insult to all loyal customers.,
REV-USR-058-SITE-001,USR-058,2026-06-23,sitejabber,,negative,Now thier Chocolate flavor has changed for the worst so I am going to buy my ice cream from another store.,
REV-USR-058-SITE-002,USR-058,2026-06-23,sitejabber,,neutral,"When Athena called Greg, he claimed I was already a member, which is why I didn't receive the new-member discount.",
REV-USR-058-SITE-003,USR-058,2026-06-23,sitejabber,,neutral,I explained that I had to register again because I was told I wasn't a member earlier.,
REV-USR-058-SITE-004,USR-058,2026-06-23,sitejabber,,neutral,He insisted I take all my items to Customer Service to redo the entire process.,
REV-USR-058-SITE-005,USR-058,2026-06-23,sitejabber,,negative,"When I voiced my frustration, Greg raised his voice, told me I was ""done here,"" and said I was not welcome at Safeway.",
REV-USR-058-SITE-006,USR-058,2026-06-23,sitejabber,,negative,I'm sharing my experience to warn others about the poor treatment I received so they can avoid the same frustration and disrespect.,
REV-USR-058-SITE-007,USR-058,2026-06-23,sitejabber,,neutral,I am absolutely discussed there is so much greed you can'teven have one cashier on duty.,
REV-USR-058-SITE-008,USR-058,2026-06-23,sitejabber,,neutral,What happened to having some customer service when I am paying a premium!,
REV-USR-058-GOOG-001,USR-058,2026-06-23,google_news_reviews,,neutral,"The 7 Best Grocery Store Deli Subs, According To Reviews - Food Republic. The 7 Best Grocery Store Deli Subs, According To Reviews Food Republic",
REV-USR-058-GOOG-002,USR-058,2026-06-23,google_news_reviews,,positive,"Grocery Store Chains With The Least Helpful Employees, According To Customers - The Takeout.",
REV-USR-058-GOOG-003,USR-058,2026-06-23,google_news_reviews,,positive,"Grocery Store Chains With The Least Helpful Employees, According To Customers The Takeout",
REV-USR-058-GOOG-004,USR-058,2026-06-23,google_news_reviews,,neutral,"Acme Markets' parent company, Albertsons, may sell off grocery chains - PhillyVoice. Acme Markets' parent company, Albertsons, may sell off grocery chains PhillyVoice",
REV-USR-058-GOOG-005,USR-058,2026-06-23,google_news_reviews,,neutral,Safeway Is Removing Self-Checkouts in California - Newsweek. Safeway Is Removing Self-Checkouts in California Newsweek,
REV-USR-058-GOOG-006,USR-058,2026-06-23,google_news_reviews,,neutral,The Ultimate Ranking Of Store-Bought Cheesecakes - Daily Meal. The Ultimate Ranking Of Store-Bought Cheesecakes Daily Meal,
REV-USR-058-GOOG-007,USR-058,2026-06-23,google_news_reviews,,neutral,"The Ultimate Ranking Of Grocery Store Rotisserie Chickens, According To Customers - The Takeout.",
REV-USR-058-GOOG-008,USR-058,2026-06-23,google_news_reviews,,neutral,"The Ultimate Ranking Of Grocery Store Rotisserie Chickens, According To Customers The Takeout",
REV-USR-059-SITE-001,USR-059,2026-06-23,sitejabber,3.0,positive,"Sprouts Farmers Market has a rating of 3 stars from 3 reviews, indicating that most customers are generally dissatisfied with their purchases.",
REV-USR-059-GOOG-001,USR-059,2026-06-23,google_news_reviews,,neutral,'Wannabe Sprouts': Californian's H-E-B diss has Texans raging - MySA. 'Wannabe Sprouts': Californian's H-E-B diss has Texans raging MySA,
REV-USR-059-GOOG-002,USR-059,2026-06-23,google_news_reviews,,neutral,San Antonio’s Southerleigh Fine Food & Brewery deserves its Michelin Guide designation - San Antonio Current. San Antonio’s Southerleigh Fine Food & Brewery deserves its Michelin Guide designation San Antonio Current,
REV-USR-059-GOOG-003,USR-059,2026-06-23,google_news_reviews,,neutral,Dashi Sichuan Kitchen so close to being best Chinese in S.A. - San Antonio Express-News. Dashi Sichuan Kitchen so close to being best Chinese in S.A. San Antonio Express-News,
REV-USR-059-GOOG-004,USR-059,2026-06-23,google_news_reviews,,neutral,"Grocery Store Sushi Ranked From Worst To Best, According To Reviews - Mashed. Grocery Store Sushi Ranked From Worst To Best, According To Reviews Mashed",
REV-USR-059-GOOG-005,USR-059,2026-06-23,google_news_reviews,,neutral,Restaurant review: Rossini Italian Bistro - San Antonio Express-News. Restaurant review: Rossini Italian Bistro San Antonio Express-News,
REV-USR-059-GOOG-006,USR-059,2026-06-23,google_news_reviews,,neutral,Review: Hoffman’s Steakhouse brings unexpected refinement to San Antonio’s East Side - MySA. Review: Hoffman’s Steakhouse brings unexpected refinement to San Antonio’s East Side MySA,
REV-USR-060-SITE-001,USR-060,2026-06-23,sitejabber,,neutral,I have been a loyal customer for over three years and regularly shop at this location because I work nearby.,
REV-USR-060-SITE-002,USR-060,2026-06-23,sitejabber,,neutral,I have spent a significant amount of money at this store and have always believed I was following the return policy appropriately.,
REV-USR-060-SITE-003,USR-060,2026-06-23,sitejabber,,neutral,"During my most recent visit, I was stopped by the manager, Prince, as I was walking out of the store and told that I would no longer be allowed to make returns because I had made ""too many."" This was said to me publicly and without prior warning.",
REV-USR-060-SITE-004,USR-060,2026-06-23,sitejabber,,neutral,"At no point was I previously informed that I was violating any policy, nor was I given any explanation beyond that statement.",
REV-USR-060-SITE-005,USR-060,2026-06-23,sitejabber,,neutral,"As a long-time customer, I expected respectful communication, not to be stopped on my way out and made to feel as though I had done something wrong.",
REV-USR-060-SITE-006,USR-060,2026-06-23,sitejabber,,neutral,"This situation needs to be addressed, and I hope management takes customer treatment more seriously moving forward.",
REV-USR-060-SITE-007,USR-060,2026-06-23,sitejabber,,neutral,"I am writing because I have been shopping at your Lynnwood, WA store for years, and the harassment and discrimination continues.",
REV-USR-060-SITE-008,USR-060,2026-06-23,sitejabber,,neutral,"As an Autistic woman, I am used to being mocked, pointed at, made fun of, and harassed, but your store goes above and beyond with ensuring I receive this treatment every time I come into the store.",
REV-USR-060-GOOG-001,USR-060,2026-06-23,google_news_reviews,,neutral,Trader Joe’s Settles $7.4 Million Lawsuit: Here’s How to See If You’re Eligible for Payout - People.com. Trader Joe’s Settles $7.4 Million Lawsuit: Here’s How to See If You’re Eligible for Payout People.com,
REV-USR-060-GOOG-002,USR-060,2026-06-23,google_news_reviews,,neutral,Are the Best Frozen Taquitos Corn or Flour? Read My Ranking to Find Out - Sporked. Are the Best Frozen Taquitos Corn or Flour? Read My Ranking to Find Out Sporked,
REV-USR-060-GOOG-003,USR-060,2026-06-23,google_news_reviews,,neutral,New $4.99 Trader Joe's item is a riff on a viral social media dish - SFGATE. New $4.99 Trader Joe's item is a riff on a viral social media dish SFGATE,
REV-USR-060-GOOG-004,USR-060,2026-06-23,google_news_reviews,,neutral,Review: ‘In Good Health’ by Rachel Riggs - Cascadia Daily News. Review: ‘In Good Health’ by Rachel Riggs Cascadia Daily News,
REV-USR-060-GOOG-005,USR-060,2026-06-23,google_news_reviews,,neutral,9 Best Face Sunscreens of 2026 (Tested) - Treeline Review. 9 Best Face Sunscreens of 2026 (Tested) Treeline Review,
REV-USR-060-GOOG-006,USR-060,2026-06-23,google_news_reviews,,neutral,Quesadilla and burrito spot to open a new SLO County location - San Luis Obispo Tribune. Quesadilla and burrito spot to open a new SLO County location San Luis Obispo Tribune,
REV-USR-060-GOOG-007,USR-060,2026-06-23,google_news_reviews,,neutral,Trader Joe’s Latest Potato Chip Flavor Is Flying off Shelves - Parade. Trader Joe’s Latest Potato Chip Flavor Is Flying off Shelves Parade,
REV-USR-060-GOOG-008,USR-060,2026-06-23,google_news_reviews,,neutral,Ranked: The Best Places to Work in America in 2026 - Visual Capitalist. Ranked: The Best Places to Work in America in 2026 Visual Capitalist,
REV-USR-061-SITE-001,USR-061,2026-06-23,sitejabber,,neutral,"Walmart's reputation is mixed, with customers appreciating its wide product selection and competitive pricing, which enhance accessibility and affordability.",
REV-USR-061-SITE-002,USR-061,2026-06-23,sitejabber,,positive,"While some customers express loyalty and satisfaction with the overall shopping experience, others report feeling undervalued and dissatisfied, suggesting a need for improvements in communication, order management, and customer support to enhance overall service and restore confidence among shoppers.",
REV-USR-061-SITE-003,USR-061,2026-06-23,sitejabber,,negative,"While Walmart ultimately provided refunds in some cases, my primary concern is not the refund itself but the apparent lack of investigation into the root causes of these problems.",
REV-USR-061-SITE-004,USR-061,2026-06-23,sitejabber,,neutral,"Initially, I was told that delivery had been confirmed.",
REV-USR-061-SITE-005,USR-061,2026-06-23,sitejabber,,negative,"The matter was eventually resolved with a refund, but I was left wondering what investigation had actually taken place before the original conclusion was reached.",
REV-USR-061-SITE-006,USR-061,2026-06-23,sitejabber,,neutral,I repeatedly provided this evidence to customer service and asked that it be reviewed as part of a meaningful investigation.,
REV-USR-061-SITE-007,USR-061,2026-06-23,sitejabber,,neutral,"I was also repeatedly encouraged to dispute the charges with my bank, which I did not believe was an appropriate solution when the issues appeared to originate from Walmart's fulfillment or delivery process.",
REV-USR-061-SITE-008,USR-061,2026-06-23,sitejabber,,negative,"As a customer, my expectation is simple: either deliver the correct item and quantity ordered or issue a refund when that does not happen.",
REV-USR-061-GOOG-001,USR-061,2026-06-23,google_news_reviews,,neutral,"10 Major Car Battery Brands Ranked Worst To Best, According To Consumer Reports - bgr.com. 10 Major Car Battery Brands Ranked Worst To Best, According To Consumer Reports bgr.com",
REV-USR-061-GOOG-002,USR-061,2026-06-23,google_news_reviews,,neutral,Year in Review: Top 10 NWA stories of 2025 - Talk Business & Politics. Year in Review: Top 10 NWA stories of 2025 Talk Business & Politics,
REV-USR-061-GOOG-003,USR-061,2026-06-23,google_news_reviews,,neutral,"Walmart’s $500 Electric Bike Is Now $190, and It Reaches 20 MPH - Athlon Sports. Walmart’s $500 Electric Bike Is Now $190, and It Reaches 20 MPH Athlon Sports",
REV-USR-061-GOOG-004,USR-061,2026-06-23,google_news_reviews,,neutral,Texas grocer H-E-B bags No. 1 ranking as America's best supermarket - CultureMap Dallas. Texas grocer H-E-B bags No. 1 ranking as America's best supermarket CultureMap Dallas,
REV-USR-061-GOOG-005,USR-061,2026-06-23,google_news_reviews,,neutral,"Wing, Walmart Delivery Drones Take Flight in Atlanta - FLYING Magazine. Wing, Walmart Delivery Drones Take Flight in Atlanta FLYING Magazine",
REV-USR-061-GOOG-006,USR-061,2026-06-23,google_news_reviews,,neutral,"Walmart, Zipline Launch Drone Delivery From Walmart in Southern Dallas - Dallas Innovates. Walmart, Zipline Launch Drone Delivery From Walmart in Southern Dallas Dallas Innovates",
REV-USR-061-GOOG-007,USR-061,2026-06-23,google_news_reviews,,neutral,How to Load Your Walmart MoneyCard | Banking Advice | U.S. News - U.S. News & World Report. How to Load Your Walmart MoneyCard | Banking Advice | U.S. News U.S. News & World Report,
REV-USR-061-GOOG-008,USR-061,2026-06-23,google_news_reviews,,neutral,Conservatives Are Doxxing Innocent People Over Charlie Kirk - User Mag | Taylor Lorenz. Conservatives Are Doxxing Innocent People Over Charlie Kirk User Mag | Taylor Lorenz,
REV-USR-062-SITE-001,USR-062,2026-06-23,sitejabber,,positive,"Customers appreciate the convenience, product variety, and competitive pricing, particularly praising the store's layout and exclusive brands.",
REV-USR-062-SITE-002,USR-062,2026-06-23,sitejabber,,neutral,I was given a target gift card and when I couldnt get the balance online I called *******869 and ive been on hold for 30 minutes and then some.,
REV-USR-062-SITE-003,USR-062,2026-06-23,sitejabber,,negative,Worst customer service I've ever encountered.,
REV-USR-062-SITE-004,USR-062,2026-06-23,sitejabber,,neutral,With customer service like this no wonder their closing stores everywhere.,
REV-USR-062-SITE-005,USR-062,2026-06-23,sitejabber,,positive,"When I asked a simple and polite question I was coldly answered, it was really awkward and unpleasant.",
REV-USR-062-SITE-006,USR-062,2026-06-23,sitejabber,,neutral,"This store NEVER, EVER answers the phone for Customer Service…….",
REV-USR-062-SITE-007,USR-062,2026-06-23,sitejabber,,negative,"Time and again, I've had issues with incorrect deliveries and order pickups where items were missing, only to be met with uncaring and demeaning customer service that places all the blame on me.",
REV-USR-062-SITE-008,USR-062,2026-06-23,sitejabber,,neutral,"They claim they tried to reach me and I was ""unavailable"".",
REV-USR-062-GOOG-001,USR-062,2026-06-23,google_news_reviews,,neutral,New strategy targets antibiotic resistance in cystic fibrosis infections - Drug Target Review. New strategy targets antibiotic resistance in cystic fibrosis infections Drug Target Review,
REV-USR-062-GOOG-002,USR-062,2026-06-23,google_news_reviews,,neutral,FDA Accepts sNDA and Grants Priority Review to AQNEURSA® for Ataxia-Telangiectasia - BioSpace. FDA Accepts sNDA and Grants Priority Review to AQNEURSA® for Ataxia-Telangiectasia BioSpace,
REV-USR-062-GOOG-003,USR-062,2026-06-23,google_news_reviews,,neutral,Review: BRANDI CARLILE: BE HUMAN TOUR at Target Center Minneapolis - BroadwayWorld. Review: BRANDI CARLILE: BE HUMAN TOUR at Target Center Minneapolis BroadwayWorld,
REV-USR-062-GOOG-004,USR-062,2026-06-23,google_news_reviews,,neutral,Teachers sue TEA for allegedly targeting them after Charlie Kirk comments on social media: Records - ABC13 Houston. Teachers sue TEA for allegedly targeting them after Charlie Kirk comments on social media: Records ABC13 Houston,
REV-USR-062-GOOG-005,USR-062,2026-06-23,google_news_reviews,,neutral,A Long-Haul Trucker Kept 25 Briskets Rejected by a Customer—and Became a Pitmaster - Texas Monthly. A Long-Haul Trucker Kept 25 Briskets Rejected by a Customer—and Became a Pitmaster Texas Monthly,
REV-USR-062-GOOG-006,USR-062,2026-06-23,google_news_reviews,,neutral,Target shooting is city’s third mass-violence incident this year - KXAN Austin. Target shooting is city’s third mass-violence incident this year KXAN Austin,
REV-USR-062-GOOG-007,USR-062,2026-06-23,google_news_reviews,,neutral,"MCG Tactical Predator C141 Review: Rechargeable Laser Sight for Faster Target Acquisition, Precision, and Rail Compatibility - newswire.com. MCG Tactical Predator C141 Review: Rechargeable Laser Sight for Faster Target Acquisition, Precision, and Rail Compatibility newswire.com",
REV-USR-062-GOOG-008,USR-062,2026-06-23,google_news_reviews,,neutral,WWE SmackDown Review: WWE Stays on Target in Excellent Episode - Bleeding Cool News. WWE SmackDown Review: WWE Stays on Target in Excellent Episode Bleeding Cool News,
REV-USR-063-SITE-001,USR-063,2026-06-23,sitejabber,1.5,positive,"Kroger has a rating of 1.5 stars from 346 reviews, indicating that most customers are generally dissatisfied with their purchases.",
REV-USR-063-SITE-002,USR-063,2026-06-23,sitejabber,,positive,"Reviewers dissatisfied with Kroger most frequently mention customer service, self checkout and many times.",
REV-USR-063-SITE-003,USR-063,2026-06-23,sitejabber,,neutral,"Kroger's Struggles and Customer Relations Issues Kroger, one of America's largest grocery chains, has been facing severe challenges following a failed merger.",
REV-USR-063-SITE-004,USR-063,2026-06-23,sitejabber,,neutral,"Pressure from competitors only adds to the strain, but many of Kroger's difficulties stem from its own management decisions and poor customer-service practices.",
REV-USR-063-SITE-005,USR-063,2026-06-23,sitejabber,,negative,Chronic Out-of-Stock Problems One of the biggest frustrations for customers is Kroger's inability to keep popular items in stock.,
REV-USR-063-SITE-006,USR-063,2026-06-23,sitejabber,,neutral,"When customers escalate complaints to Kroger's corporate office, the issue is simply routed back to the same store management, and rarely addressed in good faith.",
REV-USR-063-SITE-007,USR-063,2026-06-23,sitejabber,,neutral,"Most other retailers allow repeat use during the promotion period, but Kroger's restrictive rule forces customers to either make multiple trips or miss out entirely.",
REV-USR-063-SITE-008,USR-063,2026-06-23,sitejabber,,negative,Customer Service Barriers Adding to the frustration is Kroger's limited customer service hours.,
REV-USR-063-GOOG-001,USR-063,2026-06-23,google_news_reviews,,neutral,Customers report Kroger ending delivery service in Jacksonville area as automated fulfillment centers close - News4JAX.,
REV-USR-063-GOOG-002,USR-063,2026-06-23,google_news_reviews,,neutral,Customers report Kroger ending delivery service in Jacksonville area as automated fulfillment centers close News4JAX,
REV-USR-063-GOOG-003,USR-063,2026-06-23,google_news_reviews,,neutral,Kroger customers in Northeast Florida notified delivery services are ending - Action News Jax.,
REV-USR-063-GOOG-004,USR-063,2026-06-23,google_news_reviews,,neutral,Kroger customers in Northeast Florida notified delivery services are ending Action News Jax,
REV-USR-063-GOOG-005,USR-063,2026-06-23,google_news_reviews,,neutral,"Kroger to suspend delivery service in NE Florida, close fulfillment center in Central Florida in January - firstcoastnews.com. Kroger to suspend delivery service in NE Florida, close fulfillment center in Central Florida in January firstcoastnews.com",
REV-USR-063-GOOG-006,USR-063,2026-06-23,google_news_reviews,,neutral,"Kroger to close Florida facilities, end delivery program. What does this mean for shoppers? - The Florida Times-Union. Kroger to close Florida facilities, end delivery program. What does this mean for shoppers? The Florida Times-Union",
REV-USR-063-GOOG-007,USR-063,2026-06-23,google_news_reviews,,neutral,"Here’s what Kroger’s DoorDash deal could mean for Ocado partnership, customer delivery - The Business Journals.",
REV-USR-063-GOOG-008,USR-063,2026-06-23,google_news_reviews,,neutral,"Here’s what Kroger’s DoorDash deal could mean for Ocado partnership, customer delivery The Business Journals",
REV-USR-063-GOOG-009,USR-063,2026-06-23,google_news_reviews,,neutral,Kroger to end South Florida home delivery service - Sun Sentinel. Kroger to end South Florida home delivery service Sun Sentinel,
REV-USR-064-SITE-001,USR-064,2026-06-23,sitejabber,,neutral,"I was told that there'd be no problems going back to that store with the laptop, after it had been returned from Acer.",
REV-USR-064-SITE-002,USR-064,2026-06-23,sitejabber,,neutral,I'll never deal with Acer again and I think their customer service stinks.,
REV-USR-064-SITE-003,USR-064,2026-06-23,sitejabber,,neutral,Costco has some of the best products and I am there every week.,
REV-USR-064-SITE-004,USR-064,2026-06-23,sitejabber,,neutral,Said what I was doing was fraud- told me the call was being recorded- about 15 times.,
REV-USR-064-SITE-005,USR-064,2026-06-23,sitejabber,,positive,"Costco then tells my purchases to the police so that it stays in a police report that anyone can view now
Melissa Osgood decided to state to the cops that I was verbally abusing her at the Roseville Michigan store.",
REV-USR-064-SITE-006,USR-064,2026-06-23,sitejabber,,neutral,"The video recording does not have any verbal abuse
I was only trespassed for not signing a form.",
REV-USR-064-SITE-007,USR-064,2026-06-23,sitejabber,,positive,I only wonder if telling the police I was a Hispanic creating a disturbance was only to try and get a faster response.,
REV-USR-064-SITE-008,USR-064,2026-06-23,sitejabber,,neutral,"The first time I was shorted pills at Costco I said nothing, but documented my pill usage like a hawk after that.",
REV-USR-064-GOOG-001,USR-064,2026-06-23,google_news_reviews,,neutral,"Suspect from Fort Worth accused of shooting, killing Ohio Costco employee - CBS News. Suspect from Fort Worth accused of shooting, killing Ohio Costco employee CBS News",
REV-USR-064-GOOG-002,USR-064,2026-06-23,google_news_reviews,,neutral,"33 Buc-ee's locations given 'F' ratings by Better Business Bureau, citing 88 outstanding complaints - KTBS 3. 33 Buc-ee's locations given 'F' ratings by Better Business Bureau, citing 88 outstanding complaints KTBS 3",
REV-USR-064-GOOG-003,USR-064,2026-06-23,google_news_reviews,,neutral,Ohio Costco worker fatally shot after allegedly confronting armed customer at storefront - WKRC.,
REV-USR-064-GOOG-004,USR-064,2026-06-23,google_news_reviews,,neutral,Ohio Costco worker fatally shot after allegedly confronting armed customer at storefront WKRC,
REV-USR-064-GOOG-005,USR-064,2026-06-23,google_news_reviews,,neutral,Costco tied to proposed Cottonwood retail development in Flower Mound - Cross Timbers Gazette. Costco tied to proposed Cottonwood retail development in Flower Mound Cross Timbers Gazette,
REV-USR-064-GOOG-006,USR-064,2026-06-23,google_news_reviews,,neutral,Costco Employee Shot and Killed at Work After Allegedly Turning Away the Killer from Entering the Store with a Gun - People.com. Costco Employee Shot and Killed at Work After Allegedly Turning Away the Killer from Entering the Store with a Gun People.com,
REV-USR-064-GOOG-007,USR-064,2026-06-23,google_news_reviews,,neutral,Southwest Airlines works to address issues with new assigned seating as customers fume - Dallas News. Southwest Airlines works to address issues with new assigned seating as customers fume Dallas News,
REV-USR-064-GOOG-008,USR-064,2026-06-23,google_news_reviews,,neutral,Got a toll bill you don’t recognize? Here’s when Texas lets you challenge it. - Fort Worth Star-Telegram. Got a toll bill you don’t recognize? Here’s when Texas lets you challenge it. Fort Worth Star-Telegram,
REV-USR-064-GOOG-009,USR-064,2026-06-23,google_news_reviews,,neutral,How To Promote Your Business in 2026: 16 Top Ways - Shopify. How To Promote Your Business in 2026: 16 Top Ways Shopify,
REV-USR-065-SITE-001,USR-065,2026-06-23,sitejabber,,neutral,They use Safeway for customer support and they are the lowest of the lowest bottom tier customer service I purchased a $100 gift card and they referred me to their customer support and they just ignore me.,
REV-USR-065-SITE-002,USR-065,2026-06-23,sitejabber,,neutral,Albertsons messed up two online delivery orders and promised to make them right after speaking with customer service and them acknowledging their error.,
REV-USR-065-SITE-003,USR-065,2026-06-23,sitejabber,,neutral,"The dairy it expired or very close to it with in a day or two, I have received milk that was not expired but was soured which means it was handled in correctly and unsafely and yet they still send it out to customers for home delivery.",
REV-USR-065-SITE-004,USR-065,2026-06-23,sitejabber,,neutral,I called customer service because me entire order was was over charged $26.49.,
REV-USR-065-SITE-005,USR-065,2026-06-23,sitejabber,,neutral,The representive decided to start with the orange 45 minutes of his saying I was charged right and him putting me on hold so he could check.,
REV-USR-065-SITE-006,USR-065,2026-06-23,sitejabber,,negative,He put me on hold came back and said as a one time customer courtesy he would refund my money.,
REV-USR-065-SITE-007,USR-065,2026-06-23,sitejabber,,neutral,But at least a dollar or two of over charge and like me I am sure 1000's of people everyday just don't feel it's worth the hassle to try get it back.,
REV-USR-065-SITE-008,USR-065,2026-06-23,sitejabber,,neutral,"As a cashier, her job is to help and assist customers; if she doesn't like it, she shouldn't work in that role.""
I got excited when I found an item that is hard to find.",
REV-USR-065-GOOG-001,USR-065,2026-06-23,google_news_reviews,,neutral,"19 Spiral Ham Brands, Ranked Worst To Best - Tasting Table. 19 Spiral Ham Brands, Ranked Worst To Best Tasting Table",
REV-USR-066-SITE-001,USR-066,2026-06-23,sitejabber,,neutral,I interrupted them to say as a customer I should not be hearing this.,
REV-USR-066-SITE-002,USR-066,2026-06-23,sitejabber,,neutral,I followed up the next day and in the 3 weeks since I tried 3 times calling Corporate and asked for someone from Publix contact me regarding this treatment of a 10 year customer.,
REV-USR-066-SITE-003,USR-066,2026-06-23,sitejabber,,positive,Each time I was told someone will follow up with you I now see how Publix employees are because the management doesn't even feel it necessary to take a few minutes to call what was a good customer.,
REV-USR-066-SITE-004,USR-066,2026-06-23,sitejabber,,positive,"I guess upper management also feels it's OK for employees to threaten a customer for calling a MAN a HE Publix lost a good customer I'm sure they wont miss my 100 bucks a week but hopefully others see this and decide too that this nonsense is not where we want to shop
I had to send a foodstuff to the quality control division due to it being expired, not pulled off the shelves at my local Publix and ingesting it making me sick.",
REV-USR-066-SITE-005,USR-066,2026-06-23,sitejabber,,negative,"I dealt with Brianna in that department and she lacks customer service skills, is rude and robotic.",
REV-USR-066-SITE-006,USR-066,2026-06-23,sitejabber,,neutral,I was told by the manager that Publix would identify the issue that made me sick.,
REV-USR-066-SITE-007,USR-066,2026-06-23,sitejabber,,negative,The young man lied and said he did it b/c I was rude.,
REV-USR-066-SITE-008,USR-066,2026-06-23,sitejabber,,neutral,"I have no proof of purchase as I did not buy anything, I was told my dog was not a service dog.",
REV-USR-066-GOOG-001,USR-066,2026-06-23,google_news_reviews,,neutral,"NCDMV announces 10 new self-service kiosks in Raleigh, Apex, Wake Forest, Fayetteville - WRAL. NCDMV announces 10 new self-service kiosks in Raleigh, Apex, Wake Forest, Fayetteville WRAL",
REV-USR-066-GOOG-002,USR-066,2026-06-23,google_news_reviews,,neutral,"NC bars, grocers yank Sycamore Brewing after co-founder charged with child rape - Charlotte Observer. NC bars, grocers yank Sycamore Brewing after co-founder charged with child rape Charlotte Observer",
REV-USR-066-GOOG-003,USR-066,2026-06-23,google_news_reviews,,neutral,The 9 Best Grocery Store Chains For Prime Rib - Tasting Table. The 9 Best Grocery Store Chains For Prime Rib Tasting Table,
REV-USR-066-GOOG-004,USR-066,2026-06-23,google_news_reviews,,neutral,Publix Recognizes Associates for Their Community Involvement; Kevin Murphy Comments - Deli Market News. Publix Recognizes Associates for Their Community Involvement; Kevin Murphy Comments Deli Market News,
REV-USR-066-GOOG-005,USR-066,2026-06-23,google_news_reviews,,neutral,"Grocery chain with big NC presence overcharged, report finds. What we know - Raleigh News & Observer. Grocery chain with big NC presence overcharged, report finds. What we know Raleigh News & Observer",
REV-USR-066-GOOG-006,USR-066,2026-06-23,google_news_reviews,,neutral,Charlotte’s favorite grocers compete for customer dollars - Axios. Charlotte’s favorite grocers compete for customer dollars Axios,
REV-USR-067-SITE-001,USR-067,2026-06-23,sitejabber,,negative,The last time I was able to use the chat I had asked for a refund for the fake counterfit item (amazon sold and shipped) they sent to me.,
REV-USR-067-SITE-002,USR-067,2026-06-23,sitejabber,,neutral,"I was unnecessarily transferred to a ""member of the leadership team"" named Meghna.",
REV-USR-067-SITE-003,USR-067,2026-06-23,sitejabber,,neutral,We all need to put our blocked chat encounters up here and trust pilot with the name of the amazon employee responsible so we can shed light on and make it known the shady things amazon employees do to their customers out of retaliation.,
REV-USR-067-SITE-004,USR-067,2026-06-23,sitejabber,,negative,"Find the Amazon screen and prompts to speak with a person, not AI assistance 2: Find access to a customer care email (still can't find one) 3: Follow up on my reported complaint as I have received no communication despite Amazon promising it would be resolved (twice now) 4: Proide a bad review on Amazon within their own site, you can only rate products purchased or do an internal complaint.",
REV-USR-067-SITE-005,USR-067,2026-06-23,sitejabber,,neutral,"This was clearly a returned item that Amazon's quality control completely ignored and resold as ""New.""
To make matters worse, I am currently in another country.",
REV-USR-067-SITE-006,USR-067,2026-06-23,sitejabber,,neutral,"I have been a loyal customer and have even bought this exact model before without issues, but this experience has been a total scam.",
REV-USR-067-SITE-007,USR-067,2026-06-23,sitejabber,,neutral,"So I recommend that long term amzn users begin to diversify to other sellers because the slight""bad luck"" streak, even for a 20 year plus, good customer, means nothing to the amzn algorithm.",
REV-USR-067-SITE-008,USR-067,2026-06-23,sitejabber,,neutral,"Plus, I've learned from Gemini and Chat both, that amzn initiated newer, brutal standards to ban 10% or more of its customer base, saying they're crooks, when they're not.",
REV-USR-067-GOOG-001,USR-067,2026-06-23,google_news_reviews,,neutral,We Tried 7 Grocery Store Rotisserie Chickens And Ranked Them Worst To Best - Tasting Table. We Tried 7 Grocery Store Rotisserie Chickens And Ranked Them Worst To Best Tasting Table,
REV-USR-067-GOOG-002,USR-067,2026-06-23,google_news_reviews,,neutral,Libido-Max Male Enhancement Liquid Softgels Reviews - stat.gov.pl. Libido-Max Male Enhancement Liquid Softgels Reviews stat.gov.pl,
REV-USR-067-GOOG-003,USR-067,2026-06-23,google_news_reviews,,neutral,Public health alert issued for plastic in organic food sold only at Whole Foods Market - Miami Herald. Public health alert issued for plastic in organic food sold only at Whole Foods Market Miami Herald,
REV-USR-067-GOOG-004,USR-067,2026-06-23,google_news_reviews,,neutral,The Best Dive Bar In Every US State - Tasting Table. The Best Dive Bar In Every US State Tasting Table,
REV-USR-067-GOOG-005,USR-067,2026-06-23,google_news_reviews,,neutral,Swiss Miss Makes Marshmallow Bourbon and We Tried It - Sporked. Swiss Miss Makes Marshmallow Bourbon and We Tried It Sporked,
REV-USR-067-GOOG-006,USR-067,2026-06-23,google_news_reviews,,neutral,Indianapolis' top 4 grocery stores to visit now - Yahoo. Indianapolis' top 4 grocery stores to visit now Yahoo,
REV-USR-067-GOOG-007,USR-067,2026-06-23,google_news_reviews,,neutral,Weight Loss And Sex In The Bedroom With Dr Laura Berman Oprah Winfrey Network - stat.gov.pl. Weight Loss And Sex In The Bedroom With Dr Laura Berman Oprah Winfrey Network stat.gov.pl,
REV-USR-067-GOOG-008,USR-067,2026-06-23,google_news_reviews,,neutral,"The Best Road-Trip Food Stop in Every State, According to Yelp - Business Insider. The Best Road-Trip Food Stop in Every State, According to Yelp Business Insider",
REV-USR-068-SITE-001,USR-068,2026-06-23,sitejabber,,neutral,My 87-year-old mom is a loyal long-time CVS customer who spends thousands of dollars in prescriptions and merchandise each year.,
REV-USR-068-SITE-002,USR-068,2026-06-23,sitejabber,,neutral,Next I spoke to a customer service rep with a heavy accent who was extremely difficult to understand.,
REV-USR-068-SITE-003,USR-068,2026-06-23,sitejabber,,neutral,I was informed they could not do anything to help me.,
REV-USR-068-SITE-004,USR-068,2026-06-23,sitejabber,,neutral,It is obvious CVS does not care about their customers.,
REV-USR-068-SITE-005,USR-068,2026-06-23,sitejabber,,neutral,"I believe the CVS and its employees have forgotten why they are in business, to serve customers.",
REV-USR-068-SITE-006,USR-068,2026-06-23,sitejabber,,negative,NO response from Customer Service after my specific complaint.,
REV-USR-068-SITE-007,USR-068,2026-06-23,sitejabber,,neutral,I am an ExtraCare Plus member (pay a fee monthly or yearly and receive $10 ExtraCare bucks added to your account monthly)...,
REV-USR-068-SITE-008,USR-068,2026-06-23,sitejabber,,neutral,The deal I thought I was getting was spend $30 get $10 ExtraCare bucks back...,
REV-USR-068-GOOG-001,USR-068,2026-06-23,google_news_reviews,,neutral,"CVS rebranding Rite Aid, Bartell stores in Pacific Northwest - Chain Drug Review. CVS rebranding Rite Aid, Bartell stores in Pacific Northwest Chain Drug Review",
REV-USR-068-GOOG-002,USR-068,2026-06-23,google_news_reviews,,neutral,Mass General Brigham-CVS deal faces delay as state commission launches cost review - The Business Journals. Mass General Brigham-CVS deal faces delay as state commission launches cost review The Business Journals,
REV-USR-068-GOOG-003,USR-068,2026-06-23,google_news_reviews,,neutral,"Records imply which Rite Aid, Bartell’s stores CVS bought in Snohomish County and broader area. Also, Bartell Drugs stores that CVS buys will rebrand to CVS - Snohomish County Tribune. Records imply which Rite Aid, Bartell’s stores CVS bought in Snohomish County and broader area. Also, Bartell Drugs stores that CVS buys will rebrand to CVS Snohomish County Tribune",
REV-USR-068-GOOG-004,USR-068,2026-06-23,google_news_reviews,,neutral,Bartell and Rite Aid closures mount. See which WA stores will shut - The Seattle Times. Bartell and Rite Aid closures mount. See which WA stores will shut The Seattle Times,
REV-USR-068-GOOG-005,USR-068,2026-06-23,google_news_reviews,,neutral,"Genomic testing startup Viome closes $86.5M round, partners with CVS to sell at-home kits - GeekWire. Genomic testing startup Viome closes $86.5M round, partners with CVS to sell at-home kits GeekWire",
REV-USR-068-GOOG-006,USR-068,2026-06-23,google_news_reviews,,neutral,Starbucks eco-friendly cups earn bad early reviews - MyNorthwest.com. Starbucks eco-friendly cups earn bad early reviews MyNorthwest.com,
REV-USR-068-GOOG-007,USR-068,2026-06-23,google_news_reviews,,neutral,Bartell’s days may be numbered as CVS looks to buy bankrupt Rite Aid’s remaining stores - The Seattle Times. Bartell’s days may be numbered as CVS looks to buy bankrupt Rite Aid’s remaining stores The Seattle Times,
REV-USR-068-GOOG-008,USR-068,2026-06-23,google_news_reviews,,neutral,"Nearly two years on, Bartell sale to Rite Aid gets very mixed reviews - The Seattle Times. Nearly two years on, Bartell sale to Rite Aid gets very mixed reviews The Seattle Times",
REV-USR-069-SITE-001,USR-069,2026-06-23,sitejabber,,neutral,Would it better if I take them somewhere else because I am going to need them tonight?,
REV-USR-069-SITE-002,USR-069,2026-06-23,sitejabber,,neutral,"www.medallia.com
From:
*******@app.medallia.com
To:
Customer
Tue, Dec 30 at 8:29 AM
Dear Customer
Thank you for sharing about your recent experience at Walgreens.",
REV-USR-069-SITE-003,USR-069,2026-06-23,sitejabber,,neutral,We will use your feedback to ensure customers do not experience this same issue in the future.,
REV-USR-069-SITE-004,USR-069,2026-06-23,sitejabber,,neutral,"Also, if we cannot fulfill a prescription, and the customer needs it quick, we can recommend the customer to get it at another Walgreens location and/or go to another pharmacy and we can transfer them the prescription.",
REV-USR-069-SITE-005,USR-069,2026-06-23,sitejabber,,neutral,I'm transferring my medication to my local CVS and will be sharing my experience with others.,
REV-USR-069-SITE-006,USR-069,2026-06-23,sitejabber,,neutral,"Walgreens makes tens of millions with their commissions and the $6 charge added to the cost of each fake card, and when you call Walgreens ten times trying to get help getting your money back, Walgreens transfers you to some number in Asia where no one speaks English or Walgreens customer service disconnects you with their vile malice and giggles, knowing you are just one more of their millions of victims.",
REV-USR-069-SITE-007,USR-069,2026-06-23,sitejabber,,neutral,"At the very end I was asked to provide ""contact information"" as if that hadn't already been done.",
REV-USR-069-SITE-008,USR-069,2026-06-23,sitejabber,,neutral,"Customer service saying they have not added it yet,but I can use it in the store I will not!",
REV-USR-069-GOOG-001,USR-069,2026-06-23,google_news_reviews,,neutral,RTD offering the ability to pay cash for stored value on MyRide to improve fare payment accessibility - RTD-Denver. RTD offering the ability to pay cash for stored value on MyRide to improve fare payment accessibility RTD-Denver,
REV-USR-069-GOOG-002,USR-069,2026-06-23,google_news_reviews,,neutral,"Walgreens strike: Some CVS, Walgreens pharmacies might be closed this week - ABC7 New York. Walgreens strike: Some CVS, Walgreens pharmacies might be closed this week ABC7 New York",
REV-USR-069-GOOG-003,USR-069,2026-06-23,google_news_reviews,,neutral,"Colfax Avenue-Havana Street corridor of Colorado city of Aurora set to lose Walgreens: ""They already took the Walmart!"" - CBS News. Colfax Avenue-Havana Street corridor of Colorado city of Aurora set to lose Walgreens: ""They already took the Walmart!"" CBS News",
REV-USR-069-GOOG-004,USR-069,2026-06-23,google_news_reviews,,neutral,Walgreens to close three Colorado Springs locations in April - The Denver Post. Walgreens to close three Colorado Springs locations in April The Denver Post,
REV-USR-069-GOOG-005,USR-069,2026-06-23,google_news_reviews,,neutral,Retail Businesses That Closed in Denver in February 2025 - WhatNow. Retail Businesses That Closed in Denver in February 2025 WhatNow,
REV-USR-069-GOOG-006,USR-069,2026-06-23,google_news_reviews,,neutral,Colfax Avenue and Havana Street intersection becomes a Colorado drugstore desert - CBS News. Colfax Avenue and Havana Street intersection becomes a Colorado drugstore desert CBS News,
REV-USR-070-SITE-001,USR-070,2026-06-23,sitejabber,,neutral,Home Depot's reputation is marked by a mix of positive and negative customer experiences.,
REV-USR-070-SITE-002,USR-070,2026-06-23,sitejabber,,negative,I moved to Moncton in 2019 and purchased everything for my home and all my customers until some of the staff there started getting very rude.,
REV-USR-070-SITE-003,USR-070,2026-06-23,sitejabber,,neutral,So just too let you know that I spent $1200.00 today in their store and that is where I will be doing business for my customers and I don't care if you are giving stuff away I will never set foot in any of your locations again.,
REV-USR-070-SITE-004,USR-070,2026-06-23,sitejabber,,neutral,I was informed that without a receipt and because I paid cash they would not take it back.,
REV-USR-070-SITE-005,USR-070,2026-06-23,sitejabber,,neutral,As our refrigerator went out while on vacation we needed an item immediately.,
REV-USR-070-SITE-006,USR-070,2026-06-23,sitejabber,,neutral,I posted the short review moments ago thinking I was only allowed to write 100 words.,
REV-USR-070-SITE-007,USR-070,2026-06-23,sitejabber,,neutral,"Realizing that my assumption was wrong, I am now going to provide more detail so that people will know why I made the previous remarks.",
REV-USR-070-SITE-008,USR-070,2026-06-23,sitejabber,,neutral,I went to customer service and confirmed another date.,
REV-USR-070-GOOG-001,USR-070,2026-06-23,google_news_reviews,,neutral,The Emerging Agentic Enterprise: How Leaders Must Navigate a New Age of AI - MIT Sloan Management Review. The Emerging Agentic Enterprise: How Leaders Must Navigate a New Age of AI MIT Sloan Management Review,
REV-USR-070-GOOG-002,USR-070,2026-06-23,google_news_reviews,,neutral,The 4 Best Grab Bars of 2026 | Reviews by Wirecutter - The New York Times. The 4 Best Grab Bars of 2026 | Reviews by Wirecutter The New York Times,
REV-USR-070-GOOG-003,USR-070,2026-06-23,google_news_reviews,,neutral,"7 Costco Kitchen Appliances To Buy And 6 To Avoid, According To Customer Reviews - The Takeout. 7 Costco Kitchen Appliances To Buy And 6 To Avoid, According To Customer Reviews The Takeout",
REV-USR-070-GOOG-004,USR-070,2026-06-23,google_news_reviews,,neutral,The Best Dishwashers: A Complete Guide of 2026 - Reviewed. The Best Dishwashers: A Complete Guide of 2026 Reviewed,
REV-USR-070-GOOG-005,USR-070,2026-06-23,google_news_reviews,,neutral,Experts Say These Humidifiers Are Best for Reducing Humidity and Mold - Good Housekeeping. Experts Say These Humidifiers Are Best for Reducing Humidity and Mold Good Housekeeping,
REV-USR-070-GOOG-006,USR-070,2026-06-23,google_news_reviews,,neutral,"7 Best Artificial Christmas Trees Of 2025: Festive, Realistic And Up To 79% Off - Forbes. 7 Best Artificial Christmas Trees Of 2025: Festive, Realistic And Up To 79% Off Forbes",
REV-USR-070-GOOG-007,USR-070,2026-06-23,google_news_reviews,,neutral,14 Places to Buy Fake Plants Online for a Perfect Spring Refresh - The Spruce. 14 Places to Buy Fake Plants Online for a Perfect Spring Refresh The Spruce,
REV-USR-070-GOOG-008,USR-070,2026-06-23,google_news_reviews,,neutral,The best artificial plants don't look fake — these are the best places to shop for realistic greenery - Business Insider. The best artificial plants don't look fake — these are the best places to shop for realistic greenery Business Insider,
REV-USR-071-SITE-001,USR-071,2026-06-23,sitejabber,,negative,The first time I was given bad advice by store personnel causing me to have to return the product which is an hour round trip for me (not including the hassle of returning a product).,
REV-USR-071-SITE-002,USR-071,2026-06-23,sitejabber,,negative,"The second time I purchased a grill with assembly and curbside pick-up, it was not assembled; I ended up waiting while they tried to quickly assemble it.",
REV-USR-071-SITE-003,USR-071,2026-06-23,sitejabber,,neutral,"I was transferred to the store (and a human) but was hung up on 5 times, placed on hold multiple times, transferred to wrong departments 3 times.",
REV-USR-071-SITE-004,USR-071,2026-06-23,sitejabber,,neutral,All-in-all I spent over 1.5 hours on the phone before I was told the message was received and I'd receive a call back.,
REV-USR-071-SITE-005,USR-071,2026-06-23,sitejabber,,neutral,I was called back 5 hours later and told they would not deliver my purchase on the same day because I didn't notify them in time.,
REV-USR-071-SITE-006,USR-071,2026-06-23,sitejabber,,negative,"I understand people have bad days, but you don't treat your customers like that.",
REV-USR-071-SITE-007,USR-071,2026-06-23,sitejabber,,neutral,"I have been a private customer of my local Lowes store in lake City, Fl for several years.",
REV-USR-071-SITE-008,USR-071,2026-06-23,sitejabber,,neutral,I pointed out the on-line statement and the CSR contacted Kobalt customer service.,
REV-USR-071-GOOG-001,USR-071,2026-06-23,google_news_reviews,,neutral,Nick Lowe and Los Straitjackets Stun a packed Troubadour - Music Connection Magazine. Nick Lowe and Los Straitjackets Stun a packed Troubadour Music Connection Magazine,
REV-USR-072-SITE-001,USR-072,2026-06-23,sitejabber,,neutral,"29th while checking our account, there where two charges for Best Buy.",
REV-USR-072-SITE-002,USR-072,2026-06-23,sitejabber,,neutral,"My bank rep told me that ""several customers have called in with the same issues concerning Best Buy"".",
REV-USR-072-SITE-003,USR-072,2026-06-23,sitejabber,,neutral,The next day when I went to return it the customer service manager refused to at least exchange it.,
REV-USR-072-SITE-004,USR-072,2026-06-23,sitejabber,,neutral,9 days ago I was told I'd receive a call back within 24 hours to schedule a free in home consultation to add a stereo system in my shed and a home theater system in my house.,
REV-USR-072-SITE-005,USR-072,2026-06-23,sitejabber,,neutral,"Today, while trying to inquire and/or speak to a manager, I was transferred 9 times and spent over an hour on the call and still didn't get anywhere.",
REV-USR-072-SITE-006,USR-072,2026-06-23,sitejabber,,neutral,I am a manager myself and I will say this has been one of the most painful and mis-managed processes I've ever experienced.,
REV-USR-072-SITE-007,USR-072,2026-06-23,sitejabber,,neutral,I was offered to purchase another phone as a resolution.,
REV-USR-072-SITE-008,USR-072,2026-06-23,sitejabber,,neutral,"Overall, while Best Buy offers convenience and a wide selection of products, improvements in delivery reliability and order accuracy would enhance the overall experience.",
REV-USR-072-GOOG-001,USR-072,2026-06-23,google_news_reviews,,neutral,Our round-up of the best telescopes in 2026 ahead of Amazon Prime Day - Space. Our round-up of the best telescopes in 2026 ahead of Amazon Prime Day Space,
REV-USR-072-GOOG-002,USR-072,2026-06-23,google_news_reviews,,neutral,The best Leica cameras in 2025: from classic rangefinders to modern mirrorless - Digital Camera World. The best Leica cameras in 2025: from classic rangefinders to modern mirrorless Digital Camera World,
REV-USR-072-GOOG-003,USR-072,2026-06-23,google_news_reviews,,neutral,The Best Lenses to Build Out Your Sony Mirrorless Camera Kit - The New York Times. The Best Lenses to Build Out Your Sony Mirrorless Camera Kit The New York Times,
REV-USR-072-GOOG-004,USR-072,2026-06-23,google_news_reviews,,neutral,Best in Grass puts Michigan cannabis consumers in the judge’s seat - Detroit Metro Times. Best in Grass puts Michigan cannabis consumers in the judge’s seat Detroit Metro Times,
REV-USR-072-GOOG-005,USR-072,2026-06-23,google_news_reviews,,neutral,"8 Major Air Purifier Brands Ranked Worst To Best, According To Consumer Reports - bgr.com. 8 Major Air Purifier Brands Ranked Worst To Best, According To Consumer Reports bgr.com",
REV-USR-072-GOOG-006,USR-072,2026-06-23,google_news_reviews,,neutral,Best TV Antenna for Cord-Cutters in 2026 - CNET. Best TV Antenna for Cord-Cutters in 2026 CNET,
REV-USR-072-GOOG-007,USR-072,2026-06-23,google_news_reviews,,neutral,Rocket Mortgage Review 2026 - LendingTree. Rocket Mortgage Review 2026 LendingTree,
REV-USR-072-GOOG-008,USR-072,2026-06-23,google_news_reviews,,neutral,"Don’t Let Salt, Slush, and Mold Destroy Your Carpets—These Car Floor Mats Will Save Your Interior - Car and Driver. Don’t Let Salt, Slush, and Mold Destroy Your Carpets—These Car Floor Mats Will Save Your Interior Car and Driver",
REV-USR-073-SITE-001,USR-073,2026-06-23,sitejabber,,negative,"Overall, there is a notable trend of frustration among customers, indicating a need for improved employee training, better management practices, and enhanced customer support to restore trust and satisfaction.",
REV-USR-073-SITE-002,USR-073,2026-06-23,sitejabber,,neutral,"I was shopping there and picked up what I believed to be a a sale item, brand of shampoo in two different spots in the store with conflicting prices.",
REV-USR-073-SITE-003,USR-073,2026-06-23,sitejabber,,neutral,"I was pushing my cart towards her after unloading my groceries, she was pushing another cart in from the lot.",
REV-USR-073-SITE-004,USR-073,2026-06-23,sitejabber,,neutral,"I was expecting she would take the cart from me, she was smoking a cigarette so I knew she wasnt going back in the store yet.",
REV-USR-073-SITE-005,USR-073,2026-06-23,sitejabber,,neutral,"I was clearly pushing the cart to her, but she completely ignored me, so I left the cart close to the front door.",
REV-USR-073-SITE-006,USR-073,2026-06-23,sitejabber,,neutral,I was over charged on an item I purchased today.,
REV-USR-073-SITE-007,USR-073,2026-06-23,sitejabber,,neutral,When I got to the car I added the ticket up and I was not given the sale price.,
REV-USR-073-SITE-008,USR-073,2026-06-23,sitejabber,,neutral,I live on Social Security and if that is how Dollar General treats there customers I don't have to shop there.,
REV-USR-073-GOOG-001,USR-073,2026-06-23,google_news_reviews,,neutral,Middleburg Dollar General clears another review step - Jacksonville Daily Record. Middleburg Dollar General clears another review step Jacksonville Daily Record,
REV-USR-073-GOOG-002,USR-073,2026-06-23,google_news_reviews,,neutral,Dollar General Vs. Dollar Tree: The Top Dollar Store (NYSE:DG) - Seeking Alpha. Dollar General Vs. Dollar Tree: The Top Dollar Store (NYSE:DG) Seeking Alpha,
REV-USR-073-GOOG-003,USR-073,2026-06-23,google_news_reviews,,neutral,Dollar General agrees to pay $15m to settle price-gouging claims - The Guardian. Dollar General agrees to pay $15m to settle price-gouging claims The Guardian,
REV-USR-073-GOOG-004,USR-073,2026-06-23,google_news_reviews,,neutral,"Peer reviewer OKs stormwater, drainage report for proposed Dollar General in Sunderland - Greenfield Recorder. Peer reviewer OKs stormwater, drainage report for proposed Dollar General in Sunderland Greenfield Recorder",
REV-USR-073-GOOG-005,USR-073,2026-06-23,google_news_reviews,,neutral,Is Dollar General Overcharging Customers? - ClassAction.org. Is Dollar General Overcharging Customers? ClassAction.org,
REV-USR-073-GOOG-006,USR-073,2026-06-23,google_news_reviews,,neutral,Who Owns Dollar General? Top Shareholders and Recent Insider Trades - TIKR.com. Who Owns Dollar General? Top Shareholders and Recent Insider Trades TIKR.com,
REV-USR-073-GOOG-007,USR-073,2026-06-23,google_news_reviews,,neutral,"JJ Fleeman to succeed Todd Vasos as CEO at Dollar General effective January 1, 2027 - Chain Drug Review. JJ Fleeman to succeed Todd Vasos as CEO at Dollar General effective January 1, 2027 Chain Drug Review",
REV-USR-073-GOOG-008,USR-073,2026-06-23,google_news_reviews,,neutral,Best Dollar Store Stocks for 2026 and How to Invest - The Motley Fool. Best Dollar Store Stocks for 2026 and How to Invest The Motley Fool,
REV-USR-074-SITE-001,USR-074,2026-06-23,sitejabber,,neutral,"I am deaf and do not have a cell phone, so was unable to buy gas or accomplish what I had planned.",
REV-USR-074-SITE-002,USR-074,2026-06-23,sitejabber,,negative,"I canceled my Sam's Club membership on Feb 4,2025, and was told by their customer service that I would receive my $117.29 refund within 7 to 10 business days.",
REV-USR-074-SITE-003,USR-074,2026-06-23,sitejabber,,positive,I will attempt in this communication to explain what has transpired with my recent transaction and why I am so dissatisfied with my recent experience.,
REV-USR-074-SITE-004,USR-074,2026-06-23,sitejabber,,neutral,I am responsible for caring for my mother who has Parkinson's.,
REV-USR-074-SITE-005,USR-074,2026-06-23,sitejabber,,neutral,I was willing to pay a premium for this service.,
REV-USR-074-SITE-006,USR-074,2026-06-23,sitejabber,,neutral,I was worried at this point because our school day was finishing.,
REV-USR-074-SITE-007,USR-074,2026-06-23,sitejabber,,neutral,"Several minutes later, I was told that no contact had been made, and no one was even picking up the phone.",
REV-USR-074-SITE-008,USR-074,2026-06-23,sitejabber,,negative,"I was told that I needed to wait because delivery would be ""coming shortly."" This process repeated with another representative.",
REV-USR-074-GOOG-001,USR-074,2026-06-23,google_news_reviews,,neutral,"Sam's Club is suddenly closing some stores, including Washington locations - FOX 13 Seattle. Sam's Club is suddenly closing some stores, including Washington locations FOX 13 Seattle",
REV-USR-074-GOOG-002,USR-074,2026-06-23,google_news_reviews,,neutral,"Sam's Club closes on Getwell, expected to be converted to e-commerce fulfillment center - The Commercial Appeal. Sam's Club closes on Getwell, expected to be converted to e-commerce fulfillment center The Commercial Appeal",
REV-USR-074-GOOG-003,USR-074,2026-06-23,google_news_reviews,,neutral,West Nashville Sam's Club Closes Abruptly - Patch. West Nashville Sam's Club Closes Abruptly Patch,
REV-USR-074-GOOG-004,USR-074,2026-06-23,google_news_reviews,,neutral,Here's a list of where Walmart is closing more than 60 Sam's Club stores - CNBC. Here's a list of where Walmart is closing more than 60 Sam's Club stores CNBC,
REV-USR-074-GOOG-005,USR-074,2026-06-23,google_news_reviews,,neutral,Walmart Is Closing 63 Sam's Club Stores — Here's the Complete List - Business Insider. Walmart Is Closing 63 Sam's Club Stores — Here's the Complete List Business Insider,
REV-USR-075-SITE-001,USR-075,2026-06-23,sitejabber,3.5,positive,"ALDI South Group has a rating of 3.5 stars from 12 reviews, indicating that most customers are generally satisfied with their purchases.",
REV-USR-075-SITE-002,USR-075,2026-06-23,sitejabber,,neutral,I am quite sure the remaining employees are not being compensated for these additional duties.,
REV-USR-075-SITE-003,USR-075,2026-06-23,sitejabber,,neutral,This keeps employees attentive to customers and stocking in store rather than gathering carts.,
REV-USR-075-SITE-004,USR-075,2026-06-23,sitejabber,,positive,They also have good trash bags that are better then some of the name brands I was use to buying back in the days.,
REV-USR-075-SITE-005,USR-075,2026-06-23,sitejabber,,positive,Love the products and customer service and all the awesome prices that I can afford without feeling I am getting ripped off.,
REV-USR-075-SITE-006,USR-075,2026-06-23,sitejabber,,neutral,"Aldi is a small grocery store, small enough to be efficient for customer.",
REV-USR-075-SITE-007,USR-075,2026-06-23,sitejabber,,positive,"Maybe I just walked through a time tunnel where carrying about the customer, great products and kindness is the mission.",
REV-USR-075-SITE-008,USR-075,2026-06-23,sitejabber,,neutral,"Who ever is running this chain of stores must of taken notes from Costco management, its about the customer dummy not the billionaire owner.",
REV-USR-075-GOOG-001,USR-075,2026-06-23,google_news_reviews,,neutral,Health inspectors found more evidence of mice while revisiting 2 Louisville Kroger stores - WDRB.,
REV-USR-075-GOOG-002,USR-075,2026-06-23,google_news_reviews,,neutral,Health inspectors found more evidence of mice while revisiting 2 Louisville Kroger stores WDRB,
REV-USR-075-GOOG-003,USR-075,2026-06-23,google_news_reviews,,neutral,ALDI now takes credit cards; customer convenience prompts decision to accept major charge plates - Northern Kentucky Tribune.,
REV-USR-075-GOOG-004,USR-075,2026-06-23,google_news_reviews,,neutral,ALDI now takes credit cards; customer convenience prompts decision to accept major charge plates Northern Kentucky Tribune,
REV-USR-076-SITE-001,USR-076,2026-06-23,sitejabber,1.4,positive,"H-E-B Grocery has a rating of 1.4 stars from 15 reviews, indicating that most customers are generally dissatisfied with their purchases.",
REV-USR-076-SITE-002,USR-076,2026-06-23,sitejabber,,positive,Reviewers dissatisfied with H-E-B Grocery most frequently mention and customer service.,
REV-USR-076-SITE-003,USR-076,2026-06-23,sitejabber,,neutral,"Even the ""Review our website"" button (bottom of picture)under ""Customer service"" doesn't do anything either.",
REV-USR-076-SITE-004,USR-076,2026-06-23,sitejabber,,positive,"These stores are always cost effective, have the products that I need the majority of the time, and the customer service is almost always great.",
REV-USR-076-SITE-005,USR-076,2026-06-23,sitejabber,,negative,For the past 3 to 5 years I've been totally disappointed at H-E-B's customer service.,
REV-USR-076-SITE-006,USR-076,2026-06-23,sitejabber,,neutral,When I ask for crabs from the freezer I was told there was no more when I later passed by the crabs were replenished.,
REV-USR-076-SITE-007,USR-076,2026-06-23,sitejabber,,negative,I'll file complaint with H‑E‑B corporate just because this is one of the worst customer experiences I have had.,
REV-USR-076-SITE-008,USR-076,2026-06-23,sitejabber,,neutral,"I am going to call out one particular store, The HEB on Waldon Rd in Corpus Christi.",
REV-USR-076-GOOG-001,USR-076,2026-06-23,google_news_reviews,,neutral,"The best and worst H-E-Bs in Texas and Mexico, according to Google - San Antonio Express-News. The best and worst H-E-Bs in Texas and Mexico, according to Google San Antonio Express-News",
REV-USR-077-SITE-001,USR-077,2026-06-23,sitejabber,,neutral,I was thinking that rib eye steaks would be a special treat but I hesitated when I looked at the price/lb.,
REV-USR-077-SITE-002,USR-077,2026-06-23,sitejabber,,neutral,I just wanted to thank Meijers for taking advantage of loyal customers!,
REV-USR-077-SITE-003,USR-077,2026-06-23,sitejabber,,neutral,I feel she needs to be trained on what customer service is supposed to look like.,
REV-USR-077-SITE-004,USR-077,2026-06-23,sitejabber,,neutral,I am tired of having to constantly police your charges and if my M Perk coupons come off my overall charges.,
REV-USR-077-SITE-005,USR-077,2026-06-23,sitejabber,,neutral,When I brought it up at the checkout the cashier stated she could not do anything about it and I would need to go to Customer Service.,
REV-USR-077-SITE-006,USR-077,2026-06-23,sitejabber,,neutral,When I showed the Customer Service clerk my receipt along with my MPerks on my phone she states well look it is not pre-made salads but just chopped lettuce.,
REV-USR-077-SITE-007,USR-077,2026-06-23,sitejabber,,neutral,"When contacting customer service (3 times), I was
Eventually told that gas mperks were only a one time limited offer and wouldn't appear.",
REV-USR-077-SITE-008,USR-077,2026-06-23,sitejabber,,neutral,I view this as an insult to all loyal customers.,
REV-USR-077-GOOG-001,USR-077,2026-06-23,google_news_reviews,,neutral,Kohler Credit Union plans new branch in Washington County - The Business Journals. Kohler Credit Union plans new branch in Washington County The Business Journals,
REV-USR-077-GOOG-002,USR-077,2026-06-23,google_news_reviews,,neutral,Charley Crockett announces NYC residency - MELODIC Magazine. Charley Crockett announces NYC residency MELODIC Magazine,
REV-USR-078-SITE-001,USR-078,2026-06-23,sitejabber,,negative,Now thier Chocolate flavor has changed for the worst so I am going to buy my ice cream from another store.,
REV-USR-078-SITE-002,USR-078,2026-06-23,sitejabber,,neutral,"When Athena called Greg, he claimed I was already a member, which is why I didn't receive the new-member discount.",
REV-USR-078-SITE-003,USR-078,2026-06-23,sitejabber,,neutral,I explained that I had to register again because I was told I wasn't a member earlier.,
REV-USR-078-SITE-004,USR-078,2026-06-23,sitejabber,,neutral,He insisted I take all my items to Customer Service to redo the entire process.,
REV-USR-078-SITE-005,USR-078,2026-06-23,sitejabber,,negative,"When I voiced my frustration, Greg raised his voice, told me I was ""done here,"" and said I was not welcome at Safeway.",
REV-USR-078-SITE-006,USR-078,2026-06-23,sitejabber,,negative,I'm sharing my experience to warn others about the poor treatment I received so they can avoid the same frustration and disrespect.,
REV-USR-078-SITE-007,USR-078,2026-06-23,sitejabber,,neutral,I am absolutely discussed there is so much greed you can'teven have one cashier on duty.,
REV-USR-078-SITE-008,USR-078,2026-06-23,sitejabber,,neutral,What happened to having some customer service when I am paying a premium!,
REV-USR-079-SITE-001,USR-079,2026-06-23,sitejabber,3.0,positive,"Sprouts Farmers Market has a rating of 3 stars from 3 reviews, indicating that most customers are generally dissatisfied with their purchases.",
REV-USR-079-GOOG-001,USR-079,2026-06-23,google_news_reviews,,neutral,Police: Sprouts employee attacked over sandwich dispute - Herald/Review Media. Police: Sprouts employee attacked over sandwich dispute Herald/Review Media,
REV-USR-079-GOOG-002,USR-079,2026-06-23,google_news_reviews,,neutral,Profanity-laced tirade against masks caught on camera inside Tucson grocery store - 12News. Profanity-laced tirade against masks caught on camera inside Tucson grocery store 12News,
REV-USR-079-GOOG-003,USR-079,2026-06-23,google_news_reviews,,neutral,Arizona Inn: Comfort food & comfy surroundings at the Audubon Bar & Patio - Tucson Foodie. Arizona Inn: Comfort food & comfy surroundings at the Audubon Bar & Patio Tucson Foodie,
REV-USR-079-GOOG-004,USR-079,2026-06-23,google_news_reviews,,neutral,Naked in Public looks at the pain and darkness of female sexual compulsivity. - Psychology Today. Naked in Public looks at the pain and darkness of female sexual compulsivity. Psychology Today,
REV-USR-080-SITE-001,USR-080,2026-06-23,sitejabber,,neutral,I have been a loyal customer for over three years and regularly shop at this location because I work nearby.,
REV-USR-080-SITE-002,USR-080,2026-06-23,sitejabber,,neutral,I have spent a significant amount of money at this store and have always believed I was following the return policy appropriately.,
REV-USR-080-SITE-003,USR-080,2026-06-23,sitejabber,,neutral,"During my most recent visit, I was stopped by the manager, Prince, as I was walking out of the store and told that I would no longer be allowed to make returns because I had made ""too many."" This was said to me publicly and without prior warning.",
REV-USR-080-SITE-004,USR-080,2026-06-23,sitejabber,,neutral,"At no point was I previously informed that I was violating any policy, nor was I given any explanation beyond that statement.",
REV-USR-080-SITE-005,USR-080,2026-06-23,sitejabber,,neutral,"As a long-time customer, I expected respectful communication, not to be stopped on my way out and made to feel as though I had done something wrong.",
REV-USR-080-SITE-006,USR-080,2026-06-23,sitejabber,,neutral,"This situation needs to be addressed, and I hope management takes customer treatment more seriously moving forward.",
REV-USR-080-SITE-007,USR-080,2026-06-23,sitejabber,,neutral,"I am writing because I have been shopping at your Lynnwood, WA store for years, and the harassment and discrimination continues.",
REV-USR-080-SITE-008,USR-080,2026-06-23,sitejabber,,neutral,"As an Autistic woman, I am used to being mocked, pointed at, made fun of, and harassed, but your store goes above and beyond with ensuring I receive this treatment every time I come into the store.",
REV-USR-080-GOOG-001,USR-080,2026-06-23,google_news_reviews,,neutral,"People Wait All Year For This Fan-Favorite Bakery Item From Trader Joe’s (And After Trying It, I Totally Get Why) - BuzzFeed. People Wait All Year For This Fan-Favorite Bakery Item From Trader Joe’s (And After Trying It, I Totally Get Why) BuzzFeed",
REV-USR-080-GOOG-002,USR-080,2026-06-23,google_news_reviews,,neutral,Trader Joe’s in north Fresno closes in wake of protests over mask mandate - Fresno Bee. Trader Joe’s in north Fresno closes in wake of protests over mask mandate Fresno Bee,
REV-USR-080-GOOG-003,USR-080,2026-06-23,google_news_reviews,,neutral,"6 Popular Trader Joe's Whiskeys, Ranked - Tasting Table. 6 Popular Trader Joe's Whiskeys, Ranked Tasting Table",
REV-USR-080-GOOG-004,USR-080,2026-06-23,google_news_reviews,,neutral,Restaurant Review: Twenty Eight from ‘Top Chef’ Shirley Chung is not quite ready for prime time - Orange County Register. Restaurant Review: Twenty Eight from ‘Top Chef’ Shirley Chung is not quite ready for prime time Orange County Register,
REV-USR-081-SITE-001,USR-081,2026-06-23,sitejabber,,neutral,"Walmart's reputation is mixed, with customers appreciating its wide product selection and competitive pricing, which enhance accessibility and affordability.",
REV-USR-081-SITE-002,USR-081,2026-06-23,sitejabber,,positive,"While some customers express loyalty and satisfaction with the overall shopping experience, others report feeling undervalued and dissatisfied, suggesting a need for improvements in communication, order management, and customer support to enhance overall service and restore confidence among shoppers.",
REV-USR-081-SITE-003,USR-081,2026-06-23,sitejabber,,negative,"While Walmart ultimately provided refunds in some cases, my primary concern is not the refund itself but the apparent lack of investigation into the root causes of these problems.",
REV-USR-081-SITE-004,USR-081,2026-06-23,sitejabber,,neutral,"Initially, I was told that delivery had been confirmed.",
REV-USR-081-SITE-005,USR-081,2026-06-23,sitejabber,,negative,"The matter was eventually resolved with a refund, but I was left wondering what investigation had actually taken place before the original conclusion was reached.",
REV-USR-081-SITE-006,USR-081,2026-06-23,sitejabber,,neutral,I repeatedly provided this evidence to customer service and asked that it be reviewed as part of a meaningful investigation.,
REV-USR-081-SITE-007,USR-081,2026-06-23,sitejabber,,neutral,"I was also repeatedly encouraged to dispute the charges with my bank, which I did not believe was an appropriate solution when the issues appeared to originate from Walmart's fulfillment or delivery process.",
REV-USR-081-SITE-008,USR-081,2026-06-23,sitejabber,,negative,"As a customer, my expectation is simple: either deliver the correct item and quantity ordered or issue a refund when that does not happen.",
REV-USR-081-GOOG-001,USR-081,2026-06-23,google_news_reviews,,neutral,Best Homeowners Insurance 2026 - Forbes. Best Homeowners Insurance 2026 Forbes,
REV-USR-081-GOOG-002,USR-081,2026-06-23,google_news_reviews,,neutral,Brawley among 56 California stores set for Walmart upgrades - The Desert Review. Brawley among 56 California stores set for Walmart upgrades The Desert Review,
REV-USR-081-GOOG-003,USR-081,2026-06-23,google_news_reviews,,neutral,"Walmart to pay $100M settlement over claims gig delivery drivers lost tips, pay - Local News Matters. Walmart to pay $100M settlement over claims gig delivery drivers lost tips, pay Local News Matters",
REV-USR-081-GOOG-004,USR-081,2026-06-23,google_news_reviews,,neutral,The 5 Best Olive Oils You Can Buy at the Store in 2026 | Reviews by Wirecutter - The New York Times. The 5 Best Olive Oils You Can Buy at the Store in 2026 | Reviews by Wirecutter The New York Times,
REV-USR-081-GOOG-005,USR-081,2026-06-23,google_news_reviews,,neutral,"This cloud-like sectional sofa is only $390 right now at Walmart — it’s normally $1,000 - MassLive. This cloud-like sectional sofa is only $390 right now at Walmart — it’s normally $1,000 MassLive",
REV-USR-081-GOOG-006,USR-081,2026-06-23,google_news_reviews,,neutral,Will Sacramento keep controversial gunshot-detection tech? Budget may be an issue - Sacramento Bee. Will Sacramento keep controversial gunshot-detection tech? Budget may be an issue Sacramento Bee,
REV-USR-081-GOOG-007,USR-081,2026-06-23,google_news_reviews,,neutral,"Walmart’s $500 Electric Bike Is Now $190, and It Reaches 20 MPH - Athlon Sports. Walmart’s $500 Electric Bike Is Now $190, and It Reaches 20 MPH Athlon Sports",
REV-USR-081-GOOG-008,USR-081,2026-06-23,google_news_reviews,,neutral,AC Barbeque - Review - Century City - Los Angeles - The Infatuation. AC Barbeque - Review - Century City - Los Angeles The Infatuation,
REV-USR-082-SITE-001,USR-082,2026-06-23,sitejabber,,positive,"Customers appreciate the convenience, product variety, and competitive pricing, particularly praising the store's layout and exclusive brands.",
REV-USR-082-SITE-002,USR-082,2026-06-23,sitejabber,,neutral,I was given a target gift card and when I couldnt get the balance online I called *******869 and ive been on hold for 30 minutes and then some.,
REV-USR-082-SITE-003,USR-082,2026-06-23,sitejabber,,negative,Worst customer service I've ever encountered.,
REV-USR-082-SITE-004,USR-082,2026-06-23,sitejabber,,neutral,With customer service like this no wonder their closing stores everywhere.,
REV-USR-082-SITE-005,USR-082,2026-06-23,sitejabber,,positive,"When I asked a simple and polite question I was coldly answered, it was really awkward and unpleasant.",
REV-USR-082-SITE-006,USR-082,2026-06-23,sitejabber,,neutral,"This store NEVER, EVER answers the phone for Customer Service…….",
REV-USR-082-SITE-007,USR-082,2026-06-23,sitejabber,,negative,"Time and again, I've had issues with incorrect deliveries and order pickups where items were missing, only to be met with uncaring and demeaning customer service that places all the blame on me.",
REV-USR-082-SITE-008,USR-082,2026-06-23,sitejabber,,neutral,"They claim they tried to reach me and I was ""unavailable"".",
REV-USR-082-GOOG-001,USR-082,2026-06-23,google_news_reviews,,neutral,"Ballpark Booth Review: Sutter Health Park (Sacramento, CA) - Seattle Sports. Ballpark Booth Review: Sutter Health Park (Sacramento, CA) Seattle Sports",
REV-USR-082-GOOG-002,USR-082,2026-06-23,google_news_reviews,,neutral,All the Best Target Black Friday Deals Still Kicking | Reviews by Wirecutter - The New York Times. All the Best Target Black Friday Deals Still Kicking | Reviews by Wirecutter The New York Times,
REV-USR-082-GOOG-003,USR-082,2026-06-23,google_news_reviews,,neutral,"BPU board approves 2026 budget, reviews future of Nearman coal plant - thebeaconnews.org. BPU board approves 2026 budget, reviews future of Nearman coal plant thebeaconnews.org",
REV-USR-082-GOOG-004,USR-082,2026-06-23,google_news_reviews,,neutral,"Ballpark Booth Review: Kauffman Stadium (Kansas City, MO) - Seattle Sports. Ballpark Booth Review: Kauffman Stadium (Kansas City, MO) Seattle Sports",
REV-USR-082-GOOG-005,USR-082,2026-06-23,google_news_reviews,,neutral,Tuesday Trenches: Free agency frenzy for the Bengals? - Cincy Jungle. Tuesday Trenches: Free agency frenzy for the Bengals? Cincy Jungle,
REV-USR-082-GOOG-006,USR-082,2026-06-23,google_news_reviews,,neutral,Is Kansas on the nuclear missile targets list? - The Topeka Capital-Journal. Is Kansas on the nuclear missile targets list? The Topeka Capital-Journal,
REV-USR-082-GOOG-007,USR-082,2026-06-23,google_news_reviews,,neutral,New Consolidator Emerges – November 2025 M&A Activity - thetargetreport.com. New Consolidator Emerges – November 2025 M&A Activity thetargetreport.com,
REV-USR-082-GOOG-008,USR-082,2026-06-23,google_news_reviews,,neutral,"I Was Among the First to Try ChatGPT's Ambitious, But Half-Baked Online Shopper - PCMag.",
REV-USR-082-GOOG-009,USR-082,2026-06-23,google_news_reviews,,neutral,"I Was Among the First to Try ChatGPT's Ambitious, But Half-Baked Online Shopper PCMag",
REV-USR-083-SITE-001,USR-083,2026-06-23,sitejabber,1.5,positive,"Kroger has a rating of 1.5 stars from 346 reviews, indicating that most customers are generally dissatisfied with their purchases.",
REV-USR-083-SITE-002,USR-083,2026-06-23,sitejabber,,positive,"Reviewers dissatisfied with Kroger most frequently mention customer service, self checkout and many times.",
REV-USR-083-SITE-003,USR-083,2026-06-23,sitejabber,,neutral,"Kroger's Struggles and Customer Relations Issues Kroger, one of America's largest grocery chains, has been facing severe challenges following a failed merger.",
REV-USR-083-SITE-004,USR-083,2026-06-23,sitejabber,,neutral,"Pressure from competitors only adds to the strain, but many of Kroger's difficulties stem from its own management decisions and poor customer-service practices.",
REV-USR-083-SITE-005,USR-083,2026-06-23,sitejabber,,negative,Chronic Out-of-Stock Problems One of the biggest frustrations for customers is Kroger's inability to keep popular items in stock.,
REV-USR-083-SITE-006,USR-083,2026-06-23,sitejabber,,neutral,"When customers escalate complaints to Kroger's corporate office, the issue is simply routed back to the same store management, and rarely addressed in good faith.",
REV-USR-083-SITE-007,USR-083,2026-06-23,sitejabber,,neutral,"Most other retailers allow repeat use during the promotion period, but Kroger's restrictive rule forces customers to either make multiple trips or miss out entirely.",
REV-USR-083-SITE-008,USR-083,2026-06-23,sitejabber,,negative,Customer Service Barriers Adding to the frustration is Kroger's limited customer service hours.,
REV-USR-083-GOOG-001,USR-083,2026-06-23,google_news_reviews,,neutral,"8 Supermarket Chains With The Most Unhelpful Staff, According To Reviews - Chowhound. 8 Supermarket Chains With The Most Unhelpful Staff, According To Reviews Chowhound",
REV-USR-083-GOOG-002,USR-083,2026-06-23,google_news_reviews,,neutral,East Cobb Restaurant News: Heavenly BBQ closes after a year - East Cobb News. East Cobb Restaurant News: Heavenly BBQ closes after a year East Cobb News,
REV-USR-083-GOOG-003,USR-083,2026-06-23,google_news_reviews,,neutral,"Atlanta has 2 of the country’s 50 worst grocery stores, study says - Atlanta News First. Atlanta has 2 of the country’s 50 worst grocery stores, study says Atlanta News First",
REV-USR-083-GOOG-004,USR-083,2026-06-23,google_news_reviews,,neutral,"Last minute shopping? Here are the best and worst grocery stores in Georgia, study shows - WSB-TV. Last minute shopping? Here are the best and worst grocery stores in Georgia, study shows WSB-TV",
REV-USR-083-GOOG-005,USR-083,2026-06-23,google_news_reviews,,neutral,"Kroger overcharges customers for items marked as being on sale, Consumer Reports finds - CBS News.",
REV-USR-083-GOOG-006,USR-083,2026-06-23,google_news_reviews,,neutral,"Kroger overcharges customers for items marked as being on sale, Consumer Reports finds CBS News",
REV-USR-083-GOOG-007,USR-083,2026-06-23,google_news_reviews,,neutral,‘My people don’t shop at Kroger’: Karen Fooks keeps Fooks Foods stocked for loyal clientele - The Red & Black. ‘My people don’t shop at Kroger’: Karen Fooks keeps Fooks Foods stocked for loyal clientele The Red & Black,
REV-USR-083-GOOG-008,USR-083,2026-06-23,google_news_reviews,,neutral,Why Black TikTok is Dragging Kroger for Their Juneteenth Cakes…Sheesh! - The Root. Why Black TikTok is Dragging Kroger for Their Juneteenth Cakes…Sheesh! The Root,
REV-USR-083-GOOG-009,USR-083,2026-06-23,google_news_reviews,,neutral,"I compared sheet cakes from Publix, Kroger, and Food Lion, and my favorite choice had impressive frosting and texture - Business Insider. I compared sheet cakes from Publix, Kroger, and Food Lion, and my favorite choice had impressive frosting and texture Business Insider",
REV-USR-084-SITE-001,USR-084,2026-06-23,sitejabber,,neutral,"I was told that there'd be no problems going back to that store with the laptop, after it had been returned from Acer.",
REV-USR-084-SITE-002,USR-084,2026-06-23,sitejabber,,neutral,I'll never deal with Acer again and I think their customer service stinks.,
REV-USR-084-SITE-003,USR-084,2026-06-23,sitejabber,,neutral,Costco has some of the best products and I am there every week.,
REV-USR-084-SITE-004,USR-084,2026-06-23,sitejabber,,neutral,Said what I was doing was fraud- told me the call was being recorded- about 15 times.,
REV-USR-084-SITE-005,USR-084,2026-06-23,sitejabber,,positive,"Costco then tells my purchases to the police so that it stays in a police report that anyone can view now
Melissa Osgood decided to state to the cops that I was verbally abusing her at the Roseville Michigan store.",
REV-USR-084-SITE-006,USR-084,2026-06-23,sitejabber,,neutral,"The video recording does not have any verbal abuse
I was only trespassed for not signing a form.",
REV-USR-084-SITE-007,USR-084,2026-06-23,sitejabber,,positive,I only wonder if telling the police I was a Hispanic creating a disturbance was only to try and get a faster response.,
REV-USR-084-SITE-008,USR-084,2026-06-23,sitejabber,,neutral,"The first time I was shorted pills at Costco I said nothing, but documented my pill usage like a hawk after that.",
REV-USR-084-GOOG-001,USR-084,2026-06-23,google_news_reviews,,neutral,Why Costco's Chicken Sandwich Fillets Are A Bit Of A Gamble According To Customers - Chowhound.,
REV-USR-084-GOOG-002,USR-084,2026-06-23,google_news_reviews,,neutral,Why Costco's Chicken Sandwich Fillets Are A Bit Of A Gamble According To Customers Chowhound,
REV-USR-084-GOOG-003,USR-084,2026-06-23,google_news_reviews,,neutral,"As A 20-Year Lens Wearer, I Found The 6 Best Places To Buy Contacts Online - Forbes. As A 20-Year Lens Wearer, I Found The 6 Best Places To Buy Contacts Online Forbes",
REV-USR-084-GOOG-004,USR-084,2026-06-23,google_news_reviews,,neutral,We Tested 49 More Baby Formulas for Lead and Arsenic - Consumer Reports. We Tested 49 More Baby Formulas for Lead and Arsenic Consumer Reports,
REV-USR-084-GOOG-005,USR-084,2026-06-23,google_news_reviews,,neutral,The 3 Best Toilet Papers of 2026 | Reviews by Wirecutter - The New York Times. The 3 Best Toilet Papers of 2026 | Reviews by Wirecutter The New York Times,
REV-USR-084-GOOG-006,USR-084,2026-06-23,google_news_reviews,,neutral,"5 Best Sliced Breads At Costco, And 2 To Avoid - Tasting Table. 5 Best Sliced Breads At Costco, And 2 To Avoid Tasting Table",
REV-USR-084-GOOG-007,USR-084,2026-06-23,google_news_reviews,,neutral,"Why Walmart, Target and Costco are axing more self-checkouts — as states and NYC push limits - New York Post. Why Walmart, Target and Costco are axing more self-checkouts — as states and NYC push limits New York Post",
REV-USR-084-GOOG-008,USR-084,2026-06-23,google_news_reviews,,neutral,Even Fish Skeptics Are Into This Kirkland Tilapia - Chowhound. Even Fish Skeptics Are Into This Kirkland Tilapia Chowhound,
REV-USR-084-GOOG-009,USR-084,2026-06-23,google_news_reviews,,neutral,Viagra Connect 50mg review - Portal CNJ. Viagra Connect 50mg review Portal CNJ,
REV-USR-085-SITE-001,USR-085,2026-06-23,sitejabber,,neutral,They use Safeway for customer support and they are the lowest of the lowest bottom tier customer service I purchased a $100 gift card and they referred me to their customer support and they just ignore me.,
REV-USR-085-SITE-002,USR-085,2026-06-23,sitejabber,,neutral,Albertsons messed up two online delivery orders and promised to make them right after speaking with customer service and them acknowledging their error.,
REV-USR-085-SITE-003,USR-085,2026-06-23,sitejabber,,neutral,"The dairy it expired or very close to it with in a day or two, I have received milk that was not expired but was soured which means it was handled in correctly and unsafely and yet they still send it out to customers for home delivery.",
REV-USR-085-SITE-004,USR-085,2026-06-23,sitejabber,,neutral,I called customer service because me entire order was was over charged $26.49.,
REV-USR-085-SITE-005,USR-085,2026-06-23,sitejabber,,neutral,The representive decided to start with the orange 45 minutes of his saying I was charged right and him putting me on hold so he could check.,
REV-USR-085-SITE-006,USR-085,2026-06-23,sitejabber,,negative,He put me on hold came back and said as a one time customer courtesy he would refund my money.,
REV-USR-085-SITE-007,USR-085,2026-06-23,sitejabber,,neutral,But at least a dollar or two of over charge and like me I am sure 1000's of people everyday just don't feel it's worth the hassle to try get it back.,
REV-USR-085-SITE-008,USR-085,2026-06-23,sitejabber,,neutral,"As a cashier, her job is to help and assist customers; if she doesn't like it, she shouldn't work in that role.""
I got excited when I found an item that is hard to find.",
REV-USR-085-GOOG-001,USR-085,2026-06-23,google_news_reviews,,neutral,Review: Lucky’s Market - Tampa Bay Times. Review: Lucky’s Market Tampa Bay Times,
REV-USR-086-SITE-001,USR-086,2026-06-23,sitejabber,,neutral,I interrupted them to say as a customer I should not be hearing this.,
REV-USR-086-SITE-002,USR-086,2026-06-23,sitejabber,,neutral,I followed up the next day and in the 3 weeks since I tried 3 times calling Corporate and asked for someone from Publix contact me regarding this treatment of a 10 year customer.,
REV-USR-086-SITE-003,USR-086,2026-06-23,sitejabber,,positive,Each time I was told someone will follow up with you I now see how Publix employees are because the management doesn't even feel it necessary to take a few minutes to call what was a good customer.,
REV-USR-086-SITE-004,USR-086,2026-06-23,sitejabber,,positive,"I guess upper management also feels it's OK for employees to threaten a customer for calling a MAN a HE Publix lost a good customer I'm sure they wont miss my 100 bucks a week but hopefully others see this and decide too that this nonsense is not where we want to shop
I had to send a foodstuff to the quality control division due to it being expired, not pulled off the shelves at my local Publix and ingesting it making me sick.",
REV-USR-086-SITE-005,USR-086,2026-06-23,sitejabber,,negative,"I dealt with Brianna in that department and she lacks customer service skills, is rude and robotic.",
REV-USR-086-SITE-006,USR-086,2026-06-23,sitejabber,,neutral,I was told by the manager that Publix would identify the issue that made me sick.,
REV-USR-086-SITE-007,USR-086,2026-06-23,sitejabber,,negative,The young man lied and said he did it b/c I was rude.,
REV-USR-086-SITE-008,USR-086,2026-06-23,sitejabber,,neutral,"I have no proof of purchase as I did not buy anything, I was told my dog was not a service dog.",
REV-USR-086-GOOG-001,USR-086,2026-06-23,google_news_reviews,,neutral,"Florida man stalked Publix customers with a knife before kicking chickens, sheriff's office says - CBS News.",
REV-USR-086-GOOG-002,USR-086,2026-06-23,google_news_reviews,,neutral,"Florida man stalked Publix customers with a knife before kicking chickens, sheriff's office says CBS News",
REV-USR-086-GOOG-003,USR-086,2026-06-23,google_news_reviews,,neutral,"Publix Faces Public Backlash: Trust Issues, High Prices & Overcharging Rile Shopper Displeasure - Medium. Publix Faces Public Backlash: Trust Issues, High Prices & Overcharging Rile Shopper Displeasure Medium",
REV-USR-086-GOOG-004,USR-086,2026-06-23,google_news_reviews,,neutral,The Best Fried Chicken At Publix Isn’t What You Think - Southern Living. The Best Fried Chicken At Publix Isn’t What You Think Southern Living,
REV-USR-086-GOOG-005,USR-086,2026-06-23,google_news_reviews,,neutral,Want to Cash In Your Coins? Your Bank May Be the Best Place - U.S. News & World Report. Want to Cash In Your Coins? Your Bank May Be the Best Place U.S. News & World Report,
REV-USR-086-GOOG-006,USR-086,2026-06-23,google_news_reviews,,neutral,"Florida allows open carry of guns, so Publix will too, workers say - Sun Sentinel. Florida allows open carry of guns, so Publix will too, workers say Sun Sentinel",
REV-USR-086-GOOG-007,USR-086,2026-06-23,google_news_reviews,,neutral,Publix responds after News 6 'Pub Sub' drama - WKMG. Publix responds after News 6 'Pub Sub' drama WKMG,
REV-USR-086-GOOG-008,USR-086,2026-06-23,google_news_reviews,,neutral,Orlando Magic and Publix Team Up for a Winning Recipe - The National Law Review. Orlando Magic and Publix Team Up for a Winning Recipe The National Law Review,
REV-USR-086-GOOG-009,USR-086,2026-06-23,google_news_reviews,,neutral,2 new Aldi stores projected to open in Lake County this summer - Leesburg Daily Commercial. 2 new Aldi stores projected to open in Lake County this summer Leesburg Daily Commercial,
REV-USR-087-SITE-001,USR-087,2026-06-23,sitejabber,,negative,The last time I was able to use the chat I had asked for a refund for the fake counterfit item (amazon sold and shipped) they sent to me.,
REV-USR-087-SITE-002,USR-087,2026-06-23,sitejabber,,neutral,"I was unnecessarily transferred to a ""member of the leadership team"" named Meghna.",
REV-USR-087-SITE-003,USR-087,2026-06-23,sitejabber,,neutral,We all need to put our blocked chat encounters up here and trust pilot with the name of the amazon employee responsible so we can shed light on and make it known the shady things amazon employees do to their customers out of retaliation.,
REV-USR-087-SITE-004,USR-087,2026-06-23,sitejabber,,negative,"Find the Amazon screen and prompts to speak with a person, not AI assistance 2: Find access to a customer care email (still can't find one) 3: Follow up on my reported complaint as I have received no communication despite Amazon promising it would be resolved (twice now) 4: Proide a bad review on Amazon within their own site, you can only rate products purchased or do an internal complaint.",
REV-USR-087-SITE-005,USR-087,2026-06-23,sitejabber,,neutral,"This was clearly a returned item that Amazon's quality control completely ignored and resold as ""New.""
To make matters worse, I am currently in another country.",
REV-USR-087-SITE-006,USR-087,2026-06-23,sitejabber,,neutral,"I have been a loyal customer and have even bought this exact model before without issues, but this experience has been a total scam.",
REV-USR-087-SITE-007,USR-087,2026-06-23,sitejabber,,neutral,"So I recommend that long term amzn users begin to diversify to other sellers because the slight""bad luck"" streak, even for a 20 year plus, good customer, means nothing to the amzn algorithm.",
REV-USR-087-SITE-008,USR-087,2026-06-23,sitejabber,,neutral,"Plus, I've learned from Gemini and Chat both, that amzn initiated newer, brutal standards to ban 10% or more of its customer base, saying they're crooks, when they're not.",
REV-USR-087-GOOG-001,USR-087,2026-06-23,google_news_reviews,,neutral,50 Best Restaurants in Cleveland and Northeast Ohio - Cleveland Magazine. 50 Best Restaurants in Cleveland and Northeast Ohio Cleveland Magazine,
REV-USR-087-GOOG-002,USR-087,2026-06-23,google_news_reviews,,neutral,"Christmas ales, all from Ohio: December beer review (plus brewery news) - Cleveland.com. Christmas ales, all from Ohio: December beer review (plus brewery news) Cleveland.com",
REV-USR-087-GOOG-003,USR-087,2026-06-23,google_news_reviews,,neutral,What You Should Know About the Ornish Diet - Health US News. What You Should Know About the Ornish Diet Health US News,
REV-USR-087-GOOG-004,USR-087,2026-06-23,google_news_reviews,,neutral,"IPAs, Italian Pilsner, others: 6 beers to sip in May (plus brewery news) - Cleveland.com. IPAs, Italian Pilsner, others: 6 beers to sip in May (plus brewery news) Cleveland.com",
REV-USR-087-GOOG-005,USR-087,2026-06-23,google_news_reviews,,neutral,I Blind-Tasted 9 Ketchup Brands—and the Winner Will Surprise You - Allrecipes. I Blind-Tasted 9 Ketchup Brands—and the Winner Will Surprise You Allrecipes,
REV-USR-087-GOOG-006,USR-087,2026-06-23,google_news_reviews,,neutral,Trio of beers to sip in January: 3 different styles (plus beer and brewery news) - Cleveland.com. Trio of beers to sip in January: 3 different styles (plus beer and brewery news) Cleveland.com,
REV-USR-087-GOOG-007,USR-087,2026-06-23,google_news_reviews,,neutral,The Very Best Organic Coffee - New York Magazine. The Very Best Organic Coffee New York Magazine,
REV-USR-087-GOOG-008,USR-087,2026-06-23,google_news_reviews,,neutral,I Tried Bryan Johnson’s Full Blueprint Stack - Hone Health. I Tried Bryan Johnson’s Full Blueprint Stack Hone Health,
REV-USR-088-SITE-001,USR-088,2026-06-23,sitejabber,,neutral,My 87-year-old mom is a loyal long-time CVS customer who spends thousands of dollars in prescriptions and merchandise each year.,
REV-USR-088-SITE-002,USR-088,2026-06-23,sitejabber,,neutral,Next I spoke to a customer service rep with a heavy accent who was extremely difficult to understand.,
REV-USR-088-SITE-003,USR-088,2026-06-23,sitejabber,,neutral,I was informed they could not do anything to help me.,
REV-USR-088-SITE-004,USR-088,2026-06-23,sitejabber,,neutral,It is obvious CVS does not care about their customers.,
REV-USR-088-SITE-005,USR-088,2026-06-23,sitejabber,,neutral,"I believe the CVS and its employees have forgotten why they are in business, to serve customers.",
REV-USR-088-SITE-006,USR-088,2026-06-23,sitejabber,,negative,NO response from Customer Service after my specific complaint.,
REV-USR-088-SITE-007,USR-088,2026-06-23,sitejabber,,neutral,I am an ExtraCare Plus member (pay a fee monthly or yearly and receive $10 ExtraCare bucks added to your account monthly)...,
REV-USR-088-SITE-008,USR-088,2026-06-23,sitejabber,,neutral,The deal I thought I was getting was spend $30 get $10 ExtraCare bucks back...,
REV-USR-088-GOOG-001,USR-088,2026-06-23,google_news_reviews,,neutral,What’s open and what’s closed on Christmas Day? - TribLIVE.com. What’s open and what’s closed on Christmas Day? TribLIVE.com,
REV-USR-088-GOOG-002,USR-088,2026-06-23,google_news_reviews,,neutral,Can supermarkets like Giant Eagle fill void left by ailing pharmacy industry? - TribLIVE.com. Can supermarkets like Giant Eagle fill void left by ailing pharmacy industry? TribLIVE.com,
REV-USR-088-GOOG-003,USR-088,2026-06-23,google_news_reviews,,neutral,CVS Is Closing 270 Stores This Year — Here's What to Know - Good Housekeeping. CVS Is Closing 270 Stores This Year — Here's What to Know Good Housekeeping,
REV-USR-088-GOOG-004,USR-088,2026-06-23,google_news_reviews,,neutral,"James Murray Obituary (1935 - 2016) - Cleveland, Tenn., PA - Pittsburgh Tribune Review - Legacy obituary. James Murray Obituary (1935 - 2016) - Cleveland, Tenn., PA - Pittsburgh Tribune Review Legacy obituary",
REV-USR-088-GOOG-005,USR-088,2026-06-23,google_news_reviews,,neutral,"The 11 Worst Companies To Work For, And They're All In Pennsylvania - Patch. The 11 Worst Companies To Work For, And They're All In Pennsylvania Patch",
REV-USR-088-GOOG-006,USR-088,2026-06-23,google_news_reviews,,neutral,"Vickie Wilson Obituary (1953 - 2023) - Ligonier, PA - Tribune Review - Legacy obituary. Vickie Wilson Obituary (1953 - 2023) - Ligonier, PA - Tribune Review Legacy obituary",
REV-USR-088-GOOG-007,USR-088,2026-06-23,google_news_reviews,,neutral,"As Rite Aid collapses, customers and other pharmacies bear the impact - TribLIVE.com. As Rite Aid collapses, customers and other pharmacies bear the impact TribLIVE.com",
REV-USR-088-GOOG-008,USR-088,2026-06-23,google_news_reviews,,neutral,"SUNDAY, APRIL 7, 2024 Ad - Adzema Prescription Pharmacy - Tribune-Review - TribLIVE.com. SUNDAY, APRIL 7, 2024 Ad - Adzema Prescription Pharmacy - Tribune-Review TribLIVE.com",
REV-USR-089-SITE-001,USR-089,2026-06-23,sitejabber,,neutral,Would it better if I take them somewhere else because I am going to need them tonight?,
REV-USR-089-SITE-002,USR-089,2026-06-23,sitejabber,,neutral,"www.medallia.com
From:
*******@app.medallia.com
To:
Customer
Tue, Dec 30 at 8:29 AM
Dear Customer
Thank you for sharing about your recent experience at Walgreens.",
REV-USR-089-SITE-003,USR-089,2026-06-23,sitejabber,,neutral,We will use your feedback to ensure customers do not experience this same issue in the future.,
REV-USR-089-SITE-004,USR-089,2026-06-23,sitejabber,,neutral,"Also, if we cannot fulfill a prescription, and the customer needs it quick, we can recommend the customer to get it at another Walgreens location and/or go to another pharmacy and we can transfer them the prescription.",
REV-USR-089-SITE-005,USR-089,2026-06-23,sitejabber,,neutral,I'm transferring my medication to my local CVS and will be sharing my experience with others.,
REV-USR-089-SITE-006,USR-089,2026-06-23,sitejabber,,neutral,"Walgreens makes tens of millions with their commissions and the $6 charge added to the cost of each fake card, and when you call Walgreens ten times trying to get help getting your money back, Walgreens transfers you to some number in Asia where no one speaks English or Walgreens customer service disconnects you with their vile malice and giggles, knowing you are just one more of their millions of victims.",
REV-USR-089-SITE-007,USR-089,2026-06-23,sitejabber,,neutral,"At the very end I was asked to provide ""contact information"" as if that hadn't already been done.",
REV-USR-089-SITE-008,USR-089,2026-06-23,sitejabber,,neutral,"Customer service saying they have not added it yet,but I can use it in the store I will not!",
REV-USR-089-GOOG-001,USR-089,2026-06-23,google_news_reviews,,neutral,EXCLUSIVE: What's wrong with Walgreens? KMOX hears complaints from hundreds - Audacy. EXCLUSIVE: What's wrong with Walgreens? KMOX hears complaints from hundreds Audacy,
REV-USR-089-GOOG-002,USR-089,2026-06-23,google_news_reviews,,neutral,Here's Every Store That's Open and Closed on Christmas - Good Housekeeping. Here's Every Store That's Open and Closed on Christmas Good Housekeeping,
REV-USR-090-SITE-001,USR-090,2026-06-23,sitejabber,,neutral,Home Depot's reputation is marked by a mix of positive and negative customer experiences.,
REV-USR-090-SITE-002,USR-090,2026-06-23,sitejabber,,negative,I moved to Moncton in 2019 and purchased everything for my home and all my customers until some of the staff there started getting very rude.,
REV-USR-090-SITE-003,USR-090,2026-06-23,sitejabber,,neutral,So just too let you know that I spent $1200.00 today in their store and that is where I will be doing business for my customers and I don't care if you are giving stuff away I will never set foot in any of your locations again.,
REV-USR-090-SITE-004,USR-090,2026-06-23,sitejabber,,neutral,I was informed that without a receipt and because I paid cash they would not take it back.,
REV-USR-090-SITE-005,USR-090,2026-06-23,sitejabber,,neutral,As our refrigerator went out while on vacation we needed an item immediately.,
REV-USR-090-SITE-006,USR-090,2026-06-23,sitejabber,,neutral,I posted the short review moments ago thinking I was only allowed to write 100 words.,
REV-USR-090-SITE-007,USR-090,2026-06-23,sitejabber,,neutral,"Realizing that my assumption was wrong, I am now going to provide more detail so that people will know why I made the previous remarks.",
REV-USR-090-SITE-008,USR-090,2026-06-23,sitejabber,,neutral,I went to customer service and confirmed another date.,
REV-USR-090-GOOG-001,USR-090,2026-06-23,google_news_reviews,,neutral,The 5 Best Dishwashers of 2026 | Reviews by Wirecutter - The New York Times. The 5 Best Dishwashers of 2026 | Reviews by Wirecutter The New York Times,
REV-USR-090-GOOG-002,USR-090,2026-06-23,google_news_reviews,,neutral,"The Best Weed and Feed Products for a Thicker, Greener, Weed-Free Lawn—Tested and Reviewed - bobvila.com. The Best Weed and Feed Products for a Thicker, Greener, Weed-Free Lawn—Tested and Reviewed bobvila.com",
REV-USR-090-GOOG-003,USR-090,2026-06-23,google_news_reviews,,neutral,We Love These Zero-Turn Lawn Mowers for How Fast and Fun They Are - Popular Mechanics. We Love These Zero-Turn Lawn Mowers for How Fast and Fun They Are Popular Mechanics,
REV-USR-090-GOOG-004,USR-090,2026-06-23,google_news_reviews,,neutral,I like Roku’s mid-range streaming stick despite fresh annoyances - PCWorld. I like Roku’s mid-range streaming stick despite fresh annoyances PCWorld,
REV-USR-090-GOOG-005,USR-090,2026-06-23,google_news_reviews,,neutral,"The 6 Best Landscape Fabrics of 2026, Expert-Tested and Reviewed - bobvila.com. The 6 Best Landscape Fabrics of 2026, Expert-Tested and Reviewed bobvila.com",
REV-USR-090-GOOG-006,USR-090,2026-06-23,google_news_reviews,,neutral,"After Testing 20 Expandable Hoses, We Found 5 Worth the Money - bobvila.com. After Testing 20 Expandable Hoses, We Found 5 Worth the Money bobvila.com",
REV-USR-090-GOOG-007,USR-090,2026-06-23,google_news_reviews,,neutral,Roku Streaming Stick (2025) review: The return of an HD classic - PCWorld. Roku Streaming Stick (2025) review: The return of an HD classic PCWorld,
REV-USR-090-GOOG-008,USR-090,2026-06-23,google_news_reviews,,neutral,Marshalls NPS & Customer Reviews - Comparably. Marshalls NPS & Customer Reviews Comparably,
REV-USR-091-SITE-001,USR-091,2026-06-23,sitejabber,,negative,The first time I was given bad advice by store personnel causing me to have to return the product which is an hour round trip for me (not including the hassle of returning a product).,
REV-USR-091-SITE-002,USR-091,2026-06-23,sitejabber,,negative,"The second time I purchased a grill with assembly and curbside pick-up, it was not assembled; I ended up waiting while they tried to quickly assemble it.",
REV-USR-091-SITE-003,USR-091,2026-06-23,sitejabber,,neutral,"I was transferred to the store (and a human) but was hung up on 5 times, placed on hold multiple times, transferred to wrong departments 3 times.",
REV-USR-091-SITE-004,USR-091,2026-06-23,sitejabber,,neutral,All-in-all I spent over 1.5 hours on the phone before I was told the message was received and I'd receive a call back.,
REV-USR-091-SITE-005,USR-091,2026-06-23,sitejabber,,neutral,I was called back 5 hours later and told they would not deliver my purchase on the same day because I didn't notify them in time.,
REV-USR-091-SITE-006,USR-091,2026-06-23,sitejabber,,negative,"I understand people have bad days, but you don't treat your customers like that.",
REV-USR-091-SITE-007,USR-091,2026-06-23,sitejabber,,neutral,"I have been a private customer of my local Lowes store in lake City, Fl for several years.",
REV-USR-091-SITE-008,USR-091,2026-06-23,sitejabber,,neutral,I pointed out the on-line statement and the CSR contacted Kobalt customer service.,
REV-USR-091-GOOG-001,USR-091,2026-06-23,google_news_reviews,,neutral,"Lowe's employee injured in robbery, police search for suspect - WRAL. Lowe's employee injured in robbery, police search for suspect WRAL",
REV-USR-091-GOOG-002,USR-091,2026-06-23,google_news_reviews,,neutral,We tasted fried chicken at all of Raleigh’s grocery stores. Here’s how we ranked them - Raleigh News & Observer. We tasted fried chicken at all of Raleigh’s grocery stores. Here’s how we ranked them Raleigh News & Observer,
REV-USR-091-GOOG-003,USR-091,2026-06-23,google_news_reviews,,neutral,Middle school student charged with bringing a gun to Durham school - Raleigh News & Observer. Middle school student charged with bringing a gun to Durham school Raleigh News & Observer,
REV-USR-091-GOOG-004,USR-091,2026-06-23,google_news_reviews,,neutral,Lowes Foods weekly local produce box review - WRAL. Lowes Foods weekly local produce box review WRAL,
REV-USR-092-SITE-001,USR-092,2026-06-23,sitejabber,,neutral,"29th while checking our account, there where two charges for Best Buy.",
REV-USR-092-SITE-002,USR-092,2026-06-23,sitejabber,,neutral,"My bank rep told me that ""several customers have called in with the same issues concerning Best Buy"".",
REV-USR-092-SITE-003,USR-092,2026-06-23,sitejabber,,neutral,The next day when I went to return it the customer service manager refused to at least exchange it.,
REV-USR-092-SITE-004,USR-092,2026-06-23,sitejabber,,neutral,9 days ago I was told I'd receive a call back within 24 hours to schedule a free in home consultation to add a stereo system in my shed and a home theater system in my house.,
REV-USR-092-SITE-005,USR-092,2026-06-23,sitejabber,,neutral,"Today, while trying to inquire and/or speak to a manager, I was transferred 9 times and spent over an hour on the call and still didn't get anywhere.",
REV-USR-092-SITE-006,USR-092,2026-06-23,sitejabber,,neutral,I am a manager myself and I will say this has been one of the most painful and mis-managed processes I've ever experienced.,
REV-USR-092-SITE-007,USR-092,2026-06-23,sitejabber,,neutral,I was offered to purchase another phone as a resolution.,
REV-USR-092-SITE-008,USR-092,2026-06-23,sitejabber,,neutral,"Overall, while Best Buy offers convenience and a wide selection of products, improvements in delivery reliability and order accuracy would enhance the overall experience.",
REV-USR-092-GOOG-001,USR-092,2026-06-23,google_news_reviews,,neutral,The Best Things to Do in New Orleans—Beyond Bourbon Street - Condé Nast Traveler. The Best Things to Do in New Orleans—Beyond Bourbon Street Condé Nast Traveler,
REV-USR-092-GOOG-002,USR-092,2026-06-23,google_news_reviews,,neutral,Guide to Streaming Video Services - Consumer Reports. Guide to Streaming Video Services Consumer Reports,
REV-USR-092-GOOG-003,USR-092,2026-06-23,google_news_reviews,,neutral,Where To Eat The 10 Best King Cakes In New Orleans - Southern Living. Where To Eat The 10 Best King Cakes In New Orleans Southern Living,
REV-USR-092-GOOG-004,USR-092,2026-06-23,google_news_reviews,,neutral,"New Orleans Jazz Fest 2026 tickets: What to know about passes, prices and more - NOLA.com. New Orleans Jazz Fest 2026 tickets: What to know about passes, prices and more NOLA.com",
REV-USR-092-GOOG-005,USR-092,2026-06-23,google_news_reviews,,neutral,6 Live TV Streaming Services That Let You Cut Cable TV - Consumer Reports. 6 Live TV Streaming Services That Let You Cut Cable TV Consumer Reports,
REV-USR-092-GOOG-006,USR-092,2026-06-23,google_news_reviews,,neutral,10 best New Orleans hotels: Pamper yourself at these swell sleeps - USA TODAY 10BEST. 10 best New Orleans hotels: Pamper yourself at these swell sleeps USA TODAY 10BEST,
REV-USR-092-GOOG-007,USR-092,2026-06-23,google_news_reviews,,neutral,The 23 Best Restaurants In New Orleans - Tasting Table. The 23 Best Restaurants In New Orleans Tasting Table,
REV-USR-092-GOOG-008,USR-092,2026-06-23,google_news_reviews,,neutral,Store Bought Cajun Rice Dishes You’ll Geaux Crazy For! - Sporked. Store Bought Cajun Rice Dishes You’ll Geaux Crazy For! Sporked,
REV-USR-093-SITE-001,USR-093,2026-06-23,sitejabber,,negative,"Overall, there is a notable trend of frustration among customers, indicating a need for improved employee training, better management practices, and enhanced customer support to restore trust and satisfaction.",
REV-USR-093-SITE-002,USR-093,2026-06-23,sitejabber,,neutral,"I was shopping there and picked up what I believed to be a a sale item, brand of shampoo in two different spots in the store with conflicting prices.",
REV-USR-093-SITE-003,USR-093,2026-06-23,sitejabber,,neutral,"I was pushing my cart towards her after unloading my groceries, she was pushing another cart in from the lot.",
REV-USR-093-SITE-004,USR-093,2026-06-23,sitejabber,,neutral,"I was expecting she would take the cart from me, she was smoking a cigarette so I knew she wasnt going back in the store yet.",
REV-USR-093-SITE-005,USR-093,2026-06-23,sitejabber,,neutral,"I was clearly pushing the cart to her, but she completely ignored me, so I left the cart close to the front door.",
REV-USR-093-SITE-006,USR-093,2026-06-23,sitejabber,,neutral,I was over charged on an item I purchased today.,
REV-USR-093-SITE-007,USR-093,2026-06-23,sitejabber,,neutral,When I got to the car I added the ticket up and I was not given the sale price.,
REV-USR-093-SITE-008,USR-093,2026-06-23,sitejabber,,neutral,I live on Social Security and if that is how Dollar General treats there customers I don't have to shop there.,
REV-USR-093-GOOG-001,USR-093,2026-06-23,google_news_reviews,,neutral,Dollar General to convert St. George store - thespectrum.com. Dollar General to convert St. George store thespectrum.com,
REV-USR-093-GOOG-002,USR-093,2026-06-23,google_news_reviews,,neutral,I Tried Dozens of Ways to Hide My Kitchen Cord Clutter and Finally Found the Perfect Solution - The Kitchn. I Tried Dozens of Ways to Hide My Kitchen Cord Clutter and Finally Found the Perfect Solution The Kitchn,
REV-USR-093-GOOG-003,USR-093,2026-06-23,google_news_reviews,,neutral,Attorney General announces settlement: Dollar Tree acquires Family Dollar stores - St. George News. Attorney General announces settlement: Dollar Tree acquires Family Dollar stores St. George News,
REV-USR-094-SITE-001,USR-094,2026-06-23,sitejabber,,neutral,"I am deaf and do not have a cell phone, so was unable to buy gas or accomplish what I had planned.",
REV-USR-094-SITE-002,USR-094,2026-06-23,sitejabber,,negative,"I canceled my Sam's Club membership on Feb 4,2025, and was told by their customer service that I would receive my $117.29 refund within 7 to 10 business days.",
REV-USR-094-SITE-003,USR-094,2026-06-23,sitejabber,,positive,I will attempt in this communication to explain what has transpired with my recent transaction and why I am so dissatisfied with my recent experience.,
REV-USR-094-SITE-004,USR-094,2026-06-23,sitejabber,,neutral,I am responsible for caring for my mother who has Parkinson's.,
REV-USR-094-SITE-005,USR-094,2026-06-23,sitejabber,,neutral,I was willing to pay a premium for this service.,
REV-USR-094-SITE-006,USR-094,2026-06-23,sitejabber,,neutral,I was worried at this point because our school day was finishing.,
REV-USR-094-SITE-007,USR-094,2026-06-23,sitejabber,,neutral,"Several minutes later, I was told that no contact had been made, and no one was even picking up the phone.",
REV-USR-094-SITE-008,USR-094,2026-06-23,sitejabber,,negative,"I was told that I needed to wait because delivery would be ""coming shortly."" This process repeated with another representative.",
REV-USR-094-GOOG-001,USR-094,2026-06-23,google_news_reviews,,neutral,"Buy Eyeglasses Like a Pro: Expert Advice on Frames, Lenses, Coatings, and More - Consumer Reports. Buy Eyeglasses Like a Pro: Expert Advice on Frames, Lenses, Coatings, and More Consumer Reports",
REV-USR-094-GOOG-002,USR-094,2026-06-23,google_news_reviews,,neutral,"Hoover mall shooting: Protests continue at Hoover city council meeting, Sam’s Club - AL.com. Hoover mall shooting: Protests continue at Hoover city council meeting, Sam’s Club AL.com",
REV-USR-094-GOOG-003,USR-094,2026-06-23,google_news_reviews,,neutral,"The Ultimate Ranking Of Grocery Store Rotisserie Chickens, According To Customers - The Takeout.",
REV-USR-094-GOOG-004,USR-094,2026-06-23,google_news_reviews,,neutral,"The Ultimate Ranking Of Grocery Store Rotisserie Chickens, According To Customers The Takeout",
REV-USR-095-SITE-001,USR-095,2026-06-23,sitejabber,3.5,positive,"ALDI South Group has a rating of 3.5 stars from 12 reviews, indicating that most customers are generally satisfied with their purchases.",
REV-USR-095-SITE-002,USR-095,2026-06-23,sitejabber,,neutral,I am quite sure the remaining employees are not being compensated for these additional duties.,
REV-USR-095-SITE-003,USR-095,2026-06-23,sitejabber,,neutral,This keeps employees attentive to customers and stocking in store rather than gathering carts.,
REV-USR-095-SITE-004,USR-095,2026-06-23,sitejabber,,positive,They also have good trash bags that are better then some of the name brands I was use to buying back in the days.,
REV-USR-095-SITE-005,USR-095,2026-06-23,sitejabber,,positive,Love the products and customer service and all the awesome prices that I can afford without feeling I am getting ripped off.,
REV-USR-095-SITE-006,USR-095,2026-06-23,sitejabber,,neutral,"Aldi is a small grocery store, small enough to be efficient for customer.",
REV-USR-095-SITE-007,USR-095,2026-06-23,sitejabber,,positive,"Maybe I just walked through a time tunnel where carrying about the customer, great products and kindness is the mission.",
REV-USR-095-SITE-008,USR-095,2026-06-23,sitejabber,,neutral,"Who ever is running this chain of stores must of taken notes from Costco management, its about the customer dummy not the billionaire owner.",
REV-USR-096-SITE-001,USR-096,2026-06-23,sitejabber,1.4,positive,"H-E-B Grocery has a rating of 1.4 stars from 15 reviews, indicating that most customers are generally dissatisfied with their purchases.",
REV-USR-096-SITE-002,USR-096,2026-06-23,sitejabber,,positive,Reviewers dissatisfied with H-E-B Grocery most frequently mention and customer service.,
REV-USR-096-SITE-003,USR-096,2026-06-23,sitejabber,,neutral,"Even the ""Review our website"" button (bottom of picture)under ""Customer service"" doesn't do anything either.",
REV-USR-096-SITE-004,USR-096,2026-06-23,sitejabber,,positive,"These stores are always cost effective, have the products that I need the majority of the time, and the customer service is almost always great.",
REV-USR-096-SITE-005,USR-096,2026-06-23,sitejabber,,negative,For the past 3 to 5 years I've been totally disappointed at H-E-B's customer service.,
REV-USR-096-SITE-006,USR-096,2026-06-23,sitejabber,,neutral,When I ask for crabs from the freezer I was told there was no more when I later passed by the crabs were replenished.,
REV-USR-096-SITE-007,USR-096,2026-06-23,sitejabber,,negative,I'll file complaint with H‑E‑B corporate just because this is one of the worst customer experiences I have had.,
REV-USR-096-SITE-008,USR-096,2026-06-23,sitejabber,,neutral,"I am going to call out one particular store, The HEB on Waldon Rd in Corpus Christi.",
REV-USR-097-SITE-001,USR-097,2026-06-23,sitejabber,,neutral,I was thinking that rib eye steaks would be a special treat but I hesitated when I looked at the price/lb.,
REV-USR-097-SITE-002,USR-097,2026-06-23,sitejabber,,neutral,I just wanted to thank Meijers for taking advantage of loyal customers!,
REV-USR-097-SITE-003,USR-097,2026-06-23,sitejabber,,neutral,I feel she needs to be trained on what customer service is supposed to look like.,
REV-USR-097-SITE-004,USR-097,2026-06-23,sitejabber,,neutral,I am tired of having to constantly police your charges and if my M Perk coupons come off my overall charges.,
REV-USR-097-SITE-005,USR-097,2026-06-23,sitejabber,,neutral,When I brought it up at the checkout the cashier stated she could not do anything about it and I would need to go to Customer Service.,
REV-USR-097-SITE-006,USR-097,2026-06-23,sitejabber,,neutral,When I showed the Customer Service clerk my receipt along with my MPerks on my phone she states well look it is not pre-made salads but just chopped lettuce.,
REV-USR-097-SITE-007,USR-097,2026-06-23,sitejabber,,neutral,"When contacting customer service (3 times), I was
Eventually told that gas mperks were only a one time limited offer and wouldn't appear.",
REV-USR-097-SITE-008,USR-097,2026-06-23,sitejabber,,neutral,I view this as an insult to all loyal customers.,
REV-USR-098-SITE-001,USR-098,2026-06-23,sitejabber,,negative,Now thier Chocolate flavor has changed for the worst so I am going to buy my ice cream from another store.,
REV-USR-098-SITE-002,USR-098,2026-06-23,sitejabber,,neutral,"When Athena called Greg, he claimed I was already a member, which is why I didn't receive the new-member discount.",
REV-USR-098-SITE-003,USR-098,2026-06-23,sitejabber,,neutral,I explained that I had to register again because I was told I wasn't a member earlier.,
REV-USR-098-SITE-004,USR-098,2026-06-23,sitejabber,,neutral,He insisted I take all my items to Customer Service to redo the entire process.,
REV-USR-098-SITE-005,USR-098,2026-06-23,sitejabber,,negative,"When I voiced my frustration, Greg raised his voice, told me I was ""done here,"" and said I was not welcome at Safeway.",
REV-USR-098-SITE-006,USR-098,2026-06-23,sitejabber,,negative,I'm sharing my experience to warn others about the poor treatment I received so they can avoid the same frustration and disrespect.,
REV-USR-098-SITE-007,USR-098,2026-06-23,sitejabber,,neutral,I am absolutely discussed there is so much greed you can'teven have one cashier on duty.,
REV-USR-098-SITE-008,USR-098,2026-06-23,sitejabber,,neutral,What happened to having some customer service when I am paying a premium!,
REV-USR-099-SITE-001,USR-099,2026-06-23,sitejabber,3.0,positive,"Sprouts Farmers Market has a rating of 3 stars from 3 reviews, indicating that most customers are generally dissatisfied with their purchases.",
REV-USR-099-GOOG-001,USR-099,2026-06-23,google_news_reviews,,neutral,Brussels Sprouts A Cold-Season Treat At Edina Restaurant: Review - Patch. Brussels Sprouts A Cold-Season Treat At Edina Restaurant: Review Patch,
REV-USR-100-SITE-001,USR-100,2026-06-23,sitejabber,,neutral,I have been a loyal customer for over three years and regularly shop at this location because I work nearby.,
REV-USR-100-SITE-002,USR-100,2026-06-23,sitejabber,,neutral,I have spent a significant amount of money at this store and have always believed I was following the return policy appropriately.,
REV-USR-100-SITE-003,USR-100,2026-06-23,sitejabber,,neutral,"During my most recent visit, I was stopped by the manager, Prince, as I was walking out of the store and told that I would no longer be allowed to make returns because I had made ""too many."" This was said to me publicly and without prior warning.",
REV-USR-100-SITE-004,USR-100,2026-06-23,sitejabber,,neutral,"At no point was I previously informed that I was violating any policy, nor was I given any explanation beyond that statement.",
REV-USR-100-SITE-005,USR-100,2026-06-23,sitejabber,,neutral,"As a long-time customer, I expected respectful communication, not to be stopped on my way out and made to feel as though I had done something wrong.",
REV-USR-100-SITE-006,USR-100,2026-06-23,sitejabber,,neutral,"This situation needs to be addressed, and I hope management takes customer treatment more seriously moving forward.",
REV-USR-100-SITE-007,USR-100,2026-06-23,sitejabber,,neutral,"I am writing because I have been shopping at your Lynnwood, WA store for years, and the harassment and discrimination continues.",
REV-USR-100-SITE-008,USR-100,2026-06-23,sitejabber,,neutral,"As an Autistic woman, I am used to being mocked, pointed at, made fun of, and harassed, but your store goes above and beyond with ensuring I receive this treatment every time I come into the store.",
REV-USR-100-GOOG-001,USR-100,2026-06-23,google_news_reviews,,neutral,NY grocery inspections reveal violations. How did Trader Joe's do in Ithaca? - The Ithaca Journal. NY grocery inspections reveal violations. How did Trader Joe's do in Ithaca? The Ithaca Journal,
REV-USR-100-GOOG-002,USR-100,2026-06-23,google_news_reviews,,neutral,"This Is the Best Trader Joe's in New York City, According to Yelpers - Sporked. This Is the Best Trader Joe's in New York City, According to Yelpers Sporked",
REV-USR-100-GOOG-003,USR-100,2026-06-23,google_news_reviews,,neutral,"When Trader Joe's tried to charge for paper bags in Clarence, shoppers balked. The store relented - Buffalo News. When Trader Joe's tried to charge for paper bags in Clarence, shoppers balked. The store relented Buffalo News",
REV-USR-100-GOOG-004,USR-100,2026-06-23,google_news_reviews,,neutral,Here Are Our Favorite Trader Joe’s Products. Did Yours Make the List? - The New York Times. Here Are Our Favorite Trader Joe’s Products. Did Yours Make the List? The New York Times,
REV-USR-100-GOOG-005,USR-100,2026-06-23,google_news_reviews,,neutral,We Tasted 5 Store-Bought Buffalo Chicken Dips And Aren't Surprised By Our Favorite - Yahoo. We Tasted 5 Store-Bought Buffalo Chicken Dips And Aren't Surprised By Our Favorite Yahoo,
REV-USR-100-GOOG-006,USR-100,2026-06-23,google_news_reviews,,neutral,This Under-the-Radar Chain Just Launched a Mac & Cheese Menu—& It's Not to Be Missed - PureWow. This Under-the-Radar Chain Just Launched a Mac & Cheese Menu—& It's Not to Be Missed PureWow,
REV-USR-100-GOOG-007,USR-100,2026-06-23,google_news_reviews,,neutral,TJX Companies NPS & Customer Reviews - Comparably. TJX Companies NPS & Customer Reviews Comparably,
REV-USR-100-GOOG-008,USR-100,2026-06-23,google_news_reviews,,neutral,"Gristedes, a Familiar New York Supermarket Brand, Dwindles (Published 2007) - The New York Times. Gristedes, a Familiar New York Supermarket Brand, Dwindles (Published 2007) The New York Times",
